source,key,main_text_or_table2,label,higher,lower,tied,n,n_nonzero,n_zero,mean_diff,p_wilcoxon_default,wilcoxon_default_method,p_pratt,p_pratt_asymptotic,pratt_auto_equals_asymptotic,p_signflip,signflip_method,sig05_default,sig05_pratt,sig05_signflip,conclusion_at_0.05_changes
AN-0001-02,heldout_final|hybrid_minus_jevonly|wss95,"Results (hybrid increment over the Jev ranking, P=0.025)",exploratory,16,4,3,23,20,3,0.018731361143048686,0.02509350819808047,asymptotic,0.017491208039056412,0.017491208039056412,True,0.038967132568359375,exact enumeration of 2^20 sign patterns,True,True,True,False
AN-0001-02,heldout_final|hybrid_minus_jevonly|wss100,,exploratory,14,5,4,23,19,4,0.0206576782876546,0.03293821172843571,asymptotic,0.03023545791917252,0.03023545791917252,True,0.03743743896484375,exact enumeration of 2^19 sign patterns,True,True,True,False
AN-0001-02,heldout_final|hybrid_minus_jevonly|rec@10,,exploratory,8,1,14,23,9,14,0.01633734924495794,0.050612432239184685,asymptotic,0.022767482742283702,0.022767482742283702,True,0.0703125,exact enumeration of 2^9 sign patterns,False,True,False,True
AN-0001-02,heldout_final|hybrid_minus_jevonly|rec@20,,exploratory,7,1,15,23,8,15,0.01476643525556569,0.03569190011680441,asymptotic,0.030707143244538247,0.030707143244538247,True,0.0390625,exact enumeration of 2^8 sign patterns,True,True,True,False
AN-0001-02,heldout_final|hybrid_minus_jevonly|rec@30,,exploratory,4,1,18,23,5,18,0.0005619179532223018,0.5001842570707944,asymptotic,0.20998096206211359,0.20998096206211359,True,1.0,exact enumeration of 2^5 sign patterns,False,False,False,False
AN-0001-02,heldout_final|jevonly_minus_asr|wss95,Results (post hoc Jev ranking vs ASReview),exploratory,20,3,0,23,23,0,0.12810255077160998,0.00047516822814941406,exact,0.00047516822814941406,0.0010204937218340382,False,0.0003899961000389996,"Monte Carlo, 100000 random sign flips, seed 20260928",True,True,True,False
AN-0001-02,heldout_final|jevonly_minus_asr|wss100,,exploratory,20,3,0,23,23,0,0.16152900302325401,0.00025343894958496094,exact,0.00025343894958496094,0.0006580763435422673,False,0.0004899951000489995,"Monte Carlo, 100000 random sign flips, seed 20260928",True,True,True,False
AN-0001-02,heldout_final|jevonly_minus_asr|rec@10,,exploratory,18,2,3,23,20,3,0.16417538450466837,0.00039023125084089363,asymptotic,0.00028867868356778533,0.00028867868356778533,True,6.67572021484375e-05,exact enumeration of 2^20 sign patterns,True,True,True,False
AN-0001-02,heldout_final|jevonly_minus_asr|rec@20,,exploratory,16,1,6,23,17,6,0.10567396989791492,0.0008458546226604534,asymptotic,0.00038452009523299636,0.00038452009523299636,True,0.000152587890625,exact enumeration of 2^17 sign patterns,True,True,True,False
AN-0001-02,heldout_final|jevonly_minus_asr|rec@30,,exploratory,9,3,11,23,12,11,0.057963382111400015,0.018602929901135743,asymptotic,0.04143346214333325,0.04143346214333325,True,0.0185546875,exact enumeration of 2^12 sign patterns,True,True,True,False
AN-0001-02,heldout_final|hybrid_minus_asr|wss95,,exploratory,21,2,0,23,23,0,0.14683391191465867,1.6689300537109375e-06,exact,1.6689300537109375e-06,4.589511709712496e-05,False,9.99990000099999e-06,"Monte Carlo, 100000 random sign flips, seed 20260928",True,True,True,False
AN-0001-02,heldout_final|hybrid_minus_asr|wss100,,exploratory,21,2,0,23,23,0,0.1821866813109086,4.5299530029296875e-06,exact,4.5299530029296875e-06,6.766255368658355e-05,False,9.99990000099999e-06,"Monte Carlo, 100000 random sign flips, seed 20260928",True,True,True,False
AN-0001-02,heldout_final|hybrid_minus_asr|rec@10,,exploratory,20,0,3,23,20,3,0.18051273374962631,8.857457687863547e-05,asymptotic,3.910889509719598e-05,3.910889509719598e-05,True,1.9073486328125e-06,exact enumeration of 2^20 sign patterns,True,True,True,False
AN-0001-02,heldout_final|hybrid_minus_asr|rec@20,,exploratory,17,0,6,23,17,6,0.12044040515348062,0.0002930525201924893,asymptotic,8.878145669874221e-05,8.878145669874221e-05,True,1.52587890625e-05,exact enumeration of 2^17 sign patterns,True,True,True,False
AN-0001-02,heldout_final|hybrid_minus_asr|rec@30,,exploratory,10,1,12,23,11,12,0.05852530006462232,0.007645761692991623,asymptotic,0.0055771527634657335,0.0055771527634657335,True,0.0048828125,exact enumeration of 2^11 sign patterns,True,True,True,False
AN-0001-02,heldout_final|asr_jevstart_minus_jevonly|wss95,,exploratory,3,19,1,23,22,1,-0.13267274667905193,0.001236464609381248,asymptotic,0.0010755295362741785,0.0010755295362741785,True,0.0006499935000649994,"Monte Carlo, 100000 random sign flips, seed 20260928",True,True,True,False
AN-0001-02,heldout_final|asr_jevstart_minus_jevonly|wss100,,exploratory,3,19,1,23,22,1,-0.16392066392426297,0.0006145141292693427,asymptotic,0.0005554248054549448,0.0005554248054549448,True,0.0006299937000629993,"Monte Carlo, 100000 random sign flips, seed 20260928",True,True,True,False
AN-0001-02,heldout_final|asr_jevstart_minus_jevonly|rec@10,,exploratory,2,14,7,23,16,7,-0.14115365541676284,0.001343698482947918,asymptotic,0.0013006662850546372,0.0013006662850546372,True,0.000396728515625,exact enumeration of 2^16 sign patterns,True,True,True,False
AN-0001-02,heldout_final|asr_jevstart_minus_jevonly|rec@20,,exploratory,2,15,6,23,17,6,-0.10744294518591192,0.0013945831502246158,asymptotic,0.0010602969493420343,0.0010602969493420343,True,0.000396728515625,exact enumeration of 2^17 sign patterns,True,True,True,False
AN-0001-02,heldout_final|asr_jevstart_minus_jevonly|rec@30,,exploratory,3,9,11,23,12,11,-0.0635163675365082,0.018602929901135743,asymptotic,0.04143346214333325,0.04143346214333325,True,0.01953125,exact enumeration of 2^12 sign patterns,True,True,True,False
AN-0001-02,heldout_final|pseudo_minus_jevonly|wss95,,exploratory,7,16,0,23,23,0,-0.04075717228375519,0.04844093322753906,exact,0.04844093322753906,0.04804479976978151,False,0.16637833621663783,"Monte Carlo, 100000 random sign flips, seed 20260928",True,True,False,True
AN-0001-02,heldout_final|pseudo_minus_jevonly|wss100,,exploratory,6,17,0,23,23,0,-0.0724999959352617,0.01955723762512207,exact,0.01955723762512207,0.020803242477548358,False,0.02006979930200698,"Monte Carlo, 100000 random sign flips, seed 20260928",True,True,True,False
AN-0001-02,heldout_final|pseudo_minus_jevonly|rec@10,,exploratory,4,1,18,23,5,18,0.0030523954708737318,0.34523107177184,asymptotic,0.19493645082050137,0.19493645082050137,True,0.375,exact enumeration of 2^5 sign patterns,False,False,False,False
AN-0001-02,heldout_final|pseudo_minus_jevonly|rec@20,,exploratory,6,6,11,23,12,11,-0.02034044659044659,0.38818640520827785,asymptotic,0.7218069711692019,0.7218069711692019,True,0.298828125,exact enumeration of 2^12 sign patterns,False,False,False,False
AN-0001-02,heldout_final|pseudo_minus_jevonly|rec@30,,exploratory,4,6,13,23,10,13,-0.007808696939131721,0.3328797545683888,asymptotic,0.44719714534883703,0.44719714534883703,True,0.283203125,exact enumeration of 2^10 sign patterns,False,False,False,False
AN-0001-02,heldout_final|hybrid_minus_jevonly_stable|wss95,,exploratory,16,4,3,23,20,3,0.01727857604893876,0.027621013367531002,asymptotic,0.018988740032191618,0.018988740032191618,True,0.046367645263671875,exact enumeration of 2^20 sign patterns,True,True,True,False
AN-0001-02,heldout_final|hybrid_minus_jevonly_stable|wss100,,exploratory,13,6,4,23,19,4,0.019971457972556096,0.03638546131456511,asymptotic,0.043968917605198936,0.043968917605198936,True,0.037281036376953125,exact enumeration of 2^19 sign patterns,True,True,True,False
AN-0001-02,heldout_final|hybrid_minus_jevonly_stable|rec@10,,exploratory,8,1,14,23,9,14,0.018595268459398892,0.050612432239184685,asymptotic,0.022767482742283702,0.022767482742283702,True,0.05859375,exact enumeration of 2^9 sign patterns,False,True,False,True
AN-0001-02,heldout_final|hybrid_minus_jevonly_stable|rec@20,,exploratory,5,1,17,23,6,17,0.012067159893246847,0.07473549830588248,asymptotic,0.09162389903492493,0.09162389903492493,True,0.09375,exact enumeration of 2^6 sign patterns,False,False,False,False
AN-0001-02,heldout_final|hybrid_minus_jevonly_stable|rec@30,,exploratory,4,1,18,23,5,18,0.000701271353445267,0.5001842570707944,asymptotic,0.20998096206211359,0.20998096206211359,True,1.0,exact enumeration of 2^5 sign patterns,False,False,False,False
AN-0001-02,heldout_ta|hybrid_minus_jevonly|wss95,,exploratory,10,2,0,12,12,0,0.059673144131974054,0.00244140625,exact,0.00244140625,0.004741768038406972,False,0.0029296875,exact enumeration of 2^12 sign patterns,True,True,True,False
AN-0001-02,heldout_ta|hybrid_minus_jevonly|wss100,,exploratory,10,2,0,12,12,0,0.07337282694771695,0.00341796875,exact,0.00341796875,0.006039559048656822,False,0.00390625,exact enumeration of 2^12 sign patterns,True,True,True,False
AN-0001-02,heldout_ta|hybrid_minus_jevonly|rec@10,,exploratory,7,2,3,12,9,3,0.03561458148519727,0.07421875,exact (permutation; zero or tied differences),0.07421875,0.06814925319719468,False,0.06640625,exact enumeration of 2^9 sign patterns,False,False,False,False
AN-0001-02,heldout_ta|hybrid_minus_jevonly|rec@20,,exploratory,8,2,2,12,10,2,0.043206012180836834,0.013671875,exact (permutation; zero or tied differences),0.017578125,0.02017256015894412,False,0.01171875,exact enumeration of 2^10 sign patterns,True,True,True,False
AN-0001-02,heldout_ta|hybrid_minus_jevonly|rec@30,,exploratory,10,0,2,12,10,2,0.04582975025508998,0.001953125,exact (permutation; zero or tied differences),0.001953125,0.003145774928543661,False,0.001953125,exact enumeration of 2^10 sign patterns,True,True,True,False
AN-0001-02,heldout_ta|jevonly_minus_asr|wss95,,exploratory,7,5,0,12,12,0,0.03548673269243013,0.6220703125,exact,0.6220703125,0.5829195472688132,False,0.5390625,exact enumeration of 2^12 sign patterns,False,False,False,False
AN-0001-02,heldout_ta|jevonly_minus_asr|wss100,,exploratory,6,6,0,12,12,0,0.07068119307487694,0.38037109375,exact,0.38037109375,0.34652171170610724,False,0.24462890625,exact enumeration of 2^12 sign patterns,False,False,False,False
AN-0001-02,heldout_ta|jevonly_minus_asr|rec@10,,exploratory,9,3,0,12,12,0,0.09563943046097961,0.0341796875,exact,0.0341796875,0.034170472692229406,False,0.02783203125,exact enumeration of 2^12 sign patterns,True,True,True,False
AN-0001-02,heldout_ta|jevonly_minus_asr|rec@20,,exploratory,8,4,0,12,12,0,0.04913388478115229,0.20361328125,exact,0.20361328125,0.1823383541807685,False,0.16650390625,exact enumeration of 2^12 sign patterns,False,False,False,False
AN-0001-02,heldout_ta|jevonly_minus_asr|rec@30,,exploratory,7,5,0,12,12,0,0.03475613696940808,0.33935546875,exact,0.33935546875,0.3078214719088427,False,0.29736328125,exact enumeration of 2^12 sign patterns,False,False,False,False
AN-0001-02,heldout_ta|hybrid_minus_asr|wss95,,exploratory,9,3,0,12,12,0,0.09515987682440415,0.0341796875,exact,0.0341796875,0.034170472692229406,False,0.02392578125,exact enumeration of 2^12 sign patterns,True,True,True,False
AN-0001-02,heldout_ta|hybrid_minus_asr|wss100,,exploratory,8,4,0,12,12,0,0.14405402002259388,0.04248046875,exact,0.04248046875,0.041389404009149304,False,0.01611328125,exact enumeration of 2^12 sign patterns,True,True,True,False
AN-0001-02,heldout_ta|hybrid_minus_asr|rec@10,,exploratory,11,1,0,12,12,0,0.1312540119461769,0.00244140625,exact,0.00244140625,0.004741768038406972,False,0.00244140625,exact enumeration of 2^12 sign patterns,True,True,True,False
AN-0001-02,heldout_ta|hybrid_minus_asr|rec@20,,exploratory,10,2,0,12,12,0,0.09233989696198912,0.00341796875,exact,0.00341796875,0.006039559048656822,False,0.0029296875,exact enumeration of 2^12 sign patterns,True,True,True,False
AN-0001-02,heldout_ta|hybrid_minus_asr|rec@30,,exploratory,9,2,1,12,11,1,0.08058588722449807,0.0185546875,exact (permutation; zero or tied differences),0.0185546875,0.020560857843039838,False,0.0126953125,exact enumeration of 2^11 sign patterns,True,True,True,False
AN-0001-02,heldout_ta|hybrid_minus_jevonly_stable|wss95,,exploratory,11,1,0,12,12,0,0.06324332355638827,0.0009765625,exact,0.0009765625,0.0028734139278525227,False,0.0009765625,exact enumeration of 2^12 sign patterns,True,True,True,False
AN-0001-02,heldout_ta|hybrid_minus_jevonly_stable|wss100,,exploratory,11,1,0,12,12,0,0.07989834319752899,0.00244140625,exact,0.00244140625,0.004741768038406972,False,0.001953125,exact enumeration of 2^12 sign patterns,True,True,True,False
AN-0001-02,heldout_ta|hybrid_minus_jevonly_stable|rec@10,,exploratory,6,2,4,12,8,4,0.03545575596556887,0.078125,exact (permutation; zero or tied differences),0.1015625,0.0916493961089661,False,0.078125,exact enumeration of 2^8 sign patterns,False,False,False,False
AN-0001-02,heldout_ta|hybrid_minus_jevonly_stable|rec@20,,exploratory,8,2,2,12,10,2,0.04473836927663421,0.013671875,exact (permutation; zero or tied differences),0.017578125,0.02017256015894412,False,0.01171875,exact enumeration of 2^10 sign patterns,True,True,True,False
AN-0001-02,heldout_ta|hybrid_minus_jevonly_stable|rec@30,,exploratory,10,0,2,12,10,2,0.04877902068531626,0.001953125,exact (permutation; zero or tied differences),0.001953125,0.003145774928543661,False,0.001953125,exact enumeration of 2^10 sign patterns,True,True,True,False
AN-0001-02,clef_final|hybrid_minus_jevonly|wss95,Discussion (0.019 of 0.044 in Cochrane reviews),exploratory,17,9,2,28,26,2,0.024908847661769044,0.004272989014000572,asymptotic,0.006053925682328033,0.006053925682328033,True,0.0011099889001109989,"Monte Carlo, 100000 random sign flips, seed 20260928",True,True,True,False
AN-0001-02,clef_final|hybrid_minus_jevonly|wss100,,exploratory,15,11,2,28,26,2,0.023905067854759685,0.058471090513606654,asymptotic,0.07375401375945774,0.07375401375945774,True,0.027029729702702975,"Monte Carlo, 100000 random sign flips, seed 20260928",False,False,True,True
AN-0001-02,clef_final|hybrid_minus_jevonly|rec@10,,exploratory,10,1,17,28,11,17,0.01673878375532515,0.009925485845323257,asymptotic,0.006139064768155632,0.006139064768155632,True,0.0048828125,exact enumeration of 2^11 sign patterns,True,True,True,False
AN-0001-02,clef_final|hybrid_minus_jevonly|rec@20,,exploratory,6,1,21,28,7,21,0.0137423407386499,0.06297905121445523,asymptotic,0.05562722612228218,0.05562722612228218,True,0.0625,exact enumeration of 2^7 sign patterns,False,False,False,False
AN-0001-02,clef_final|hybrid_minus_jevonly|rec@30,,exploratory,3,2,23,28,5,23,0.0072507454672022615,0.22491588401596185,asymptotic,0.5825908025208566,0.5825908025208566,True,0.3125,exact enumeration of 2^5 sign patterns,False,False,False,False
AN-0001-02,clef_final|jevonly_minus_asr|wss95,Results (Cochrane),exploratory,20,8,0,28,28,0,0.019138018170719813,0.03170907497406006,exact,0.03170907497406006,0.03231326680260798,False,0.35948640513594865,"Monte Carlo, 100000 random sign flips, seed 20260928",True,True,False,True
AN-0001-02,clef_final|jevonly_minus_asr|wss100,,exploratory,22,6,0,28,28,0,0.06376937099175597,0.007071197032928467,exact,0.007071197032928467,0.008254343433611614,False,0.026799732002679974,"Monte Carlo, 100000 random sign flips, seed 20260928",True,True,True,False
AN-0001-02,clef_final|jevonly_minus_asr|rec@10,,exploratory,17,4,7,28,21,7,0.0761551300591271,0.0026325673856724455,asymptotic,0.0024134903273280214,0.0024134903273280214,True,0.001059989400105999,"Monte Carlo, 100000 random sign flips, seed 20260928",True,True,True,False
AN-0001-02,clef_final|jevonly_minus_asr|rec@20,,exploratory,11,4,13,28,15,13,0.03646798791599614,0.07354388753800377,asymptotic,0.06364172645940566,0.06364172645940566,True,0.05731201171875,exact enumeration of 2^15 sign patterns,False,False,False,False
AN-0001-02,clef_final|jevonly_minus_asr|rec@30,,exploratory,9,2,17,28,11,17,0.009711543484882608,0.15485982528200376,asymptotic,0.04987447814953522,0.04987447814953522,True,0.3876953125,exact enumeration of 2^11 sign patterns,False,True,False,True
AN-0001-02,clef_final|hybrid_minus_asr|wss95,,exploratory,24,4,0,28,28,0,0.04404686583248886,0.00015273690223693848,exact,0.00015273690223693848,0.0003818181724051406,False,0.006289937100628994,"Monte Carlo, 100000 random sign flips, seed 20260928",True,True,True,False
AN-0001-02,clef_final|hybrid_minus_asr|wss100,,exploratory,25,3,0,28,28,0,0.08767443884651564,7.204711437225342e-05,exact,7.204711437225342e-05,0.00022516324195508746,False,0.0004699953000469995,"Monte Carlo, 100000 random sign flips, seed 20260928",True,True,True,False
AN-0001-02,clef_final|hybrid_minus_asr|rec@10,,exploratory,18,2,8,28,20,8,0.09289391381445224,0.00013919636333751571,asymptotic,0.00012726581694853895,0.00012726581694853895,True,7.62939453125e-06,exact enumeration of 2^20 sign patterns,True,True,True,False
AN-0001-02,clef_final|hybrid_minus_asr|rec@20,,exploratory,12,0,16,28,12,16,0.050210328654646044,0.002217721464237049,asymptotic,0.0006169829820642391,0.0006169829820642391,True,0.00048828125,exact enumeration of 2^12 sign patterns,True,True,True,False
AN-0001-02,clef_final|hybrid_minus_asr|rec@30,,exploratory,8,0,20,28,8,20,0.01696228895208487,0.011718685599768628,asymptotic,0.004860471396889112,0.004860471396889112,True,0.0078125,exact enumeration of 2^8 sign patterns,True,True,True,False
AN-0001-02,clef_final|pseudo_minus_jevonly|wss95,,exploratory,9,18,1,28,27,1,0.004678083058211796,0.12414646305025409,asymptotic,0.11877320582679644,0.11877320582679644,True,0.7806521934780652,"Monte Carlo, 100000 random sign flips, seed 20260928",False,False,False,False
AN-0001-02,clef_final|pseudo_minus_jevonly|wss100,,exploratory,10,17,1,28,27,1,-0.009485356817716367,0.08804999262777848,asymptotic,0.08977590170904466,0.08977590170904466,True,0.6302236977630223,"Monte Carlo, 100000 random sign flips, seed 20260928",False,False,False,False
AN-0001-02,clef_final|pseudo_minus_jevonly|rec@10,,exploratory,5,1,22,28,6,22,0.0028747361210452833,0.24886387493792206,asymptotic,0.11378175800087077,0.11378175800087077,True,0.1875,exact enumeration of 2^6 sign patterns,False,False,False,False
AN-0001-02,clef_final|pseudo_minus_jevonly|rec@20,,exploratory,4,5,19,28,9,19,0.00344193161698814,0.8589549227374824,asymptotic,0.8251334901647527,0.8251334901647527,True,0.59375,exact enumeration of 2^9 sign patterns,False,False,False,False
AN-0001-02,clef_final|pseudo_minus_jevonly|rec@30,,exploratory,3,4,21,28,7,21,0.005483924312626005,0.6120898800892568,asymptotic,0.8211575103694897,0.8211575103694897,True,0.484375,exact enumeration of 2^7 sign patterns,False,False,False,False
AN-0001-02,clef_final|hybrid_minus_jevonly_stable|wss95,,exploratory,17,9,2,28,26,2,0.02505793540127605,0.007373515426767437,asymptotic,0.00972676117864311,0.00972676117864311,True,0.0017899821001789982,"Monte Carlo, 100000 random sign flips, seed 20260928",True,True,True,False
AN-0001-02,clef_final|hybrid_minus_jevonly_stable|wss100,,exploratory,15,11,2,28,26,2,0.024062040579498203,0.09122604398406978,asymptotic,0.10829459013786721,0.10829459013786721,True,0.036889631103688966,"Monte Carlo, 100000 random sign flips, seed 20260928",False,False,True,True
AN-0001-02,clef_final|hybrid_minus_jevonly_stable|rec@10,,exploratory,9,1,18,28,10,18,0.015792255793491063,0.012515318690073973,asymptotic,0.009939689644182155,0.009939689644182155,True,0.0078125,exact enumeration of 2^10 sign patterns,True,True,True,False
AN-0001-02,clef_final|hybrid_minus_jevonly_stable|rec@20,,exploratory,6,1,21,28,7,21,0.01352964527085239,0.06297905121445523,asymptotic,0.05562722612228218,0.05562722612228218,True,0.0625,exact enumeration of 2^7 sign patterns,False,False,False,False
AN-0001-02,clef_final|hybrid_minus_jevonly_stable|rec@30,,exploratory,3,2,23,28,5,23,0.0072856378436057115,0.22491588401596185,asymptotic,0.5825908025208566,0.5825908025208566,True,0.3125,exact enumeration of 2^5 sign patterns,False,False,False,False
AN-0001-03,development|asr_jevblend_1_minus_asr_jevblend_3|wss95,,exploratory,15,51,7,73,66,7,-0.0352981292390065,5.166575747450045e-06,asymptotic,3.881102218501839e-06,3.881102218501839e-06,True,4.999950000499995e-05,"Monte Carlo, 100000 random sign flips, seed 20260928",True,True,True,False
AN-0001-03,development|asr_jevblend_1_minus_asr_jevblend_3|wss100,,exploratory,21,45,7,73,66,7,-0.028538170549553255,0.0026506419825458078,asymptotic,0.002288349629559979,0.002288349629559979,True,0.0006499935000649994,"Monte Carlo, 100000 random sign flips, seed 20260928",True,True,True,False
AN-0001-03,development|asr_jevblend_1_minus_asr_jevblend_3|rec@10,,exploratory,6,37,30,73,43,30,-0.03875963132327181,5.912041866940267e-06,asymptotic,1.6460831494772228e-06,1.6460831494772228e-06,True,9.99990000099999e-06,"Monte Carlo, 100000 random sign flips, seed 20260928",True,True,True,False
AN-0001-03,development|asr_jevblend_1_minus_asr_jevblend_3|rec@20,,exploratory,5,28,40,73,33,40,-0.024070858777877548,0.00068554927932684,asymptotic,9.003681245994987e-05,9.003681245994987e-05,True,0.0008799912000879991,"Monte Carlo, 100000 random sign flips, seed 20260928",True,True,True,False
AN-0001-03,development|asr_jevblend_1_minus_asr_jevblend_3|rec@30,,exploratory,5,15,53,73,20,53,-0.007145363739531313,0.10039871807796362,asymptotic,0.030211935480438972,0.030211935480438972,True,0.1914081573486328,exact enumeration of 2^20 sign patterns,False,True,False,True
AN-0001-03,development|asr_jevblend_1_minus_asr_jevblend_3|knee_work,,exploratory,18,9,46,73,27,46,0.026585947736956533,0.10746884001658802,asymptotic,0.08131875541662331,0.08131875541662331,True,0.08622913770862291,"Monte Carlo, 100000 random sign flips, seed 20260928",False,False,False,False
AN-0001-03,development|asr_jevblend_1_minus_asr_jevblend_3|knee_rec,,exploratory,0,1,72,73,1,72,-0.00028244598220590313,0.31731050786291415,asymptotic,0.31731050786291415,0.31731050786291415,True,1.0,exact enumeration of 2^1 sign patterns,False,False,False,False
AN-0001-03,development|asr_jevblend_2_minus_asr_jevblend_3|wss95,,exploratory,26,34,13,73,60,13,-0.0005207423924688609,0.6166604026909046,asymptotic,0.508126686979847,0.508126686979847,True,0.8640413595864042,"Monte Carlo, 100000 random sign flips, seed 20260928",False,False,False,False
AN-0001-03,development|asr_jevblend_2_minus_asr_jevblend_3|wss100,,exploratory,25,34,14,73,59,14,7.914962872900523e-05,0.8208597807583125,asymptotic,0.6077802564634902,0.6077802564634902,True,0.980770192298077,"Monte Carlo, 100000 random sign flips, seed 20260928",False,False,False,False
AN-0001-03,development|asr_jevblend_2_minus_asr_jevblend_3|rec@10,,exploratory,10,11,52,73,21,52,-0.004425368699298641,0.5900076464746342,asymptotic,0.7747431156074035,0.7747431156074035,True,0.33806661933380666,"Monte Carlo, 100000 random sign flips, seed 20260928",False,False,False,False
AN-0001-03,development|asr_jevblend_2_minus_asr_jevblend_3|rec@20,,exploratory,8,8,57,73,16,57,-0.0017705548669277947,0.5348569507731826,asymptotic,0.9271927468270234,0.9271927468270234,True,0.522705078125,exact enumeration of 2^16 sign patterns,False,False,False,False
AN-0001-03,development|asr_jevblend_2_minus_asr_jevblend_3|rec@30,,exploratory,10,4,59,73,14,59,0.0047355247085588935,0.33053567270784123,asymptotic,0.12247526883067572,0.12247526883067572,True,0.290771484375,exact enumeration of 2^14 sign patterns,False,False,False,False
AN-0001-03,development|asr_jevblend_2_minus_asr_jevblend_3|knee_work,,exploratory,14,10,49,73,24,49,0.0048018743207322075,0.6475683676310555,asymptotic,0.4520484041219388,0.4520484041219388,True,0.5891441085589144,"Monte Carlo, 100000 random sign flips, seed 20260928",False,False,False,False
AN-0001-03,development|asr_jevblend_2_minus_asr_jevblend_3|knee_rec,,exploratory,0,1,72,73,1,72,-0.00021183448665442736,0.31731050786291415,asymptotic,0.31731050786291415,0.31731050786291415,True,1.0,exact enumeration of 2^1 sign patterns,False,False,False,False
AN-0001-03,development|asr_jevblend_5_minus_asr_jevblend_3|wss95,,exploratory,26,32,15,73,58,15,-0.002836363597938132,0.39225810630335944,asymptotic,0.39039401571023735,0.39039401571023735,True,0.18631813681863182,"Monte Carlo, 100000 random sign flips, seed 20260928",False,False,False,False
AN-0001-03,development|asr_jevblend_5_minus_asr_jevblend_3|wss100,,exploratory,21,37,15,73,58,15,-0.006411639098750532,0.01727640094286987,asymptotic,0.018211340348184658,0.018211340348184658,True,0.0026799732002679975,"Monte Carlo, 100000 random sign flips, seed 20260928",True,True,True,False
AN-0001-03,development|asr_jevblend_5_minus_asr_jevblend_3|rec@10,,exploratory,12,11,50,73,23,50,0.0007244550168904628,0.8671175261917602,asymptotic,0.8383617658304005,0.8383617658304005,True,0.8521814781852182,"Monte Carlo, 100000 random sign flips, seed 20260928",False,False,False,False
AN-0001-03,development|asr_jevblend_5_minus_asr_jevblend_3|rec@20,,exploratory,10,7,56,73,17,56,0.0014325170691919227,0.6874088693789095,asymptotic,0.49123780528231453,0.49123780528231453,True,0.69879150390625,exact enumeration of 2^17 sign patterns,False,False,False,False
AN-0001-03,development|asr_jevblend_5_minus_asr_jevblend_3|rec@30,,exploratory,5,4,64,73,9,64,0.0008926289153461921,0.3742593192802244,asymptotic,0.7029245698136931,0.7029245698136931,True,0.6015625,exact enumeration of 2^9 sign patterns,False,False,False,False
AN-0001-03,development|asr_jevblend_5_minus_asr_jevblend_3|knee_work,,exploratory,12,12,49,73,24,49,0.000220829393509667,0.6682351417952492,asymptotic,0.9211795976723691,0.9211795976723691,True,0.9654503454965451,"Monte Carlo, 100000 random sign flips, seed 20260928",False,False,False,False
AN-0001-03,development|asr_jevblend_5_minus_asr_jevblend_3|knee_rec,,exploratory,0,0,73,73,0,73,0.0,,,,,,1.0,all differences zero,False,False,False,False
AN-0001-03,development|asr_jevblend_10_minus_asr_jevblend_3|wss95,,exploratory,20,44,9,73,64,9,-0.012404523622011292,0.000689002890261641,asymptotic,0.0007055809629885751,0.0007055809629885751,True,0.0003899961000389996,"Monte Carlo, 100000 random sign flips, seed 20260928",True,True,True,False
AN-0001-03,development|asr_jevblend_10_minus_asr_jevblend_3|wss100,,exploratory,20,43,10,73,63,10,-0.01555288416588981,0.0007286592798433617,asymptotic,0.0008076913027825343,0.0008076913027825343,True,9.99990000099999e-05,"Monte Carlo, 100000 random sign flips, seed 20260928",True,True,True,False
AN-0001-03,development|asr_jevblend_10_minus_asr_jevblend_3|rec@10,,exploratory,11,20,42,73,31,42,-0.007331693297000539,0.19579657673876527,asymptotic,0.11855513943425132,0.11855513943425132,True,0.1999380006199938,"Monte Carlo, 100000 random sign flips, seed 20260928",False,False,False,False
AN-0001-03,development|asr_jevblend_10_minus_asr_jevblend_3|rec@20,,exploratory,6,12,55,73,18,55,-0.010231695187244063,0.11184270067941952,asymptotic,0.14211754110184624,0.14211754110184624,True,0.115081787109375,exact enumeration of 2^18 sign patterns,False,False,False,False
AN-0001-03,development|asr_jevblend_10_minus_asr_jevblend_3|rec@30,,exploratory,6,6,61,73,12,61,0.0007634668603031563,0.6948866023724733,asymptotic,0.9659320153455618,0.9659320153455618,True,0.7822265625,exact enumeration of 2^12 sign patterns,False,False,False,False
AN-0001-03,development|asr_jevblend_10_minus_asr_jevblend_3|knee_work,,exploratory,16,12,45,73,28,45,-0.0037733837377004306,0.9818326029360694,asymptotic,0.5753297145065781,0.5753297145065781,True,0.7199128008719913,"Monte Carlo, 100000 random sign flips, seed 20260928",False,False,False,False
AN-0001-03,development|asr_jevblend_10_minus_asr_jevblend_3|knee_rec,,exploratory,1,0,72,73,1,72,6.883733737179046e-05,0.31731050786291415,asymptotic,0.31731050786291415,0.31731050786291415,True,1.0,exact enumeration of 2^1 sign patterns,False,False,False,False
AN-0001-03,development|asr_jevblend_1_minus_jev_only|wss95,,exploratory,37,33,3,73,70,3,-0.0066969066430210885,0.8813716301594966,asymptotic,0.9146239587476794,0.9146239587476794,True,0.5666443335566644,"Monte Carlo, 100000 random sign flips, seed 20260928",False,False,False,False
AN-0001-03,development|asr_jevblend_1_minus_jev_only|wss100,,exploratory,39,31,3,73,70,3,0.004636548601954538,0.37529124163516536,asymptotic,0.3687070180176768,0.3687070180176768,True,0.7059729402705973,"Monte Carlo, 100000 random sign flips, seed 20260928",False,False,False,False
AN-0001-03,development|asr_jevblend_1_minus_jev_only|rec@10,,exploratory,22,31,20,73,53,20,-0.01196503721450295,0.3235828646574115,asymptotic,0.2627202859702972,0.2627202859702972,True,0.32610673893261066,"Monte Carlo, 100000 random sign flips, seed 20260928",False,False,False,False
AN-0001-03,development|asr_jevblend_1_minus_jev_only|rec@20,,exploratory,13,21,39,73,34,39,-0.006721595260038791,0.29691217298168193,asymptotic,0.19430133725704468,0.19430133725704468,True,0.5242947570524294,"Monte Carlo, 100000 random sign flips, seed 20260928",False,False,False,False
AN-0001-03,development|asr_jevblend_1_minus_jev_only|rec@30,,exploratory,12,14,47,73,26,47,0.0013438212338623195,0.8489171939216485,asymptotic,0.7258502383564677,0.7258502383564677,True,0.8623713762862372,"Monte Carlo, 100000 random sign flips, seed 20260928",False,False,False,False
AN-0001-03,development|asr_jevblend_1_minus_asr_prior|wss95,,exploratory,67,6,0,73,73,0,0.1238069032710258,1.2856872583534189e-11,asymptotic,1.2856872583534189e-11,1.2856872583534189e-11,True,9.99990000099999e-06,"Monte Carlo, 100000 random sign flips, seed 20260928",True,True,True,False
AN-0001-03,development|asr_jevblend_1_minus_asr_prior|wss100,,exploratory,66,7,0,73,73,0,0.13982459800129302,2.6325140646176974e-11,asymptotic,2.6325140646176974e-11,2.6325140646176974e-11,True,9.99990000099999e-06,"Monte Carlo, 100000 random sign flips, seed 20260928",True,True,True,False
AN-0001-03,development|asr_jevblend_1_minus_asr_prior|rec@10,,exploratory,59,5,9,73,64,9,0.12646805178328527,2.618756036655319e-10,asymptotic,6.225255996358713e-11,6.225255996358713e-11,True,9.99990000099999e-06,"Monte Carlo, 100000 random sign flips, seed 20260928",True,True,True,False
AN-0001-03,development|asr_jevblend_1_minus_asr_prior|rec@20,,exploratory,48,3,22,73,51,22,0.0805559797845011,8.876638117623613e-09,asymptotic,6.271761972940647e-10,6.271761972940647e-10,True,9.99990000099999e-06,"Monte Carlo, 100000 random sign flips, seed 20260928",True,True,True,False
AN-0001-03,development|asr_jevblend_1_minus_asr_prior|rec@30,,exploratory,35,3,35,73,38,35,0.06853428205612719,2.188610504137965e-06,asymptotic,2.294432749508382e-07,2.294432749508382e-07,True,9.99990000099999e-06,"Monte Carlo, 100000 random sign flips, seed 20260928",True,True,True,False
AN-0001-03,development|asr_jevblend_1_minus_asr_prior|knee_work,,exploratory,5,19,49,73,24,49,-0.036269799627580965,0.0055810915679556945,asymptotic,0.0037022886182669842,0.0037022886182669842,True,0.005119948800511995,"Monte Carlo, 100000 random sign flips, seed 20260928",True,True,True,False
AN-0001-03,development|asr_jevblend_1_minus_asr_prior|knee_rec,,exploratory,4,1,68,73,5,68,0.007245657059696896,0.07961580146011343,asymptotic,0.1717617393397025,0.1717617393397025,True,0.125,exact enumeration of 2^5 sign patterns,False,False,False,False
AN-0001-03,development|asr_jevblend_2_minus_jev_only|wss95,,exploratory,45,26,2,73,71,2,0.02808048020351654,0.0016570126583990647,asymptotic,0.0017921807998481007,0.0017921807998481007,True,0.00024999750002499977,"Monte Carlo, 100000 random sign flips, seed 20260928",True,True,True,False
AN-0001-03,development|asr_jevblend_2_minus_jev_only|wss100,,exploratory,47,24,2,73,71,2,0.0332538687802368,0.001501833256983445,asymptotic,0.0015131496238980765,0.0015131496238980765,True,0.00044999550004499957,"Monte Carlo, 100000 random sign flips, seed 20260928",True,True,True,False
AN-0001-03,development|asr_jevblend_2_minus_jev_only|rec@10,,exploratory,29,17,27,73,46,27,0.02236922540947021,0.032233652897591315,asymptotic,0.043196975034196936,0.043196975034196936,True,0.02948970510294897,"Monte Carlo, 100000 random sign flips, seed 20260928",True,True,True,False
AN-0001-03,development|asr_jevblend_2_minus_jev_only|rec@20,,exploratory,19,12,42,73,31,42,0.015578708650910957,0.11018805197931512,asymptotic,0.16191715906412574,0.16191715906412574,True,0.07938920610793893,"Monte Carlo, 100000 random sign flips, seed 20260928",False,False,False,False
AN-0001-03,development|asr_jevblend_2_minus_jev_only|rec@30,,exploratory,14,6,53,73,20,53,0.013224709681952525,0.05222204238661496,asymptotic,0.06407423427963077,0.06407423427963077,True,0.044368743896484375,exact enumeration of 2^20 sign patterns,False,False,True,True
AN-0001-03,development|asr_jevblend_2_minus_asr_prior|wss95,,exploratory,65,8,0,73,73,0,0.15858429011756342,9.477611964717964e-12,asymptotic,9.477611964717964e-12,9.477611964717964e-12,True,9.99990000099999e-06,"Monte Carlo, 100000 random sign flips, seed 20260928",True,True,True,False
AN-0001-03,development|asr_jevblend_2_minus_asr_prior|wss100,,exploratory,64,9,0,73,73,0,0.16844191817957527,3.5483601500974436e-11,asymptotic,3.5483601500974436e-11,3.5483601500974436e-11,True,9.99990000099999e-06,"Monte Carlo, 100000 random sign flips, seed 20260928",True,True,True,False
AN-0001-03,development|asr_jevblend_2_minus_asr_prior|rec@10,,exploratory,60,5,8,73,65,8,0.16080231440725842,7.093442267866485e-11,asymptotic,2.1058477396245685e-11,2.1058477396245685e-11,True,9.99990000099999e-06,"Monte Carlo, 100000 random sign flips, seed 20260928",True,True,True,False
AN-0001-03,development|asr_jevblend_2_minus_asr_prior|rec@20,,exploratory,51,2,20,73,53,20,0.10285628369545086,2.692106665703193e-09,asymptotic,1.0560904470974587e-10,1.0560904470974587e-10,True,9.99990000099999e-06,"Monte Carlo, 100000 random sign flips, seed 20260928",True,True,True,False
AN-0001-03,development|asr_jevblend_2_minus_asr_prior|rec@30,,exploratory,40,3,30,73,43,30,0.0804151705042174,1.0060833658195921e-06,asymptotic,4.327539675988991e-08,4.327539675988991e-08,True,9.99990000099999e-06,"Monte Carlo, 100000 random sign flips, seed 20260928",True,True,True,False
AN-0001-03,development|asr_jevblend_2_minus_asr_prior|knee_work,,exploratory,6,24,43,73,30,43,-0.058053873043805285,0.0003881114287747714,asymptotic,0.0005508899411572154,0.0005508899411572154,True,0.00015999840001599985,"Monte Carlo, 100000 random sign flips, seed 20260928",True,True,True,False
AN-0001-03,development|asr_jevblend_2_minus_asr_prior|knee_rec,,exploratory,4,1,68,73,5,68,0.0073162685552483715,0.07961580146011343,asymptotic,0.1717617393397025,0.1717617393397025,True,0.125,exact enumeration of 2^5 sign patterns,False,False,False,False
AN-0001-03,development|asr_jevblend_3_minus_jev_only|wss95,,exploratory,49,21,3,73,70,3,0.028601222595985402,1.5068199589314511e-05,asymptotic,1.7346333415828153e-05,1.7346333415828153e-05,True,9.99990000099999e-06,"Monte Carlo, 100000 random sign flips, seed 20260928",True,True,True,False
AN-0001-03,development|asr_jevblend_3_minus_jev_only|wss100,,exploratory,49,20,4,73,69,4,0.033174719151507784,1.886341475837752e-05,asymptotic,2.1107487203422516e-05,2.1107487203422516e-05,True,9.99990000099999e-06,"Monte Carlo, 100000 random sign flips, seed 20260928",True,True,True,False
AN-0001-03,development|asr_jevblend_3_minus_jev_only|rec@10,,exploratory,33,11,29,73,44,29,0.02679459410876885,0.0010400459280872903,asymptotic,0.0006481069098976629,0.0006481069098976629,True,0.001989980100198998,"Monte Carlo, 100000 random sign flips, seed 20260928",True,True,True,False
AN-0001-03,development|asr_jevblend_3_minus_jev_only|rec@20,,exploratory,19,9,45,73,28,45,0.017349263517838755,0.027973626642798018,asymptotic,0.04299800531269196,0.04299800531269196,True,0.031579684203157966,"Monte Carlo, 100000 random sign flips, seed 20260928",True,True,True,False
AN-0001-03,development|asr_jevblend_3_minus_jev_only|rec@30,,exploratory,13,5,55,73,18,55,0.008489184973393632,0.1220512218025286,asymptotic,0.06269602432695633,0.06269602432695633,True,0.1280670166015625,exact enumeration of 2^18 sign patterns,False,False,False,False
AN-0001-03,development|asr_jevblend_3_minus_asr_prior|wss95,,exploratory,65,8,0,73,73,0,0.1591050325100323,2.837018222901003e-11,asymptotic,2.837018222901003e-11,2.837018222901003e-11,True,9.99990000099999e-06,"Monte Carlo, 100000 random sign flips, seed 20260928",True,True,True,False
AN-0001-03,development|asr_jevblend_3_minus_asr_prior|wss100,,exploratory,61,12,0,73,73,0,0.16836276855084628,3.134966852881895e-10,asymptotic,3.134966852881895e-10,3.134966852881895e-10,True,9.99990000099999e-06,"Monte Carlo, 100000 random sign flips, seed 20260928",True,True,True,False
AN-0001-03,development|asr_jevblend_3_minus_asr_prior|rec@10,,exploratory,59,6,8,73,65,8,0.16522768310655708,9.20526575733683e-11,asymptotic,3.5565912421704766e-11,3.5565912421704766e-11,True,9.99990000099999e-06,"Monte Carlo, 100000 random sign flips, seed 20260928",True,True,True,False
AN-0001-03,development|asr_jevblend_3_minus_asr_prior|rec@20,,exploratory,51,3,19,73,54,19,0.10462683856237864,4.641934125669197e-09,asymptotic,2.8408261890708865e-10,2.8408261890708865e-10,True,9.99990000099999e-06,"Monte Carlo, 100000 random sign flips, seed 20260928",True,True,True,False
AN-0001-03,development|asr_jevblend_3_minus_asr_prior|rec@30,,exploratory,38,5,30,73,43,30,0.0756796457956585,1.0460054520368297e-05,asymptotic,9.275298470900954e-07,9.275298470900954e-07,True,9.99990000099999e-06,"Monte Carlo, 100000 random sign flips, seed 20260928",True,True,True,False
AN-0001-03,development|asr_jevblend_3_minus_asr_prior|knee_work,,exploratory,8,23,42,73,31,42,-0.0628557473645375,0.0018341513293049483,asymptotic,0.0037159192019094876,0.0037159192019094876,True,0.0008099919000809992,"Monte Carlo, 100000 random sign flips, seed 20260928",True,True,True,False
AN-0001-03,development|asr_jevblend_3_minus_asr_prior|knee_rec,,exploratory,4,1,68,73,5,68,0.007528103041902798,0.07961580146011343,asymptotic,0.1717617393397025,0.1717617393397025,True,0.125,exact enumeration of 2^5 sign patterns,False,False,False,False
AN-0001-03,development|asr_jevblend_5_minus_jev_only|wss95,,exploratory,54,17,2,73,71,2,0.025764858998047268,1.396416369589732e-07,asymptotic,1.474121575983029e-07,1.474121575983029e-07,True,9.99990000099999e-06,"Monte Carlo, 100000 random sign flips, seed 20260928",True,True,True,False
AN-0001-03,development|asr_jevblend_5_minus_jev_only|wss100,,exploratory,51,20,2,73,71,2,0.026763080052757255,2.931724854907496e-06,asymptotic,3.2160231575919827e-06,3.2160231575919827e-06,True,9.99990000099999e-06,"Monte Carlo, 100000 random sign flips, seed 20260928",True,True,True,False
AN-0001-03,development|asr_jevblend_5_minus_jev_only|rec@10,,exploratory,32,9,32,73,41,32,0.02751904912565931,0.0001624392343653884,asymptotic,0.0001503566083227281,0.0001503566083227281,True,0.00010999890001099989,"Monte Carlo, 100000 random sign flips, seed 20260928",True,True,True,False
AN-0001-03,development|asr_jevblend_5_minus_jev_only|rec@20,,exploratory,20,5,48,73,25,48,0.018781780587030672,0.006308526046010378,asymptotic,0.002653023282934881,0.002653023282934881,True,0.004319956800431996,"Monte Carlo, 100000 random sign flips, seed 20260928",True,True,True,False
AN-0001-03,development|asr_jevblend_5_minus_jev_only|rec@30,,exploratory,14,3,56,73,17,56,0.009381813888739826,0.009871788182927657,asymptotic,0.0069848952875060065,0.0069848952875060065,True,0.031097412109375,exact enumeration of 2^17 sign patterns,True,True,True,False
AN-0001-03,development|asr_jevblend_5_minus_asr_prior|wss95,,exploratory,65,8,0,73,73,0,0.15626866891209415,7.699484409390577e-11,asymptotic,7.699484409390577e-11,7.699484409390577e-11,True,9.99990000099999e-06,"Monte Carlo, 100000 random sign flips, seed 20260928",True,True,True,False
AN-0001-03,development|asr_jevblend_5_minus_asr_prior|wss100,,exploratory,61,12,0,73,73,0,0.16195112945209575,2.1037420437143338e-09,asymptotic,2.1037420437143338e-09,2.1037420437143338e-09,True,9.99990000099999e-06,"Monte Carlo, 100000 random sign flips, seed 20260928",True,True,True,False
AN-0001-03,development|asr_jevblend_5_minus_asr_prior|rec@10,,exploratory,59,6,8,73,65,8,0.16595213812344756,1.1669763098501307e-10,asymptotic,4.3616491843477684e-11,4.3616491843477684e-11,True,9.99990000099999e-06,"Monte Carlo, 100000 random sign flips, seed 20260928",True,True,True,False
AN-0001-03,development|asr_jevblend_5_minus_asr_prior|rec@20,,exploratory,50,4,19,73,54,19,0.10605935563157057,1.1962844884479137e-08,asymptotic,1.0665175678750792e-09,1.0665175678750792e-09,True,9.99990000099999e-06,"Monte Carlo, 100000 random sign flips, seed 20260928",True,True,True,False
AN-0001-03,development|asr_jevblend_5_minus_asr_prior|rec@30,,exploratory,37,5,31,73,42,31,0.0765722747110047,9.308820026469023e-06,asymptotic,1.1086264795748483e-06,1.1086264795748483e-06,True,9.99990000099999e-06,"Monte Carlo, 100000 random sign flips, seed 20260928",True,True,True,False
AN-0001-03,development|asr_jevblend_5_minus_asr_prior|knee_work,,exploratory,8,22,43,73,30,43,-0.06263491797102783,0.002957462130717483,asymptotic,0.0059450047320872045,0.0059450047320872045,True,0.001939980600193998,"Monte Carlo, 100000 random sign flips, seed 20260928",True,True,True,False
AN-0001-03,development|asr_jevblend_5_minus_asr_prior|knee_rec,,exploratory,4,1,68,73,5,68,0.007528103041902798,0.07961580146011343,asymptotic,0.1717617393397025,0.1717617393397025,True,0.125,exact enumeration of 2^5 sign patterns,False,False,False,False
AN-0001-03,development|asr_jevblend_10_minus_jev_only|wss95,,exploratory,52,17,4,73,69,4,0.01619669897397411,1.708090017009444e-07,asymptotic,2.0689854503748478e-07,2.0689854503748478e-07,True,9.99990000099999e-06,"Monte Carlo, 100000 random sign flips, seed 20260928",True,True,True,False
AN-0001-03,development|asr_jevblend_10_minus_jev_only|wss100,,exploratory,52,18,3,73,70,3,0.017621834985617982,2.2638335238884776e-07,asymptotic,2.700464812479076e-07,2.700464812479076e-07,True,9.99990000099999e-06,"Monte Carlo, 100000 random sign flips, seed 20260928",True,True,True,False
AN-0001-03,development|asr_jevblend_10_minus_jev_only|rec@10,,exploratory,24,6,43,73,30,43,0.01946290081176831,0.0006148203235023218,asymptotic,0.0006315444742159172,0.0006315444742159172,True,0.0012399876001239988,"Monte Carlo, 100000 random sign flips, seed 20260928",True,True,True,False
AN-0001-03,development|asr_jevblend_10_minus_jev_only|rec@20,,exploratory,15,5,53,73,20,53,0.007117568330594691,0.049959953033703854,asymptotic,0.025952689578325146,0.025952689578325146,True,0.06746673583984375,exact enumeration of 2^20 sign patterns,True,True,False,True
AN-0001-03,development|asr_jevblend_10_minus_jev_only|rec@30,,exploratory,12,2,59,73,14,59,0.00925265183369679,0.002857948071919034,asymptotic,0.005996757662224855,0.005996757662224855,True,0.00146484375,exact enumeration of 2^14 sign patterns,True,True,True,False
AN-0001-03,development|asr_jevblend_10_minus_asr_prior|wss95,,exploratory,62,11,0,73,73,0,0.14670050888802097,7.27396521047529e-10,asymptotic,7.27396521047529e-10,7.27396521047529e-10,True,9.99990000099999e-06,"Monte Carlo, 100000 random sign flips, seed 20260928",True,True,True,False
AN-0001-03,development|asr_jevblend_10_minus_asr_prior|wss100,,exploratory,57,16,0,73,73,0,0.1528098843849564,4.429374062467088e-08,asymptotic,4.429374062467088e-08,4.429374062467088e-08,True,9.99990000099999e-06,"Monte Carlo, 100000 random sign flips, seed 20260928",True,True,True,False
AN-0001-03,development|asr_jevblend_10_minus_asr_prior|rec@10,,exploratory,55,10,8,73,65,8,0.15789598980955655,5.471266463695369e-10,asymptotic,5.155258243429211e-10,5.155258243429211e-10,True,9.99990000099999e-06,"Monte Carlo, 100000 random sign flips, seed 20260928",True,True,True,False
AN-0001-03,development|asr_jevblend_10_minus_asr_prior|rec@20,,exploratory,48,7,18,73,55,18,0.09439514337513459,2.4488636397623433e-07,asymptotic,4.789895172517401e-08,4.789895172517401e-08,True,9.99990000099999e-06,"Monte Carlo, 100000 random sign flips, seed 20260928",True,True,True,False
AN-0001-03,development|asr_jevblend_10_minus_asr_prior|rec@30,,exploratory,37,5,31,73,42,31,0.07644311265596165,8.78349259314087e-06,asymptotic,1.076927804573846e-06,1.076927804573846e-06,True,9.99990000099999e-06,"Monte Carlo, 100000 random sign flips, seed 20260928",True,True,True,False
AN-0001-03,development|asr_jevblend_10_minus_asr_prior|knee_work,,exploratory,9,22,42,73,31,42,-0.06662913110223792,0.002093356287103655,asymptotic,0.008488363879292414,0.008488363879292414,True,0.0005299947000529995,"Monte Carlo, 100000 random sign flips, seed 20260928",True,True,True,False
AN-0001-03,development|asr_jevblend_10_minus_asr_prior|knee_rec,,exploratory,4,1,68,73,5,68,0.00759694037927459,0.07961580146011343,asymptotic,0.1717617393397025,0.1717617393397025,True,0.125,exact enumeration of 2^5 sign patterns,False,False,False,False
AN-0001-03,development|jev_only_minus_asr_prior|wss95,,exploratory,60,13,0,73,73,0,0.1305038099140469,1.1429459564817208e-07,asymptotic,1.1429459564817208e-07,1.1429459564817208e-07,True,9.99990000099999e-06,"Monte Carlo, 100000 random sign flips, seed 20260928",True,True,True,False
AN-0001-03,development|jev_only_minus_asr_prior|wss100,,exploratory,53,20,0,73,73,0,0.13518804939933846,5.109939522075131e-06,asymptotic,5.109939522075131e-06,5.109939522075131e-06,True,9.99990000099999e-06,"Monte Carlo, 100000 random sign flips, seed 20260928",True,True,True,False
AN-0001-03,development|jev_only_minus_asr_prior|rec@10,,exploratory,53,12,8,73,65,8,0.13843308899778822,4.7614216316629546e-08,asymptotic,3.817593986129368e-08,3.817593986129368e-08,True,9.99990000099999e-06,"Monte Carlo, 100000 random sign flips, seed 20260928",True,True,True,False
AN-0001-03,development|jev_only_minus_asr_prior|rec@20,,exploratory,45,11,17,73,56,17,0.08727757504453991,6.964873752464473e-06,asymptotic,3.3273284626276396e-06,3.3273284626276396e-06,True,1.999980000199998e-05,"Monte Carlo, 100000 random sign flips, seed 20260928",True,True,True,False
AN-0001-03,development|jev_only_minus_asr_prior|rec@30,,exploratory,36,9,28,73,45,28,0.06719046082226486,8.558647633612689e-05,asymptotic,3.906885322082119e-05,3.906885322082119e-05,True,0.00024999750002499977,"Monte Carlo, 100000 random sign flips, seed 20260928",True,True,True,False
AN-0001-03,heldout|asr_jevblend_2_minus_asr_jevblend_3|wss95,,exploratory,8,12,3,23,20,3,-2.3452474801236564e-05,0.2789649507806645,asymptotic,0.2863102449658057,0.2863102449658057,True,0.9975299835205078,exact enumeration of 2^20 sign patterns,False,False,False,False
AN-0001-03,heldout|asr_jevblend_2_minus_asr_jevblend_3|wss100,,exploratory,6,14,3,23,20,3,-0.004432494209216868,0.13535690010210896,asymptotic,0.1131609141020852,0.1131609141020852,True,0.2743053436279297,exact enumeration of 2^20 sign patterns,False,False,False,False
AN-0001-03,heldout|asr_jevblend_2_minus_asr_jevblend_3|rec@10,,exploratory,1,4,18,23,5,18,-0.005193314784107623,0.22491588401596185,asymptotic,0.18069805133165773,0.18069805133165773,True,0.3125,exact enumeration of 2^5 sign patterns,False,False,False,False
AN-0001-03,heldout|asr_jevblend_2_minus_asr_jevblend_3|rec@20,,exploratory,1,1,21,23,2,21,-0.00047070481853090545,0.6547208460185769,asymptotic,0.9749352204076116,0.9749352204076116,True,1.0,exact enumeration of 2^2 sign patterns,False,False,False,False
AN-0001-03,heldout|asr_jevblend_2_minus_asr_jevblend_3|rec@30,,exploratory,0,1,22,23,1,22,-0.0006441223832528181,0.31731050786291415,asymptotic,0.31731050786291415,0.31731050786291415,True,1.0,exact enumeration of 2^1 sign patterns,False,False,False,False
AN-0001-03,heldout|asr_jevblend_2_minus_asr_jevblend_3|knee_work,,exploratory,6,5,12,23,11,12,0.019356269328989623,0.24774620591207197,asymptotic,0.53070988264388,0.53070988264388,True,0.1923828125,exact enumeration of 2^11 sign patterns,False,False,False,False
AN-0001-03,heldout|asr_jevblend_2_minus_asr_jevblend_3|knee_rec,,exploratory,0,0,23,23,0,23,0.0,,,,,,1.0,all differences zero,False,False,False,False
AN-0001-03,heldout|asr_jevblend_5_minus_asr_jevblend_3|wss95,,exploratory,7,12,4,23,19,4,-0.005512039522771974,0.4209099170051037,asymptotic,0.3598607512036244,0.3598607512036244,True,0.3587532043457031,exact enumeration of 2^19 sign patterns,False,False,False,False
AN-0001-03,heldout|asr_jevblend_5_minus_asr_jevblend_3|wss100,,exploratory,9,10,4,23,19,4,-0.0026430634538333656,0.7475000777680043,asymptotic,0.7602061006561283,0.7602061006561283,True,0.4899177551269531,exact enumeration of 2^19 sign patterns,False,False,False,False
AN-0001-03,heldout|asr_jevblend_5_minus_asr_jevblend_3|rec@10,,exploratory,2,2,19,23,4,19,-0.00029419051158181586,1.0,asymptotic,1.0,1.0,True,1.0,exact enumeration of 2^4 sign patterns,False,False,False,False
AN-0001-03,heldout|asr_jevblend_5_minus_asr_jevblend_3|rec@20,,exploratory,1,4,18,23,5,18,-0.007690055516142472,0.22491588401596185,asymptotic,0.18069805133165773,0.18069805133165773,True,0.25,exact enumeration of 2^5 sign patterns,False,False,False,False
AN-0001-03,heldout|asr_jevblend_5_minus_asr_jevblend_3|rec@30,,exploratory,0,1,22,23,1,22,-0.0011148272017837235,0.31731050786291415,asymptotic,0.31731050786291415,0.31731050786291415,True,1.0,exact enumeration of 2^1 sign patterns,False,False,False,False
AN-0001-03,heldout|asr_jevblend_5_minus_asr_jevblend_3|knee_work,,exploratory,4,4,15,23,8,15,0.0022207070598430066,1.0,asymptotic,1.0,1.0,True,0.90625,exact enumeration of 2^8 sign patterns,False,False,False,False
AN-0001-03,heldout|asr_jevblend_5_minus_asr_jevblend_3|knee_rec,,exploratory,0,0,23,23,0,23,0.0,,,,,,1.0,all differences zero,False,False,False,False
AN-0001-03,heldout|asr_jevblend_10_minus_asr_jevblend_3|wss95,,exploratory,6,14,3,23,20,3,-0.010400830084160814,0.12585852473931722,asymptotic,0.10639550699386928,0.10639550699386928,True,0.23630714416503906,exact enumeration of 2^20 sign patterns,False,False,False,False
AN-0001-03,heldout|asr_jevblend_10_minus_asr_jevblend_3|wss100,,exploratory,9,12,2,23,21,2,-0.007062011298428173,0.28909532129487003,asymptotic,0.3079701415389511,0.3079701415389511,True,0.2956570434295657,"Monte Carlo, 100000 random sign flips, seed 20260928",False,False,False,False
AN-0001-03,heldout|asr_jevblend_10_minus_asr_jevblend_3|rec@10,,exploratory,3,4,16,23,7,16,-0.0054222347700608586,0.3516806827985527,asymptotic,0.6116184076162213,0.6116184076162213,True,0.390625,exact enumeration of 2^7 sign patterns,False,False,False,False
AN-0001-03,heldout|asr_jevblend_10_minus_asr_jevblend_3|rec@20,,exploratory,1,4,18,23,5,18,-0.007646138080920689,0.34523107177184,asymptotic,0.19493645082050137,0.19493645082050137,True,0.375,exact enumeration of 2^5 sign patterns,False,False,False,False
AN-0001-03,heldout|asr_jevblend_10_minus_asr_jevblend_3|rec@30,,exploratory,1,2,20,23,3,20,0.003394029480986002,1.0,asymptotic,0.5999288884273977,0.5999288884273977,True,1.0,exact enumeration of 2^3 sign patterns,False,False,False,False
AN-0001-03,heldout|asr_jevblend_10_minus_asr_jevblend_3|knee_work,,exploratory,5,5,13,23,10,13,-0.004889502847604658,0.8784817434328712,asymptotic,0.9595860335890006,0.9595860335890006,True,0.83984375,exact enumeration of 2^10 sign patterns,False,False,False,False
AN-0001-03,heldout|asr_jevblend_10_minus_asr_jevblend_3|knee_rec,,exploratory,0,0,23,23,0,23,0.0,,,,,,1.0,all differences zero,False,False,False,False
AN-0001-03,heldout|asr_jevblend_2_minus_jev_only|wss95,,exploratory,15,6,2,23,21,2,0.018707908668247456,0.0987409489608765,asymptotic,0.08553441673982053,0.08553441673982053,True,0.19400805991940082,"Monte Carlo, 100000 random sign flips, seed 20260928",False,False,False,False
AN-0001-03,heldout|asr_jevblend_2_minus_jev_only|wss100,,exploratory,13,8,2,23,21,2,0.016225184078437725,0.20456441569175576,asymptotic,0.20660680111458207,0.20660680111458207,True,0.2027779722202778,"Monte Carlo, 100000 random sign flips, seed 20260928",False,False,False,False
AN-0001-03,heldout|asr_jevblend_2_minus_jev_only|rec@10,,exploratory,7,4,12,23,11,12,0.011144034460850317,0.24774620591207197,asymptotic,0.30636745311655467,0.30636745311655467,True,0.296875,exact enumeration of 2^11 sign patterns,False,False,False,False
AN-0001-03,heldout|asr_jevblend_2_minus_jev_only|rec@20,,exploratory,7,1,15,23,8,15,0.014295730437034785,0.0499499764547464,asymptotic,0.03360054200742723,0.03360054200742723,True,0.0546875,exact enumeration of 2^8 sign patterns,True,True,False,True
AN-0001-03,heldout|asr_jevblend_2_minus_jev_only|rec@30,,exploratory,4,1,18,23,5,18,-8.220443003051661e-05,0.5001842570707944,asymptotic,0.20998096206211359,0.20998096206211359,True,1.0,exact enumeration of 2^5 sign patterns,False,False,False,False
AN-0001-03,heldout|asr_jevblend_2_minus_asr_prior|wss95,,exploratory,23,0,0,23,23,0,0.14681045943985743,2.384185791015625e-07,exact,2.384185791015625e-07,2.7015948487105512e-05,False,9.99990000099999e-06,"Monte Carlo, 100000 random sign flips, seed 20260928",True,True,True,False
AN-0001-03,heldout|asr_jevblend_2_minus_asr_prior|wss100,,exploratory,23,0,0,23,23,0,0.17775418710169175,2.384185791015625e-07,exact,2.384185791015625e-07,2.7015948487105512e-05,False,9.99990000099999e-06,"Monte Carlo, 100000 random sign flips, seed 20260928",True,True,True,False
AN-0001-03,heldout|asr_jevblend_2_minus_asr_prior|rec@10,,exploratory,20,0,3,23,20,3,0.1753194189655187,8.857457687863547e-05,asymptotic,3.910889509719598e-05,3.910889509719598e-05,True,1.9073486328125e-06,exact enumeration of 2^20 sign patterns,True,True,True,False
AN-0001-03,heldout|asr_jevblend_2_minus_asr_prior|rec@20,,exploratory,17,0,6,23,17,6,0.11996970033494969,0.0002930525201924893,asymptotic,8.878145669874221e-05,8.878145669874221e-05,True,1.52587890625e-05,exact enumeration of 2^17 sign patterns,True,True,True,False
AN-0001-03,heldout|asr_jevblend_2_minus_asr_prior|rec@30,,exploratory,10,1,12,23,11,12,0.057881177681369494,0.007645761692991623,asymptotic,0.0055771527634657335,0.0055771527634657335,True,0.0048828125,exact enumeration of 2^11 sign patterns,True,True,True,False
AN-0001-03,heldout|asr_jevblend_2_minus_asr_prior|knee_work,,exploratory,3,9,11,23,12,11,-0.08311901548581582,0.0280561241492436,asymptotic,0.048332803800561416,0.048332803800561416,True,0.02734375,exact enumeration of 2^12 sign patterns,True,True,True,False
AN-0001-03,heldout|asr_jevblend_2_minus_asr_prior|knee_rec,,exploratory,3,0,20,23,3,20,0.023278795213737668,0.10880943004054568,asymptotic,0.0834768861632396,0.0834768861632396,True,0.25,exact enumeration of 2^3 sign patterns,False,False,False,False
AN-0001-03,heldout|asr_jevblend_3_minus_jev_only|wss95,,exploratory,16,4,3,23,20,3,0.018731361143048686,0.02509350819808047,asymptotic,0.017491208039056412,0.017491208039056412,True,0.038967132568359375,exact enumeration of 2^20 sign patterns,True,True,True,False
AN-0001-03,heldout|asr_jevblend_3_minus_jev_only|wss100,,exploratory,14,5,4,23,19,4,0.0206576782876546,0.03293821172843571,asymptotic,0.03023545791917252,0.03023545791917252,True,0.03743743896484375,exact enumeration of 2^19 sign patterns,True,True,True,False
AN-0001-03,heldout|asr_jevblend_3_minus_jev_only|rec@10,,exploratory,8,1,14,23,9,14,0.01633734924495794,0.050612432239184685,asymptotic,0.022767482742283702,0.022767482742283702,True,0.0703125,exact enumeration of 2^9 sign patterns,False,True,False,True
AN-0001-03,heldout|asr_jevblend_3_minus_jev_only|rec@20,,exploratory,7,1,15,23,8,15,0.01476643525556569,0.03569190011680441,asymptotic,0.030707143244538247,0.030707143244538247,True,0.0390625,exact enumeration of 2^8 sign patterns,True,True,True,False
AN-0001-03,heldout|asr_jevblend_3_minus_jev_only|rec@30,,exploratory,4,1,18,23,5,18,0.0005619179532223018,0.5001842570707944,asymptotic,0.20998096206211359,0.20998096206211359,True,1.0,exact enumeration of 2^5 sign patterns,False,False,False,False
AN-0001-03,heldout|asr_jevblend_3_minus_asr_prior|wss95,,exploratory,21,2,0,23,23,0,0.14683391191465867,1.6689300537109375e-06,exact,1.6689300537109375e-06,4.589511709712496e-05,False,9.99990000099999e-06,"Monte Carlo, 100000 random sign flips, seed 20260928",True,True,True,False
AN-0001-03,heldout|asr_jevblend_3_minus_asr_prior|wss100,,exploratory,21,2,0,23,23,0,0.1821866813109086,4.5299530029296875e-06,exact,4.5299530029296875e-06,6.766255368658355e-05,False,9.99990000099999e-06,"Monte Carlo, 100000 random sign flips, seed 20260928",True,True,True,False
AN-0001-03,heldout|asr_jevblend_3_minus_asr_prior|rec@10,,exploratory,20,0,3,23,20,3,0.18051273374962631,8.857457687863547e-05,asymptotic,3.910889509719598e-05,3.910889509719598e-05,True,1.9073486328125e-06,exact enumeration of 2^20 sign patterns,True,True,True,False
AN-0001-03,heldout|asr_jevblend_3_minus_asr_prior|rec@20,,exploratory,17,0,6,23,17,6,0.12044040515348062,0.0002930525201924893,asymptotic,8.878145669874221e-05,8.878145669874221e-05,True,1.52587890625e-05,exact enumeration of 2^17 sign patterns,True,True,True,False
AN-0001-03,heldout|asr_jevblend_3_minus_asr_prior|rec@30,,exploratory,10,1,12,23,11,12,0.05852530006462232,0.007645761692991623,asymptotic,0.0055771527634657335,0.0055771527634657335,True,0.0048828125,exact enumeration of 2^11 sign patterns,True,True,True,False
AN-0001-03,heldout|asr_jevblend_3_minus_asr_prior|knee_work,,exploratory,2,11,10,23,13,10,-0.10247528481480542,0.007132413699395206,asymptotic,0.007793929263447571,0.007793929263447571,True,0.005126953125,exact enumeration of 2^13 sign patterns,True,True,True,False
AN-0001-03,heldout|asr_jevblend_3_minus_asr_prior|knee_rec,,exploratory,3,0,20,23,3,20,0.023278795213737668,0.10880943004054568,asymptotic,0.0834768861632396,0.0834768861632396,True,0.25,exact enumeration of 2^3 sign patterns,False,False,False,False
AN-0001-03,heldout|asr_jevblend_5_minus_jev_only|wss95,,exploratory,16,4,3,23,20,3,0.013219321620276715,0.018674874007415902,asymptotic,0.013601872964159078,0.013601872964159078,True,0.010992050170898438,exact enumeration of 2^20 sign patterns,True,True,True,False
AN-0001-03,heldout|asr_jevblend_5_minus_jev_only|wss100,,exploratory,15,5,3,23,20,3,0.01801461483382123,0.016880932087628427,asymptotic,0.01609824352236527,0.01609824352236527,True,0.0105133056640625,exact enumeration of 2^20 sign patterns,True,True,True,False
AN-0001-03,heldout|asr_jevblend_5_minus_jev_only|rec@10,,exploratory,7,1,15,23,8,15,0.016043158733376126,0.0499499764547464,asymptotic,0.03360054200742723,0.03360054200742723,True,0.046875,exact enumeration of 2^8 sign patterns,True,True,True,False
AN-0001-03,heldout|asr_jevblend_5_minus_jev_only|rec@20,,exploratory,6,1,16,23,7,16,0.007076379739423218,0.23672357063785732,asymptotic,0.07712496677827374,0.07712496677827374,True,0.375,exact enumeration of 2^7 sign patterns,False,False,False,False
AN-0001-03,heldout|asr_jevblend_5_minus_jev_only|rec@30,,exploratory,4,1,18,23,5,18,-0.0005529092485614219,0.5001842570707944,asymptotic,0.20998096206211359,0.20998096206211359,True,1.0,exact enumeration of 2^5 sign patterns,False,False,False,False
AN-0001-03,heldout|asr_jevblend_5_minus_asr_prior|wss95,,exploratory,20,3,0,23,23,0,0.1413218723918867,3.266334533691406e-05,exact,3.266334533691406e-05,0.0001832608969158505,False,1.999980000199998e-05,"Monte Carlo, 100000 random sign flips, seed 20260928",True,True,True,False
AN-0001-03,heldout|asr_jevblend_5_minus_asr_prior|wss100,,exploratory,21,2,0,23,23,0,0.17954361785707523,4.029273986816406e-05,exact,4.029273986816406e-05,0.0002067487536799894,False,3.999960000399996e-05,"Monte Carlo, 100000 random sign flips, seed 20260928",True,True,True,False
AN-0001-03,heldout|asr_jevblend_5_minus_asr_prior|rec@10,,exploratory,19,1,3,23,20,3,0.18021854323804454,0.0001401336206158955,asymptotic,8.498256752855672e-05,8.498256752855672e-05,True,7.62939453125e-06,exact enumeration of 2^20 sign patterns,True,True,True,False
AN-0001-03,heldout|asr_jevblend_5_minus_asr_prior|rec@20,,exploratory,17,1,5,23,18,5,0.11275034963733813,0.00027641623202831126,asymptotic,0.00015659783483488212,0.00015659783483488212,True,2.288818359375e-05,exact enumeration of 2^18 sign patterns,True,True,True,False
AN-0001-03,heldout|asr_jevblend_5_minus_asr_prior|rec@30,,exploratory,9,2,12,23,11,12,0.057410472862838596,0.012792160247732852,asymptotic,0.020903918692240123,0.020903918692240123,True,0.0068359375,exact enumeration of 2^11 sign patterns,True,True,True,False
AN-0001-03,heldout|asr_jevblend_5_minus_asr_prior|knee_work,,exploratory,2,11,10,23,13,10,-0.10025457775496241,0.007132413699395206,asymptotic,0.007793929263447571,0.007793929263447571,True,0.004638671875,exact enumeration of 2^13 sign patterns,True,True,True,False
AN-0001-03,heldout|asr_jevblend_5_minus_asr_prior|knee_rec,,exploratory,3,0,20,23,3,20,0.023278795213737668,0.10880943004054568,asymptotic,0.0834768861632396,0.0834768861632396,True,0.25,exact enumeration of 2^3 sign patterns,False,False,False,False
AN-0001-03,heldout|asr_jevblend_10_minus_jev_only|wss95,,exploratory,17,4,2,23,21,2,0.008330531058887876,0.005723186500070235,asymptotic,0.004877553469001885,0.004877553469001885,True,0.004099959000409996,"Monte Carlo, 100000 random sign flips, seed 20260928",True,True,True,False
AN-0001-03,heldout|asr_jevblend_10_minus_jev_only|wss100,,exploratory,16,5,2,23,21,2,0.013595666989226422,0.005723186500070235,asymptotic,0.005884549504370043,0.005884549504370043,True,0.002879971200287997,"Monte Carlo, 100000 random sign flips, seed 20260928",True,True,True,False
AN-0001-03,heldout|asr_jevblend_10_minus_jev_only|rec@10,,exploratory,8,1,14,23,9,14,0.010915114474897084,0.050612432239184685,asymptotic,0.022767482742283702,0.022767482742283702,True,0.0390625,exact enumeration of 2^9 sign patterns,False,True,True,True
AN-0001-03,heldout|asr_jevblend_10_minus_jev_only|rec@20,,exploratory,7,1,15,23,8,15,0.007120297174645002,0.16142946236708333,asymptotic,0.04761633022122405,0.04761633022122405,True,0.359375,exact enumeration of 2^8 sign patterns,False,True,False,True
AN-0001-03,heldout|asr_jevblend_10_minus_jev_only|rec@30,,exploratory,4,0,19,23,4,19,0.0039559474342083034,0.06788915486182899,asymptotic,0.04579246140209804,0.04579246140209804,True,0.125,exact enumeration of 2^4 sign patterns,False,True,False,True
AN-0001-03,heldout|asr_jevblend_10_minus_asr_prior|wss95,,exploratory,20,3,0,23,23,0,0.13643308183049782,0.00025343894958496094,exact,0.00025343894958496094,0.0006580763435422673,False,0.00013999860001399987,"Monte Carlo, 100000 random sign flips, seed 20260928",True,True,True,False
AN-0001-03,heldout|asr_jevblend_10_minus_asr_prior|wss100,,exploratory,21,2,0,23,23,0,0.17512467001248042,7.319450378417969e-05,exact,7.319450378417969e-05,0.00029531036042227657,False,7.999920000799993e-05,"Monte Carlo, 100000 random sign flips, seed 20260928",True,True,True,False
AN-0001-03,heldout|asr_jevblend_10_minus_asr_prior|rec@10,,exploratory,18,2,3,23,20,3,0.17509049897956547,0.00025359518031722964,asymptotic,0.0002018850430315205,0.0002018850430315205,True,3.24249267578125e-05,exact enumeration of 2^20 sign patterns,True,True,True,False
AN-0001-03,heldout|asr_jevblend_10_minus_asr_prior|rec@20,,exploratory,17,1,5,23,18,5,0.11279426707255992,0.00027641623202831126,asymptotic,0.00015659783483488212,0.00015659783483488212,True,2.288818359375e-05,exact enumeration of 2^18 sign patterns,True,True,True,False
AN-0001-03,heldout|asr_jevblend_10_minus_asr_prior|rec@30,,exploratory,9,2,12,23,11,12,0.06191932954560832,0.012792160247732852,asymptotic,0.020903918692240123,0.020903918692240123,True,0.0068359375,exact enumeration of 2^11 sign patterns,True,True,True,False
AN-0001-03,heldout|asr_jevblend_10_minus_asr_prior|knee_work,,exploratory,2,12,9,23,14,9,-0.10736478766241009,0.013150364234284668,asymptotic,0.007832819385158615,0.007832819385158615,True,0.0069580078125,exact enumeration of 2^14 sign patterns,True,True,True,False
AN-0001-03,heldout|asr_jevblend_10_minus_asr_prior|knee_rec,,exploratory,3,0,20,23,3,20,0.023278795213737668,0.10880943004054568,asymptotic,0.0834768861632396,0.0834768861632396,True,0.25,exact enumeration of 2^3 sign patterns,False,False,False,False
AN-0001-03,heldout|jev_only_minus_asr_prior|wss95,,exploratory,20,3,0,23,23,0,0.12810255077160998,0.00047516822814941406,exact,0.00047516822814941406,0.0010204937218340382,False,0.00037999620003799963,"Monte Carlo, 100000 random sign flips, seed 20260928",True,True,True,False
AN-0001-03,heldout|jev_only_minus_asr_prior|wss100,,exploratory,20,3,0,23,23,0,0.16152900302325401,0.00025343894958496094,exact,0.00025343894958496094,0.0006580763435422673,False,0.00047999520004799953,"Monte Carlo, 100000 random sign flips, seed 20260928",True,True,True,False
AN-0001-03,heldout|jev_only_minus_asr_prior|rec@10,,exploratory,18,2,3,23,20,3,0.16417538450466837,0.00039023125084089363,asymptotic,0.00028867868356778533,0.00028867868356778533,True,6.67572021484375e-05,exact enumeration of 2^20 sign patterns,True,True,True,False
AN-0001-03,heldout|jev_only_minus_asr_prior|rec@20,,exploratory,16,1,6,23,17,6,0.10567396989791492,0.0008458546226604534,asymptotic,0.00038452009523299636,0.00038452009523299636,True,0.000152587890625,exact enumeration of 2^17 sign patterns,True,True,True,False
AN-0001-03,heldout|jev_only_minus_asr_prior|rec@30,,exploratory,9,3,11,23,12,11,0.057963382111400015,0.018602929901135743,asymptotic,0.04143346214333325,0.04143346214333325,True,0.0185546875,exact enumeration of 2^12 sign patterns,True,True,True,False
AN-0001-03,clef|asr_jevblend_5_minus_asr_jevblend_3|wss95,,exploratory,6,14,8,28,20,8,-0.00521667833614321,0.030365113315399057,asymptotic,0.03779447953391716,0.03779447953391716,True,0.011493682861328125,exact enumeration of 2^20 sign patterns,True,True,True,False
AN-0001-03,clef|asr_jevblend_5_minus_asr_jevblend_3|wss100,,exploratory,10,11,7,28,21,7,-0.003556827297511692,0.5900638024577389,asymptotic,0.6623743246235616,0.6623743246235616,True,0.2913870861291387,"Monte Carlo, 100000 random sign flips, seed 20260928",False,False,False,False
AN-0001-03,clef|asr_jevblend_5_minus_asr_jevblend_3|rec@10,,exploratory,1,4,23,28,5,23,-0.002533397995838291,0.22491588401596185,asymptotic,0.18035574367806229,0.18035574367806229,True,0.25,exact enumeration of 2^5 sign patterns,False,False,False,False
AN-0001-03,clef|asr_jevblend_5_minus_asr_jevblend_3|rec@20,,exploratory,0,2,26,28,2,26,-0.0012545747782395631,0.17971249487899976,asymptotic,0.15736781418898405,0.15736781418898405,True,0.5,exact enumeration of 2^2 sign patterns,False,False,False,False
AN-0001-03,clef|asr_jevblend_5_minus_asr_jevblend_3|rec@30,,exploratory,0,1,27,28,1,27,-0.00043731778425655976,0.31731050786291415,asymptotic,0.31731050786291415,0.31731050786291415,True,1.0,exact enumeration of 2^1 sign patterns,False,False,False,False
AN-0001-03,clef|asr_jevblend_5_minus_asr_jevblend_3|knee_work,,exploratory,8,7,13,28,15,13,-0.007827543732055391,0.9095609385561121,asymptotic,0.83778296983679,0.83778296983679,True,0.64202880859375,exact enumeration of 2^15 sign patterns,False,False,False,False
AN-0001-03,clef|asr_jevblend_5_minus_asr_jevblend_3|knee_rec,,exploratory,0,1,27,28,1,27,-0.00014577259475218661,0.31731050786291415,asymptotic,0.31731050786291415,0.31731050786291415,True,1.0,exact enumeration of 2^1 sign patterns,False,False,False,False
AN-0001-03,clef|asr_jevblend_10_minus_asr_jevblend_3|wss95,,exploratory,7,14,7,28,21,7,-0.014150324787754905,0.01570686359758342,asymptotic,0.03075671400923876,0.03075671400923876,True,0.007829921700782993,"Monte Carlo, 100000 random sign flips, seed 20260928",True,True,True,False
AN-0001-03,clef|asr_jevblend_10_minus_asr_jevblend_3|wss100,,exploratory,9,12,7,28,21,7,-0.009586858095066476,0.23047393117047554,asymptotic,0.301070137502511,0.301070137502511,True,0.15242847571524284,"Monte Carlo, 100000 random sign flips, seed 20260928",False,False,False,False
AN-0001-03,clef|asr_jevblend_10_minus_asr_jevblend_3|rec@10,,exploratory,1,8,19,28,9,19,-0.0113247167596255,0.015067042312151446,asymptotic,0.016264917444699836,0.016264917444699836,True,0.01171875,exact enumeration of 2^9 sign patterns,True,True,True,False
AN-0001-03,clef|asr_jevblend_10_minus_asr_jevblend_3|rec@20,,exploratory,0,5,23,28,5,23,-0.0080455162630586,0.043114446783075355,asymptotic,0.025564280117768342,0.025564280117768342,True,0.0625,exact enumeration of 2^5 sign patterns,True,True,False,True
AN-0001-03,clef|asr_jevblend_10_minus_asr_jevblend_3|rec@30,,exploratory,0,1,27,28,1,27,-0.001020408163265306,0.31731050786291415,asymptotic,0.31731050786291415,0.31731050786291415,True,1.0,exact enumeration of 2^1 sign patterns,False,False,False,False
AN-0001-03,clef|asr_jevblend_10_minus_asr_jevblend_3|knee_work,,exploratory,10,6,12,28,16,12,0.007307909794475163,0.5694942779917188,asymptotic,0.4049229446315791,0.4049229446315791,True,0.74139404296875,exact enumeration of 2^16 sign patterns,False,False,False,False
AN-0001-03,clef|asr_jevblend_10_minus_asr_jevblend_3|knee_rec,,exploratory,1,1,26,28,2,26,-0.0032798833819241984,0.6547208460185769,asymptotic,0.9794896647450969,0.9794896647450969,True,1.0,exact enumeration of 2^2 sign patterns,False,False,False,False
AN-0001-03,clef|asr_jevblend_3_minus_jev_only|wss95,,exploratory,17,9,2,28,26,2,0.024908847661769047,0.004272989014000572,asymptotic,0.006053925682328033,0.006053925682328033,True,0.001119988800111999,"Monte Carlo, 100000 random sign flips, seed 20260928",True,True,True,False
AN-0001-03,clef|asr_jevblend_3_minus_jev_only|wss100,,exploratory,15,11,2,28,26,2,0.023905067854759685,0.058471090513606654,asymptotic,0.07375401375945774,0.07375401375945774,True,0.02747972520274797,"Monte Carlo, 100000 random sign flips, seed 20260928",False,False,True,True
AN-0001-03,clef|asr_jevblend_3_minus_jev_only|rec@10,,exploratory,10,1,17,28,11,17,0.016738783755325146,0.009925485845323257,asymptotic,0.006139064768155632,0.006139064768155632,True,0.0048828125,exact enumeration of 2^11 sign patterns,True,True,True,False
AN-0001-03,clef|asr_jevblend_3_minus_jev_only|rec@20,,exploratory,6,1,21,28,7,21,0.013742340738649899,0.06297905121445523,asymptotic,0.05562722612228218,0.05562722612228218,True,0.0625,exact enumeration of 2^7 sign patterns,False,False,False,False
AN-0001-03,clef|asr_jevblend_3_minus_jev_only|rec@30,,exploratory,3,2,23,28,5,23,0.007250745467202264,0.22491588401596185,asymptotic,0.5825908025208566,0.5825908025208566,True,0.3125,exact enumeration of 2^5 sign patterns,False,False,False,False
AN-0001-03,clef|asr_jevblend_3_minus_asr_prior|wss95,,exploratory,24,4,0,28,28,0,0.04404686583248885,0.00015273690223693848,exact,0.00015273690223693848,0.0003818181724051406,False,0.0066999330006699935,"Monte Carlo, 100000 random sign flips, seed 20260928",True,True,True,False
AN-0001-03,clef|asr_jevblend_3_minus_asr_prior|wss100,,exploratory,25,3,0,28,28,0,0.08767443884651564,7.204711437225342e-05,exact,7.204711437225342e-05,0.00022516324195508746,False,0.0005199948000519994,"Monte Carlo, 100000 random sign flips, seed 20260928",True,True,True,False
AN-0001-03,clef|asr_jevblend_3_minus_asr_prior|rec@10,,exploratory,18,2,8,28,20,8,0.09289391381445224,0.00013919636333751571,asymptotic,0.00012726581694853895,0.00012726581694853895,True,7.62939453125e-06,exact enumeration of 2^20 sign patterns,True,True,True,False
AN-0001-03,clef|asr_jevblend_3_minus_asr_prior|rec@20,,exploratory,12,0,16,28,12,16,0.05021032865464603,0.002217721464237049,asymptotic,0.0006169829820642391,0.0006169829820642391,True,0.00048828125,exact enumeration of 2^12 sign patterns,True,True,True,False
AN-0001-03,clef|asr_jevblend_3_minus_asr_prior|rec@30,,exploratory,8,0,20,28,8,20,0.01696228895208487,0.011718685599768628,asymptotic,0.004860471396889112,0.004860471396889112,True,0.0078125,exact enumeration of 2^8 sign patterns,True,True,True,False
AN-0001-03,clef|asr_jevblend_3_minus_asr_prior|knee_work,,exploratory,1,20,7,28,21,7,-0.16177407062741378,0.0010212800218205383,asymptotic,0.00021566101663473297,0.00021566101663473297,True,0.008479915200847992,"Monte Carlo, 100000 random sign flips, seed 20260928",True,True,True,False
AN-0001-03,clef|asr_jevblend_3_minus_asr_prior|knee_rec,,exploratory,4,1,23,28,5,23,0.018686358028520426,0.22491588401596185,asymptotic,0.18035574367806229,0.18035574367806229,True,0.3125,exact enumeration of 2^5 sign patterns,False,False,False,False
AN-0001-03,clef|asr_jevblend_5_minus_jev_only|wss95,,exploratory,19,7,2,28,26,2,0.019692169325625838,0.0020296829538017265,asymptotic,0.0023581676190191727,0.0023581676190191727,True,0.001089989100108999,"Monte Carlo, 100000 random sign flips, seed 20260928",True,True,True,False
AN-0001-03,clef|asr_jevblend_5_minus_jev_only|wss100,,exploratory,17,9,2,28,26,2,0.02034824055724799,0.01235983439208636,asymptotic,0.015268670960124645,0.015268670960124645,True,0.01022989770102299,"Monte Carlo, 100000 random sign flips, seed 20260928",True,True,True,False
AN-0001-03,clef|asr_jevblend_5_minus_jev_only|rec@10,,exploratory,9,1,18,28,10,18,0.01420538575948686,0.016604878103722735,asymptotic,0.010735079693430287,0.010735079693430287,True,0.009765625,exact enumeration of 2^10 sign patterns,True,True,True,False
AN-0001-03,clef|asr_jevblend_5_minus_jev_only|rec@20,,exploratory,6,1,21,28,7,21,0.012487765960410338,0.06297905121445523,asymptotic,0.05562722612228218,0.05562722612228218,True,0.078125,exact enumeration of 2^7 sign patterns,False,False,False,False
AN-0001-03,clef|asr_jevblend_5_minus_jev_only|rec@30,,exploratory,3,2,23,28,5,23,0.006813427682945703,0.34523107177184,asymptotic,0.606375510850242,0.606375510850242,True,0.375,exact enumeration of 2^5 sign patterns,False,False,False,False
AN-0001-03,clef|asr_jevblend_5_minus_asr_prior|wss95,,exploratory,23,5,0,28,28,0,0.03883018749634565,0.0010645166039466858,exact,0.0010645166039466858,0.0016753664597188398,False,0.01966980330196698,"Monte Carlo, 100000 random sign flips, seed 20260928",True,True,True,False
AN-0001-03,clef|asr_jevblend_5_minus_asr_prior|wss100,,exploratory,24,4,0,28,28,0,0.08411761154900395,0.0003418475389480591,exact,0.0003418475389480591,0.0006914625550684938,False,0.0012899871001289987,"Monte Carlo, 100000 random sign flips, seed 20260928",True,True,True,False
AN-0001-03,clef|asr_jevblend_5_minus_asr_prior|rec@10,,exploratory,18,2,8,28,20,8,0.09036051581861396,0.00016178660396707955,asymptotic,0.0001397513340353738,0.0001397513340353738,True,1.1444091796875e-05,exact enumeration of 2^20 sign patterns,True,True,True,False
AN-0001-03,clef|asr_jevblend_5_minus_asr_prior|rec@20,,exploratory,12,1,15,28,13,15,0.04895575387640646,0.002976637011170516,asymptotic,0.0018893965452721562,0.0018893965452721562,True,0.0009765625,exact enumeration of 2^13 sign patterns,True,True,True,False
AN-0001-03,clef|asr_jevblend_5_minus_asr_prior|rec@30,,exploratory,8,0,20,28,8,20,0.01652497116782831,0.011718685599768628,asymptotic,0.004860471396889112,0.004860471396889112,True,0.0078125,exact enumeration of 2^8 sign patterns,True,True,True,False
AN-0001-03,clef|asr_jevblend_5_minus_asr_prior|knee_work,,exploratory,3,17,8,28,20,8,-0.16960161435946916,0.0022039368924026215,asymptotic,0.0014482857714539362,0.0014482857714539362,True,0.0077342987060546875,exact enumeration of 2^20 sign patterns,True,True,True,False
AN-0001-03,clef|asr_jevblend_5_minus_asr_prior|knee_rec,,exploratory,4,1,23,28,5,23,0.018540585433768242,0.22491588401596185,asymptotic,0.18035574367806229,0.18035574367806229,True,0.3125,exact enumeration of 2^5 sign patterns,False,False,False,False
AN-0001-03,clef|asr_jevblend_10_minus_jev_only|wss95,,exploratory,17,7,4,28,24,4,0.010758522874014137,0.0055810915679556945,asymptotic,0.007597504369624898,0.007597504369624898,True,0.0027299727002729974,"Monte Carlo, 100000 random sign flips, seed 20260928",True,True,True,False
AN-0001-03,clef|asr_jevblend_10_minus_jev_only|wss100,,exploratory,17,7,4,28,24,4,0.014318209759693206,0.005110260660855864,asymptotic,0.007096784487626682,0.007096784487626682,True,0.004169958300416996,"Monte Carlo, 100000 random sign flips, seed 20260928",True,True,True,False
AN-0001-03,clef|asr_jevblend_10_minus_jev_only|rec@10,,exploratory,5,2,21,28,7,21,0.005414066995699649,0.12819017434510785,asymptotic,0.22219778431627024,0.22219778431627024,True,0.125,exact enumeration of 2^7 sign patterns,False,False,False,False
AN-0001-03,clef|asr_jevblend_10_minus_jev_only|rec@20,,exploratory,5,1,22,28,6,22,0.005696824475591301,0.17295491798842066,asymptotic,0.1066643364410265,0.1066643364410265,True,0.1875,exact enumeration of 2^6 sign patterns,False,False,False,False
AN-0001-03,clef|asr_jevblend_10_minus_jev_only|rec@30,,exploratory,3,2,23,28,5,23,0.006230337303936955,0.34523107177184,asymptotic,0.606375510850242,0.606375510850242,True,0.375,exact enumeration of 2^5 sign patterns,False,False,False,False
AN-0001-03,clef|asr_jevblend_10_minus_asr_prior|wss95,,exploratory,22,6,0,28,28,0,0.029896541044733955,0.01025690883398056,exact,0.01025690883398056,0.011483595636288289,False,0.0990490095099049,"Monte Carlo, 100000 random sign flips, seed 20260928",True,True,False,True
AN-0001-03,clef|asr_jevblend_10_minus_asr_prior|wss100,,exploratory,23,5,0,28,28,0,0.07808758075144917,0.0009657368063926697,exact,0.0009657368063926697,0.0015496154951119233,False,0.003799962000379996,"Monte Carlo, 100000 random sign flips, seed 20260928",True,True,True,False
AN-0001-03,clef|asr_jevblend_10_minus_asr_prior|rec@10,,exploratory,18,3,7,28,21,7,0.08156919705482675,0.0008392656236636567,asymptotic,0.0006403869779525315,0.0006403869779525315,True,0.00024999750002499977,"Monte Carlo, 100000 random sign flips, seed 20260928",True,True,True,False
AN-0001-03,clef|asr_jevblend_10_minus_asr_prior|rec@20,,exploratory,11,2,15,28,13,15,0.04216481239158743,0.015906444101703374,asymptotic,0.011232398295768489,0.011232398295768489,True,0.0146484375,exact enumeration of 2^13 sign patterns,True,True,True,False
AN-0001-03,clef|asr_jevblend_10_minus_asr_prior|rec@30,,exploratory,8,0,20,28,8,20,0.015941880788819564,0.011718685599768628,asymptotic,0.004860471396889112,0.004860471396889112,True,0.0078125,exact enumeration of 2^8 sign patterns,True,True,True,False
AN-0001-03,clef|asr_jevblend_10_minus_asr_prior|knee_work,,exploratory,4,16,8,28,20,8,-0.1544661608329386,0.0045499278703053396,asymptotic,0.0042130890399861365,0.0042130890399861365,True,0.0168609619140625,exact enumeration of 2^20 sign patterns,True,True,True,False
AN-0001-03,clef|asr_jevblend_10_minus_asr_prior|knee_rec,,exploratory,4,2,22,28,6,22,0.015406474646596226,0.6001794871405538,asymptotic,0.4337894194831996,0.4337894194831996,True,0.59375,exact enumeration of 2^6 sign patterns,False,False,False,False
AN-0001-03,clef|jev_only_minus_asr_prior|wss95,,exploratory,20,8,0,28,28,0,0.019138018170719813,0.03170907497406006,exact,0.03170907497406006,0.03231326680260798,False,0.35878641213587864,"Monte Carlo, 100000 random sign flips, seed 20260928",True,True,False,True
AN-0001-03,clef|jev_only_minus_asr_prior|wss100,,exploratory,22,6,0,28,28,0,0.06376937099175596,0.007071197032928467,exact,0.007071197032928467,0.008254343433611614,False,0.027489725102748972,"Monte Carlo, 100000 random sign flips, seed 20260928",True,True,True,False
AN-0001-03,clef|jev_only_minus_asr_prior|rec@10,,exploratory,17,4,7,28,21,7,0.0761551300591271,0.0026325673856724455,asymptotic,0.0024134903273280214,0.0024134903273280214,True,0.001019989800101999,"Monte Carlo, 100000 random sign flips, seed 20260928",True,True,True,False
AN-0001-03,clef|jev_only_minus_asr_prior|rec@20,,exploratory,11,4,13,28,15,13,0.03646798791599613,0.07354388753800377,asymptotic,0.06364172645940566,0.06364172645940566,True,0.05731201171875,exact enumeration of 2^15 sign patterns,False,False,False,False
AN-0001-03,clef|jev_only_minus_asr_prior|rec@30,,exploratory,9,2,17,28,11,17,0.009711543484882608,0.15485982528200376,asymptotic,0.04987447814953522,0.04987447814953522,True,0.3876953125,exact enumeration of 2^11 sign patterns,False,True,False,True
AN-0001-08,heldout|stat_jev_only_minus_threshold_work,Discussion (28.8 percentage points),exploratory,20,3,0,23,23,0,0.2875954674796243,1.6689300537109375e-05,exact,1.6689300537109375e-05,0.00012695899968328864,False,1.999980000199998e-05,"Monte Carlo, 100000 random sign flips, seed 20260928",True,True,True,False
AN-0001-08,heldout|stat_jev_only_minus_threshold_recall,,exploratory,2,0,21,23,2,21,0.0024557165861513685,0.17971249487899976,asymptotic,0.15740169007383342,0.15740169007383342,True,0.5,exact enumeration of 2^2 sign patterns,False,False,False,False
AN-0001-08,heldout|stat_jev_only_minus_stat_asreview_work,Discussion (2.5 percentage points),exploratory,4,17,2,23,21,2,-0.024858850216229616,0.005142157370610374,asymptotic,0.00443495918319228,0.00443495918319228,True,0.015159848401515985,"Monte Carlo, 100000 random sign flips, seed 20260928",True,True,True,False
AN-0001-08,heldout|stat_hybrid_minus_stat_asreview_work,,exploratory,2,19,2,23,21,2,-0.031446372800234726,0.0005434218498942879,asymptotic,0.00039202888968672126,0.00039202888968672126,True,0.00027999720002799973,"Monte Carlo, 100000 random sign flips, seed 20260928",True,True,True,False
AN-0001-08,heldout|stat_asreview_minus_knee_asreview_work,,exploratory,4,19,0,23,23,0,-0.038631067301870124,0.04152512550354004,exact,0.04152512550354004,0.04156975162896875,False,0.16546834531654683,"Monte Carlo, 100000 random sign flips, seed 20260928",True,True,False,True
AN-0001-08,heldout|stat_asreview_minus_knee_asreview_recall,,exploratory,3,1,19,23,4,19,0.022956734022111264,0.14412703481601533,asymptotic,0.28537440628722854,0.28537440628722854,True,0.25,exact enumeration of 2^4 sign patterns,False,False,False,False
AN-0001-08,heldout|stat_hybrid_minus_knee_hybrid_work,,exploratory,9,14,0,23,23,0,0.03239784471270058,0.5599584579467773,exact,0.5599584579467773,0.5429891412666084,False,0.44557554424455753,"Monte Carlo, 100000 random sign flips, seed 20260928",False,False,False,False
AN-0001-08,heldout|threshold_minus_stat_asreview_work,,exploratory,3,20,0,23,23,0,-0.31245431769585386,3.337860107421875e-06,exact,3.337860107421875e-06,5.950282644768789e-05,False,9.99990000099999e-06,"Monte Carlo, 100000 random sign flips, seed 20260928",True,True,True,False
AN-0001-08,heldout|comb_minus_threshold_work,,exploratory,21,0,2,23,21,2,0.2978924347420695,5.956977907456359e-05,asymptotic,3.266509670505124e-05,3.266509670505124e-05,True,9.99990000099999e-06,"Monte Carlo, 100000 random sign flips, seed 20260928",True,True,True,False
AN-0001-08,heldout|comb_minus_stat_jev_only_work,,exploratory,3,0,20,23,3,20,0.010296967262445214,0.10880943004054568,asymptotic,0.0834768861632396,0.0834768861632396,True,0.25,exact enumeration of 2^3 sign patterns,False,False,False,False
AN-0001-08,heldout|atd_hybrid_minus_asr,,exploratory,0,23,0,23,23,0,-0.052048382613947036,2.384185791015625e-07,exact,2.384185791015625e-07,2.7015948487105512e-05,False,9.99990000099999e-06,"Monte Carlo, 100000 random sign flips, seed 20260928",True,True,True,False
AN-0001-08,heldout|atd_jev_minus_asr,Discussion (average time to discovery),exploratory,1,22,0,23,23,0,-0.04777455884187774,2.384185791015625e-06,exact,2.384185791015625e-06,5.228097759225583e-05,False,9.99990000099999e-06,"Monte Carlo, 100000 random sign flips, seed 20260928",True,True,True,False
AN-0001-08,heldout|atd_hybrid_minus_jev,,exploratory,6,15,2,23,21,2,-0.004273823772069296,0.024969877410094453,asymptotic,0.025299893229079128,0.025299893229079128,True,0.02821971780282197,"Monte Carlo, 100000 random sign flips, seed 20260928",True,True,True,False
AN-0001-08,heldout|reliability|jev_stat_minus_thr,,exploratory,0,0,23,23,0,23,0.0,,,,,,1.0,all differences zero,False,False,False,False
AN-0001-08,heldout|reliability|asr_stat_minus_asr_knee,,exploratory,3,0,20,23,3,20,0.13043478260869565,0.0832645166635504,asymptotic,0.0832645166635504,0.0832645166635504,True,0.25,exact enumeration of 2^3 sign patterns,False,False,False,False
AN-0001-08,heldout|reliability|jev_stat_minus_asr_stat,,exploratory,0,0,23,23,0,23,0.0,,,,,,1.0,all differences zero,False,False,False,False
AN-0001-08,heldout|reliability|thr_minus_asr_stat,,exploratory,0,0,23,23,0,23,0.0,,,,,,1.0,all differences zero,False,False,False,False
AN-0001-08,heldout|reliability|jev_comb_minus_thr,,exploratory,0,0,23,23,0,23,0.0,,,,,,1.0,all differences zero,False,False,False,False
AN-0001-08,clef|stat_jev_only_minus_threshold_work,Discussion (47.0 percentage points),exploratory,26,2,0,28,28,0,0.47032713067744936,7.450580596923828e-08,exact,7.450580596923828e-08,6.521320564544369e-06,False,9.99990000099999e-06,"Monte Carlo, 100000 random sign flips, seed 20260928",True,True,True,False
AN-0001-08,clef|stat_jev_only_minus_threshold_recall,,exploratory,3,0,25,28,3,25,0.010435435435435434,0.10880943004054568,asymptotic,0.08340551373497054,0.08340551373497054,True,0.25,exact enumeration of 2^3 sign patterns,False,False,False,False
AN-0001-08,clef|stat_jev_only_minus_stat_asreview_work,Discussion (0.9 percentage points),exploratory,8,17,3,28,25,3,-0.008651198372200743,0.1353498838175801,asymptotic,0.11579850364437182,0.11579850364437182,True,0.2751972480275197,"Monte Carlo, 100000 random sign flips, seed 20260928",False,False,False,False
AN-0001-08,clef|stat_hybrid_minus_stat_asreview_work,,exploratory,4,20,4,28,24,4,-0.012763812044090326,0.008574434611105325,asymptotic,0.004666989120456743,0.004666989120456743,True,0.08838911610883891,"Monte Carlo, 100000 random sign flips, seed 20260928",True,True,False,True
AN-0001-08,clef|stat_asreview_minus_knee_asreview_work,,exploratory,15,13,0,28,28,0,0.10990578405441075,0.2450956031680107,exact,0.2450956031680107,0.2363679323076886,False,0.06101938980610194,"Monte Carlo, 100000 random sign flips, seed 20260928",False,False,False,False
AN-0001-08,clef|stat_asreview_minus_knee_asreview_recall,,exploratory,4,1,23,28,5,23,0.01976414476631585,0.13801073756865956,asymptotic,0.1694383379129374,0.1694383379129374,True,0.1875,exact enumeration of 2^5 sign patterns,False,False,False,False
AN-0001-08,clef|stat_hybrid_minus_knee_hybrid_work,,exploratory,18,10,0,28,28,0,0.2589160426377342,0.007629185914993286,exact,0.007629185914993286,0.008826199156108227,False,0.001119988800111999,"Monte Carlo, 100000 random sign flips, seed 20260928",True,True,True,False
AN-0001-08,clef|threshold_minus_stat_asreview_work,,exploratory,2,26,0,28,28,0,-0.47897832904965015,5.21540641784668e-08,exact,5.21540641784668e-08,5.856266144553143e-06,False,9.99990000099999e-06,"Monte Carlo, 100000 random sign flips, seed 20260928",True,True,True,False
AN-0001-08,clef|comb_minus_threshold_work,,exploratory,26,0,2,28,26,2,0.47189807684048457,8.29809930635731e-06,asymptotic,4.433955557716704e-06,4.433955557716704e-06,True,9.99990000099999e-06,"Monte Carlo, 100000 random sign flips, seed 20260928",True,True,True,False
AN-0001-08,clef|comb_minus_stat_jev_only_work,,exploratory,2,0,26,28,2,26,0.0015709461630352296,0.17971249487899976,asymptotic,0.15736781418898405,0.15736781418898405,True,0.5,exact enumeration of 2^2 sign patterns,False,False,False,False
AN-0001-08,clef|atd_hybrid_minus_asr,,exploratory,2,26,0,28,28,0,-0.02369935116929537,2.2873282432556152e-06,exact,2.2873282432556152e-06,2.790258827534424e-05,False,1.999980000199998e-05,"Monte Carlo, 100000 random sign flips, seed 20260928",True,True,True,False
AN-0001-08,clef|atd_jev_minus_asr,,exploratory,4,24,0,28,28,0,-0.018339213758308954,0.0005255788564682007,exact,0.0005255788564682007,0.000960472308924274,False,0.0006599934000659993,"Monte Carlo, 100000 random sign flips, seed 20260928",True,True,True,False
AN-0001-08,clef|atd_hybrid_minus_jev,,exploratory,9,17,2,28,26,2,-0.005360137410986421,0.0033519996218643183,asymptotic,0.004905377898183998,0.004905377898183998,True,0.00033999660003399966,"Monte Carlo, 100000 random sign flips, seed 20260928",True,True,True,False
AN-0001-08,clef|reliability|jev_stat_minus_thr,,exploratory,3,0,25,28,3,25,0.10714285714285714,0.0832645166635504,asymptotic,0.0832645166635504,0.0832645166635504,True,0.25,exact enumeration of 2^3 sign patterns,False,False,False,False
AN-0001-08,clef|reliability|asr_stat_minus_asr_knee,,exploratory,2,0,26,28,2,26,0.07142857142857142,0.15729920705028502,asymptotic,0.15729920705028516,0.15729920705028516,True,0.5,exact enumeration of 2^2 sign patterns,False,False,False,False
AN-0001-08,clef|reliability|jev_stat_minus_asr_stat,,exploratory,0,0,28,28,0,28,0.0,,,,,,1.0,all differences zero,False,False,False,False
AN-0001-08,clef|reliability|thr_minus_asr_stat,,exploratory,0,3,25,28,3,25,-0.10714285714285714,0.0832645166635504,asymptotic,0.0832645166635504,0.0832645166635504,True,0.25,exact enumeration of 2^3 sign patterns,False,False,False,False
AN-0001-08,clef|reliability|jev_comb_minus_thr,,exploratory,3,0,25,28,3,25,0.10714285714285714,0.0832645166635504,asymptotic,0.0832645166635504,0.0832645166635504,True,0.25,exact enumeration of 2^3 sign patterns,False,False,False,False
AN-0001-04,heldout|paired_threshold_vs_knee_asr|work,Table 2 C4 records read,exploratory (C4 has no test in the plan),1,22,0,23,23,0,-0.35108538499772396,1.3113021850585938e-05,exact,1.3113021850585938e-05,0.00011214112045483084,False,1.999980000199998e-05,"Monte Carlo, 100000 random sign flips, seed 20260928",True,True,True,False
AN-0001-04,heldout|paired_threshold_vs_knee_hybrid|work,,exploratory,2,21,0,23,23,0,-0.24861010018291857,1.6689300537109375e-05,exact,1.6689300537109375e-05,0.00012695899968328864,False,1.999980000199998e-05,"Monte Carlo, 100000 random sign flips, seed 20260928",True,True,True,False
AN-0001-04,clef|paired_threshold_vs_knee_asr|work,,exploratory,3,25,0,28,28,0,-0.3690725449952393,8.195638656616211e-07,exact,8.195638656616211e-07,1.6789398011889547e-05,False,9.99990000099999e-06,"Monte Carlo, 100000 random sign flips, seed 20260928",True,True,True,False
AN-0001-04,clef|paired_threshold_vs_knee_hybrid|work,,exploratory,8,20,0,28,28,0,-0.20729847436782559,0.003160528838634491,exact,0.003160528838634491,0.004115123481833648,False,0.002189978100218998,"Monte Carlo, 100000 random sign flips, seed 20260928",True,True,True,False
AN-0001-04,development|paired_threshold_vs_knee_asr|work,,exploratory,7,65,1,73,72,1,-0.36491928256061773,4.195293685296149e-12,asymptotic,3.680486869339178e-12,3.680486869339178e-12,True,9.99990000099999e-06,"Monte Carlo, 100000 random sign flips, seed 20260928",True,True,True,False
AN-0001-13,"C1 AUC Jev vs bge-base, 23 held-out reviews",Table 2 C1; Results,confirmatory (C1: Wilcoxon P<0.01 is part of the criterion),23,0,0,23,23,0,0.13507375933127422,2.384185791015625e-07,exact,2.384185791015625e-07,2.7015948487105512e-05,False,9.99990000099999e-06,"Monte Carlo, 100000 random sign flips, seed 20260928",True,True,True,False
AN-0001-13,"C2 AUC Jev vs GPT-4o-mini (log-probability), 23 reviews, 1999 common records (descriptive, no test in v0)",Table 2 C2,exploratory (C2 has no test in the plan),16,4,3,23,20,3,0.024582411071850094,0.0064246026289671515,asymptotic,0.005566986930272272,0.005566986930272272,True,0.003490447998046875,exact enumeration of 2^20 sign patterns,True,True,True,False
AN-0001-13,"C2 AUC Claude Opus vs Jev, 23 reviews (descriptive, no test in v0)",Table 2 C2,exploratory (C2 has no test in the plan),14,2,7,23,16,7,0.011194535108070643,0.0019187660162923678,asymptotic,0.001611587661965963,0.001611587661965963,True,0.0006103515625,exact enumeration of 2^16 sign patterns,True,True,True,False
AN-0001-13,"C2 AUC Jev vs DeepSeek, 23 reviews (descriptive, no test in v0)",,exploratory,18,2,3,23,20,3,0.0428575817541411,0.0005934167947217433,asymptotic,0.0004095378223218909,0.0004095378223218909,True,0.0001373291015625,exact enumeration of 2^20 sign patterns,True,True,True,False
AN-0001-13,"C3 WSS@95 hybrid vs ASReview default, 23 held-out reviews",Table 2 C3; Results,confirmatory (C3: Wilcoxon P<0.05 for WSS@95 is part of the criterion),21,2,0,23,23,0,0.14683391191465867,1.6689300537109375e-06,exact,1.6689300537109375e-06,4.589511709712496e-05,False,9.99990000099999e-06,"Monte Carlo, 100000 random sign flips, seed 20260928",True,True,True,False
AN-0001-13,"C3 WSS@100 hybrid vs ASReview default, 23 held-out reviews (no test in v0)",Table 2 C3,exploratory (the WSS@100 part of C3 has no test in the plan),21,2,0,23,23,0,0.1821866813109086,4.5299530029296875e-06,exact,4.5299530029296875e-06,6.766255368658355e-05,False,9.99990000099999e-06,"Monte Carlo, 100000 random sign flips, seed 20260928",True,True,True,False
AN-0001-13,"Hybrid vs prespecified comparator logistic_regression, WSS@95, 23 held-out reviews",,exploratory,21,2,0,23,23,0,0.1674817806826243,2.384185791015625e-06,exact,2.384185791015625e-06,5.228097759225583e-05,False,1.999980000199998e-05,"Monte Carlo, 100000 random sign flips, seed 20260928",True,True,True,False
AN-0001-13,"Hybrid vs prespecified comparator logistic_regression, WSS@100, 23 held-out reviews (no test in v0)",,exploratory,21,2,0,23,23,0,0.20827159066649928,4.5299530029296875e-06,exact,4.5299530029296875e-06,6.766255368658355e-05,False,9.99990000099999e-06,"Monte Carlo, 100000 random sign flips, seed 20260928",True,True,True,False
AN-0001-13,"Hybrid vs prespecified comparator naive_bayes, WSS@95, 23 held-out reviews",,exploratory,21,2,0,23,23,0,0.17204457465463485,1.6689300537109375e-06,exact,1.6689300537109375e-06,4.589511709712496e-05,False,1.999980000199998e-05,"Monte Carlo, 100000 random sign flips, seed 20260928",True,True,True,False
AN-0001-13,"Hybrid vs prespecified comparator naive_bayes, WSS@100, 23 held-out reviews (no test in v0)",,exploratory,20,3,0,23,23,0,0.22359362500986874,1.0251998901367188e-05,exact,1.0251998901367188e-05,9.896561114846671e-05,False,1.999980000199998e-05,"Monte Carlo, 100000 random sign flips, seed 20260928",True,True,True,False
AN-0001-13,"P1 WSS@95 hybrid vs weak supervision, 23",,exploratory,21,2,0,23,23,0,0.05948853342680387,0.0002148151397705078,exact,0.0002148151397705078,0.0005884351465884492,False,0.0017899821001789982,"Monte Carlo, 100000 random sign flips, seed 20260928",True,True,True,False
AN-0001-13,"P1 WSS@95 weak supervision vs ASReview, 23",,exploratory,18,5,0,23,23,0,0.08734537848785479,0.0006387233734130859,exact,0.0006387233734130859,0.0012642000256056652,False,0.0005499945000549994,"Monte Carlo, 100000 random sign flips, seed 20260928",True,True,True,False
AN-0001-13,"P1 WSS@100 hybrid vs weak supervision, 23",,exploratory,21,2,0,23,23,0,0.09315767422291628,6.031990051269531e-05,exact,6.031990051269531e-05,0.0002624503030412823,False,8.99991000089999e-05,"Monte Carlo, 100000 random sign flips, seed 20260928",True,True,True,False
AN-0001-13,"P1 WSS@100 weak supervision vs ASReview, 23",,exploratory,17,6,0,23,23,0,0.08902900708799233,0.0024156570434570312,exact,0.0024156570434570312,0.0035021618425883725,False,0.0013599864001359986,"Monte Carlo, 100000 random sign flips, seed 20260928",True,True,True,False
AN-0001-13,"P4 WSS@95 strongest preset plus Jev vs strongest preset, 23",,exploratory,21,2,0,23,23,0,0.0821548750945293,0.0001277923583984375,exact,0.0001277923583984375,0.000418499334469344,False,0.00011999880001199988,"Monte Carlo, 100000 random sign flips, seed 20260928",True,True,True,False
AN-0001-13,"P4 WSS@95 strongest preset vs default, 23",,exploratory,14,9,0,23,23,0,0.06548281117548795,0.08020281791687012,exact,0.08020281791687012,0.07772065120493127,False,0.03234967650323497,"Monte Carlo, 100000 random sign flips, seed 20260928",False,False,True,True
AN-0001-13,"P4 WSS@100 strongest preset plus Jev vs strongest preset, 23",,exploratory,19,4,0,23,23,0,0.11469681342644399,0.0007376670837402344,exact,0.0007376670837402344,0.0014052521979880852,False,0.0004899951000489995,"Monte Carlo, 100000 random sign flips, seed 20260928",True,True,True,False
AN-0001-13,"P3 title-abstract labels WSS@95 hybrid vs ASReview, 12",,exploratory,9,3,0,12,12,0,0.09515987682440415,0.0341796875,exact,0.0341796875,0.034170472692229406,False,0.02392578125,exact enumeration of 2^12 sign patterns,True,True,True,False
AN-0001-13,"P3 title-abstract labels WSS@100 hybrid vs ASReview, 12",,exploratory,8,4,0,12,12,0,0.14405402002259388,0.04248046875,exact,0.04248046875,0.041389404009149304,False,0.01611328125,exact enumeration of 2^12 sign patterns,True,True,True,False
AN-0001-13,"CLEF AUC Jev vs bge-base, final inclusion, 28 reviews",Results (Cochrane),exploratory,26,2,0,28,28,0,0.06968412322550155,1.4156103134155273e-07,exact,1.4156103134155273e-07,8.074500287803561e-06,False,9.99990000099999e-06,"Monte Carlo, 100000 random sign flips, seed 20260928",True,True,True,False
AN-0001-13,"CLEF AUC Jev vs bge-base, title-abstract labels, 31 reviews",,exploratory,27,4,0,31,31,0,0.07835809150079455,4.163011908531189e-07,exact,4.163011908531189e-07,8.650597759463767e-06,False,9.99990000099999e-06,"Monte Carlo, 100000 random sign flips, seed 20260928",True,True,True,False
AN-0001-13,"CLEF wss95 asr_jevblend_3 vs asr_prior, 28 reviews",Results (Cochrane),exploratory,24,4,0,28,28,0,0.04404686583248885,0.00015273690223693848,exact,0.00015273690223693848,0.0003818181724051406,False,0.0066999330006699935,"Monte Carlo, 100000 random sign flips, seed 20260928",True,True,True,False
AN-0001-13,"CLEF wss100 asr_jevblend_3 vs asr_prior, 28 reviews",,exploratory,25,3,0,28,28,0,0.08767443884651564,7.204711437225342e-05,exact,7.204711437225342e-05,0.00022516324195508746,False,0.0005199948000519994,"Monte Carlo, 100000 random sign flips, seed 20260928",True,True,True,False
AN-0001-13,"CLEF wss95 asr_jevblend_3 vs asr_pseudo_10_50, 28 reviews",,exploratory,23,5,0,28,28,0,0.020230764603557248,0.0003059804439544678,exact,0.0003059804439544678,0.0006361513664445838,False,0.07685923140768593,"Monte Carlo, 100000 random sign flips, seed 20260928",True,True,False,True
AN-0001-13,"CLEF wss100 asr_jevblend_3 vs asr_pseudo_10_50, 28 reviews",,exploratory,22,6,0,28,28,0,0.03339042467247605,0.0010645166039466858,exact,0.0010645166039466858,0.0016753664597188398,False,0.026879731202687975,"Monte Carlo, 100000 random sign flips, seed 20260928",True,True,True,False
AN-0001-13,"P2 AUC single-record vs full-run batches, 23",,exploratory,4,12,7,23,16,7,-0.0014342838575952584,0.3010541816225988,asymptotic,0.13777130759390568,0.13777130759390568,True,0.460357666015625,exact enumeration of 2^16 sign patterns,False,False,False,False
AN-0001-13,"P2 AUC subset batches vs full-run batches, 23",,exploratory,9,5,9,23,14,9,0.0010246461612154257,0.5097974849608639,asymptotic,0.36977899730451247,0.36977899730451247,True,0.5833740234375,exact enumeration of 2^14 sign patterns,False,False,False,False
original,"final_dev.json|C1 AUC Jev minus bge-base, development reviews",,exploratory,66,7,0,73,73,0,0.09867704937212575,1.0230226886624594e-11,asymptotic,1.0230226886624594e-11,1.0230226886624594e-11,True,9.99990000099999e-06,"Monte Carlo, 100000 random sign flips, seed 20260928",True,True,True,False
original,"final_dev.json|C3 WSS@95 hybrid minus ASReview, development reviews",,exploratory,65,8,0,73,73,0,0.1591050325100323,2.837018222901003e-11,asymptotic,2.837018222901003e-11,2.837018222901003e-11,True,9.99990000099999e-06,"Monte Carlo, 100000 random sign flips, seed 20260928",True,True,True,False
AN-0001-02 (npj),heldout|threshold_minus_knee1000_asr|work,SI Note 11 (AN-0001-02),exploratory,0,23,0,23,23,0,-0.38477909391728043,2.384185791015625e-07,exact,2.384185791015625e-07,2.7015948487105512e-05,False,9.99990000099999e-06,"Monte Carlo, 100000 random sign flips, seed 20260928",True,True,True,False
AN-0001-02 (npj),heldout|knee1000_minus_knee150_asr|work,SI Note 11 (AN-0001-02),exploratory,5,0,18,23,5,18,0.03369370891955651,0.043114446783075355,asymptotic,0.02568015463613802,0.02568015463613802,True,0.0625,exact enumeration of 2^5 sign patterns,True,True,False,True
AN-0001-02 (npj),heldout|reliability|threshold_minus_knee150_asr,Table 2 C4 reliability,exploratory (C4 has no test in the plan),3,0,20,23,3,20,0.13043478260869565,0.0832645166635504,asymptotic,0.0832645166635504,0.0832645166635504,True,0.25,exact enumeration of 2^3 sign patterns,False,False,False,False
AN-0001-02 (npj),heldout|reliability|threshold_minus_knee1000_asr,SI Note 11 (AN-0001-02),exploratory,0,0,23,23,0,23,0.0,,,,,,1.0,all differences zero,False,False,False,False
AN-0001-02 (npj),clef|threshold_minus_knee1000_asr|work,SI Note 11 (AN-0001-02),exploratory,2,26,0,28,28,0,-0.43169213580561794,1.862645149230957e-07,exact,1.862645149230957e-07,8.9780321969436e-06,False,9.99990000099999e-06,"Monte Carlo, 100000 random sign flips, seed 20260928",True,True,True,False
AN-0001-02 (npj),clef|knee1000_minus_knee150_asr|work,SI Note 11 (AN-0001-02),exploratory,12,2,14,28,14,14,0.06261959081037863,0.0028648155524898344,asymptotic,0.004089216081464785,0.004089216081464785,True,0.0008544921875,exact enumeration of 2^14 sign patterns,True,True,True,False
AN-0001-02 (npj),clef|reliability|threshold_minus_knee150_asr,Results (Cochrane),exploratory,2,3,23,28,5,23,-0.03571428571428571,0.6547208460185769,asymptotic,0.6547208460185769,0.6547208460185769,True,1.0,exact enumeration of 2^5 sign patterns,False,False,False,False
AN-0001-02 (npj),clef|reliability|threshold_minus_knee1000_asr,SI Note 11 (AN-0001-02),exploratory,0,3,25,28,3,25,-0.10714285714285714,0.0832645166635504,asymptotic,0.0832645166635504,0.0832645166635504,True,0.25,exact enumeration of 2^3 sign patterns,False,False,False,False
AN-0001-03 (npj),clef|hybrid10_wss95_minus_asr10_wss95,SI Note 10 (AN-0001-03),exploratory,24,4,0,28,28,0,0.044027844805466586,0.00015273690223693848,exact,0.00015273690223693848,0.0003818181724051406,False,0.006739932600673993,"Monte Carlo, 100000 random sign flips, seed 20260928",True,True,True,False
AN-0001-03 (npj),clef|hybrid10_wss95_minus_jevonly10_wss95,SI Note 10 (AN-0001-03),exploratory,18,8,2,28,26,2,0.024889826634746776,0.0033519996218643183,asymptotic,0.0042532687878293705,0.0042532687878293705,True,0.001119988800111999,"Monte Carlo, 100000 random sign flips, seed 20260928",True,True,True,False
AN-0001-03 (npj),clef|hybrid10_wss100_minus_asr10_wss100,SI Note 10 (AN-0001-03),exploratory,25,3,0,28,28,0,0.08764290843745684,7.204711437225342e-05,exact,7.204711437225342e-05,0.00022516324195508746,False,0.0005199948000519994,"Monte Carlo, 100000 random sign flips, seed 20260928",True,True,True,False
AN-0001-03 (npj),clef|hybrid10_wss100_minus_jevonly10_wss100,SI Note 10 (AN-0001-03),exploratory,16,10,2,28,26,2,0.023873537445700865,0.04902855820598209,asymptotic,0.05716718363732442,0.05716718363732442,True,0.027749722502774972,"Monte Carlo, 100000 random sign flips, seed 20260928",True,False,True,True
AN-0001-03 (npj),heldout|hybrid10_wss95_minus_asr10_wss95,SI Note 10 (AN-0001-03),exploratory,21,2,0,23,23,0,0.14683391191465864,1.6689300537109375e-06,exact,1.6689300537109375e-06,4.589511709712496e-05,False,9.99990000099999e-06,"Monte Carlo, 100000 random sign flips, seed 20260928",True,True,True,False
AN-0001-03 (npj),heldout|hybrid10_wss95_minus_jevonly10_wss95,SI Note 10 (AN-0001-03),exploratory,16,4,3,23,20,3,0.018731361143048672,0.02509350819808047,asymptotic,0.017491208039056412,0.017491208039056412,True,0.038967132568359375,exact enumeration of 2^20 sign patterns,True,True,True,False
AN-0001-03 (npj),heldout|hybrid10_wss100_minus_asr10_wss100,SI Note 10 (AN-0001-03),exploratory,21,2,0,23,23,0,0.1821866813109086,4.5299530029296875e-06,exact,4.5299530029296875e-06,6.766255368658355e-05,False,9.99990000099999e-06,"Monte Carlo, 100000 random sign flips, seed 20260928",True,True,True,False
AN-0001-03 (npj),heldout|hybrid10_wss100_minus_jevonly10_wss100,SI Note 10 (AN-0001-03),exploratory,14,5,4,23,19,4,0.02065767828765461,0.03293821172843571,asymptotic,0.03023545791917252,0.03023545791917252,True,0.03743743896484375,exact enumeration of 2^19 sign patterns,True,True,True,False
