b,tau,n_oob,oob_reliability,oob_mean_recall,oob_min_recall,oob_macro_work,oob_n_reliable,n_oob_<=500,oob_reliability_<=500,oob_macro_work_<=500,oob_min_recall_<=500,n_oob_501-1000,oob_reliability_501-1000,oob_macro_work_501-1000,oob_min_recall_501-1000,n_oob_1001-2000,oob_reliability_1001-2000,oob_macro_work_1001-2000,oob_min_recall_1001-2000
0,0.1,33,0.8787878787878788,0.9795779371560602,0.8043478260869565,0.4770856526189323,29,12,0.75,0.5276693727548512,0.8043478260869565,9.0,1.0,0.4814562341427936,0.95,12,0.9166666666666666,0.4232239963401175,0.8571428571428571
1,0.07,27,1.0,0.998389694041868,0.9565217391304348,0.6072075631205459,27,13,1.0,0.5900724552304895,0.9565217391304348,6.0,1.0,0.6503816246265641,1.0,8,1.0,0.6026715673123744,1.0
2,0.1,26,0.8461538461538461,0.9531816944159159,0.3333333333333333,0.46960018619890564,22,11,0.7272727272727273,0.4268704324283496,0.3333333333333333,5.0,1.0,0.5313885725201505,1.0,10,0.9,0.48570872218589506,0.8571428571428571
3,0.1,26,0.8461538461538461,0.9505210017781849,0.3333333333333333,0.5060237299033941,22,12,0.6666666666666666,0.5145443204331362,0.3333333333333333,8.0,1.0,0.5637940804585189,0.95,6,1.0,0.41195541477040964,0.9565217391304348
4,0.07,27,1.0,0.9971217551862713,0.9545454545454546,0.51467306985262,27,14,1.0,0.5632545870305161,0.9545454545454546,7.0,1.0,0.40228667354290604,1.0,6,1.0,0.532433658798862,1.0
5,0.07,26,1.0,0.9982517482517482,0.9545454545454546,0.6183137645711615,26,13,1.0,0.6445497229163747,0.9545454545454546,6.0,1.0,0.652411339508047,1.0,7,1.0,0.5403633491270068,1.0
6,0.07,27,0.9629629629629629,0.9732816058779572,0.3333333333333333,0.5276597623788205,26,14,0.9285714285714286,0.5211458968904521,0.3333333333333333,6.0,1.0,0.5217569382639325,1.0,7,1.0,0.5457470568826045,0.9775280898876404
7,0.07,24,1.0,0.9971697310180456,0.9545454545454546,0.6407730926990671,24,12,1.0,0.6216459961706975,0.9545454545454546,7.0,1.0,0.6482861856837265,1.0,5,1.0,0.676159794188631,0.9775280898876404
8,0.07,30,0.9666666666666667,0.9770287141073658,0.3333333333333333,0.6108528857613273,29,18,0.9444444444444444,0.6332276279491218,0.3333333333333333,6.0,1.0,0.5927174214556257,1.0,6,1.0,0.5618641235036456,0.9775280898876404
9,0.07,31,1.0,0.9974931416138492,0.9545454545454546,0.6107891045858401,31,15,1.0,0.6341783699822712,0.9545454545454546,7.0,1.0,0.624558909338335,1.0,9,1.0,0.561097147450959,1.0
10,0.07,23,0.9565217391304348,0.9700374531835206,0.3333333333333333,0.5744570067195773,22,11,0.9090909090909091,0.5885484440062058,0.3333333333333333,5.0,1.0,0.5050003488387477,1.0,7,1.0,0.6019252180411832,0.9775280898876404
11,0.07,23,1.0,0.9985974754558206,0.967741935483871,0.6529794792779496,23,11,1.0,0.6377520336016402,0.967741935483871,6.0,1.0,0.754598897441606,1.0,6,1.0,0.579277044854194,1.0
12,0.1,28,0.8928571428571429,0.9605924124438631,0.3333333333333333,0.5032517813840787,25,15,0.8,0.4853042303499349,0.3333333333333333,5.0,1.0,0.5518630504230704,1.0,8,1.0,0.5065213964237285,0.9775280898876404
13,0.07,21,1.0,1.0,1.0,0.5503464797944672,21,11,1.0,0.5773512627221167,1.0,4.0,1.0,0.42270393113507615,1.0,6,1.0,0.5859327435333703,1.0
14,0.07,26,0.9615384615384616,0.9743589743589743,0.3333333333333333,0.6334651608666599,25,11,0.9090909090909091,0.6508496047465215,0.3333333333333333,6.0,1.0,0.574477251747009,1.0,9,1.0,0.6515427799821517,1.0
15,0.1,27,0.8148148148148148,0.9529986748313068,0.3333333333333333,0.45053361250372803,22,17,0.7058823529411765,0.45392431391728794,0.3333333333333333,5.0,1.0,0.4102353097378053,1.0,5,1.0,0.47930353046354685,1.0
16,0.07,21,1.0,0.9979296066252588,0.9565217391304348,0.6262887096108508,21,13,1.0,0.6285098880374489,0.9565217391304348,4.0,1.0,0.5837353563098298,1.0,4,1.0,0.6616232330254284,1.0
17,0.07,27,0.9629629629629629,0.9741138988450816,0.3333333333333333,0.6122205199095127,26,13,0.9230769230769231,0.5775577395737599,0.3333333333333333,7.0,1.0,0.6175919745801799,1.0,7,1.0,0.6712228001481003,1.0
18,0.07,28,1.0,0.9968238283455675,0.9545454545454546,0.5731267661261024,28,12,1.0,0.5306841126126002,0.9545454545454546,7.0,1.0,0.6052171197332411,1.0,9,1.0,0.6047578068941085,1.0
19,0.07,31,0.967741935483871,0.9784946236559139,0.3333333333333333,0.5178485707535572,30,14,0.9285714285714286,0.5810507747140141,0.3333333333333333,8.0,1.0,0.46565729342521134,1.0,9,1.0,0.4659262777735982,1.0
20,0.07,28,1.0,1.0,1.0,0.5755681946950819,28,13,1.0,0.5611293891303885,1.0,6.0,1.0,0.5429631462660817,1.0,9,1.0,0.6181609461300834,1.0
21,0.03,25,1.0,1.0,1.0,0.8402410113999227,25,10,1.0,0.8562705628950111,1.0,5.0,1.0,0.8518369126384989,1.0,10,1.0,0.818413509285546,1.0
22,0.07,27,1.0,0.9975574010747436,0.9565217391304348,0.5395207711269931,27,11,1.0,0.5127970756866159,0.9565217391304348,6.0,1.0,0.5025033339746633,1.0,10,1.0,0.5911272984028064,0.9775280898876404
23,0.07,30,0.9666666666666667,0.975187357445422,0.3333333333333333,0.5598895091341497,29,14,0.9285714285714286,0.48626912915697407,0.3333333333333333,7.0,1.0,0.5557341005059426,1.0,9,1.0,0.6776420846983615,1.0
24,0.1,26,0.8846153846153846,0.9803126316096054,0.8333333333333334,0.4699383746102944,23,13,0.7692307692307693,0.47208471003937214,0.8333333333333334,8.0,1.0,0.5115287093631115,0.95,5,1.0,0.3978133668901849,1.0
25,0.07,27,0.9629629629629629,0.9741138988450816,0.3333333333333333,0.5646514815737397,26,12,0.9166666666666666,0.6096412011948795,0.3333333333333333,7.0,1.0,0.5196200943995026,1.0,8,1.0,0.5365693659194873,1.0
26,0.07,25,1.0,0.9942534887618961,0.9545454545454546,0.593822552472788,25,13,1.0,0.5799387309532787,0.9545454545454546,9.0,1.0,0.6254854408878079,1.0,3,1.0,0.5589971138122679,0.9775280898876404
27,0.07,28,0.9642857142857143,0.9746376811594202,0.3333333333333333,0.5932351667773463,27,12,0.9166666666666666,0.585903051359803,0.3333333333333333,8.0,1.0,0.5808972732432813,1.0,8,1.0,0.6165712334377262,1.0
28,0.07,26,1.0,0.9961467492275756,0.9545454545454546,0.5966312634260302,26,12,1.0,0.5662345417724567,0.9545454545454546,5.0,1.0,0.7487002857594853,1.0,9,1.0,0.5526774354455422,0.9775280898876404
29,0.03,22,1.0,1.0,1.0,0.8879577872386019,22,12,1.0,0.8824152364818896,1.0,4.0,1.0,0.8957311784004548,1.0,6,1.0,0.8938606279774577,1.0
30,0.1,32,0.875,0.9775851267129317,0.8043478260869565,0.4341718694969726,28,18,0.8333333333333334,0.4336210705270405,0.8043478260869565,7.0,1.0,0.42354357595878683,1.0,7,0.8571428571428571,0.446216503243555,0.8571428571428571
31,0.07,29,1.0,0.997725856173037,0.9565217391304348,0.5393908784906586,29,13,1.0,0.580518167206256,0.9565217391304348,7.0,1.0,0.42649624434636996,1.0,9,1.0,0.5677917324581315,0.9775280898876404
32,0.1,26,0.8461538461538461,0.9773161620987708,0.8043478260869565,0.47114541865699133,22,10,0.7,0.539410080677088,0.8043478260869565,5.0,1.0,0.40670516299777193,1.0,11,0.9090909090909091,0.43837766030200326,0.8571428571428571
33,0.07,30,1.0,0.9985507246376811,0.9565217391304348,0.6130874495638845,30,16,1.0,0.631672137082242,0.9565217391304348,8.0,1.0,0.5550392100338717,1.0,6,1.0,0.6409259355549481,1.0
34,0.07,28,1.0,0.9972951312362252,0.9565217391304348,0.5436796777682715,28,15,1.0,0.5656769002359954,0.9565217391304348,6.0,1.0,0.4010082408147333,1.0,7,1.0,0.6188325755833246,1.0
35,0.07,30,0.9666666666666667,0.9755794387450469,0.3333333333333333,0.5641039716373136,29,12,0.9166666666666666,0.5419959525547186,0.3333333333333333,8.0,1.0,0.575212096728032,1.0,10,1.0,0.5817470944638529,0.9775280898876404
36,0.07,25,1.0,0.9987096774193549,0.967741935483871,0.6171034193039312,25,11,1.0,0.6257861053574709,0.967741935483871,7.0,1.0,0.5320784275539816,1.0,7,1.0,0.6884841901126041,1.0
37,0.07,29,1.0,0.9992251065478497,0.9775280898876404,0.5986338042171225,29,14,1.0,0.6309473539577688,1.0,8.0,1.0,0.5231170371865557,1.0,7,1.0,0.6203115813421924,0.9775280898876404
38,0.1,29,0.8275862068965517,0.9718035115221536,0.8043478260869565,0.43851311510459295,24,13,0.6923076923076923,0.4288126826736062,0.8043478260869565,8.0,1.0,0.4222222776187286,1.0,8,0.875,0.4705671552908106,0.8571428571428571
39,0.07,20,1.0,0.9983870967741936,0.967741935483871,0.6150913852101245,20,12,1.0,0.6293124483891396,0.967741935483871,3.0,1.0,0.5158252545576488,1.0,5,1.0,0.6405205119719731,1.0
40,0.07,27,0.9629629629629629,0.9753086419753086,0.3333333333333333,0.603040110599113,26,12,0.9166666666666666,0.5806919488023466,0.3333333333333333,8.0,1.0,0.5804527426994677,1.0,7,1.0,0.6671653798503067,1.0
41,0.03,27,1.0,1.0,1.0,0.8662006072629138,27,11,1.0,0.8644184697032844,1.0,5.0,1.0,0.8909092159327429,1.0,11,1.0,0.8567515590635296,1.0
42,0.07,23,0.9565217391304348,0.9691241335853811,0.3333333333333333,0.5390866747230677,22,12,0.9166666666666666,0.5148122525619433,0.3333333333333333,5.0,1.0,0.46406732550798874,1.0,6,1.0,0.6501516433912152,1.0
43,0.07,26,1.0,0.9953388126599907,0.9545454545454546,0.5577756315595818,26,10,1.0,0.5183635267037754,0.9545454545454546,8.0,1.0,0.5712050446750216,1.0,8,1.0,0.5936113495138997,1.0
44,0.1,29,0.896551724137931,0.9811762949693985,0.8333333333333334,0.5320798714645125,26,16,0.875,0.5034093950507109,0.8333333333333334,5.0,1.0,0.6352105991053965,0.95,8,0.875,0.5249641195165634,0.8571428571428571
45,0.07,25,1.0,0.9982608695652173,0.9565217391304348,0.5765614274213475,25,11,1.0,0.6398078382337175,0.9565217391304348,7.0,1.0,0.5382274034766735,1.0,7,1.0,0.5155082343751544,1.0
46,0.07,27,0.9629629629629629,0.9753086419753086,0.3333333333333333,0.5677514295838545,26,12,0.9166666666666666,0.5939945835018315,0.3333333333333333,9.0,1.0,0.5677736489644094,1.0,6,1.0,0.5152317926770681,1.0
47,0.07,26,1.0,0.9982517482517482,0.9545454545454546,0.6066794893677406,26,11,1.0,0.5435049932011553,0.9545454545454546,10.0,1.0,0.6693093505603895,1.0,5,1.0,0.6204036585489305,1.0
48,0.07,23,0.9565217391304348,0.9667445694710991,0.3333333333333333,0.5113296081821881,22,11,0.9090909090909091,0.5257034847180754,0.3333333333333333,6.0,1.0,0.45804000979099985,1.0,6,1.0,0.5382670995909166,0.9775280898876404
49,0.1,24,0.75,0.9425152142543447,0.3333333333333333,0.4351556478070324,18,14,0.6428571428571429,0.3928043533882714,0.3333333333333333,2.0,1.0,0.5009171686159211,1.0,8,0.875,0.49283003283764193,0.8571428571428571
50,0.07,27,1.0,0.9979729639026487,0.967741935483871,0.5462758665425214,27,11,1.0,0.5294522448195313,0.967741935483871,6.0,1.0,0.5662450130189395,1.0,10,1.0,0.5528003625519595,0.9775280898876404
51,0.07,27,1.0,0.9975574010747434,0.9565217391304348,0.5674388718416375,27,13,1.0,0.5539151236534171,0.9565217391304348,7.0,1.0,0.47919648901822237,1.0,7,1.0,0.6807967870146052,0.9775280898876404
52,0.07,30,0.9666666666666667,0.9762626262626263,0.3333333333333333,0.5297107190182935,29,10,0.9,0.5188572253835319,0.3333333333333333,7.0,1.0,0.46249354204499715,1.0,13,1.0,0.574253424799885,1.0
53,0.07,22,1.0,0.9980237154150197,0.9565217391304348,0.6109406004307828,22,10,1.0,0.6369458209525971,0.9565217391304348,3.0,1.0,0.5653568207828341,1.0,9,1.0,0.5972405041780833,1.0
54,0.1,26,0.8846153846153846,0.9636197136197135,0.3333333333333333,0.45221513385538253,23,15,0.8666666666666667,0.48606692213038666,0.3333333333333333,5.0,1.0,0.4641311887944563,1.0,6,0.8333333333333334,0.35765561738531093,0.8571428571428571
55,0.1,31,0.8387096774193549,0.9575998624410903,0.3333333333333333,0.42701738028779074,26,16,0.6875,0.38662365101735696,0.3333333333333333,6.0,1.0,0.4418811512222449,0.9948453608247423,9,1.0,0.4889192739233704,0.9775280898876404
56,0.07,28,1.0,0.99486918639455,0.9545454545454546,0.6102038618029665,28,15,1.0,0.6262151945940334,0.9545454545454546,4.0,1.0,0.5210193924911721,1.0,9,1.0,0.623155849067542,0.9775280898876404
57,0.1,31,0.8387096774193549,0.954573990759124,0.3333333333333333,0.4421564434640343,26,17,0.7647058823529411,0.4614710945077872,0.3333333333333333,4.0,1.0,0.32096929104796346,0.95,10,0.9,0.4577963976560828,0.8571428571428571
58,0.07,26,1.0,0.9991356957649093,0.9775280898876404,0.6035449054887116,26,8,1.0,0.6634146514646788,1.0,9.0,1.0,0.5277585535575327,1.0,9,1.0,0.6261137054412533,0.9775280898876404
59,0.1,27,0.8518518518518519,0.9709252636788868,0.8043478260869565,0.41341437201156395,23,16,0.8125,0.45117598586356056,0.8043478260869565,5.0,1.0,0.4012188961385316,0.95,6,0.8333333333333334,0.3228796316337669,0.8571428571428571
60,0.07,24,1.0,0.9981060606060606,0.9545454545454546,0.6056301459089138,24,10,1.0,0.5717166852408199,0.9545454545454546,10.0,1.0,0.6412025607979872,1.0,4,1.0,0.6014827603564654,1.0
61,0.07,27,1.0,0.9955114492281394,0.9545454545454546,0.586696997689746,27,14,1.0,0.609824313187551,0.9545454545454546,7.0,1.0,0.5470468675378176,1.0,6,1.0,0.5789917467054508,1.0
62,0.07,26,1.0,1.0,1.0,0.5526748296322982,26,13,1.0,0.5492380399013894,1.0,5.0,1.0,0.46289384849704973,1.0,8,1.0,0.6143727261545551,1.0
63,0.07,24,0.9583333333333334,0.9722222222222222,0.3333333333333333,0.5615791083667315,23,8,0.875,0.49032163000985185,0.3333333333333333,7.0,1.0,0.562484441880987,1.0,9,1.0,0.6242149408395372,1.0
64,0.07,32,1.0,0.9992977528089888,0.9775280898876404,0.5717779844024716,32,12,1.0,0.49490129811858435,1.0,10.0,1.0,0.587928557860802,1.0,10,1.0,0.6478794344848058,0.9775280898876404
65,0.07,27,0.9629629629629629,0.9728660430500521,0.3333333333333333,0.6208008931489508,26,13,0.9230769230769231,0.6079693837967243,0.3333333333333333,7.0,1.0,0.6022162696974824,1.0,7,1.0,0.6632154625402683,0.9775280898876404
66,0.1,23,0.8695652173913043,0.9802862543883337,0.8043478260869565,0.4485222418259323,20,12,0.8333333333333334,0.5001577850945716,0.8043478260869565,5.0,1.0,0.3892369466734832,1.0,6,0.8333333333333334,0.39465556791569495,0.8571428571428571
67,0.07,27,0.9629629629629629,0.9744763490081843,0.3333333333333333,0.5886498894837182,26,16,0.9375,0.589026431263356,0.3333333333333333,4.0,1.0,0.4572228955706981,1.0,7,1.0,0.6628903619377008,0.9775280898876404
68,0.07,26,1.0,0.9983277591973244,0.9565217391304348,0.5836883344103376,26,11,1.0,0.6067489739588828,0.9565217391304348,6.0,1.0,0.5369326772876155,1.0,9,1.0,0.586673546377264,1.0
69,0.07,23,1.0,0.9985974754558206,0.967741935483871,0.5630572779609782,23,10,1.0,0.5454097941400516,0.967741935483871,8.0,1.0,0.5491135215592257,1.0,5,1.0,0.6206622558456345,1.0
70,0.07,27,0.9629629629629629,0.9724303971615799,0.3333333333333333,0.5710920745512161,26,15,0.9333333333333333,0.5654828699242955,0.3333333333333333,5.0,1.0,0.5095294933796057,1.0,7,1.0,0.6270850710171966,1.0
71,0.07,28,1.0,1.0,1.0,0.5668345796823209,28,13,1.0,0.5147954871208632,1.0,6.0,1.0,0.5597080412416561,1.0,9,1.0,0.6467531834537584,1.0
72,0.07,29,1.0,0.9976577084287274,0.9545454545454546,0.5418364300967071,29,11,1.0,0.5709960542156808,0.9545454545454546,9.0,1.0,0.48170814959567704,1.0,9,1.0,0.5663251700078805,0.9775280898876404
73,0.07,32,1.0,0.9969309926406859,0.9565217391304348,0.5388257882607793,32,18,1.0,0.5638764075084691,0.9565217391304348,6.0,1.0,0.48565291997935955,1.0,8,1.0,0.5223415461645418,0.9775280898876404
74,0.07,30,1.0,1.0,1.0,0.6365562564367786,30,15,1.0,0.6559005567286321,1.0,8.0,1.0,0.6411563432462472,1.0,7,1.0,0.5898469423148425,1.0
75,0.07,27,1.0,1.0,1.0,0.5751130476091986,27,11,1.0,0.5961782383938913,1.0,9.0,1.0,0.46285006572398896,1.0,7,1.0,0.686348724514237,1.0
76,0.07,27,1.0,1.0,1.0,0.6345122676085176,27,13,1.0,0.620365397440366,1.0,6.0,1.0,0.7833902399998857,1.0,8,1.0,0.5458424523382384,1.0
77,0.07,21,1.0,0.9989299090422686,0.9775280898876404,0.6381876368453869,21,5,1.0,0.6446723243893427,1.0,9.0,1.0,0.5773451620687122,1.0,7,1.0,0.7117817561697147,0.9775280898876404
78,0.07,26,1.0,0.9983277591973244,0.9565217391304348,0.6037665727593129,26,12,1.0,0.6218370501819587,0.9565217391304348,7.0,1.0,0.5598139634737344,1.0,7,1.0,0.616741220748927,1.0
79,0.07,31,0.967741935483871,0.9770920991117343,0.3333333333333333,0.5242754873535689,30,15,0.9333333333333333,0.509330228197163,0.3333333333333333,9.0,1.0,0.5401449728367983,1.0,7,1.0,0.5358974184960007,1.0
80,0.07,27,1.0,0.9991677070328756,0.9775280898876404,0.5575540871681286,27,12,1.0,0.5562146282877825,1.0,6.0,1.0,0.49743792396895053,1.0,9,1.0,0.5994174744747087,0.9775280898876404
81,0.1,25,0.84,0.9563561076604554,0.3333333333333333,0.41044454387574547,21,15,0.8,0.41350054338431647,0.3333333333333333,4.0,1.0,0.39390998138903877,1.0,6,0.8333333333333334,0.4138275867621224,0.8571428571428571
82,0.07,25,1.0,0.9959926191966787,0.9545454545454546,0.5745570895562256,25,12,1.0,0.6217308858681353,0.9545454545454546,4.0,1.0,0.5414725645987498,1.0,9,1.0,0.5263629277881132,0.9775280898876404
83,0.1,27,0.8518518518518519,0.9577371367226439,0.3333333333333333,0.4632411449956409,23,12,0.75,0.5358000596541431,0.3333333333333333,8.0,1.0,0.37792469310230814,1.0,7,0.8571428571428571,0.43635895060201774,0.8571428571428571
84,0.07,27,0.9629629629629629,0.9708200912034478,0.3333333333333333,0.5346758314843298,26,14,0.9285714285714286,0.5389019699030945,0.3333333333333333,7.0,1.0,0.5523786469907248,1.0,6,1.0,0.5041615570830852,1.0
85,0.07,24,0.9583333333333334,0.9722222222222222,0.3333333333333333,0.5703815217098399,23,10,0.9,0.5946129435630725,0.3333333333333333,7.0,1.0,0.5467503061579441,1.0,7,1.0,0.5593964203285464,1.0
86,0.1,26,0.8076923076923077,0.9497520595346682,0.3333333333333333,0.4378084763977353,21,13,0.6923076923076923,0.45412471621222106,0.3333333333333333,3.0,1.0,0.33512215569769527,1.0,10,0.9,0.4474032608489157,0.8571428571428571
87,0.07,27,1.0,0.9967061923583663,0.9545454545454546,0.5602181758325263,27,13,1.0,0.5513270031250804,0.9545454545454546,5.0,1.0,0.5285545119205137,1.0,9,1.0,0.5906519052499555,1.0
88,0.07,30,0.9666666666666667,0.9740642872298954,0.3333333333333333,0.5352856483270417,29,15,0.9333333333333333,0.5150279792114011,0.3333333333333333,7.0,1.0,0.5114236350292277,1.0,8,1.0,0.5941480395544554,0.9775280898876404
89,0.07,30,1.0,0.9981756675123836,0.967741935483871,0.5808411179767623,30,14,1.0,0.5804338261289538,0.967741935483871,5.0,1.0,0.7129862328686496,1.0,11,1.0,0.5212935281049336,0.9775280898876404
90,0.07,29,1.0,0.9965453613764471,0.9545454545454546,0.5514560350331229,29,11,1.0,0.440218823938058,0.9545454545454546,9.0,1.0,0.5911910466597013,1.0,9,1.0,0.6476776147449571,0.9775280898876404
91,0.07,30,1.0,0.9984848484848484,0.9545454545454546,0.557100095528307,30,15,1.0,0.5259822400915249,0.9545454545454546,3.0,1.0,0.5513872099341068,1.0,12,1.0,0.5974256362228347,1.0
92,0.07,26,1.0,0.9953388126599909,0.9545454545454546,0.6068666620220333,26,13,1.0,0.5607241057310611,0.9545454545454546,7.0,1.0,0.6616339476654833,1.0,6,1.0,0.6429470340684478,1.0
93,0.1,28,0.8571428571428571,0.9600818302953796,0.3333333333333333,0.4349359722607741,24,12,0.75,0.42438589829804435,0.3333333333333333,10.0,1.0,0.3898463040014958,0.9948453608247423,6,0.8333333333333334,0.5311855672850304,0.8571428571428571
94,0.07,24,1.0,0.9986559139784946,0.967741935483871,0.6222975656283883,24,13,1.0,0.6474697333706673,0.967741935483871,5.0,1.0,0.49789881323540824,1.0,6,1.0,0.6714234958476011,1.0
95,0.07,31,0.967741935483871,0.9770920991117343,0.3333333333333333,0.5882756304863085,30,13,0.9230769230769231,0.6133421076971942,0.3333333333333333,9.0,1.0,0.515307607847223,1.0,9,1.0,0.6250365193763371,1.0
96,0.07,25,1.0,1.0,1.0,0.5553539044949605,25,12,1.0,0.5258378761292605,1.0,8.0,1.0,0.6225666489859232,1.0,5,1.0,0.5186519813871,1.0
97,0.07,26,0.9615384615384616,0.9734946701238836,0.3333333333333333,0.603575390783991,25,13,0.9230769230769231,0.6208023511352858,0.3333333333333333,4.0,1.0,0.6167229014687812,1.0,9,1.0,0.5728486655277691,0.9775280898876404
98,0.07,28,1.0,1.0,1.0,0.5688010439210842,28,16,1.0,0.5674089554996202,1.0,6.0,1.0,0.5816797177200788,1.0,6,1.0,0.5596346059126603,1.0
99,0.07,26,1.0,0.9982517482517482,0.9545454545454546,0.6468927174599408,26,13,1.0,0.6217338477933647,0.9545454545454546,7.0,1.0,0.6233742702040332,1.0,6,1.0,0.7288417902027481,1.0
100,0.07,28,1.0,0.9975740551583249,0.9545454545454546,0.5739398055095711,28,15,1.0,0.6134479493342454,0.9545454545454546,5.0,1.0,0.3812873623889298,1.0,8,1.0,0.6202698127887077,0.9775280898876404
101,0.07,32,1.0,0.9979390571568147,0.9565217391304348,0.5589665480152841,32,13,1.0,0.5656809287116943,0.9565217391304348,10.0,1.0,0.47602215254253555,1.0,9,1.0,0.6414284375346347,0.9775280898876404
102,0.07,28,1.0,0.998447204968944,0.9565217391304348,0.5711717466510494,28,10,1.0,0.6308351829930345,0.9565217391304348,8.0,1.0,0.4992530477845206,1.0,10,1.0,0.5690432694022871,1.0
103,0.03,31,1.0,1.0,1.0,0.862666143709903,31,14,1.0,0.8393963591734004,1.0,5.0,1.0,0.9362533589464827,1.0,12,1.0,0.8591528859872483,1.0
104,0.07,27,1.0,0.9975574010747434,0.9565217391304348,0.5977201080416265,27,14,1.0,0.6463773272777621,0.9565217391304348,6.0,1.0,0.4697501696774748,1.0,7,1.0,0.6100941881671998,0.9775280898876404
105,0.07,29,1.0,0.9981127594955694,0.967741935483871,0.6246365985118634,29,15,1.0,0.6028098392807374,0.967741935483871,7.0,1.0,0.7275031225679951,1.0,7,1.0,0.5685417013795734,0.9775280898876404
106,0.07,27,1.0,0.9979729639026487,0.967741935483871,0.555528601096949,27,13,1.0,0.5465042378177977,0.967741935483871,6.0,1.0,0.5870036002116633,1.0,8,1.0,0.5465869420895341,0.9775280898876404
107,0.07,29,1.0,0.997725856173037,0.9565217391304348,0.5875763962141053,29,13,1.0,0.5914072663835872,0.9565217391304348,6.0,1.0,0.5574954104594996,1.0,10,1.0,0.6006448564465424,0.9775280898876404
108,0.1,25,0.84,0.9549358178053831,0.3333333333333333,0.3975260775741491,21,16,0.8125,0.4179369810605993,0.3333333333333333,3.0,1.0,0.4773298401909158,1.0,6,0.8333333333333334,0.3031951203018986,0.8571428571428571
109,0.07,30,0.9666666666666667,0.9755135625922142,0.3333333333333333,0.6063389902256017,29,15,0.9333333333333333,0.6043465101847202,0.3333333333333333,7.0,1.0,0.5716766168270125,1.0,8,1.0,0.6404044670260197,0.9775280898876404
110,0.07,27,1.0,0.9955114492281392,0.9545454545454546,0.546492576460755,27,16,1.0,0.48820262055524316,0.9545454545454546,4.0,1.0,0.6274489881361451,1.0,7,1.0,0.6334659547159877,1.0
111,0.07,27,0.9629629629629629,0.9753086419753086,0.3333333333333333,0.5558807667357486,26,15,0.9333333333333333,0.5901662608926848,0.3333333333333333,5.0,1.0,0.4761464540777106,1.0,7,1.0,0.5393649311551985,1.0
112,0.07,27,1.0,1.0,1.0,0.5682389367152708,27,12,1.0,0.5474838603359554,1.0,7.0,1.0,0.5397623920445122,1.0,8,1.0,0.6242885278711576,1.0
113,0.07,25,1.0,0.9991011235955056,0.9775280898876404,0.5602395969987654,25,8,1.0,0.5634358255207211,1.0,8.0,1.0,0.5460648548038207,1.0,9,1.0,0.5699982758192,0.9775280898876404
114,0.1,26,0.8461538461538461,0.9540456854972985,0.3333333333333333,0.46066039072391674,22,15,0.8,0.44804142351361465,0.3333333333333333,2.0,1.0,0.4455289502164502,1.0,9,0.8888888888888888,0.48505454507607915,0.8571428571428571
115,0.1,24,0.875,0.9759313377687828,0.8043478260869565,0.42397001091448266,21,13,0.8461538461538461,0.4361417521150252,0.8043478260869565,6.0,1.0,0.4028136303818283,0.95,5,0.8,0.4177111404322571,0.8571428571428571
116,0.07,24,1.0,0.9990636704119851,0.9775280898876404,0.5510935981005938,24,9,1.0,0.4884066046189663,1.0,5.0,1.0,0.5140898140025801,1.0,10,1.0,0.6260137842830653,0.9775280898876404
117,0.07,26,1.0,0.9983277591973244,0.9565217391304348,0.6199782015364038,26,10,1.0,0.6244495632186494,0.9565217391304348,6.0,1.0,0.6952391551123158,1.0,10,1.0,0.5703502677086111,1.0
118,0.07,27,1.0,0.9979729639026487,0.967741935483871,0.5549092462853853,27,13,1.0,0.5122086064290792,0.967741935483871,5.0,1.0,0.5595658460344441,1.0,9,1.0,0.6140009484394615,0.9775280898876404
119,0.07,30,1.0,0.9984848484848484,0.9545454545454546,0.552970564702099,30,18,1.0,0.5315251620850341,0.9545454545454546,4.0,1.0,0.6848623974383908,1.0,8,1.0,0.5352768042223497,1.0
120,0.1,22,0.8181818181818182,0.9495093509915645,0.3333333333333333,0.44151477843575554,18,7,0.5714285714285714,0.29919065387205046,0.3333333333333333,4.0,1.0,0.6842817796859988,0.95,11,0.9090909090909091,0.4438057663398432,0.8571428571428571
121,0.07,25,1.0,0.9991011235955056,0.9775280898876404,0.6217024425474166,25,12,1.0,0.7047502356778909,1.0,6.0,1.0,0.510278038783182,1.0,7,1.0,0.574841428978805,0.9775280898876404
122,0.1,32,0.90625,0.9706593109005144,0.3333333333333333,0.4992470122666076,29,14,0.7857142857142857,0.47220825345321227,0.3333333333333333,9.0,1.0,0.4797032136060106,0.9948453608247423,9,1.0,0.5608511024147086,1.0
123,0.1,26,0.8076923076923077,0.9723798911382955,0.8043478260869565,0.502783347407179,21,13,0.6923076923076923,0.5539736910609624,0.8043478260869565,9.0,1.0,0.5324680549293507,0.9948453608247423,4,0.75,0.26962413860749707,0.8571428571428571
124,0.07,28,1.0,1.0,1.0,0.6437254213893798,28,14,1.0,0.5666101366938611,1.0,6.0,1.0,0.7088096369060667,1.0,8,1.0,0.7298640079690224,1.0
125,0.07,27,0.9629629629629629,0.9744763490081843,0.3333333333333333,0.5686320661957526,26,11,0.9090909090909091,0.5312572225587036,0.3333333333333333,6.0,1.0,0.6224070368413887,1.0,10,1.0,0.5774794118091252,0.9775280898876404
126,0.07,28,1.0,0.9956717546128485,0.9545454545454546,0.5646251123687198,28,14,1.0,0.5437762880486035,0.9545454545454546,7.0,1.0,0.5872351402695603,1.0,7,1.0,0.5837127331081119,1.0
127,0.07,30,1.0,0.9989247311827957,0.967741935483871,0.5722638721096369,30,13,1.0,0.5346560128338507,0.967741935483871,9.0,1.0,0.5713482676180321,1.0,8,1.0,0.6344066984858452,1.0
128,0.07,25,1.0,0.9991011235955056,0.9775280898876404,0.6493141550423356,25,11,1.0,0.6308453919704894,1.0,6.0,1.0,0.6356217678953429,1.0,8,1.0,0.6849779946263684,0.9775280898876404
129,0.1,27,0.7777777777777778,0.9440545991682711,0.3333333333333333,0.4032711882346937,21,14,0.6428571428571429,0.4192988069028443,0.3333333333333333,8.0,1.0,0.43416334723006816,0.95,5,0.8,0.3089664015712734,0.8571428571428571
130,0.07,23,0.9565217391304348,0.969038208168643,0.3333333333333333,0.5645592735481388,22,11,0.9090909090909091,0.6230613418753689,0.3333333333333333,5.0,1.0,0.5087953596228967,1.0,7,1.0,0.5124588189805218,1.0
131,0.07,27,0.9629629629629629,0.9724303971615801,0.3333333333333333,0.5633335198470159,26,14,0.9285714285714286,0.46317700817896146,0.3333333333333333,7.0,1.0,0.6639848834086105,1.0,6,1.0,0.6796054562506152,1.0
132,0.07,28,0.9642857142857143,0.9734150258343808,0.3333333333333333,0.6024102566717913,27,15,0.9333333333333333,0.5883670859514675,0.3333333333333333,5.0,1.0,0.5300542979425698,1.0,8,1.0,0.673963675978162,1.0
133,0.07,28,1.0,0.9988479262672811,0.967741935483871,0.6215018474189157,28,15,1.0,0.6723664403555951,0.967741935483871,5.0,1.0,0.5789889072818687,1.0,8,1.0,0.5527013232482967,1.0
134,0.07,21,1.0,0.996299399525206,0.9545454545454546,0.5447889131346022,21,10,1.0,0.49857826977402475,0.9545454545454546,5.0,1.0,0.5053293868866063,1.0,6,1.0,0.6546895906088942,1.0
135,0.07,25,1.0,1.0,1.0,0.5997370995344301,25,13,1.0,0.5333542488322286,1.0,6.0,1.0,0.7248614168716335,1.0,6,1.0,0.6184422920519966,1.0
136,0.07,26,1.0,0.9991356957649093,0.9775280898876404,0.5946993279637005,26,12,1.0,0.5765447941400693,1.0,6.0,1.0,0.632028355751408,1.0,8,1.0,0.5939343578583669,0.9775280898876404
137,0.03,27,1.0,1.0,1.0,0.839345280202272,27,11,1.0,0.7821674248186418,1.0,5.0,1.0,0.787861647539226,1.0,11,1.0,0.9199247867963775,1.0
138,0.07,25,1.0,0.9981818181818182,0.9545454545454546,0.5606258455460815,25,9,1.0,0.5323238022054313,0.9545454545454546,6.0,1.0,0.5528205015087673,1.0,10,1.0,0.5907808909750554,1.0
139,0.07,25,0.96,0.9706953264940563,0.3333333333333333,0.5435214291367372,24,12,0.9166666666666666,0.5165426448246534,0.3333333333333333,6.0,1.0,0.6563226778317144,1.0,7,1.0,0.4930839890760432,0.9775280898876404
140,0.1,25,0.84,0.9535682288725766,0.3333333333333333,0.4937452551403144,21,8,0.625,0.4615633575504472,0.3333333333333333,9.0,1.0,0.594814459568075,0.95,8,0.875,0.4122242977489511,0.8571428571428571
141,0.1,21,0.8571428571428571,0.9784083670921553,0.8333333333333334,0.43036698205276014,18,11,0.8181818181818182,0.5166082236502452,0.8333333333333334,4.0,1.0,0.33408725733100075,0.95,6,0.8333333333333334,0.33644452227187727,0.8571428571428571
142,0.07,23,0.9565217391304348,0.9710144927536232,0.3333333333333333,0.6003179699485811,22,10,0.9,0.5562248943737693,0.3333333333333333,5.0,1.0,0.5836700500501741,1.0,8,1.0,0.6658392643536,1.0
143,0.07,27,0.9629629629629629,0.9732816058779571,0.3333333333333333,0.5410766992217346,26,11,0.9090909090909091,0.4712642069646652,0.3333333333333333,4.0,1.0,0.6827492017467693,1.0,12,1.0,0.55784731628237,0.9775280898876404
144,0.07,25,0.96,0.9733333333333333,0.3333333333333333,0.5849445591470137,24,11,0.9090909090909091,0.6404291941499539,0.3333333333333333,3.0,1.0,0.4507215893996403,1.0,11,1.0,0.5660661886206299,1.0
145,0.07,28,1.0,0.9983766233766234,0.9545454545454546,0.5744964817200922,28,8,1.0,0.556779784080103,0.9545454545454546,8.0,1.0,0.5460508863231561,1.0,12,1.0,0.6052713437447089,1.0
146,0.1,31,0.8709677419354839,0.9639575478285155,0.3333333333333333,0.4534102910475059,27,14,0.7857142857142857,0.4593494326846799,0.3333333333333333,9.0,1.0,0.47650568770612406,0.95,8,0.875,0.41703447194150595,0.8571428571428571
147,0.07,25,0.96,0.9733333333333333,0.3333333333333333,0.5650160584188755,24,10,0.9,0.5078850486999814,0.3333333333333333,8.0,1.0,0.55529138764511,1.0,7,1.0,0.6577456960444562,1.0
148,0.07,29,0.9655172413793104,0.9747373504259106,0.3333333333333333,0.5610648929556598,28,16,0.9375,0.5582298464204027,0.3333333333333333,5.0,1.0,0.6683218268956883,1.0,8,1.0,0.4996994023136562,0.9775280898876404
149,0.1,31,0.9032258064516129,0.969607270695055,0.3333333333333333,0.4657530108049565,28,14,0.7857142857142857,0.37967094969768045,0.3333333333333333,6.0,1.0,0.46973207128226746,0.9948453608247423,11,1.0,0.5731416010447745,1.0
150,0.07,28,0.9642857142857143,0.9753879079721777,0.3333333333333333,0.5374966828051126,27,13,0.9230769230769231,0.5479505528716717,0.3333333333333333,7.0,1.0,0.4546738561451458,1.0,8,1.0,0.5929791172744253,0.9775280898876404
151,0.07,26,1.0,0.9973874440166575,0.9545454545454546,0.5441578952853449,26,15,1.0,0.5898036903983794,0.9545454545454546,5.0,1.0,0.39621893056900004,1.0,6,1.0,0.5533258780997125,0.9775280898876404
152,0.07,27,1.0,0.998389694041868,0.9565217391304348,0.5931528786170778,27,12,1.0,0.5920207479106188,0.9565217391304348,9.0,1.0,0.5366272001605161,1.0,6,1.0,0.680205657714838,1.0
153,0.07,25,0.96,0.9720430107526882,0.3333333333333333,0.4913442522464099,24,10,0.9,0.4865325150594043,0.3333333333333333,8.0,1.0,0.4858871445580286,1.0,7,1.0,0.5044548570145678,1.0
154,0.07,28,0.9642857142857143,0.9750384024577573,0.3333333333333333,0.5971216745049036,27,11,0.9090909090909091,0.6175691503556568,0.3333333333333333,7.0,1.0,0.5047677028952714,1.0,10,1.0,0.6392772311958175,1.0
155,0.07,28,0.9642857142857143,0.9746376811594202,0.3333333333333333,0.5648610581094209,27,11,0.9090909090909091,0.5788779947990006,0.3333333333333333,4.0,1.0,0.442893718865019,1.0,13,1.0,0.5905289852934387,1.0
156,0.07,27,0.9629629629629629,0.973625140291807,0.3333333333333333,0.529780913451703,26,14,0.9285714285714286,0.5615105000605595,0.3333333333333333,5.0,1.0,0.48322752634998956,1.0,8,1.0,0.5033500038247749,1.0
157,0.07,29,0.9655172413793104,0.9735568556293207,0.3333333333333333,0.5429960213216959,28,14,0.9285714285714286,0.4570895941775244,0.3333333333333333,4.0,1.0,0.6044784624912714,1.0,11,1.0,0.6299742227162507,0.9775280898876404
158,0.07,27,0.9629629629629629,0.973625140291807,0.3333333333333333,0.5542100887458327,26,15,0.9333333333333333,0.5326992566066813,0.3333333333333333,5.0,1.0,0.500053386563899,1.0,7,1.0,0.6389880877453952,1.0
159,0.07,32,1.0,0.9992977528089888,0.9775280898876404,0.6056241408531701,32,17,1.0,0.6320322208815403,1.0,6.0,1.0,0.6378071838230392,1.0,9,1.0,0.5342868499307802,0.9775280898876404
160,0.07,32,1.0,0.9962127852862426,0.9545454545454546,0.583345364998233,32,15,1.0,0.6019529232181621,0.9545454545454546,9.0,1.0,0.5565287667114982,1.0,8,1.0,0.578624866408443,1.0
161,0.07,29,0.9655172413793104,0.9746692026816011,0.3333333333333333,0.6529845189560329,28,15,0.9333333333333333,0.6093356993076164,0.3333333333333333,5.0,1.0,0.7343870795218772,1.0,9,1.0,0.6805089069445913,0.9775280898876404
162,0.1,27,0.8518518518518519,0.9795756976393463,0.8043478260869565,0.47771628862688076,23,13,0.7692307692307693,0.4385462464890758,0.8043478260869565,7.0,1.0,0.5185599189455565,0.9948453608247423,7,0.8571428571428571,0.5096170222784144,0.8571428571428571
163,0.07,23,0.9565217391304348,0.9681470940152785,0.3333333333333333,0.590604436571477,22,14,0.9285714285714286,0.5778429786296156,0.3333333333333333,5.0,1.0,0.7455228360576063,1.0,4,1.0,0.4416215400103298,0.9775280898876404
164,0.07,29,1.0,0.9966135091207566,0.9565217391304348,0.6219143258544374,29,13,1.0,0.619846181807967,0.9565217391304348,6.0,1.0,0.5671054340947574,1.0,10,1.0,0.657488248170657,0.9775280898876404
165,0.1,28,0.8571428571428571,0.9599960339867172,0.3333333333333333,0.4779902511047842,24,13,0.6923076923076923,0.43297188847404156,0.3333333333333333,8.0,1.0,0.4497076330621407,0.95,7,1.0,0.59391877375347,1.0
166,0.07,28,0.9642857142857143,0.972211736317745,0.3333333333333333,0.6160794257892155,27,16,0.9375,0.5938924032253072,0.3333333333333333,5.0,1.0,0.6237109303476783,1.0,7,1.0,0.6613415455363896,0.9775280898876404
167,0.07,22,1.0,0.9979338842975206,0.9545454545454546,0.5702661975323886,22,10,1.0,0.588026557852835,0.9545454545454546,8.0,1.0,0.4817234069628392,1.0,4,1.0,0.7029508778703707,1.0
168,0.07,26,1.0,0.9991356957649093,0.9775280898876404,0.5588363829858138,26,11,1.0,0.5095603173510567,1.0,4.0,1.0,0.5241477781899804,1.0,11,1.0,0.6207264867281467,0.9775280898876404
169,0.07,30,1.0,0.9977357848144365,0.9545454545454546,0.5730670950053001,30,15,1.0,0.5585974477813364,0.9545454545454546,6.0,1.0,0.6028652861187284,1.0,9,1.0,0.5773177129696206,0.9775280898876404
170,0.1,28,0.8214285714285714,0.950340558893454,0.3333333333333333,0.42331383795127797,23,12,0.6666666666666666,0.35332957229599843,0.3333333333333333,6.0,1.0,0.4487415639725383,1.0,10,0.9,0.49203832112485746,0.8571428571428571
171,0.07,27,1.0,0.9979729639026487,0.967741935483871,0.617972484135627,27,13,1.0,0.6116144278470542,0.967741935483871,6.0,1.0,0.5252257679117239,1.0,8,1.0,0.6978643627724852,0.9775280898876404
172,0.07,23,0.9565217391304348,0.969038208168643,0.3333333333333333,0.5454191662577677,22,13,0.9230769230769231,0.5396742449803403,0.3333333333333333,3.0,1.0,0.5431350495567859,1.0,7,1.0,0.5570672129305533,1.0
173,0.07,24,1.0,0.9972520762090863,0.9565217391304348,0.5907086910727698,24,9,1.0,0.5662980002664775,0.9565217391304348,9.0,1.0,0.6801199432916685,1.0,6,1.0,0.4932078489538599,0.9775280898876404
174,0.07,28,1.0,0.9991974317817015,0.9775280898876404,0.6309655538913557,28,11,1.0,0.6721307618441132,1.0,9.0,1.0,0.5860148303325727,1.0,8,1.0,0.6249329569599451,0.9775280898876404
175,0.07,27,0.9629629629629629,0.9724303971615799,0.3333333333333333,0.5933827845316438,26,18,0.9444444444444444,0.5547340400407265,0.3333333333333333,4.0,1.0,0.8076696167214288,1.0,5,1.0,0.5610887989471185,1.0
176,0.07,28,0.9642857142857143,0.9745670995670996,0.3333333333333333,0.6686708264397373,27,13,0.9230769230769231,0.6325307398807003,0.3333333333333333,7.0,1.0,0.7716025336022229,1.0,8,1.0,0.6373332233309974,1.0
177,0.07,28,0.9642857142857143,0.9761904761904762,0.3333333333333333,0.6189471536216294,27,13,0.9230769230769231,0.564720532833424,0.3333333333333333,5.0,1.0,0.6028480100460641,1.0,10,1.0,0.6974913324340789,1.0
178,0.07,28,1.0,1.0,1.0,0.7169527453904153,28,14,1.0,0.7511023787330802,1.0,5.0,1.0,0.7465179464138992,1.0,9,1.0,0.6474059818443343,1.0
179,0.1,28,0.8571428571428571,0.972713873931684,0.8043478260869565,0.44703778309524683,24,10,0.7,0.3813721103388595,0.8043478260869565,8.0,1.0,0.5211459740967699,0.95,10,0.9,0.4534169030504159,0.8571428571428571
180,0.07,28,0.9642857142857143,0.9718622308033247,0.3333333333333333,0.5898136583121982,27,14,0.9285714285714286,0.5849489680014818,0.3333333333333333,5.0,1.0,0.6336480387740903,1.0,9,1.0,0.5730285207611509,1.0
181,0.07,28,1.0,1.0,1.0,0.6355140845489672,28,11,1.0,0.5888464356651378,1.0,10.0,1.0,0.672312029002892,1.0,7,1.0,0.6562804692893777,1.0
182,0.07,28,1.0,1.0,1.0,0.5910072445711864,28,18,1.0,0.5704180630005824,1.0,5.0,1.0,0.5583167288484103,1.0,5,1.0,0.697818813948136,1.0
183,0.1,28,0.8214285714285714,0.9743527560569886,0.8043478260869565,0.517858269758008,23,14,0.7142857142857143,0.545479484790787,0.8043478260869565,6.0,1.0,0.5323043235851687,0.9948453608247423,8,0.875,0.4586866030802742,0.8571428571428571
184,0.07,19,1.0,0.9976076555023923,0.9545454545454546,0.6194423545540402,19,7,1.0,0.49205943873046337,0.9545454545454546,3.0,1.0,0.6326027813023406,1.0,9,1.0,0.7141311468340553,1.0
185,0.1,26,0.8846153846153846,0.9840349027933072,0.8043478260869565,0.48907578979215194,23,11,0.8181818181818182,0.5169072283302347,0.8043478260869565,8.0,1.0,0.5081630536653949,0.9948453608247423,7,0.8571428571428571,0.4235266562343157,0.8571428571428571
186,0.07,24,1.0,0.9968443197755961,0.9565217391304348,0.6630600570174493,24,13,1.0,0.6327969191409666,0.9565217391304348,7.0,1.0,0.7031395440190543,1.0,4,1.0,0.6912761528632092,1.0
187,0.07,30,0.9666666666666667,0.9762626262626263,0.3333333333333333,0.6118865237952967,29,16,0.9375,0.5845452880579274,0.3333333333333333,6.0,1.0,0.7064532151451353,1.0,8,1.0,0.5956439767576567,1.0
188,0.1,31,0.8709677419354839,0.977553310523948,0.8043478260869565,0.4499728392056144,27,17,0.7647058823529411,0.47113375763582077,0.8043478260869565,8.0,1.0,0.418475376046625,0.95,6,1.0,0.43201352119868264,0.9565217391304348
189,0.07,30,0.9666666666666667,0.9751873574454221,0.3333333333333333,0.5505446713319218,29,11,0.9090909090909091,0.47029002582797336,0.3333333333333333,9.0,1.0,0.5596829362513525,1.0,10,1.0,0.6306003429587774,1.0
190,0.1,34,0.8823529411764706,0.9655682678826669,0.3333333333333333,0.47874077511357643,30,14,0.7857142857142857,0.4701028679975052,0.3333333333333333,7.0,1.0,0.4892316555040028,0.95,13,0.9230769230769231,0.48239420102834674,0.8571428571428571
191,0.07,28,1.0,0.998447204968944,0.9565217391304348,0.5768941150181558,28,14,1.0,0.5859543938833275,0.9565217391304348,9.0,1.0,0.5333966004035733,1.0,5,1.0,0.6298208605019238,1.0
192,0.07,29,0.9655172413793104,0.9770114942528735,0.3333333333333333,0.5649916702018595,28,16,0.9375,0.6005732962894774,0.3333333333333333,7.0,1.0,0.4407704526862427,1.0,6,1.0,0.6150320877364315,1.0
193,0.07,25,1.0,0.9973619931607228,0.9565217391304348,0.581972797578618,25,11,1.0,0.5879500167907584,0.9565217391304348,6.0,1.0,0.5457530607204238,1.0,8,1.0,0.6009189238055703,0.9775280898876404
194,0.07,31,1.0,0.9971311997959965,0.9545454545454546,0.5650734964133202,31,13,1.0,0.5239567822137728,0.9545454545454546,7.0,1.0,0.5729112394405301,1.0,11,1.0,0.6086783221772878,1.0
195,0.07,24,1.0,0.9962944664031621,0.9545454545454546,0.6102079445869079,24,13,1.0,0.5702474566400964,0.9545454545454546,4.0,1.0,0.8033183950153557,1.0,7,1.0,0.5740714505290162,1.0
196,0.07,29,1.0,1.0,1.0,0.612912996792205,29,10,1.0,0.5783558007415419,1.0,9.0,1.0,0.6295785568692803,1.0,10,1.0,0.6324711887735004,1.0
197,0.07,24,1.0,0.9977195843904797,0.967741935483871,0.5954868154133582,24,15,1.0,0.602051633020083,0.967741935483871,3.0,1.0,0.4653044298640898,1.0,6,1.0,0.6441659641711804,0.9775280898876404
198,0.07,30,1.0,0.9984848484848484,0.9545454545454546,0.5827863259113,30,16,1.0,0.6201443769140677,0.9545454545454546,7.0,1.0,0.5739028933218141,1.0,7,1.0,0.5062799276373169,1.0
199,0.07,24,1.0,0.9981884057971014,0.9565217391304348,0.6395842206052643,24,9,1.0,0.68211787873839,0.9565217391304348,5.0,1.0,0.49081085319200585,1.0,10,1.0,0.6756906119920805,1.0
200,0.07,26,0.9615384615384616,0.9734946701238835,0.3333333333333333,0.5750864608295442,25,10,0.9,0.600563306869182,0.3333333333333333,4.0,1.0,0.48565594220523794,1.0,12,1.0,0.5836659286712814,0.9775280898876404
201,0.07,26,1.0,0.9970110534626664,0.9545454545454546,0.6006547009845611,26,11,1.0,0.5753440659710234,0.9545454545454546,8.0,1.0,0.599263525708664,1.0,7,1.0,0.64201847060686,1.0
202,0.07,23,1.0,0.9961333562467779,0.9545454545454546,0.5665919419712329,23,10,1.0,0.5333399742452449,0.9545454545454546,6.0,1.0,0.5603704022669768,1.0,7,1.0,0.6194275013262923,1.0
203,0.1,25,0.8,0.9472396981232886,0.3333333333333333,0.4830692980928159,20,14,0.7142857142857143,0.42100151436346744,0.3333333333333333,2.0,1.0,0.6887783890534631,1.0,9,0.8888888888888888,0.5339060525694365,0.8571428571428571
204,0.1,27,0.8888888888888888,0.9830148510784996,0.8043478260869565,0.4161198911045484,24,13,0.7692307692307693,0.3909537337796888,0.8043478260869565,11.0,1.0,0.4252351953359725,0.95,3,1.0,0.491750457330385,1.0
205,0.07,29,1.0,0.9988876529477198,0.967741935483871,0.5661543083777958,29,17,1.0,0.5873597408833832,0.967741935483871,9.0,1.0,0.5352263142470366,1.0,3,1.0,0.5387741732384114,1.0
206,0.07,29,0.9655172413793104,0.974669202681601,0.3333333333333333,0.579341924709418,28,14,0.9285714285714286,0.5297287832458509,0.3333333333333333,7.0,1.0,0.6766114743081101,1.0,8,1.0,0.5810540663718049,0.9775280898876404
207,0.07,25,0.96,0.9733333333333333,0.3333333333333333,0.591576906740034,24,10,0.9,0.5342678270754392,0.3333333333333333,8.0,1.0,0.582597067128993,1.0,7,1.0,0.683709694387788,1.0
208,0.07,23,0.9565217391304348,0.9700374531835206,0.3333333333333333,0.5753357403139122,22,10,0.9,0.5671256505554154,0.3333333333333333,3.0,1.0,0.47130952049381913,1.0,10,1.0,0.6147536960184368,0.9775280898876404
209,0.1,27,0.8148148148148148,0.9561487894821228,0.3333333333333333,0.4836091827451007,22,15,0.7333333333333333,0.5360091542098165,0.3333333333333333,5.0,1.0,0.42117313291290265,1.0,7,0.8571428571428571,0.4159207080579937,0.8571428571428571
210,0.07,26,1.0,1.0,1.0,0.5414461962170543,26,10,1.0,0.489451161469688,1.0,10.0,1.0,0.5914957239789158,1.0,6,1.0,0.5446887078595619,1.0
211,0.07,30,1.0,0.9992509363295881,0.9775280898876404,0.5573291793367753,30,11,1.0,0.54479538526236,1.0,9.0,1.0,0.5100932426358562,1.0,10,1.0,0.6136286958494592,0.9775280898876404
212,0.07,21,1.0,0.9931589151927334,0.9545454545454546,0.6134256262180176,21,11,1.0,0.5808957599989409,0.9545454545454546,4.0,1.0,0.6906847721565519,1.0,6,1.0,0.6215576169939684,0.9775280898876404
213,0.07,27,0.9629629629629629,0.9732816058779572,0.3333333333333333,0.6386798218211592,26,11,0.9090909090909091,0.646097028181378,0.3333333333333333,4.0,1.0,0.694260758665123,1.0,12,1.0,0.6133537370429707,0.9775280898876404
214,0.07,31,1.0,0.998533724340176,0.9545454545454546,0.6022200785382168,31,15,1.0,0.6029470782752331,0.9545454545454546,8.0,1.0,0.5527965876571681,1.0,8,1.0,0.65028044491236,1.0
215,0.07,27,1.0,0.9974842053493739,0.9545454545454546,0.5175505440930129,27,13,1.0,0.581212620975908,0.9545454545454546,6.0,1.0,0.3837713545279833,1.0,8,1.0,0.5144340613320807,0.9775280898876404
216,0.07,29,1.0,0.9985007496251874,0.9565217391304348,0.5657226528141311,29,16,1.0,0.5268012561430266,0.9565217391304348,5.0,1.0,0.621631299655178,1.0,8,1.0,0.6086225418806863,1.0
217,0.07,29,1.0,0.9988876529477198,0.967741935483871,0.5622888155852734,29,12,1.0,0.587918831528062,0.967741935483871,12.0,1.0,0.5800767884094706,1.0,5,1.0,0.45808564254450734,1.0
218,0.07,30,0.9666666666666667,0.97443829377501,0.3333333333333333,0.5738055176428347,29,16,0.9375,0.5351335775612205,0.3333333333333333,5.0,1.0,0.6152397000263529,1.0,9,1.0,0.6195366431304165,0.9775280898876404
219,0.07,29,0.9655172413793104,0.9758991472005932,0.3333333333333333,0.588232438837232,28,10,0.9,0.5944592423274498,0.3333333333333333,8.0,1.0,0.5000132001561114,1.0,11,1.0,0.6467311547051214,1.0
220,0.07,25,1.0,0.9960716705800777,0.9565217391304348,0.5983738960842974,25,12,1.0,0.6341403870235889,0.9565217391304348,5.0,1.0,0.5987040799324445,1.0,8,1.0,0.5445177947702684,0.9775280898876404
221,0.07,25,1.0,0.9978108010148605,0.967741935483871,0.5890335779763447,25,11,1.0,0.6685253483652603,0.967741935483871,5.0,1.0,0.4055721847992159,1.0,9,1.0,0.5937999659327415,0.9775280898876404
222,0.07,22,1.0,0.9975122738805232,0.967741935483871,0.6419575584432251,22,8,1.0,0.6482421899501174,0.967741935483871,4.0,1.0,0.508400336959032,1.0,10,1.0,0.6903527418313887,0.9775280898876404
223,0.07,23,1.0,0.9966211908708402,0.9545454545454546,0.5631687980065286,23,13,1.0,0.5668572321424935,0.9545454545454546,3.0,1.0,0.5725162244065135,1.0,7,1.0,0.552312809011172,1.0
224,0.07,28,0.9642857142857143,0.9746376811594202,0.3333333333333333,0.5172997850849356,27,13,0.9230769230769231,0.4743547350685367,0.3333333333333333,9.0,1.0,0.49135459480426846,1.0,6,1.0,0.6492651788748006,1.0
225,0.07,27,1.0,1.0,1.0,0.5745898984893995,27,10,1.0,0.4966376503947628,1.0,7.0,1.0,0.5329714756889243,1.0,10,1.0,0.6816750425443687,1.0
226,0.07,26,1.0,0.9970110534626664,0.9545454545454546,0.566458652511887,26,14,1.0,0.5946664260991144,0.9545454545454546,8.0,1.0,0.4851295507198471,1.0,4,1.0,0.6303896485406717,1.0
227,0.1,30,0.9,0.9828302490875328,0.8043478260869565,0.4832381940606915,27,16,0.875,0.5256730452996243,0.8043478260869565,6.0,1.0,0.4043918596000115,0.95,8,0.875,0.4575032424283362,0.8571428571428571
228,0.07,22,1.0,0.9964676086376966,0.9545454545454546,0.5659435920432682,22,12,1.0,0.5709609777252759,0.9545454545454546,4.0,1.0,0.5407794031855392,1.0,6,1.0,0.5726849465844058,1.0
229,0.07,27,1.0,0.9991677070328756,0.9775280898876404,0.5945850294916496,27,10,1.0,0.6005700637625726,1.0,6.0,1.0,0.6028280092993387,1.0,11,1.0,0.5846479184411618,0.9775280898876404
230,0.03,27,1.0,1.0,1.0,0.862413738522855,27,11,1.0,0.7895127850734179,1.0,5.0,1.0,0.8639980259205284,1.0,11,1.0,0.934594561336986,1.0
231,0.07,25,1.0,1.0,1.0,0.5933471175273883,25,9,1.0,0.6278592036333036,1.0,8.0,1.0,0.5849243962700097,1.0,8,1.0,0.5629437419156124,1.0
232,0.07,30,1.0,0.9985507246376811,0.9565217391304348,0.5827949825515758,30,13,1.0,0.6115970023770965,0.9565217391304348,10.0,1.0,0.5662529778997213,1.0,7,1.0,0.552936952378258,1.0
233,0.1,30,0.8666666666666667,0.978364117834074,0.8043478260869565,0.4777722672221022,26,16,0.8125,0.5738740698721985,0.8043478260869565,8.0,1.0,0.366148899082752,1.0,6,0.8333333333333334,0.37033195100764565,0.8571428571428571
234,0.1,25,0.88,0.9585741143728441,0.3333333333333333,0.4330037327415386,22,13,0.7692307692307693,0.44509666627267497,0.3333333333333333,5.0,1.0,0.35866445880079445,1.0,7,1.0,0.4636449089985309,0.9565217391304348
235,0.07,26,1.0,0.9982517482517482,0.9545454545454546,0.580043790965066,26,9,1.0,0.6170149292916333,0.9545454545454546,8.0,1.0,0.5438997709189101,1.0,9,1.0,0.5752006704573038,1.0
236,0.1,30,0.8666666666666667,0.9622244603900686,0.3333333333333333,0.4390766671397387,26,15,0.8,0.4652402054822692,0.3333333333333333,5.0,1.0,0.48446618476670567,1.0,10,0.9,0.3771366008124595,0.8571428571428571
237,0.07,28,0.9642857142857143,0.9718622308033248,0.3333333333333333,0.5283998362999228,27,15,0.9333333333333333,0.49359944815600854,0.3333333333333333,7.0,1.0,0.58380487797266,1.0,6,1.0,0.5507615913748484,1.0
238,0.03,25,1.0,1.0,1.0,0.8163216441832606,25,12,1.0,0.7897011162644344,1.0,5.0,1.0,0.8868166407739588,1.0,8,1.0,0.8121930631923137,1.0
239,0.07,25,1.0,0.9982608695652173,0.9565217391304348,0.5773637410995276,25,14,1.0,0.5067100920087892,0.9565217391304348,7.0,1.0,0.5903938632292002,1.0,4,1.0,0.8018487991901844,1.0
240,0.07,26,1.0,0.9991356957649093,0.9775280898876404,0.6183248284200418,26,15,1.0,0.5385510376568461,1.0,2.0,1.0,0.8616445485297944,1.0,9,1.0,0.6972100974454227,0.9775280898876404
241,0.07,27,1.0,1.0,1.0,0.612273134446726,27,16,1.0,0.6152722103676418,1.0,5.0,1.0,0.5452167668829195,1.0,6,1.0,0.6601559049607891,1.0
242,0.07,21,1.0,0.9967654068777664,0.9545454545454546,0.5348081545459837,21,12,1.0,0.4698291805959219,0.9545454545454546,3.0,1.0,0.5431350495567859,1.0,6,1.0,0.6606026549407067,0.9775280898876404
243,0.07,22,0.9545454545454546,0.9666094035348376,0.3333333333333333,0.5289404248746581,21,10,0.9,0.5877831829253064,0.3333333333333333,4.0,1.0,0.4025529321427164,1.0,8,1.0,0.5185807236773186,0.9775280898876404
244,0.07,28,1.0,0.9976446367506454,0.9565217391304348,0.6437382567871202,28,11,1.0,0.6609758903000086,0.9565217391304348,7.0,1.0,0.6212492111310164,1.0,10,1.0,0.6405191918822153,0.9775280898876404
245,0.1,27,0.8518518518518519,0.975839226657366,0.8043478260869565,0.47087536389000334,23,14,0.7857142857142857,0.46991173875283726,0.8043478260869565,7.0,1.0,0.47225876830562014,1.0,6,0.8333333333333334,0.4715098507251712,0.8571428571428571
246,0.07,26,1.0,0.9974634549622337,0.9565217391304348,0.5399671789871363,26,14,1.0,0.48107424772278307,0.9565217391304348,4.0,1.0,0.5487551703728174,1.0,8,1.0,0.6386358130069141,0.9775280898876404
247,0.07,29,1.0,0.9985007496251874,0.9565217391304348,0.5955828797958848,29,11,1.0,0.5761499659481403,0.9565217391304348,10.0,1.0,0.593883588641136,1.0,8,1.0,0.6244272502799694,1.0
248,0.07,23,1.0,1.0,1.0,0.5352593087560966,23,7,1.0,0.4616842193255742,1.0,9.0,1.0,0.42887539130590474,1.0,7,1.0,0.74561372062258,1.0
249,0.07,25,1.0,0.9987096774193549,0.967741935483871,0.6005640681663114,25,12,1.0,0.6364134483283282,0.967741935483871,6.0,1.0,0.5977600294468275,1.0,7,1.0,0.5415114496481258,1.0
250,0.07,25,1.0,0.996891495601173,0.9545454545454546,0.594596135829875,25,15,1.0,0.6027070086493954,0.9545454545454546,5.0,1.0,0.47267979594408727,1.0,5,1.0,0.6921798572571018,1.0
251,0.07,26,1.0,0.9982517482517482,0.9545454545454546,0.5474774968693719,26,15,1.0,0.5645918676966281,0.9545454545454546,4.0,1.0,0.43527013597033487,1.0,7,1.0,0.5749223370389867,1.0
252,0.07,27,1.0,0.9971949509116409,0.9565217391304348,0.6468931883303125,27,14,1.0,0.6707504285002884,0.9565217391304348,7.0,1.0,0.5876943516563969,1.0,6,1.0,0.6602916040532703,1.0
253,0.07,30,0.9666666666666667,0.9762626262626263,0.3333333333333333,0.590134064421803,29,13,0.9230769230769231,0.5335473601338478,0.3333333333333333,9.0,1.0,0.6310761634048138,1.0,8,1.0,0.636027597533843,1.0
254,0.07,30,0.9666666666666667,0.9737380820831032,0.3333333333333333,0.5228426859465587,29,16,0.9375,0.5170966119666862,0.3333333333333333,5.0,1.0,0.4616737102015895,1.0,9,1.0,0.5670406928802038,1.0
255,0.07,29,0.9655172413793104,0.9751242537484429,0.3333333333333333,0.5793254829758456,28,14,0.9285714285714286,0.4654095965329615,0.3333333333333333,6.0,1.0,0.7212745333875062,1.0,9,1.0,0.6618952727236695,0.9775280898876404
256,0.07,27,1.0,0.9963626579445166,0.9565217391304348,0.6083690672400969,27,14,1.0,0.6325072285371469,0.9565217391304348,5.0,1.0,0.6549887263858049,1.0,8,1.0,0.5369899980041916,0.9775280898876404
257,0.07,22,1.0,0.998533724340176,0.967741935483871,0.5399938337693875,22,5,1.0,0.5328547821370601,0.967741935483871,8.0,1.0,0.44852500564182984,1.0,9,1.0,0.6252655985673983,1.0
258,0.07,24,1.0,0.9971697310180456,0.9545454545454546,0.5508403819062517,24,11,1.0,0.6049780395938226,0.9545454545454546,6.0,1.0,0.33807543179814675,1.0,7,1.0,0.6481368770613019,0.9775280898876404
259,0.07,31,0.967741935483871,0.9774540409295872,0.3333333333333333,0.5520164153831726,30,15,0.9333333333333333,0.5617310028530957,0.3333333333333333,8.0,1.0,0.568851396291097,1.0,8,1.0,0.5169665829691423,1.0
260,0.07,31,0.967741935483871,0.9759877652697632,0.3333333333333333,0.5985143791560553,30,19,0.9473684210526315,0.5865829383220623,0.3333333333333333,7.0,1.0,0.602886246890329,1.0,5,1.0,0.6377332394972461,1.0
261,0.07,28,1.0,0.9975740551583249,0.9545454545454546,0.6363986194152996,28,15,1.0,0.6375875632611833,0.9545454545454546,5.0,1.0,0.5958404205427992,1.0,8,1.0,0.6595182239995808,0.9775280898876404
262,0.07,26,1.0,0.9974634549622337,0.9565217391304348,0.5886456089505402,26,12,1.0,0.6529212958628872,0.9565217391304348,7.0,1.0,0.44512586489114403,1.0,7,1.0,0.6219784611601984,0.9775280898876404
263,0.07,25,0.96,0.9711441343481938,0.3333333333333333,0.5882258404399683,24,13,0.9230769230769231,0.5702372824147487,0.3333333333333333,7.0,1.0,0.551763551149271,1.0,5,1.0,0.686043296312516,0.9775280898876404
264,0.07,31,1.0,0.9974931416138492,0.9545454545454546,0.5657326566306863,31,14,1.0,0.560221158754843,0.9545454545454546,7.0,1.0,0.5782384019008319,1.0,10,1.0,0.564694731967765,1.0
265,0.07,26,1.0,0.9978950009758274,0.967741935483871,0.6251980397236052,26,11,1.0,0.6296618952912406,0.967741935483871,6.0,1.0,0.5742355167531984,1.0,9,1.0,0.6537172315656556,0.9775280898876404
266,0.1,24,0.8333333333333334,0.9720798826777087,0.8043478260869565,0.4266150789297351,20,12,0.75,0.48219194520951375,0.8043478260869565,5.0,1.0,0.38891955986550136,0.95,7,0.8571428571428571,0.35826582178171035,0.8571428571428571
267,0.07,22,1.0,0.9979338842975206,0.9545454545454546,0.5680962483742805,22,9,1.0,0.6156013584811224,0.9545454545454546,5.0,1.0,0.5132608489591783,1.0,8,1.0,0.5489251241385227,1.0
268,0.07,29,1.0,1.0,1.0,0.5964841408110169,29,9,1.0,0.5926019500081887,1.0,7.0,1.0,0.5383923967337273,1.0,13,1.0,0.6304519812545923,1.0
269,0.07,31,0.967741935483871,0.9774540409295872,0.3333333333333333,0.5966985576433594,30,10,0.9,0.5208442319246495,0.3333333333333333,9.0,1.0,0.6265985349533528,1.0,12,1.0,0.6374855127597893,1.0
270,0.07,24,1.0,0.9981884057971014,0.9565217391304348,0.6049716835456623,24,15,1.0,0.6174622006847631,0.9565217391304348,5.0,1.0,0.6312569426176171,1.0,4,1.0,0.5252756704340916,1.0
271,0.07,29,1.0,1.0,1.0,0.6128502319901489,29,13,1.0,0.6490256462583374,1.0,8.0,1.0,0.5643531334371803,1.0,8,1.0,0.6025622823573112,1.0
272,0.07,33,1.0,0.9986824769433466,0.9565217391304348,0.5870751665675441,33,13,1.0,0.6285131469820852,0.9565217391304348,8.0,1.0,0.4762380562329174,1.0,12,1.0,0.616075428008209,1.0
273,0.07,30,0.9666666666666667,0.9770287141073657,0.3333333333333333,0.6081000892731884,29,19,0.9473684210526315,0.6076850433120724,0.3333333333333333,4.0,1.0,0.5372330669502933,1.0,7,1.0,0.6497220839235862,0.9775280898876404
274,0.07,28,1.0,0.996421981425606,0.9545454545454546,0.5409349654200937,28,13,1.0,0.566396561077302,0.9545454545454546,6.0,1.0,0.3647128471637066,1.0,9,1.0,0.6216385171972731,0.9775280898876404
275,0.07,28,1.0,0.9976446367506455,0.9565217391304348,0.5871634220207247,28,14,1.0,0.5669451709880573,0.9565217391304348,4.0,1.0,0.677298485451588,1.0,10,1.0,0.5794149480941136,0.9775280898876404
276,0.07,23,0.9565217391304348,0.969038208168643,0.3333333333333333,0.5510137739201237,22,10,0.9,0.5005146996191854,0.3333333333333333,6.0,1.0,0.5963807873573607,1.0,7,1.0,0.5842692971181183,1.0
277,0.1,24,0.875,0.9557815178432291,0.3333333333333333,0.43467911647390106,21,9,0.6666666666666666,0.3990962398263712,0.3333333333333333,7.0,1.0,0.39629255052964957,1.0,8,1.0,0.5082980979035924,1.0
278,0.07,28,1.0,0.9972245496439045,0.9545454545454546,0.610313977226398,28,14,1.0,0.5658507628560964,0.9545454545454546,8.0,1.0,0.638637376284593,1.0,6,1.0,0.6762969453461752,1.0
279,0.07,26,1.0,0.9973874440166575,0.9545454545454546,0.5512303844635073,26,10,1.0,0.5325282040976019,0.9545454545454546,6.0,1.0,0.41606532817473135,1.0,10,1.0,0.651031598602678,0.9775280898876404
280,0.07,25,0.96,0.9733333333333333,0.3333333333333333,0.5841813697899518,24,13,0.9230769230769231,0.6311450461974041,0.3333333333333333,4.0,1.0,0.41009027985522695,1.0,8,1.0,0.5949109405952044,1.0
281,0.1,28,0.8571428571428571,0.9554425997097807,0.3333333333333333,0.4738471962634721,24,16,0.75,0.40644576458038606,0.3333333333333333,5.0,1.0,0.5379818961919364,1.0,7,1.0,0.5820971115901941,1.0
282,0.1,32,0.84375,0.960445527136111,0.3333333333333333,0.48282833531524194,27,17,0.7647058823529411,0.49358706822603543,0.3333333333333333,7.0,1.0,0.43358552039707876,1.0,8,0.875,0.5030534909331986,0.8571428571428571
283,0.07,25,0.96,0.9715942028985506,0.3333333333333333,0.5621255391216059,24,11,0.9090909090909091,0.5142192457274407,0.3333333333333333,7.0,1.0,0.5560663273374855,1.0,7,1.0,0.643466069096557,1.0
284,0.07,24,0.9583333333333334,0.9722222222222222,0.3333333333333333,0.6243601829396931,23,10,0.9,0.6548996773930503,0.3333333333333333,6.0,1.0,0.529625249242242,1.0,8,1.0,0.6572370151460849,1.0
285,0.07,27,0.9629629629629629,0.9724303971615801,0.3333333333333333,0.5721679810680442,26,11,0.9090909090909091,0.5838932388254654,0.3333333333333333,7.0,1.0,0.5723753532917305,1.0,9,1.0,0.557675820968329,1.0
286,0.07,21,1.0,0.9942290061504647,0.9545454545454546,0.576765100167108,21,12,1.0,0.5098033058298538,0.9545454545454546,4.0,1.0,0.6232661715060531,1.0,5,1.0,0.7002725495053623,1.0
287,0.07,28,0.9642857142857143,0.9753879079721777,0.3333333333333333,0.5800582112349456,27,17,0.9411764705882353,0.6300177777158201,0.3333333333333333,4.0,1.0,0.3854413300194332,1.0,7,1.0,0.5699374819045435,0.9775280898876404
288,0.07,31,1.0,0.9964062994697913,0.9545454545454546,0.5685401953021961,31,17,1.0,0.5644048203734252,0.9545454545454546,6.0,1.0,0.5995637790812477,1.0,8,1.0,0.5540601791915458,0.9775280898876404
289,0.07,27,1.0,0.9963626579445164,0.9565217391304348,0.5967374974980901,27,15,1.0,0.6288212788081822,0.9565217391304348,5.0,1.0,0.5121252044144956,1.0,7,1.0,0.5884238897504604,0.9775280898876404
290,0.07,29,0.9655172413793104,0.9770114942528735,0.3333333333333333,0.6287958298488323,28,15,0.9333333333333333,0.615971545745798,0.3333333333333333,8.0,1.0,0.6443969151366685,1.0,6,1.0,0.6400550930559695,1.0
291,0.07,33,1.0,0.9986824769433466,0.9565217391304348,0.6380913151108187,33,17,1.0,0.5843374992949711,0.9565217391304348,8.0,1.0,0.6837887225372346,1.0,8,1.0,0.7066207662930795,1.0
292,0.07,25,1.0,0.9978108010148605,0.967741935483871,0.5316807943399183,25,14,1.0,0.5238579186819068,0.967741935483871,4.0,1.0,0.38638216607683734,1.0,7,1.0,0.6303543332348446,0.9775280898876404
293,0.07,24,0.9583333333333334,0.9708781362007168,0.3333333333333333,0.5707861152764337,23,13,0.9230769230769231,0.6096219499054314,0.3333333333333333,8.0,1.0,0.4858777666651736,1.0,3,1.0,0.6289197615141371,1.0
294,0.07,26,0.9615384615384616,0.9705817345321262,0.3333333333333333,0.5299744869331732,25,11,0.9090909090909091,0.535380896982256,0.3333333333333333,9.0,1.0,0.5338742780399107,1.0,6,1.0,0.5142130485164148,0.9775280898876404
295,0.07,29,0.9655172413793104,0.9770114942528735,0.3333333333333333,0.5423486300420595,28,11,0.9090909090909091,0.46547719167535373,0.3333333333333333,9.0,1.0,0.6725307727324524,1.0,9,1.0,0.5061204675776401,1.0
296,0.07,19,1.0,0.9960138776112792,0.9565217391304348,0.5945240451075936,19,9,1.0,0.5511181502998246,0.9565217391304348,3.0,1.0,0.6208389408409675,1.0,7,1.0,0.6390538116889937,1.0
297,0.1,18,0.8333333333333334,0.9457671957671958,0.3333333333333333,0.45240028960983203,15,9,0.7777777777777778,0.40122083152468363,0.3333333333333333,2.0,1.0,0.6569826106328052,1.0,7,0.8571428571428571,0.4597503582841732,0.8571428571428571
298,0.07,27,1.0,0.9988052568697731,0.967741935483871,0.560323980245033,27,13,1.0,0.6117282084930074,0.967741935483871,3.0,1.0,0.4797294216851859,1.0,11,1.0,0.5215538628319308,1.0
299,0.07,24,1.0,0.9990636704119851,0.9775280898876404,0.5807034372641874,24,8,1.0,0.5752407661935964,1.0,9.0,1.0,0.586039450238581,1.0,7,1.0,0.5800859018063568,0.9775280898876404
300,0.03,26,1.0,1.0,1.0,0.8484859403890314,26,14,1.0,0.8680156598579722,1.0,5.0,1.0,0.7491026409820519,1.0,7,1.0,0.8804145724561347,1.0
301,0.07,26,1.0,0.9970870644082426,0.9565217391304348,0.6097784687831636,26,13,1.0,0.6159031703603268,0.9565217391304348,5.0,1.0,0.5849804715192242,1.0,8,1.0,0.6153245770102349,1.0
302,0.07,25,0.96,0.9703038803179055,0.3333333333333333,0.546134273064251,24,13,0.9230769230769231,0.5726253382579599,0.3333333333333333,7.0,1.0,0.3911714350192342,1.0,5,1.0,0.6942054768236311,1.0
303,0.1,29,0.8275862068965517,0.9564962333355068,0.3333333333333333,0.49657596686088057,24,14,0.7142857142857143,0.5093811597468327,0.3333333333333333,9.0,1.0,0.4474564022682455,0.95,6,0.8333333333333334,0.540376530349278,0.8571428571428571
304,0.07,25,0.96,0.9733333333333333,0.3333333333333333,0.5246117941471499,24,15,0.9333333333333333,0.5480915321575691,0.3333333333333333,4.0,1.0,0.3727003298273232,1.0,6,1.0,0.5671867586676534,1.0
305,0.07,25,1.0,0.996891495601173,0.9545454545454546,0.5629212044878273,25,9,1.0,0.5263901829584546,0.9545454545454546,7.0,1.0,0.6076875831761216,1.0,9,1.0,0.5646339314818606,1.0
306,0.07,26,0.9615384615384616,0.9731182795698925,0.3333333333333333,0.5713136771102407,25,12,0.9166666666666666,0.5377144287808477,0.3333333333333333,7.0,1.0,0.5688028751535809,1.0,7,1.0,0.6314231904887171,1.0
307,0.07,26,1.0,0.9982517482517482,0.9545454545454546,0.5971521179470058,26,13,1.0,0.6283928773427637,0.9545454545454546,5.0,1.0,0.5527657198462033,1.0,8,1.0,0.5741273827419007,1.0
308,0.1,27,0.8518518518518519,0.9555184439654494,0.3333333333333333,0.4154928120103452,23,14,0.7142857142857143,0.42048533730480797,0.3333333333333333,6.0,1.0,0.36982931261954555,0.9948453608247423,7,1.0,0.44464790375639085,0.9565217391304348
309,0.03,29,1.0,1.0,1.0,0.8639818639499489,29,11,1.0,0.911808543133676,1.0,6.0,1.0,0.8421614095509997,1.0,12,1.0,0.8310509685643401,1.0
310,0.07,30,1.0,0.9974095796676442,0.9545454545454546,0.5730006888081596,30,16,1.0,0.5672958238379207,0.9545454545454546,7.0,1.0,0.623073697537358,1.0,7,1.0,0.5359673714395077,1.0
311,0.07,24,1.0,0.9971697310180456,0.9545454545454546,0.5438279246231169,24,8,1.0,0.5639728373345043,0.9545454545454546,5.0,1.0,0.5391969206657311,1.0,11,1.0,0.5312820808136469,0.9775280898876404
312,0.07,25,0.96,0.972434456928839,0.3333333333333333,0.5524090794018166,24,17,0.9411764705882353,0.6029707368071101,0.3333333333333333,4.0,1.0,0.43003716429380934,1.0,4,1.0,0.459893950537327,0.9775280898876404
313,0.07,28,1.0,1.0,1.0,0.639590141070819,28,11,1.0,0.6651798636326466,1.0,6.0,1.0,0.5529425901753943,1.0,11,1.0,0.6612627189974051,1.0
314,0.07,32,0.96875,0.9756852692780269,0.3333333333333333,0.601563728747305,31,16,0.9375,0.5461248345504259,0.3333333333333333,10.0,1.0,0.664542693394301,1.0,6,1.0,0.6444358388606551,0.9775280898876404
315,0.07,27,1.0,0.9988052568697731,0.967741935483871,0.5995127350387671,27,11,1.0,0.5587647550779764,0.967741935483871,8.0,1.0,0.5532862134473714,1.0,8,1.0,0.7017677290762501,1.0
316,0.07,27,1.0,0.9991677070328756,0.9775280898876404,0.5859764065880577,27,10,1.0,0.6431864049848174,1.0,8.0,1.0,0.5944387960344,1.0,9,1.0,0.5148876177504648,0.9775280898876404
317,0.03,25,1.0,1.0,1.0,0.8087784612969393,25,11,1.0,0.7996233411861823,1.0,6.0,1.0,0.8633823564301942,1.0,8,1.0,0.7804138300992892,1.0
318,0.07,28,1.0,1.0,1.0,0.5595190761869476,28,14,1.0,0.5639023435109831,1.0,5.0,1.0,0.5224620590956766,1.0,9,1.0,0.573287892066932,1.0
319,0.1,29,0.896551724137931,0.9831702739882505,0.8571428571428571,0.5118991592766529,26,13,0.8461538461538461,0.46219450773103343,0.8636363636363636,7.0,1.0,0.5611002246324602,0.95,9,0.8888888888888888,0.5454272717880307,0.8571428571428571
320,0.07,25,1.0,0.9987096774193549,0.967741935483871,0.6473463052498457,25,12,1.0,0.6244906868981115,0.967741935483871,6.0,1.0,0.643652696062332,1.0,7,1.0,0.6896933160135444,1.0
321,0.1,29,0.8620689655172413,0.9605237180320607,0.3333333333333333,0.46724193999352037,25,15,0.8,0.4088732527974803,0.3333333333333333,8.0,1.0,0.5450218228382759,1.0,6,0.8333333333333334,0.5094571475239466,0.8571428571428571
322,0.07,25,1.0,0.9982608695652173,0.9565217391304348,0.6211144942396802,25,10,1.0,0.5690707950756279,0.9565217391304348,7.0,1.0,0.6909999635167432,1.0,8,1.0,0.6250193325773152,1.0
323,0.07,26,1.0,0.9983277591973244,0.9565217391304348,0.5931354155911115,26,14,1.0,0.5670472336760585,0.9565217391304348,4.0,1.0,0.6521532795250118,1.0,8,1.0,0.6092808019755046,1.0
324,0.07,26,1.0,0.9983277591973244,0.9565217391304348,0.5730715397441261,26,10,1.0,0.47990409070915563,0.9565217391304348,5.0,1.0,0.6067081904226901,1.0,11,1.0,0.6424798340129335,1.0
325,0.07,26,0.9615384615384616,0.9714460387672168,0.3333333333333333,0.5241623573948788,25,13,0.9230769230769231,0.5211922625731192,0.3333333333333333,6.0,1.0,0.437883954222408,1.0,7,1.0,0.6036311647831213,1.0
326,0.07,26,1.0,1.0,1.0,0.576214493642533,26,11,1.0,0.6295522344886938,1.0,6.0,1.0,0.4719257660636898,1.0,9,1.0,0.5805497398831208,1.0
327,0.1,28,0.8571428571428571,0.9813403336967402,0.8333333333333334,0.5071971931061681,24,12,0.75,0.508761447344592,0.8333333333333334,6.0,1.0,0.5007824219525346,0.9948453608247423,10,0.9,0.5091689507122392,0.8571428571428571
328,0.07,22,1.0,0.9989785495403474,0.9775280898876404,0.6204860323033281,22,9,1.0,0.6245966170084993,1.0,3.0,1.0,0.5068226579789832,1.0,10,1.0,0.6508855183659776,0.9775280898876404
329,0.07,24,1.0,0.9977195843904797,0.967741935483871,0.6135592264457868,24,12,1.0,0.6150489438416267,0.967741935483871,6.0,1.0,0.5793113086099003,1.0,6,1.0,0.6448277094899932,0.9775280898876404
330,0.07,27,0.9629629629629629,0.9732816058779572,0.3333333333333333,0.5677448794150537,26,13,0.9230769230769231,0.6482726240963534,0.3333333333333333,7.0,1.0,0.43666893396753936,1.0,7,1.0,0.5492692990258684,0.9775280898876404
331,0.07,27,0.9629629629629629,0.9725035928869495,0.3333333333333333,0.6251898807638477,26,14,0.9285714285714286,0.5512478228528997,0.3333333333333333,7.0,1.0,0.7173478472391278,1.0,6,1.0,0.6902037216682326,1.0
332,0.1,28,0.8928571428571429,0.9834047191847413,0.8043478260869565,0.4403135783175661,25,15,0.8666666666666667,0.49042726222862204,0.8043478260869565,7.0,1.0,0.3129197878364461,1.0,6,0.8333333333333334,0.46365545743456665,0.8571428571428571
333,0.07,27,1.0,0.9988052568697731,0.967741935483871,0.5988387938960791,27,16,1.0,0.627231758876632,0.967741935483871,5.0,1.0,0.6104579495518769,1.0,6,1.0,0.5134415909014396,1.0
334,0.1,25,0.8,0.9457264325395209,0.3333333333333333,0.4223252785181847,20,12,0.6666666666666666,0.38464995571178345,0.3333333333333333,3.0,1.0,0.35189020489882283,0.9948453608247423,10,0.9,0.48866618797167466,0.8571428571428571
335,0.07,25,1.0,0.9960716705800778,0.9565217391304348,0.6314681345156652,25,13,1.0,0.6431857833310415,0.9565217391304348,4.0,1.0,0.5098159595825733,1.0,8,1.0,0.6732530426572247,0.9775280898876404
336,0.07,30,0.9666666666666667,0.9759534452901614,0.3333333333333333,0.5921923466532095,29,17,0.9411764705882353,0.6147196568667797,0.3333333333333333,5.0,1.0,0.6683296174014175,1.0,8,1.0,0.4967360182317432,0.9775280898876404
337,0.07,23,0.9565217391304348,0.9696119682094436,0.3333333333333333,0.5321885566383238,22,12,0.9166666666666666,0.5109937728961905,0.3333333333333333,3.0,1.0,0.5140856226325196,1.0,8,1.0,0.5707693325037002,1.0
338,0.07,31,1.0,0.9992750996737949,0.9775280898876404,0.5795743016687688,31,15,1.0,0.6225963012459823,1.0,7.0,1.0,0.45785255397179936,1.0,9,1.0,0.6025434394710559,0.9775280898876404
339,0.07,24,0.9583333333333334,0.9704106280193235,0.3333333333333333,0.6330217445526446,23,14,0.9285714285714286,0.6183724773848508,0.3333333333333333,4.0,1.0,0.5315610375418225,1.0,6,1.0,0.7348438392847113,1.0
340,0.07,27,0.9629629629629629,0.9736983360171765,0.3333333333333333,0.5695270671637356,26,11,0.9090909090909091,0.5015436387611728,0.3333333333333333,7.0,1.0,0.602323054694177,1.0,9,1.0,0.627109933798747,1.0
341,0.1,24,0.7916666666666666,0.9436798105276365,0.3333333333333333,0.39768069146821655,19,12,0.6666666666666666,0.3658460871188514,0.3333333333333333,3.0,1.0,0.45939124988668856,1.0,9,0.8888888888888888,0.41955664446121266,0.8571428571428571
342,0.07,26,1.0,0.9978950009758274,0.967741935483871,0.5323223124712437,26,12,1.0,0.5752051073225841,0.967741935483871,6.0,1.0,0.44434460001692583,1.0,8,1.0,0.5339814045349716,0.9775280898876404
343,0.07,26,1.0,0.9983277591973244,0.9565217391304348,0.5742909297669864,26,13,1.0,0.5348768620620843,0.9565217391304348,6.0,1.0,0.6199474721392072,1.0,7,1.0,0.6083543048999009,1.0
344,0.07,31,1.0,0.9964062994697913,0.9545454545454546,0.5862717828257172,31,18,1.0,0.5356242233078431,0.9545454545454546,6.0,1.0,0.7161017822959193,1.0,7,1.0,0.605225507754363,0.9775280898876404
345,0.1,25,0.84,0.957456101950484,0.3333333333333333,0.42447690164261453,21,11,0.6363636363636364,0.4111149793970234,0.3333333333333333,7.0,1.0,0.39762378776515306,1.0,7,1.0,0.4723273219060049,0.9775280898876404
346,0.07,25,0.96,0.9733333333333333,0.3333333333333333,0.6303104252704491,24,14,0.9285714285714286,0.6403334489696585,0.3333333333333333,5.0,1.0,0.6308987816071955,1.0,6,1.0,0.6064330730250056,1.0
347,0.07,27,1.0,0.9983164983164983,0.9545454545454546,0.5808673227991716,27,9,1.0,0.6125658833881129,0.9545454545454546,8.0,1.0,0.4919012683081524,1.0,10,1.0,0.6235114618619401,1.0
348,0.1,23,0.8695652173913043,0.9602951980231083,0.3333333333333333,0.4489705393768764,20,13,0.8461538461538461,0.412279119443098,0.3333333333333333,3.0,1.0,0.5704285686305782,1.0,7,0.8571428571428571,0.4650583067165929,0.8571428571428571
349,0.1,32,0.90625,0.982895294003433,0.8043478260869565,0.5285520972661322,29,12,0.8333333333333334,0.5122104452504207,0.8043478260869565,10.0,1.0,0.5634243277278921,0.95,10,0.9,0.513289849223226,0.8571428571428571
350,0.07,29,0.9655172413793104,0.9770114942528735,0.3333333333333333,0.5748264864490881,28,16,0.9375,0.6100515451727831,0.3333333333333333,5.0,1.0,0.5059909704344964,1.0,8,1.0,0.5473985665108178,1.0
351,0.03,29,1.0,1.0,1.0,0.8301852595448632,29,12,1.0,0.7964195975161349,1.0,7.0,1.0,0.7746490162563758,1.0,10,1.0,0.9095794242812781,1.0
352,0.07,27,0.9629629629629629,0.9727928473246826,0.3333333333333333,0.5219796001356121,26,12,0.9166666666666666,0.5128511465650605,0.3333333333333333,10.0,1.0,0.5642477541877671,1.0,5,1.0,0.4593515806006249,0.9775280898876404
353,0.07,25,1.0,0.9982608695652173,0.9565217391304348,0.5708920189752812,25,11,1.0,0.4865805218238322,0.9565217391304348,6.0,1.0,0.6623684294657013,1.0,8,1.0,0.6182130196907083,1.0
354,0.07,28,0.9642857142857143,0.9738351129411217,0.3333333333333333,0.5412670295830496,27,12,0.9166666666666666,0.552445791749344,0.3333333333333333,6.0,1.0,0.48427649865258715,1.0,10,1.0,0.5620468335417738,0.9775280898876404
355,0.07,24,1.0,0.9990636704119851,0.9775280898876404,0.5433000100613531,24,7,1.0,0.5621658896125782,1.0,6.0,1.0,0.4609593518921154,1.0,11,1.0,0.5762075366210669,0.9775280898876404
356,0.07,29,1.0,0.9988876529477198,0.967741935483871,0.5732430380970307,29,12,1.0,0.5923705622527173,0.967741935483871,9.0,1.0,0.5666431406490039,1.0,8,1.0,0.5519766364925311,1.0
357,0.1,25,0.84,0.9723384152079805,0.8043478260869565,0.5412639234070796,21,13,0.7692307692307693,0.5358496262701267,0.8043478260869565,7.0,1.0,0.5767863184491875,1.0,5,0.8,0.5056097429042063,0.8571428571428571
358,0.07,25,1.0,0.9982608695652173,0.9565217391304348,0.5793609022141029,25,15,1.0,0.6197186184897603,0.9565217391304348,5.0,1.0,0.40254208732069935,1.0,5,1.0,0.6351065682805344,1.0
359,0.07,26,1.0,0.9973874440166575,0.9545454545454546,0.5793637119688941,26,14,1.0,0.6125614791363675,0.9545454545454546,4.0,1.0,0.5614783223980674,1.0,8,1.0,0.5302103142112291,0.9775280898876404
360,0.07,28,1.0,0.9972951312362252,0.9565217391304348,0.6514941021088763,28,13,1.0,0.7093008258902003,0.9565217391304348,8.0,1.0,0.5735538334012604,1.0,7,1.0,0.6332133507522641,1.0
361,0.07,29,1.0,0.9973202548285974,0.9545454545454546,0.5846644841274794,29,13,1.0,0.4945729039167288,0.9545454545454546,6.0,1.0,0.6213607563561493,1.0,10,1.0,0.6797657750642531,1.0
362,0.07,21,0.9523809523809523,0.9651134839214957,0.3333333333333333,0.5330201634934602,20,11,0.9090909090909091,0.49942079847659326,0.3333333333333333,7.0,1.0,0.5286061856719969,1.0,3,1.0,0.6665171168053865,0.9775280898876404
363,0.07,28,1.0,1.0,1.0,0.5992173610623146,28,14,1.0,0.615641263305685,1.0,5.0,1.0,0.4940348804668416,1.0,9,1.0,0.6321037801256676,1.0
364,0.07,27,0.9629629629629629,0.9727928473246825,0.3333333333333333,0.5968382144257153,26,11,0.9090909090909091,0.569668896657072,0.3333333333333333,6.0,1.0,0.5709446609647147,1.0,10,1.0,0.6422605960478232,0.9775280898876404
365,0.07,24,1.0,0.9986559139784946,0.967741935483871,0.567771711554396,24,12,1.0,0.6713587003324885,0.967741935483871,7.0,1.0,0.4516542613446643,1.0,5,1.0,0.4817273687805986,1.0
366,0.07,27,1.0,0.9971217551862713,0.9545454545454546,0.5514221864284856,27,15,1.0,0.5471385837854643,0.9545454545454546,5.0,1.0,0.5165786294196885,1.0,7,1.0,0.5854895899555295,1.0
367,0.07,32,0.96875,0.9778079710144927,0.3333333333333333,0.5717342982203745,31,16,0.9375,0.5532959353165663,0.3333333333333333,5.0,1.0,0.41049303006827775,1.0,11,1.0,0.6718452206950485,1.0
368,0.07,27,0.9629629629629629,0.9736983360171765,0.3333333333333333,0.5450417968370009,26,11,0.9090909090909091,0.5669043293668428,0.3333333333333333,9.0,1.0,0.47530460886443,1.0,7,1.0,0.6003484873976982,1.0
369,0.07,24,0.9583333333333334,0.9712858926342073,0.3333333333333333,0.6135562003707914,23,14,0.9285714285714286,0.6008189238657133,0.3333333333333333,3.0,1.0,0.49230610880175024,1.0,7,1.0,0.6909950783391079,0.9775280898876404
370,0.07,25,1.0,1.0,1.0,0.5952530817881324,25,15,1.0,0.6404103168724797,1.0,6.0,1.0,0.473002822277284,1.0,4,1.0,0.609288839488103,1.0
371,0.07,25,1.0,1.0,1.0,0.582048252640397,25,11,1.0,0.6115109366364696,1.0,5.0,1.0,0.5407895710352528,1.0,9,1.0,0.5689597953147216,1.0
372,0.07,30,1.0,0.9985507246376811,0.9565217391304348,0.5784256914483644,30,15,1.0,0.6046379171298585,0.9565217391304348,9.0,1.0,0.5291240050500926,1.0,6,1.0,0.5868476568420368,1.0
373,0.07,21,1.0,0.9967654068777664,0.9545454545454546,0.571142280703411,21,8,1.0,0.5825909855707733,0.9545454545454546,6.0,1.0,0.5789454043927336,1.0,7,1.0,0.5513696548355779,0.9775280898876404
374,0.07,30,1.0,1.0,1.0,0.6160066560876998,30,15,1.0,0.5943887069680748,1.0,7.0,1.0,0.5524817938177288,1.0,8,1.0,0.7121245651732218,1.0
375,0.07,21,1.0,0.9979296066252588,0.9565217391304348,0.6348946501626266,21,9,1.0,0.6575284570858576,0.9565217391304348,6.0,1.0,0.6669032284776142,1.0,6,1.0,0.5689353614627929,1.0
376,0.1,28,0.8571428571428571,0.9716106251973642,0.8043478260869565,0.4527545421209025,24,14,0.7857142857142857,0.47795638269955537,0.8043478260869565,5.0,1.0,0.5351895736674973,0.9948453608247423,9,0.8888888888888888,0.36775443925044554,0.8571428571428571
377,0.07,27,0.9629629629629629,0.9736983360171765,0.3333333333333333,0.6138122098833985,26,15,0.9333333333333333,0.5811228839671909,0.3333333333333333,4.0,1.0,0.8131571572953679,1.0,8,1.0,0.575432222270303,1.0
378,0.07,26,1.0,0.9983277591973244,0.9565217391304348,0.6491942021982795,26,9,1.0,0.7125246348821519,0.9565217391304348,10.0,1.0,0.6074447930861095,1.0,7,1.0,0.6274113731935432,1.0
379,0.07,26,1.0,0.9961467492275756,0.9545454545454546,0.5684974277024853,26,12,1.0,0.5856538196279645,0.9545454545454546,4.0,1.0,0.5437621442041812,1.0,10,1.0,0.5578038707912316,0.9775280898876404
380,0.07,26,1.0,1.0,1.0,0.5592453427123643,26,13,1.0,0.5637407680371346,1.0,8.0,1.0,0.48657501623149724,1.0,5,1.0,0.6638297592373485,1.0
381,0.07,25,1.0,0.9981818181818182,0.9545454545454546,0.5498235760686245,25,11,1.0,0.5461770739209648,0.9545454545454546,6.0,1.0,0.483531265186166,1.0,8,1.0,0.6045567496835005,1.0
382,0.07,29,1.0,0.9984326018808777,0.9545454545454546,0.5504847232817563,29,17,1.0,0.5328401783680567,0.9545454545454546,4.0,1.0,0.5204557892349801,1.0,8,1.0,0.6029938482467561,1.0
383,0.1,26,0.8461538461538461,0.9725380180802751,0.8043478260869565,0.5032520285462299,22,12,0.75,0.48865634403596275,0.8043478260869565,4.0,1.0,0.5837005971436722,1.0,10,0.9,0.48858742251957377,0.8571428571428571
384,0.07,27,1.0,0.9963626579445166,0.9565217391304348,0.5196767556340501,27,14,1.0,0.5477097242802329,0.9565217391304348,5.0,1.0,0.49346505343137775,1.0,8,1.0,0.48700137437990043,0.9775280898876404
385,0.07,26,0.9615384615384616,0.970938481808047,0.3333333333333333,0.537356833787073,25,14,0.9285714285714286,0.5003727425736356,0.3333333333333333,5.0,1.0,0.6130281017764606,1.0,7,1.0,0.5572741105072427,1.0
386,0.07,25,1.0,0.9991011235955056,0.9775280898876404,0.5904110749276024,25,11,1.0,0.5808043047311243,1.0,5.0,1.0,0.4908173219233973,1.0,9,1.0,0.6574825457256341,0.9775280898876404
387,0.07,30,1.0,0.9974095796676442,0.9545454545454546,0.5553763650197212,30,15,1.0,0.6124691142575115,0.9545454545454546,6.0,1.0,0.517184154158214,1.0,9,1.0,0.4856832568644087,1.0
388,0.07,24,1.0,0.9981884057971014,0.9565217391304348,0.5133980347725305,24,11,1.0,0.5358372742664675,0.9565217391304348,6.0,1.0,0.5179594410648648,1.0,7,1.0,0.4742265958886284,1.0
389,0.1,27,0.8518518518518519,0.9534263040450958,0.3333333333333333,0.37175575971786295,23,11,0.7272727272727273,0.3476948411777704,0.3333333333333333,5.0,1.0,0.2729708146944218,0.95,11,0.9090909090909091,0.44071892599588336,0.8571428571428571
390,0.07,29,1.0,0.9973202548285974,0.9545454545454546,0.5549657397268936,29,11,1.0,0.5123201399354236,0.9545454545454546,8.0,1.0,0.5384072900423402,1.0,10,1.0,0.6151226592451533,1.0
391,0.1,26,0.8461538461538461,0.9582844691540344,0.3333333333333333,0.4626074531838611,22,16,0.75,0.49906523207106723,0.3333333333333333,5.0,1.0,0.4351402025718428,1.0,5,1.0,0.3734098113568197,0.9565217391304348
392,0.03,25,1.0,1.0,1.0,0.8290775857718319,25,9,1.0,0.8368286767475225,1.0,7.0,1.0,0.7914740450376663,1.0,9,1.0,0.8505736931449365,1.0
393,0.07,26,0.9615384615384616,0.971822429321208,0.3333333333333333,0.5592103679921462,25,11,0.9090909090909091,0.5845616180441345,0.3333333333333333,4.0,1.0,0.5910907726665581,1.0,11,1.0,0.522266243513099,0.9775280898876404
394,0.03,24,1.0,1.0,1.0,0.8170538444607822,24,8,1.0,0.8106280672666357,1.0,6.0,1.0,0.7998829331234041,1.0,10,1.0,0.8324970130185262,1.0
395,0.07,25,0.96,0.9715151515151516,0.3333333333333333,0.6045915864257797,24,12,0.9166666666666666,0.6070404105973799,0.3333333333333333,3.0,1.0,0.5352146371049261,1.0,10,1.0,0.6224660822161154,1.0
396,0.07,26,1.0,0.9983277591973244,0.9565217391304348,0.5679664877749396,26,12,1.0,0.49421812290100625,0.9565217391304348,6.0,1.0,0.5411623084358834,1.0,8,1.0,0.6986921695901318,1.0
397,0.07,27,1.0,1.0,1.0,0.6043088172937233,27,13,1.0,0.6369302078105151,1.0,9.0,1.0,0.5455217962380442,1.0,5,1.0,0.6253098398502875,1.0
398,0.1,24,0.8333333333333334,0.9754255030238177,0.8333333333333334,0.5003493555531137,20,13,0.7692307692307693,0.536102524616958,0.8333333333333334,5.0,1.0,0.4171978979048944,1.0,6,0.8333333333333334,0.4921770372883005,0.8571428571428571
399,0.07,30,0.9666666666666667,0.9759534452901614,0.3333333333333333,0.5924326813835925,29,14,0.9285714285714286,0.5638441287529435,0.3333333333333333,5.0,1.0,0.6398674774379622,1.0,11,1.0,0.6072568410706143,0.9775280898876404
400,0.07,26,1.0,1.0,1.0,0.6231334095018707,26,12,1.0,0.6402967980527134,1.0,5.0,1.0,0.738355826280735,1.0,9,1.0,0.5362364376680443,1.0
401,0.07,26,0.9615384615384616,0.9714460387672168,0.3333333333333333,0.5353697032431639,25,13,0.9230769230769231,0.504382306420482,0.3333333333333333,4.0,1.0,0.6971750605134805,1.0,9,1.0,0.5082157843113415,1.0
402,0.07,27,0.9629629629629629,0.9728660430500521,0.3333333333333333,0.5509445613220227,26,15,0.9333333333333333,0.5311258669641542,0.3333333333333333,4.0,1.0,0.7493434632069901,1.0,8,1.0,0.4889051623005427,0.9775280898876404
403,0.07,24,1.0,0.9971697310180456,0.9545454545454546,0.5901171935861965,24,12,1.0,0.6228808530611508,0.9545454545454546,5.0,1.0,0.5547659159064013,1.0,7,1.0,0.5592018328289856,0.9775280898876404
404,0.07,27,1.0,0.9971949509116409,0.9565217391304348,0.6439375834785502,27,15,1.0,0.686000991624311,0.9565217391304348,3.0,1.0,0.40631868686389966,1.0,9,1.0,0.6530382021071665,1.0
405,0.1,22,0.8181818181818182,0.9707041018154343,0.8043478260869565,0.35596423532699384,18,13,0.7692307692307693,0.3617784404054247,0.8043478260869565,4.0,1.0,0.34167685147901017,1.0,5,0.8,0.3522772092014604,0.8571428571428571
406,0.07,29,1.0,0.9984326018808777,0.9545454545454546,0.5735632791149269,29,17,1.0,0.5800738214720917,0.9545454545454546,7.0,1.0,0.5843555904430776,1.0,5,1.0,0.536318199241155,1.0
407,0.07,26,1.0,0.9983277591973244,0.9565217391304348,0.5567968871751199,26,13,1.0,0.583840025100969,0.9565217391304348,8.0,1.0,0.4429550563941429,1.0,5,1.0,0.6686316578174754,1.0
408,0.07,26,0.9615384615384616,0.9734946701238835,0.3333333333333333,0.5540831425912702,25,11,0.9090909090909091,0.4580696754253097,0.3333333333333333,7.0,1.0,0.6735815435543419,1.0,8,1.0,0.5815405591017782,0.9775280898876404
409,0.07,24,0.9583333333333334,0.9693919532402678,0.3333333333333333,0.4878113277232856,23,10,0.9,0.34676242689797926,0.3333333333333333,7.0,1.0,0.5510048508974813,1.0,7,1.0,0.6261162342995276,0.9775280898876404
410,0.07,27,0.9629629629629629,0.9744763490081841,0.3333333333333333,0.5809197583115656,26,14,0.9285714285714286,0.5845459255125363,0.3333333333333333,7.0,1.0,0.5573809786550067,1.0,6,1.0,0.5999206111086189,0.9775280898876404
411,0.07,29,0.9655172413793104,0.9747373504259106,0.3333333333333333,0.5604073439346055,28,15,0.9333333333333333,0.5441563078629325,0.3333333333333333,9.0,1.0,0.589654015443073,1.0,5,1.0,0.556516443434383,0.9775280898876404
412,0.1,34,0.8529411764705882,0.9620019895819458,0.3333333333333333,0.47755556947754046,29,19,0.7368421052631579,0.45226186972113286,0.3333333333333333,10.0,1.0,0.4694181636451895,0.95,5,1.0,0.5899464402165908,1.0
413,0.1,25,0.84,0.9753790298874372,0.8333333333333334,0.43770153937220696,21,14,0.7857142857142857,0.4561191575529765,0.8333333333333334,4.0,1.0,0.4124450685772761,1.0,7,0.8571428571428571,0.41529857203634285,0.8571428571428571
414,0.1,22,0.8636363636363636,0.9783079239600979,0.8043478260869565,0.445632852411479,19,12,0.75,0.45386580519138137,0.8043478260869565,5.0,1.0,0.38612751464813166,1.0,5,1.0,0.4853791035030609,0.9565217391304348
415,0.1,28,0.8928571428571429,0.962029456051195,0.3333333333333333,0.4193824412969779,25,13,0.7692307692307693,0.3749905173776686,0.3333333333333333,9.0,1.0,0.4144228133432294,0.95,6,1.0,0.5230043850527707,0.9565217391304348
416,0.07,24,1.0,1.0,1.0,0.6417832986359177,24,9,1.0,0.7284736971065583,1.0,7.0,1.0,0.5233500130321804,1.0,8,1.0,0.6478857252597171,1.0
417,0.07,23,0.9565217391304348,0.9691241335853811,0.3333333333333333,0.5584455209763258,22,13,0.9230769230769231,0.5617877048163158,0.3333333333333333,4.0,1.0,0.6050383790172522,1.0,6,1.0,0.5201422172957301,1.0
418,0.07,23,1.0,0.9957300767174759,0.9565217391304348,0.5393755862182982,23,10,1.0,0.5387973761698668,0.9565217391304348,7.0,1.0,0.5140901607829279,1.0,6,1.0,0.5698389326402823,0.9775280898876404
419,0.07,27,1.0,0.9983164983164983,0.9545454545454546,0.5910078200503877,27,12,1.0,0.5804650897321251,0.9545454545454546,8.0,1.0,0.6230167441010201,1.0,7,1.0,0.5724994445381146,1.0
420,0.07,28,0.9642857142857143,0.9761904761904762,0.3333333333333333,0.6480785626341898,27,14,0.9285714285714286,0.7078704646671515,0.3333333333333333,8.0,1.0,0.6538140004527211,1.0,6,1.0,0.5009168741325717,1.0
421,0.07,29,1.0,0.9984326018808777,0.9545454545454546,0.6177550910880257,29,14,1.0,0.6084883026902836,0.9545454545454546,7.0,1.0,0.6483097086984202,1.0,8,1.0,0.6072366803749791,1.0
422,0.07,27,1.0,0.9971217551862713,0.9545454545454546,0.5898834482715168,27,13,1.0,0.6175755460893686,0.9545454545454546,3.0,1.0,0.6269036877990616,1.0,11,1.0,0.5470599946156346,1.0
423,0.07,29,0.9655172413793104,0.9751242537484428,0.3333333333333333,0.5496882375252947,28,14,0.9285714285714286,0.5085071605060031,0.3333333333333333,7.0,1.0,0.6211828236203039,1.0,8,1.0,0.5591973594759218,0.9775280898876404
424,0.07,27,0.9629629629629629,0.9753086419753086,0.3333333333333333,0.5865875526876981,26,12,0.9166666666666666,0.523730634184677,0.3333333333333333,9.0,1.0,0.6255957688705376,1.0,6,1.0,0.6537890654194812,1.0
425,0.07,28,0.9642857142857143,0.9761904761904762,0.3333333333333333,0.6849572024736664,27,13,0.9230769230769231,0.653070480734821,0.3333333333333333,5.0,1.0,0.7307644908432366,1.0,10,1.0,0.7035062965493807,1.0
426,0.07,27,1.0,0.9971949509116409,0.9565217391304348,0.5331712389113408,27,17,1.0,0.574212082416267,0.9565217391304348,5.0,1.0,0.4037353654711492,1.0,5,1.0,0.5230682444347832,1.0
427,0.1,29,0.8620689655172413,0.9737019162083562,0.8043478260869565,0.40825645933868077,25,15,0.8,0.3696925414010409,0.8043478260869565,5.0,1.0,0.5225214992317132,0.95,9,0.8888888888888888,0.4090490781830626,0.8571428571428571
428,0.07,26,1.0,0.9987593052109182,0.967741935483871,0.5821062759735227,26,13,1.0,0.6085705821410458,0.967741935483871,5.0,1.0,0.45418391899071003,1.0,8,1.0,0.6190532515655558,1.0
429,0.07,26,1.0,0.9987593052109182,0.967741935483871,0.5952358810093245,26,13,1.0,0.5833328673768182,0.967741935483871,5.0,1.0,0.5631488551737169,1.0,8,1.0,0.6346326693094018,1.0
430,0.07,27,1.0,0.9967061923583663,0.9545454545454546,0.5379361562017522,27,14,1.0,0.4903020492606758,0.9545454545454546,5.0,1.0,0.6140410519170355,1.0,8,1.0,0.5737302835265841,1.0
431,0.07,27,0.9629629629629629,0.9736983360171765,0.3333333333333333,0.5422761692274795,26,11,0.9090909090909091,0.48563649177804236,0.3333333333333333,11.0,1.0,0.6218246640524744,1.0,5,1.0,0.49187677100125227,1.0
432,0.07,29,1.0,1.0,1.0,0.5867235008263797,29,11,1.0,0.532745508658624,1.0,7.0,1.0,0.610340652108091,1.0,11,1.0,0.6256723967239556,1.0
433,0.07,26,0.9615384615384616,0.9734946701238835,0.3333333333333333,0.5614754176611128,25,11,0.9090909090909091,0.5495394028831009,0.3333333333333333,6.0,1.0,0.5467747498747803,1.0,9,1.0,0.5858643253584606,0.9775280898876404
434,0.1,25,0.88,0.9568405797101448,0.3333333333333333,0.44828209756179044,22,8,0.625,0.29848907698462346,0.3333333333333333,10.0,1.0,0.49710679030291105,0.95,7,1.0,0.5497245600198091,1.0
435,0.1,24,0.7916666666666666,0.9415964771943033,0.3333333333333333,0.39695325537376586,19,14,0.7142857142857143,0.4025538335199182,0.3333333333333333,3.0,1.0,0.20804647688456823,1.0,7,0.8571428571428571,0.4667121470054031,0.8571428571428571
436,0.07,27,1.0,0.9971217551862713,0.9545454545454546,0.5708077549873879,27,12,1.0,0.5879525620045982,0.9545454545454546,6.0,1.0,0.44003575777051784,1.0,9,1.0,0.6351293437756874,1.0
437,0.07,26,1.0,0.9973874440166575,0.9545454545454546,0.5878413261625011,26,13,1.0,0.512388207983485,0.9545454545454546,5.0,1.0,0.6965493205650622,1.0,8,1.0,0.6425101467018015,0.9775280898876404
438,0.07,29,1.0,0.9950461110016345,0.9545454545454546,0.5794284912322303,29,19,1.0,0.5610521160536827,0.9545454545454546,5.0,1.0,0.5042421302593972,1.0,5,1.0,0.724445077883545,0.9775280898876404
439,0.07,26,0.9615384615384616,0.9731182795698925,0.3333333333333333,0.5758483310435195,25,11,0.9090909090909091,0.546652795764532,0.3333333333333333,4.0,1.0,0.5616031272186911,1.0,11,1.0,0.6102239404406263,1.0
440,0.1,33,0.8787878787878788,0.9802717727517916,0.8043478260869565,0.45513488092866233,29,17,0.8235294117647058,0.47164904685314407,0.8043478260869565,8.0,1.0,0.4570093029804908,1.0,8,0.875,0.41816785628731007,0.8571428571428571
441,0.07,24,0.9583333333333334,0.9722222222222222,0.3333333333333333,0.6101776324060303,23,10,0.9,0.5910471910402325,0.3333333333333333,7.0,1.0,0.5667429285466546,1.0,7,1.0,0.6809415382165455,1.0
442,0.07,24,1.0,0.9986559139784946,0.967741935483871,0.604745704529634,24,12,1.0,0.5860088512325344,0.967741935483871,7.0,1.0,0.5753869342521661,1.0,5,1.0,0.6908164308311283,1.0
443,0.07,25,1.0,0.9987096774193549,0.967741935483871,0.6224099238510553,25,14,1.0,0.5977371288044118,0.967741935483871,5.0,1.0,0.6381489507083817,1.0,6,1.0,0.6668639232454517,1.0
444,0.1,30,0.8666666666666667,0.9609385783298827,0.3333333333333333,0.4259643734260106,26,15,0.8,0.3825488347173625,0.3333333333333333,8.0,1.0,0.3669266541263838,1.0,7,0.8571428571428571,0.5864693498584016,0.8571428571428571
445,0.1,26,0.8461538461538461,0.9557705070674808,0.3333333333333333,0.39978744704013736,22,9,0.6666666666666666,0.2866620475318228,0.3333333333333333,9.0,1.0,0.445227130127667,0.9948453608247423,8,0.875,0.4759338780135204,0.8571428571428571
446,0.1,28,0.8571428571428571,0.9598126572533333,0.3333333333333333,0.47697802576769927,24,12,0.75,0.41485252496402053,0.3333333333333333,9.0,1.0,0.5149548812083494,0.9948453608247423,7,0.8571428571428571,0.5346514987217409,0.8571428571428571
447,0.03,29,1.0,1.0,1.0,0.8694767945877839,29,14,1.0,0.9084489775989335,1.0,5.0,1.0,0.812489599683498,1.0,10,1.0,0.8434093358243174,1.0
448,0.07,29,0.9655172413793104,0.9770114942528735,0.3333333333333333,0.5789853866976865,28,17,0.9411764705882353,0.5103312342937586,0.3333333333333333,2.0,1.0,0.604978354978355,1.0,10,1.0,0.6904988521282303,1.0
449,0.07,27,1.0,0.9974842053493739,0.9545454545454546,0.5215137547407666,27,12,1.0,0.49782191089780964,0.9545454545454546,6.0,1.0,0.45406100743443734,1.0,9,1.0,0.5980713780689286,0.9775280898876404
450,0.07,23,1.0,1.0,1.0,0.583233740201779,23,8,1.0,0.5341545758925159,1.0,4.0,1.0,0.6750236351583786,1.0,11,1.0,0.5855495342606616,1.0
451,0.07,29,0.9655172413793104,0.9770114942528735,0.3333333333333333,0.5692091817890116,28,12,0.9166666666666666,0.6028900637687187,0.3333333333333333,12.0,1.0,0.5165303635979565,1.0,5,1.0,0.6148042286962465,1.0
452,0.07,29,1.0,0.997725856173037,0.9565217391304348,0.6160639065206862,29,14,1.0,0.5334113371837664,0.9565217391304348,6.0,1.0,0.8180904146078971,1.0,9,1.0,0.6099502312088654,0.9775280898876404
453,0.07,28,1.0,0.9983766233766234,0.9545454545454546,0.5963693909751394,28,11,1.0,0.5763263590946718,0.9545454545454546,7.0,1.0,0.47025727282995117,1.0,10,1.0,0.7066952087452857,1.0
454,0.07,30,0.9666666666666667,0.975187357445422,0.3333333333333333,0.562643728287582,29,19,0.9473684210526315,0.5637254185473334,0.3333333333333333,6.0,1.0,0.5726583402953623,1.0,5,1.0,0.5465157708911901,1.0
455,0.07,24,1.0,0.9990636704119851,0.9775280898876404,0.5538683891442964,24,9,1.0,0.5150746512425696,1.0,4.0,1.0,0.5810546718740484,1.0,11,1.0,0.5757227991621631,0.9775280898876404
456,0.1,27,0.8148148148148148,0.9713758220358221,0.8043478260869565,0.4647920414263576,22,12,0.6666666666666666,0.41489760719354307,0.8043478260869565,6.0,1.0,0.48525933787612335,0.9948453608247423,9,0.8888888888888888,0.517673089436933,0.8571428571428571
457,0.07,30,1.0,0.9985507246376811,0.9565217391304348,0.5786886096065958,30,17,1.0,0.5960591468236546,0.9565217391304348,8.0,1.0,0.5008143848387221,1.0,5,1.0,0.6442275426971948,1.0
458,0.1,30,0.8666666666666667,0.960513206600163,0.3333333333333333,0.5356311984261115,26,15,0.7333333333333333,0.5921160838341984,0.3333333333333333,5.0,1.0,0.5643198549103186,0.95,10,1.0,0.43655954207187786,0.9565217391304348
459,0.07,29,0.9655172413793104,0.9758991472005932,0.3333333333333333,0.5524348901023011,28,13,0.9230769230769231,0.49204765360215524,0.3333333333333333,6.0,1.0,0.6176824731853179,1.0,10,1.0,0.5917897477026804,1.0
460,0.07,25,1.0,1.0,1.0,0.6447758999369397,25,11,1.0,0.6816883848820438,1.0,5.0,1.0,0.6054146458409848,1.0,9,1.0,0.6215280039462321,1.0
461,0.07,26,0.9615384615384616,0.9734946701238835,0.3333333333333333,0.6043773331691568,25,8,0.875,0.6408810779468848,0.3333333333333333,10.0,1.0,0.5677284658752031,1.0,8,1.0,0.6136846725088709,0.9775280898876404
462,0.07,23,1.0,0.9985974754558206,0.967741935483871,0.5632029607252027,23,14,1.0,0.6250177154688087,0.967741935483871,3.0,1.0,0.4089979665599955,1.0,6,1.0,0.49607103007272574,1.0
463,0.07,32,1.0,0.9982896882928598,0.967741935483871,0.5962553000240098,32,16,1.0,0.6363344257110967,0.967741935483871,6.0,1.0,0.5581824846236357,1.0,10,1.0,0.5549723881648958,0.9775280898876404
464,0.07,24,1.0,1.0,1.0,0.5848875186686256,24,8,1.0,0.4700809087466894,1.0,6.0,1.0,0.628552988551264,1.0,10,1.0,0.6505335246765915,1.0
465,0.07,31,0.967741935483871,0.97702834799609,0.3333333333333333,0.5888018226253366,30,13,0.9230769230769231,0.5431787891018995,0.3333333333333333,6.0,1.0,0.539480835813039,1.0,12,1.0,0.6628872690152093,1.0
466,0.07,27,1.0,0.9967061923583663,0.9545454545454546,0.6792256887614796,27,15,1.0,0.6339530134952295,0.9545454545454546,5.0,1.0,0.671237256438104,1.0,7,1.0,0.7819445874201412,1.0
467,0.1,26,0.8846153846153846,0.9814972718848897,0.8043478260869565,0.45649643541615414,23,10,0.7,0.3762627359558142,0.8043478260869565,9.0,1.0,0.45599561952193546,0.95,7,1.0,0.5717599122234923,0.9775280898876404
468,0.07,33,0.9696969696969697,0.9797979797979797,0.3333333333333333,0.57550531874189,32,16,0.9375,0.5900859349307228,0.3333333333333333,9.0,1.0,0.5096662126955792,1.0,8,1.0,0.620413080666324,1.0
469,0.07,22,1.0,1.0,1.0,0.572255073243841,22,10,1.0,0.5887034314206507,1.0,4.0,1.0,0.6523146579760182,1.0,8,1.0,0.5116648331567403,1.0
470,0.07,29,0.9655172413793104,0.9747373504259106,0.3333333333333333,0.553067906230665,28,14,0.9285714285714286,0.48743867608664126,0.3333333333333333,8.0,1.0,0.5541229872189495,1.0,7,1.0,0.6831205596749589,0.9775280898876404
471,0.07,25,1.0,0.997361993160723,0.9565217391304348,0.6311632887317308,25,12,1.0,0.6165589133307654,0.9565217391304348,7.0,1.0,0.6539885067712312,1.0,6,1.0,0.6337426184875777,0.9775280898876404
472,0.1,28,0.8571428571428571,0.9554425997097807,0.3333333333333333,0.399694610477587,24,15,0.7333333333333333,0.42329371403481514,0.3333333333333333,7.0,1.0,0.2341314850761127,1.0,6,1.0,0.5338538312195701,1.0
473,0.1,29,0.8620689655172413,0.9761188025569879,0.8043478260869565,0.45199183395878473,25,13,0.7692307692307693,0.4538136778646828,0.8043478260869565,7.0,1.0,0.41916975162480913,1.0,9,0.8888888888888888,0.4748885679100239,0.8571428571428571
474,0.07,26,1.0,0.9983277591973244,0.9565217391304348,0.559185430216637,26,15,1.0,0.601314142731436,0.9565217391304348,6.0,1.0,0.41285369155190077,1.0,5,1.0,0.6083973790699237,1.0
475,0.07,25,1.0,0.9982608695652173,0.9565217391304348,0.6640680405074135,25,9,1.0,0.7258480869933194,0.9565217391304348,9.0,1.0,0.6091278116076887,1.0,7,1.0,0.655273989325181,1.0
476,0.07,25,0.96,0.9720430107526882,0.3333333333333333,0.6033551141239678,24,16,0.9375,0.5711846219787908,0.3333333333333333,5.0,1.0,0.7092123082727239,1.0,4,1.0,0.5997155900187305,1.0
477,0.07,30,0.9666666666666667,0.9759534452901614,0.3333333333333333,0.5276236897225574,29,15,0.9333333333333333,0.4754479169610413,0.3333333333333333,7.0,1.0,0.5249910271763091,1.0,8,1.0,0.6277568433783672,0.9775280898876404
478,0.07,23,1.0,0.9985974754558206,0.967741935483871,0.5366672805911971,23,10,1.0,0.5647337063644557,0.967741935483871,6.0,1.0,0.4082130965279971,1.0,7,1.0,0.6066759729692848,1.0
479,0.07,25,1.0,0.9987096774193549,0.967741935483871,0.5655862721941591,25,12,1.0,0.5539699408279312,0.967741935483871,5.0,1.0,0.5791097294271997,1.0,8,1.0,0.5745586084728506,1.0
480,0.07,24,0.9583333333333334,0.9722222222222222,0.3333333333333333,0.5172513232425193,23,13,0.9230769230769231,0.4990278145267547,0.3333333333333333,3.0,1.0,0.32690633563873,1.0,8,1.0,0.6182438952570579,1.0
481,0.07,21,0.9523809523809523,0.9661835748792269,0.3333333333333333,0.5300240134962498,20,9,0.8888888888888888,0.52627295733335,0.3333333333333333,7.0,1.0,0.5318776943723675,1.0,5,1.0,0.5341807613629055,1.0
482,0.07,28,1.0,0.9972951312362252,0.9565217391304348,0.6025419701893634,28,13,1.0,0.6150734582643562,0.9565217391304348,6.0,1.0,0.6066947615271512,1.0,9,1.0,0.5816724043002931,1.0
483,0.07,31,0.967741935483871,0.97702834799609,0.3333333333333333,0.5928245175233898,30,12,0.9166666666666666,0.5322389054492884,0.3333333333333333,10.0,1.0,0.5772331025111386,1.0,9,1.0,0.6909291280802488,1.0
484,0.07,29,1.0,0.9969333515060652,0.9545454545454546,0.5887990455665959,29,11,1.0,0.5983712796907872,0.9545454545454546,7.0,1.0,0.6523654884448717,1.0,11,1.0,0.5387754387016838,1.0
485,0.07,28,1.0,0.9976446367506455,0.9565217391304348,0.6564712908967539,28,11,1.0,0.7193964615478957,0.9565217391304348,4.0,1.0,0.7551339009231699,1.0,13,1.0,0.5728691895684292,0.9775280898876404
486,0.07,29,1.0,0.9973884025729071,0.9565217391304348,0.5865540120002776,29,14,1.0,0.5953374222573539,0.9565217391304348,7.0,1.0,0.5582355321049229,1.0,8,1.0,0.5959617139588296,1.0
487,0.07,25,1.0,0.9951523651663904,0.9545454545454546,0.5543912736977024,25,11,1.0,0.4982465377777532,0.9545454545454546,4.0,1.0,0.4791235063453202,1.0,10,1.0,0.6462575901505992,1.0
488,0.07,21,0.9523809523809523,0.9660894660894661,0.3333333333333333,0.6035915521038702,20,7,0.8571428571428571,0.5781865011369999,0.3333333333333333,5.0,1.0,0.5225399867987675,1.0,9,1.0,0.6683796835809374,1.0
489,0.1,27,0.8518518518518519,0.959243923012039,0.3333333333333333,0.48908240631846667,23,14,0.7142857142857143,0.40401542574183413,0.3333333333333333,3.0,1.0,0.5550054103138976,1.0,10,1.0,0.5883992779271228,1.0
490,0.07,30,0.9666666666666667,0.9762626262626263,0.3333333333333333,0.592669004210111,29,15,0.9333333333333333,0.5946536197340102,0.3333333333333333,7.0,1.0,0.5170507873506923,1.0,8,1.0,0.6551137898547914,1.0
491,0.07,25,0.96,0.9706162751106571,0.3333333333333333,0.5368352158416384,24,11,0.9090909090909091,0.49079136835433573,0.3333333333333333,6.0,1.0,0.5638758816206358,1.0,8,1.0,0.5798650068024314,0.9775280898876404
492,0.07,22,1.0,0.9989785495403474,0.9775280898876404,0.6171036704703146,22,11,1.0,0.5574537986527527,1.0,4.0,1.0,0.5837941131382075,1.0,7,1.0,0.7298732160876872,0.9775280898876404
493,0.07,26,0.9615384615384616,0.9734946701238836,0.3333333333333333,0.6250735212434079,25,10,0.9,0.5925210088918909,0.3333333333333333,6.0,1.0,0.6010559707654851,1.0,10,1.0,0.6720365638816788,0.9775280898876404
494,0.07,27,1.0,1.0,1.0,0.6601622461205929,27,11,1.0,0.6303827541527789,1.0,8.0,1.0,0.6535021421805655,1.0,8,1.0,0.7077691515163642,1.0
495,0.07,26,1.0,0.9991356957649093,0.9775280898876404,0.5028472880247471,26,13,1.0,0.5222815613191266,1.0,5.0,1.0,0.40617102332892874,1.0,8,1.0,0.5316892593562671,0.9775280898876404
496,0.07,24,1.0,0.9971697310180456,0.9545454545454546,0.5740405776044024,24,12,1.0,0.5698321616022765,0.9545454545454546,5.0,1.0,0.655279836694959,1.0,7,1.0,0.5232269628290779,0.9775280898876404
497,0.07,23,1.0,1.0,1.0,0.60145844983088,23,8,1.0,0.5621816401254396,1.0,5.0,1.0,0.5960711244696613,1.0,10,1.0,0.6355735602758416,1.0
498,0.07,23,1.0,0.998109640831758,0.9565217391304348,0.6344086114780243,23,7,1.0,0.534861571750607,0.9565217391304348,8.0,1.0,0.682994212514185,1.0,8,1.0,0.6729266702033537,1.0
499,0.07,28,0.9642857142857143,0.9750384024577573,0.3333333333333333,0.6496992682630236,27,14,0.9285714285714286,0.5914003074316728,0.3333333333333333,6.0,1.0,0.717252316063867,1.0,8,1.0,0.7010576638672548,1.0
500,0.07,30,1.0,0.9981756675123836,0.967741935483871,0.6213001716755132,30,14,1.0,0.6249939016767573,0.967741935483871,6.0,1.0,0.4632729642808176,1.0,10,1.0,0.7109452741105888,0.9775280898876404
501,0.07,25,1.0,1.0,1.0,0.5080585613315384,25,13,1.0,0.5670411469693253,1.0,6.0,1.0,0.44266963338698,1.0,6,1.0,0.44565188706089187,1.0
502,0.07,23,1.0,1.0,1.0,0.6049064367206849,23,9,1.0,0.5571847970428414,1.0,4.0,1.0,0.6231865797218622,1.0,10,1.0,0.6405438552302734,1.0
503,0.03,31,1.0,1.0,1.0,0.8405165034157183,31,17,1.0,0.8435679471332054,1.0,7.0,1.0,0.857165178413185,1.0,7,1.0,0.8164571793900698,1.0
504,0.07,28,0.9642857142857143,0.9753879079721777,0.3333333333333333,0.6742129570258483,27,14,0.9285714285714286,0.6673439825691433,0.3333333333333333,4.0,1.0,0.7034061730304217,1.0,10,1.0,0.6721522348634058,0.9775280898876404
505,0.07,30,0.9666666666666667,0.9762626262626263,0.3333333333333333,0.5212394567235644,29,11,0.9090909090909091,0.5391398234190613,0.3333333333333333,6.0,1.0,0.4258484863730845,1.0,13,1.0,0.550119594296827,1.0
506,0.07,27,1.0,1.0,1.0,0.6299449617141725,27,15,1.0,0.6185914977206041,1.0,6.0,1.0,0.7004168842541226,1.0,6,1.0,0.587856699158143,1.0
507,0.07,27,1.0,0.9983164983164983,0.9545454545454546,0.6166257358903618,27,14,1.0,0.5615764200931916,0.9545454545454546,7.0,1.0,0.6658366553867605,1.0,6,1.0,0.6876614000046272,1.0
508,0.07,29,1.0,1.0,1.0,0.5750777395683024,29,11,1.0,0.6114351243512908,1.0,8.0,1.0,0.532231840272056,1.0,10,1.0,0.5693613357440125,1.0
509,0.07,25,1.0,1.0,1.0,0.57608583303652,25,12,1.0,0.551254959379253,1.0,8.0,1.0,0.5083604140021258,1.0,5,1.0,0.7440406002689912,1.0
510,0.07,28,0.9642857142857143,0.9737645313488009,0.3333333333333333,0.5499747795809543,27,12,0.9166666666666666,0.5271882958408448,0.3333333333333333,7.0,1.0,0.49931496680747756,1.0,9,1.0,0.6197588345026935,0.9775280898876404
511,0.07,23,1.0,0.9985974754558206,0.967741935483871,0.5803049442755409,23,9,1.0,0.5139687005776387,0.967741935483871,5.0,1.0,0.6765002065250683,1.0,9,1.0,0.5931993756125947,1.0
512,0.07,26,0.9615384615384616,0.9731182795698925,0.3333333333333333,0.5625021951515733,25,12,0.9166666666666666,0.6104080496525223,0.3333333333333333,6.0,1.0,0.47483971755531246,1.0,8,1.0,0.5563902715973456,1.0
513,0.07,26,1.0,0.9974634549622335,0.9565217391304348,0.615315079164069,26,16,1.0,0.629228038346649,0.9565217391304348,5.0,1.0,0.6312569426176171,1.0,5,1.0,0.5548517463262657,0.9775280898876404
514,0.1,22,0.8181818181818182,0.944541690193864,0.3333333333333333,0.4978945437090246,18,15,0.8,0.5044222078153077,0.3333333333333333,1.0,1.0,0.7074756229685807,0.95,6,0.8333333333333334,0.4466452035667245,0.8571428571428571
515,0.07,26,1.0,1.0,1.0,0.5649500712636871,26,11,1.0,0.597960768176354,1.0,7.0,1.0,0.5462481862716728,1.0,8,1.0,0.5359245123767828,1.0
516,0.07,25,1.0,1.0,1.0,0.5578027897332151,25,13,1.0,0.5811312315190912,1.0,6.0,1.0,0.5359135928005242,1.0,6,1.0,0.5291470294631742,1.0
517,0.1,22,0.8181818181818182,0.971283672998151,0.8043478260869565,0.5575155732515142,18,8,0.625,0.597889883854995,0.8043478260869565,7.0,1.0,0.48558579960834053,0.9948453608247423,7,0.8571428571428571,0.5833032776335669,0.8571428571428571
518,0.07,23,0.9565217391304348,0.9680611685985404,0.3333333333333333,0.5821313615865374,22,10,0.9,0.5356058240929535,0.3333333333333333,5.0,1.0,0.6240894465129182,1.0,8,1.0,0.6140644803745294,0.9775280898876404
519,0.07,22,1.0,0.9980237154150197,0.9565217391304348,0.5847805190722547,22,10,1.0,0.5748306095274849,0.9565217391304348,6.0,1.0,0.5207972191458773,1.0,6,1.0,0.6653470015732478,1.0
520,0.07,31,1.0,0.9978088240139708,0.9545454545454546,0.6518345228578396,31,13,1.0,0.663557360348013,0.9545454545454546,9.0,1.0,0.5866051956533442,1.0,9,1.0,0.7001308625765288,0.9775280898876404
521,0.1,26,0.8846153846153846,0.962647687857705,0.3333333333333333,0.4664276823102774,23,15,0.8,0.4772362377016595,0.3333333333333333,3.0,1.0,0.37938894305700893,0.9948453608247423,8,1.0,0.4788011681714117,1.0
522,0.07,25,1.0,0.996891495601173,0.9545454545454546,0.5471122718324186,25,14,1.0,0.5686430810351099,0.9545454545454546,3.0,1.0,0.45489277033138453,1.0,8,1.0,0.5440156687905964,1.0
523,0.07,26,1.0,0.9973874440166575,0.9545454545454546,0.6443994801651927,26,12,1.0,0.5734031346793543,0.9545454545454546,6.0,1.0,0.7952580922305049,1.0,8,1.0,0.6377500393449659,0.9775280898876404
524,0.1,22,0.8181818181818182,0.9675449304585069,0.8043478260869565,0.41071096518222494,18,10,0.7,0.36459447315606536,0.8043478260869565,3.0,1.0,0.49309594608937046,0.95,9,0.8888888888888888,0.4344898515755762,0.8571428571428571
525,0.07,23,1.0,0.9985974754558206,0.967741935483871,0.6966784531767113,23,12,1.0,0.6793209965755939,0.967741935483871,4.0,1.0,0.7184563961007485,1.0,7,1.0,0.7139895542506052,1.0
526,0.07,24,1.0,0.9949503803816566,0.9545454545454546,0.5595515575857851,24,10,1.0,0.5453133815086484,0.9545454545454546,9.0,1.0,0.48713886584738564,1.0,5,1.0,0.7183707548691775,1.0
527,0.07,21,1.0,0.9978354978354977,0.9545454545454546,0.6304967356747492,21,11,1.0,0.581806973186793,0.9545454545454546,5.0,1.0,0.6967055209486093,1.0,5,1.0,0.6714054278743933,1.0
528,0.07,32,1.0,0.9979390571568147,0.9565217391304348,0.5498116234632101,32,13,1.0,0.5255237367746287,0.9565217391304348,8.0,1.0,0.5091081482708026,1.0,11,1.0,0.6081180169623752,0.9775280898876404
529,0.07,30,1.0,0.9981756675123837,0.967741935483871,0.6031890777503519,30,14,1.0,0.6159571124549535,0.967741935483871,9.0,1.0,0.6352195598794554,1.0,7,1.0,0.5364709598894444,0.9775280898876404
530,0.1,24,0.8333333333333334,0.9539346367562415,0.3333333333333333,0.51724335005987,20,14,0.7142857142857143,0.4596362195189851,0.3333333333333333,5.0,1.0,0.5665040686265145,0.9948453608247423,5,1.0,0.6292825970077034,1.0
531,0.07,29,1.0,0.9973202548285974,0.9545454545454546,0.5564888358686788,29,12,1.0,0.5602700399674899,0.9545454545454546,6.0,1.0,0.4987349990324826,1.0,11,1.0,0.5838659787624465,1.0
532,0.07,28,1.0,0.9956717546128486,0.9545454545454546,0.544507927659464,28,17,1.0,0.5547907144797422,0.9545454545454546,5.0,1.0,0.40158264935962273,1.0,6,1.0,0.6344777635852106,1.0
533,0.07,27,1.0,0.9983164983164983,0.9545454545454546,0.5574249439700268,27,12,1.0,0.5228461646688104,0.9545454545454546,5.0,1.0,0.48797567723120566,1.0,10,1.0,0.633644112500897,1.0
534,0.07,23,1.0,0.9980237154150197,0.9545454545454546,0.6026890085162195,23,11,1.0,0.6355580667998475,0.9545454545454546,6.0,1.0,0.5652332902531888,1.0,6,1.0,0.5798847865925997,1.0
535,0.07,31,0.967741935483871,0.9763034476698847,0.3333333333333333,0.5319372331727956,30,11,0.9090909090909091,0.536411289833268,0.3333333333333333,10.0,1.0,0.48411875565326296,1.0,10,1.0,0.5748342483658087,0.9775280898876404
536,0.07,28,1.0,0.9976446367506454,0.9565217391304348,0.5459428302102187,28,10,1.0,0.5513450033957217,0.9565217391304348,7.0,1.0,0.5024925897863554,1.0,11,1.0,0.5686819166749474,0.9775280898876404
537,0.1,30,0.8666666666666667,0.959271911663216,0.3333333333333333,0.4844068021086065,26,15,0.8,0.4906115989131444,0.3333333333333333,6.0,1.0,0.4762482919235262,1.0,9,0.8888888888888888,0.479504480891097,0.8571428571428571
538,0.07,27,1.0,0.9958738993912419,0.9545454545454546,0.5677855132954892,27,13,1.0,0.5559207365487309,0.9545454545454546,3.0,1.0,0.5597797319427115,1.0,11,1.0,0.5839909170924158,0.9775280898876404
539,0.1,27,0.8518518518518519,0.9564873695185035,0.3333333333333333,0.4803965185975655,23,10,0.6,0.40377492697083917,0.3333333333333333,9.0,1.0,0.46955151839871156,0.95,8,1.0,0.5883741333546841,0.9775280898876404
540,0.07,27,1.0,0.9962894622191469,0.9545454545454546,0.5972170225618093,27,13,1.0,0.5699101390217474,0.9545454545454546,4.0,1.0,0.5456315615437624,1.0,10,1.0,0.6533501555711084,0.9775280898876404
541,0.07,28,0.9642857142857143,0.9726124576160821,0.3333333333333333,0.6294031497548016,27,14,0.9285714285714286,0.6376455706303182,0.3333333333333333,4.0,1.0,0.5191510652911331,1.0,10,1.0,0.661964594314546,0.9775280898876404
542,0.07,30,1.0,0.9962865094521176,0.9545454545454546,0.5425953906284123,30,12,1.0,0.45817046786483645,0.9545454545454546,7.0,1.0,0.5915294305111267,1.0,11,1.0,0.6035554628087682,0.9775280898876404
543,0.07,23,1.0,1.0,1.0,0.5706481537287602,23,12,1.0,0.6006941655234709,1.0,6.0,1.0,0.4720731561888525,1.0,5,1.0,0.6168277224693438,1.0
544,0.07,28,1.0,0.9968238283455675,0.9545454545454546,0.6071622541401132,28,13,1.0,0.6278174765647069,0.9545454545454546,7.0,1.0,0.6401563934050026,1.0,8,1.0,0.5447276458433701,1.0
545,0.03,23,1.0,1.0,1.0,0.8182184257760601,23,11,1.0,0.7989185924687543,1.0,7.0,1.0,0.8023137151639093,1.0,5,1.0,0.882944653909145,1.0
546,0.1,29,0.896551724137931,0.9853634870876251,0.8333333333333334,0.47019774017835436,26,15,0.8,0.4289607144408209,0.8333333333333334,8.0,1.0,0.5225126902442505,1.0,6,1.0,0.5035370377676595,1.0
547,0.07,28,0.9642857142857143,0.9761904761904762,0.3333333333333333,0.6068604931612827,27,14,0.9285714285714286,0.611483797941146,0.3333333333333333,7.0,1.0,0.6303921178090225,1.0,7,1.0,0.574082258953816,1.0
548,0.07,30,0.9666666666666667,0.9770287141073658,0.3333333333333333,0.5822304706062326,29,14,0.9285714285714286,0.5958892119666784,0.3333333333333333,7.0,1.0,0.5900168235600732,1.0,9,1.0,0.5549274873036629,0.9775280898876404
549,0.07,26,0.9615384615384616,0.9743589743589743,0.3333333333333333,0.5667576712472663,25,11,0.9090909090909091,0.5624147261617252,0.3333333333333333,7.0,1.0,0.5418359325586878,1.0,8,1.0,0.5945357420923915,1.0
550,0.07,29,0.9655172413793104,0.9755122438780609,0.3333333333333333,0.5944518382959921,28,12,0.9166666666666666,0.553830097024871,0.3333333333333333,5.0,1.0,0.5382940088945495,1.0,12,1.0,0.6584726751510478,1.0
551,0.07,22,0.9545454545454546,0.9696969696969696,0.3333333333333333,0.5211391445341008,21,10,0.9,0.5792482801688237,0.3333333333333333,5.0,1.0,0.38391957057105386,1.0,7,1.0,0.5361400750295304,1.0
552,0.07,22,1.0,0.9964676086376966,0.9545454545454546,0.6526570457344056,22,9,1.0,0.6133843363747322,0.9545454545454546,5.0,1.0,0.8069563041277388,1.0,8,1.0,0.6004018072682055,1.0
553,0.07,22,0.9545454545454546,0.9696969696969696,0.3333333333333333,0.5571985034272852,21,10,0.9,0.6038881344441468,0.3333333333333333,8.0,1.0,0.4704770045216553,1.0,4,1.0,0.6139174236963901,1.0
554,0.07,27,1.0,0.9946791562610149,0.9545454545454546,0.5764822455832257,27,14,1.0,0.5534145599365213,0.9545454545454546,5.0,1.0,0.6160768253751263,1.0,8,1.0,0.5921040830950203,0.9775280898876404
555,0.07,29,1.0,0.9973202548285974,0.9545454545454546,0.542989839903163,29,17,1.0,0.4865507384648641,0.9545454545454546,5.0,1.0,0.717556833214995,1.0,7,1.0,0.555365519602009,1.0
556,0.07,24,1.0,0.9981060606060606,0.9545454545454546,0.6072628229101658,24,9,1.0,0.6573911240531606,0.9545454545454546,5.0,1.0,0.5504427155708538,1.0,10,1.0,0.5905574055511266,1.0
557,0.07,27,1.0,0.9962894622191469,0.9545454545454546,0.5653750695899927,27,13,1.0,0.5806376827144485,0.9545454545454546,6.0,1.0,0.5014262777610692,1.0,8,1.0,0.5885349171344447,0.9775280898876404
558,0.07,25,1.0,1.0,1.0,0.5354666285980259,25,12,1.0,0.5368472315369752,1.0,5.0,1.0,0.5394594074146657,1.0,8,1.0,0.5309002374292022,1.0
559,0.07,25,1.0,0.9982608695652173,0.9565217391304348,0.6207074221647093,25,12,1.0,0.6415455123762512,0.9565217391304348,10.0,1.0,0.58854857064001,1.0,3,1.0,0.6445512330675399,1.0
560,0.07,26,1.0,1.0,1.0,0.5917845174438473,26,11,1.0,0.6005239262179195,1.0,5.0,1.0,0.43264327852236806,1.0,10,1.0,0.6617417872531075,1.0
561,0.07,28,1.0,0.9991974317817015,0.9775280898876404,0.6549550516801924,28,13,1.0,0.7567496880414771,1.0,7.0,1.0,0.6333704332028928,1.0,8,1.0,0.508425308760742,0.9775280898876404
562,0.1,26,0.8846153846153846,0.9576362531785101,0.3333333333333333,0.4863938191867652,23,13,0.7692307692307693,0.5155100049709118,0.3333333333333333,7.0,1.0,0.4219060610213199,0.95,6,1.0,0.4985444678474675,0.9775280898876404
563,0.07,20,1.0,0.9988764044943821,0.9775280898876404,0.6021160433535389,20,9,1.0,0.648105104874705,1.0,4.0,1.0,0.5551067096848129,1.0,7,1.0,0.5698497263513116,0.9775280898876404
564,0.1,28,0.8571428571428571,0.9584432389556613,0.3333333333333333,0.42823063793462895,24,13,0.6923076923076923,0.4186756594390555,0.3333333333333333,8.0,1.0,0.45294478920165804,0.95,7,1.0,0.4177308536926609,0.9565217391304348
565,0.07,26,1.0,0.9962227601731518,0.9565217391304348,0.5658239158946523,26,9,1.0,0.5220202373173484,0.9565217391304348,5.0,1.0,0.5131203147707886,1.0,12,1.0,0.6206365086292404,0.9775280898876404
566,0.07,26,0.9615384615384616,0.9734946701238836,0.3333333333333333,0.6217154139688735,25,9,0.8888888888888888,0.5510332393618588,0.3333333333333333,7.0,1.0,0.6107462297834269,1.0,10,1.0,0.6930078000449995,0.9775280898876404
567,0.1,27,0.8888888888888888,0.9583548591729986,0.3333333333333333,0.4576078447051941,24,12,0.75,0.49346660762592215,0.3333333333333333,5.0,1.0,0.44744779320070716,0.95,10,1.0,0.419657354952564,0.9565217391304348
568,0.07,24,1.0,0.9990636704119851,0.9775280898876404,0.5973358810252679,24,13,1.0,0.5971603972861429,1.0,4.0,1.0,0.626054489003498,1.0,7,1.0,0.5812511462675115,0.9775280898876404
569,0.07,29,1.0,0.9984326018808777,0.9545454545454546,0.6588641069841839,29,10,1.0,0.655764342111443,0.9545454545454546,9.0,1.0,0.6858183064153711,1.0,10,1.0,0.6377050923688559,1.0
570,0.07,27,1.0,1.0,1.0,0.6640172334772367,27,16,1.0,0.6232525953182397,1.0,3.0,1.0,0.7778761342724793,1.0,8,1.0,0.7028494219970152,1.0
571,0.07,28,1.0,0.9956717546128485,0.9545454545454546,0.5771030040705485,28,15,1.0,0.5431772561857506,0.9545454545454546,3.0,1.0,0.6942114874509242,1.0,10,1.0,0.5928590808836326,1.0
572,0.1,33,0.8484848484848485,0.9610067359079217,0.3333333333333333,0.4283482415369983,28,16,0.6875,0.38872658290346596,0.3333333333333333,9.0,1.0,0.5075248100435075,0.95,8,1.0,0.4185179192342403,1.0
573,0.1,25,0.88,0.9571538245177718,0.3333333333333333,0.46352145054765387,22,12,0.75,0.41575175456315483,0.3333333333333333,6.0,1.0,0.5439818786088205,0.95,7,1.0,0.4764462767543666,0.9775280898876404
574,0.07,33,0.9696969696969697,0.9781394957183286,0.3333333333333333,0.612169685677471,32,13,0.9230769230769231,0.5889203364483871,0.3333333333333333,8.0,1.0,0.5389958893856456,1.0,12,1.0,0.6861390115368621,0.9775280898876404
575,0.07,29,0.9655172413793104,0.9770114942528735,0.3333333333333333,0.5930158907794817,28,13,0.9230769230769231,0.5641072571608601,0.3333333333333333,8.0,1.0,0.5713351732495147,1.0,8,1.0,0.6616731379397088,1.0
576,0.07,25,1.0,0.9991011235955056,0.9775280898876404,0.5378306635647693,25,11,1.0,0.5428389563376672,1.0,6.0,1.0,0.5760615364719124,1.0,8,1.0,0.5022711063216774,0.9775280898876404
577,0.07,25,1.0,0.9981818181818182,0.9545454545454546,0.5884122948504517,25,12,1.0,0.5458342796190866,0.9545454545454546,9.0,1.0,0.6336210025302977,1.0,4,1.0,0.6144267482648933,1.0
578,0.07,32,1.0,0.9992977528089888,0.9775280898876404,0.6454978524423205,32,16,1.0,0.6444214206737405,1.0,5.0,1.0,0.6047278862333337,1.0,11,1.0,0.6655953742007036,0.9775280898876404
579,0.07,27,1.0,0.9979729639026487,0.967741935483871,0.5771118949288577,27,11,1.0,0.5930266844912291,0.967741935483871,8.0,1.0,0.5596902995440218,1.0,8,1.0,0.5726506546654329,0.9775280898876404
580,0.07,24,0.9583333333333334,0.9703282828282829,0.3333333333333333,0.5824072002007373,23,15,0.9333333333333333,0.5530578821605157,0.3333333333333333,5.0,1.0,0.6036544513116776,1.0,4,1.0,0.6659080789628936,1.0
581,0.1,27,0.8888888888888888,0.96658942875013,0.3333333333333333,0.4049613419996532,24,13,0.7692307692307693,0.42865776138816697,0.3333333333333333,6.0,1.0,0.3612892651147326,0.9948453608247423,8,1.0,0.3992087181570089,0.9775280898876404
582,0.07,32,0.96875,0.977043964930201,0.3333333333333333,0.5037850149054591,31,16,0.9375,0.45415153263635577,0.3333333333333333,2.0,1.0,0.5401597547406635,1.0,14,1.0,0.5553126032365482,0.9775280898876404
583,0.07,31,1.0,0.9974931416138492,0.9545454545454546,0.5785073227765994,31,15,1.0,0.5211540433459121,0.9545454545454546,9.0,1.0,0.5509274716796513,1.0,7,1.0,0.7368670158241486,1.0
584,0.07,24,1.0,0.9981060606060606,0.9545454545454546,0.6426117564161172,24,13,1.0,0.6634842945085507,0.9545454545454546,5.0,1.0,0.6143886970594331,1.0,6,1.0,0.6209071400130814,1.0
585,0.07,27,0.9629629629629629,0.9753086419753086,0.3333333333333333,0.5842874558081163,26,12,0.9166666666666666,0.47879889822445004,0.3333333333333333,7.0,1.0,0.7376859938146916,1.0,8,1.0,0.608296571427862,1.0
586,0.07,25,0.96,0.9733333333333333,0.3333333333333333,0.5771502927596476,24,11,0.9090909090909091,0.5162687440201525,0.3333333333333333,5.0,1.0,0.6292911320936021,1.0,9,1.0,0.6225939415890557,1.0
587,0.07,26,0.9615384615384616,0.9713700278216406,0.3333333333333333,0.5683440073390509,25,13,0.9230769230769231,0.5786620331145357,0.3333333333333333,5.0,1.0,0.6398674774379622,1.0,8,1.0,0.5068750466420683,1.0
588,0.07,25,0.96,0.9733333333333333,0.3333333333333333,0.5848125454784153,24,11,0.9090909090909091,0.5385187113213029,0.3333333333333333,7.0,1.0,0.557468313606939,1.0,7,1.0,0.6849042310253539,1.0
589,0.07,27,0.9629629629629629,0.9727928473246825,0.3333333333333333,0.5153340826811749,26,12,0.9166666666666666,0.489529418071793,0.3333333333333333,4.0,1.0,0.37366076520296737,1.0,11,1.0,0.5950021958834851,0.9775280898876404
590,0.1,27,0.8518518518518519,0.9591025516980354,0.3333333333333333,0.4537167795273632,23,11,0.7272727272727273,0.47569924842065847,0.3333333333333333,5.0,1.0,0.3969364856069259,0.9948453608247423,11,0.9090909090909091,0.45754353514335766,0.8571428571428571
591,0.07,33,1.0,1.0,1.0,0.5819240424280484,33,14,1.0,0.6000849795900349,1.0,13.0,1.0,0.5468057479082751,1.0,6,1.0,0.615638160509589,1.0
592,0.1,30,0.9,0.9665535065064425,0.3333333333333333,0.5087790129413506,27,19,0.8421052631578947,0.5010477397687695,0.3333333333333333,6.0,1.0,0.5327660336211926,0.9948453608247423,5,1.0,0.5093734261813487,0.9565217391304348
593,0.07,28,1.0,0.9968238283455675,0.9545454545454546,0.6329252285579724,28,13,1.0,0.5632712364477201,0.9545454545454546,5.0,1.0,0.7275085927794174,1.0,10,1.0,0.6761837361905776,1.0
594,0.07,26,1.0,1.0,1.0,0.647055707799621,26,12,1.0,0.6478262738099502,1.0,8.0,1.0,0.6862435377902185,1.0,6,1.0,0.5932641357914993,1.0
595,0.07,27,1.0,1.0,1.0,0.6006181078468318,27,11,1.0,0.63554529740267,1.0,8.0,1.0,0.5708131848291201,1.0,8,1.0,0.582398145225266,1.0
596,0.07,25,1.0,0.996891495601173,0.9545454545454546,0.5684243646652483,25,12,1.0,0.5932504061254165,0.9545454545454546,5.0,1.0,0.47377913968510804,1.0,8,1.0,0.5903385680875834,1.0
597,0.07,27,0.9629629629629629,0.9728660430500521,0.3333333333333333,0.6315449810447956,26,12,0.9166666666666666,0.6400430851032487,0.3333333333333333,5.0,1.0,0.6112915488796494,1.0,10,1.0,0.631473972257225,0.9775280898876404
598,0.07,27,0.9629629629629629,0.9708200912034478,0.3333333333333333,0.5369398332190447,26,17,0.9411764705882353,0.5417712798186027,0.3333333333333333,4.0,1.0,0.45039714595497987,1.0,6,1.0,0.5809458593630065,1.0
599,0.07,23,0.9565217391304348,0.969038208168643,0.3333333333333333,0.49985972514604066,22,14,0.9285714285714286,0.48251864332917543,0.3333333333333333,3.0,1.0,0.6817010916215763,1.0,6,1.0,0.4494015661476254,1.0
600,0.1,27,0.8148148148148148,0.9503531721858042,0.3333333333333333,0.3954574547857509,22,15,0.7333333333333333,0.33774812847067454,0.3333333333333333,5.0,1.0,0.44294195886122845,1.0,7,0.8571428571428571,0.4852027939784307,0.8571428571428571
601,0.07,29,1.0,0.9988876529477198,0.967741935483871,0.5898685097298062,29,10,1.0,0.5795196193413269,0.967741935483871,10.0,1.0,0.6045158912902924,1.0,9,1.0,0.5850924084275759,1.0
602,0.07,30,1.0,0.9984848484848484,0.9545454545454546,0.5630621070267208,30,13,1.0,0.5382945974953312,0.9545454545454546,7.0,1.0,0.5896095363075805,1.0,10,1.0,0.5766766689209257,1.0
603,0.07,29,0.9655172413793104,0.9754440961337514,0.3333333333333333,0.5082052681000606,28,17,0.9411764705882353,0.46006734465197613,0.3333333333333333,5.0,1.0,0.5027808345011504,1.0,7,1.0,0.6289862490446303,1.0
604,0.07,33,1.0,0.9977049598367973,0.9565217391304348,0.6224500061257475,33,18,1.0,0.6543767812786192,0.9565217391304348,7.0,1.0,0.6073701826863801,1.0,8,1.0,0.5638096075412327,1.0
605,0.1,25,0.88,0.9629106474050293,0.3333333333333333,0.4687328580307512,22,11,0.7272727272727273,0.39779793551542314,0.3333333333333333,5.0,1.0,0.36474932575546204,1.0,9,1.0,0.6131997257024241,0.9775280898876404
606,0.07,22,0.9545454545454546,0.968675519237317,0.3333333333333333,0.506765790588078,21,10,0.9,0.5064739032182664,0.3333333333333333,6.0,1.0,0.5511786450321327,1.0,6,1.0,0.4628394150937096,0.9775280898876404
607,0.07,28,1.0,0.9976446367506454,0.9565217391304348,0.5866576320319389,28,11,1.0,0.5337532591716676,0.9565217391304348,6.0,1.0,0.47412268232740334,1.0,11,1.0,0.700944704731048,0.9775280898876404
608,0.07,25,1.0,0.9991011235955056,0.9775280898876404,0.6001040592535186,25,11,1.0,0.6245032073293646,1.0,7.0,1.0,0.5993445077174087,1.0,7,1.0,0.5625220923847277,0.9775280898876404
609,0.07,29,0.9655172413793104,0.9747373504259106,0.3333333333333333,0.5549317841973139,28,12,0.9166666666666666,0.5124578610374939,0.3333333333333333,8.0,1.0,0.510430111613962,1.0,9,1.0,0.6511207240400538,0.9775280898876404
610,0.07,26,1.0,0.9944745084249,0.9545454545454546,0.5292811026276775,26,11,1.0,0.4901379152870308,0.9545454545454546,8.0,1.0,0.6212836401399117,1.0,7,1.0,0.48564606843471186,0.9775280898876404
611,0.07,26,1.0,0.9987593052109182,0.967741935483871,0.5665563177834105,26,16,1.0,0.5517922369449497,0.967741935483871,3.0,1.0,0.6124334346561473,1.0,7,1.0,0.5806411667544337,1.0
612,0.07,32,0.96875,0.9767999064983637,0.3333333333333333,0.6116935394277478,31,15,0.9333333333333333,0.6344196096686445,0.3333333333333333,8.0,1.0,0.5627097569514194,1.0,9,1.0,0.6173578956718786,1.0
613,0.07,24,1.0,0.9981884057971014,0.9565217391304348,0.6511887042781047,24,12,1.0,0.6327039429902012,0.9565217391304348,3.0,1.0,0.7732197694921443,1.0,9,1.0,0.6351580309239631,1.0
614,0.07,22,1.0,0.997002264955367,0.9565217391304348,0.5173413776754692,22,12,1.0,0.5065100445438897,0.9565217391304348,3.0,1.0,0.3349905481766203,1.0,7,1.0,0.614059732829112,0.9775280898876404
615,0.07,24,1.0,0.9981884057971014,0.9565217391304348,0.534470622901322,24,12,1.0,0.5557662612011344,0.9565217391304348,6.0,1.0,0.46279063653819436,1.0,6,1.0,0.5635593326648249,1.0
616,0.07,30,0.9666666666666667,0.9745041699278426,0.3333333333333333,0.5659193946388735,29,13,0.9230769230769231,0.5461180444278662,0.3333333333333333,9.0,1.0,0.561919624321225,1.0,8,1.0,0.6025963303391146,0.9775280898876404
617,0.1,29,0.8275862068965517,0.970901408421034,0.8043478260869565,0.4493200381655347,24,15,0.7333333333333333,0.4863987633052858,0.8043478260869565,6.0,1.0,0.39317203305662374,0.9948453608247423,8,0.875,0.42190843236018455,0.8571428571428571
618,0.07,28,0.9642857142857143,0.9761904761904762,0.3333333333333333,0.5959779566333013,27,13,0.9230769230769231,0.5810143402801595,0.3333333333333333,9.0,1.0,0.5267531986666698,1.0,6,1.0,0.7322362623483892,1.0
619,0.07,28,0.9642857142857143,0.9734856074267013,0.3333333333333333,0.5880708904288274,27,15,0.9333333333333333,0.5728393197662321,0.3333333333333333,5.0,1.0,0.5843272380417378,1.0,8,1.0,0.6189698681631246,1.0
620,0.07,21,1.0,0.9989299090422686,0.9775280898876404,0.5146791992660485,21,9,1.0,0.4732218707984064,1.0,7.0,1.0,0.5384898874849825,1.0,5,1.0,0.5559674270012966,0.9775280898876404
621,0.1,25,0.88,0.9821059763243943,0.8043478260869565,0.5601082784207919,22,13,0.8461538461538461,0.5385826758352933,0.8043478260869565,7.0,1.0,0.5705801779895371,0.9948453608247423,5,0.8,0.6014141857468447,0.8571428571428571
622,0.07,26,0.9615384615384616,0.9726867335562986,0.3333333333333333,0.5145998537712669,25,11,0.9090909090909091,0.47389754307221055,0.3333333333333333,6.0,1.0,0.5889285477877079,1.0,9,1.0,0.5147946597258195,1.0
623,0.07,28,1.0,1.0,1.0,0.5564386275804899,28,11,1.0,0.5772420952439559,1.0,7.0,1.0,0.5013382803599906,1.0,10,1.0,0.5721250562050268,1.0
624,0.07,20,1.0,0.9988764044943821,0.9775280898876404,0.5926699454987803,20,10,1.0,0.5813600963986965,1.0,3.0,1.0,0.6465643979661632,1.0,7,1.0,0.5857292502985932,0.9775280898876404
625,0.07,24,1.0,0.9977195843904797,0.967741935483871,0.5809050244925061,24,12,1.0,0.613299204606834,0.967741935483871,7.0,1.0,0.5369744041018185,1.0,5,1.0,0.5646618607650822,0.9775280898876404
626,0.07,26,1.0,0.9978950009758274,0.967741935483871,0.5766347018140997,26,11,1.0,0.6455399363640306,0.967741935483871,5.0,1.0,0.4552951418113249,1.0,10,1.0,0.561508723810563,0.9775280898876404
627,0.1,24,0.8333333333333334,0.9729551472925925,0.8043478260869565,0.4985052959180875,20,12,0.75,0.5470781652218295,0.8043478260869565,7.0,1.0,0.5199613009436248,0.95,5,0.8,0.35189200255335445,0.8571428571428571
628,0.07,24,1.0,1.0,1.0,0.6097550208559355,24,10,1.0,0.5306548866341598,1.0,7.0,1.0,0.7172481196471069,1.0,7,1.0,0.6152621138101574,1.0
629,0.07,23,0.9565217391304348,0.9710144927536232,0.3333333333333333,0.5748315249345111,22,12,0.9166666666666666,0.5363773880043621,0.3333333333333333,4.0,1.0,0.5182729354386152,1.0,7,1.0,0.673072096526707,1.0
630,0.07,26,1.0,0.9965795074490728,0.9545454545454546,0.6243340488222958,26,12,1.0,0.6462257423170444,0.9545454545454546,4.0,1.0,0.5766053323827124,1.0,10,1.0,0.6171555032044308,1.0
631,0.07,28,1.0,0.9972951312362252,0.9565217391304348,0.5840447301123727,28,14,1.0,0.6323850265460136,0.9565217391304348,8.0,1.0,0.4910188741110394,1.0,6,1.0,0.5952851797689881,1.0
632,0.07,25,1.0,0.9981818181818182,0.9545454545454546,0.6443413210466307,25,15,1.0,0.6397095422969424,0.9545454545454546,4.0,1.0,0.6487888860106998,1.0,6,1.0,0.6529557246114722,1.0
633,0.07,27,1.0,0.9979729639026487,0.967741935483871,0.608336843922895,27,11,1.0,0.6387215434937178,0.967741935483871,7.0,1.0,0.5570610263544462,1.0,9,1.0,0.611081180334016,0.9775280898876404
634,0.1,23,0.8695652173913043,0.9576334503555676,0.3333333333333333,0.4813705653184048,20,10,0.8,0.5010181342192578,0.3333333333333333,4.0,1.0,0.3601878659493375,1.0,9,0.8888888888888888,0.5133989107037092,0.8571428571428571
635,0.07,25,0.96,0.9720430107526882,0.3333333333333333,0.5461461761703218,24,14,0.9285714285714286,0.5888712355539818,0.3333333333333333,4.0,1.0,0.4543553373907013,1.0,7,1.0,0.5131479652770707,1.0
636,0.07,26,1.0,0.9973874440166575,0.9545454545454546,0.5911624965931634,26,16,1.0,0.5954825709678077,0.9545454545454546,4.0,1.0,0.714133085075708,1.0,6,1.0,0.4976619059390823,0.9775280898876404
637,0.07,26,0.9615384615384616,0.9726867335562986,0.3333333333333333,0.5884445465032526,25,13,0.9230769230769231,0.5380731954009614,0.3333333333333333,7.0,1.0,0.6449163145958654,1.0,6,1.0,0.6316987444501688,1.0
638,0.07,26,0.9615384615384616,0.971822429321208,0.3333333333333333,0.6163575639275936,25,13,0.9230769230769231,0.61143891578428,0.3333333333333333,5.0,1.0,0.5775417154614071,1.0,8,1.0,0.6486102724518448,0.9775280898876404
639,0.07,29,1.0,0.9984326018808777,0.9545454545454546,0.5947108403992377,29,15,1.0,0.5580253723356297,0.9545454545454546,9.0,1.0,0.6728956582876475,1.0,5,1.0,0.5640345723909249,1.0
640,0.1,29,0.8620689655172413,0.9588764497074387,0.3333333333333333,0.5060558659531018,25,17,0.7647058823529411,0.5462471345646462,0.3333333333333333,4.0,1.0,0.4384192155889875,0.95,8,1.0,0.45446774533562684,0.9775280898876404
641,0.07,27,1.0,0.9971949509116409,0.9565217391304348,0.5504677339100943,27,16,1.0,0.5246456141758702,0.9565217391304348,7.0,1.0,0.542395543511333,1.0,4,1.0,0.6678825460448237,1.0
642,0.1,26,0.8076923076923077,0.9496843735974172,0.3333333333333333,0.3929383583853505,21,14,0.7142857142857143,0.3777909395159772,0.3333333333333333,5.0,1.0,0.3947918632597368,1.0,7,0.8571428571428571,0.421909264070964,0.8571428571428571
643,0.07,27,1.0,0.9983164983164983,0.9545454545454546,0.5754876527112157,27,16,1.0,0.5958480022138962,0.9545454545454546,4.0,1.0,0.538604655317114,1.0,7,1.0,0.5500257095017183,1.0
644,0.07,27,1.0,1.0,1.0,0.6081206352531144,27,13,1.0,0.6188989167608703,1.0,7.0,1.0,0.44674357034806633,1.0,7,1.0,0.7494808916437586,1.0
645,0.07,24,1.0,1.0,1.0,0.5723342728198961,24,9,1.0,0.5988057825913036,1.0,6.0,1.0,0.5886453541229076,1.0,9,1.0,0.5349887088464813,1.0
646,0.07,25,0.96,0.9720430107526882,0.3333333333333333,0.5914616544500624,24,11,0.9090909090909091,0.5469949526960964,0.3333333333333333,8.0,1.0,0.5547275327443002,1.0,6,1.0,0.7219627699400162,1.0
647,0.07,25,1.0,0.9982608695652173,0.9565217391304348,0.559154312230253,25,16,1.0,0.5556142939174087,0.9565217391304348,3.0,1.0,0.5160418132629886,1.0,6,1.0,0.5901506105481372,1.0
648,0.07,31,0.967741935483871,0.9774540409295872,0.3333333333333333,0.5346594980315311,30,13,0.9230769230769231,0.4970162888000492,0.3333333333333333,11.0,1.0,0.5218001777061092,1.0,7,1.0,0.6247758185442318,1.0
649,0.07,20,1.0,0.9983870967741936,0.967741935483871,0.6142922281116582,20,8,1.0,0.5405786035218053,0.967741935483871,4.0,1.0,0.6393972284626102,1.0,8,1.0,0.6754533525260351,1.0
650,0.07,27,1.0,1.0,1.0,0.6454496219263162,27,11,1.0,0.6213897203968874,1.0,6.0,1.0,0.6365921360794264,1.0,10,1.0,0.6772300051168214,1.0
651,0.07,26,1.0,0.9978950009758274,0.967741935483871,0.5994272471532892,26,13,1.0,0.6272529906464867,0.967741935483871,5.0,1.0,0.5236321467675362,1.0,8,1.0,0.6015823517179394,0.9775280898876404
652,0.07,30,1.0,0.9985507246376811,0.9565217391304348,0.5334364617565246,30,14,1.0,0.4851550151934635,0.9565217391304348,8.0,1.0,0.527429217611706,1.0,8,1.0,0.6239362373867005,1.0
653,0.07,24,1.0,0.9986559139784946,0.967741935483871,0.582112735373775,24,8,1.0,0.4936428014062245,0.967741935483871,5.0,1.0,0.6667656574774967,1.0,11,1.0,0.6079759045757563,1.0
654,0.07,29,0.9655172413793104,0.9754440961337514,0.3333333333333333,0.6004629805951074,28,13,0.9230769230769231,0.596112420303516,0.3333333333333333,10.0,1.0,0.578930600528038,1.0,6,1.0,0.6457764946720046,1.0
655,0.07,28,0.9642857142857143,0.9761904761904762,0.3333333333333333,0.5983839621897025,27,17,0.9411764705882353,0.5846133199002079,0.3333333333333333,7.0,1.0,0.5819887438035183,1.0,4,1.0,0.6856008240958767,1.0
656,0.07,30,1.0,0.9974754558204768,0.9565217391304348,0.6160837913584898,30,10,1.0,0.5406403659057955,0.9565217391304348,6.0,1.0,0.7058056794941011,1.0,14,1.0,0.6315197146237236,1.0
657,0.07,27,1.0,0.9962894622191469,0.9545454545454546,0.5531133913316845,27,13,1.0,0.5679443662260867,0.9545454545454546,6.0,1.0,0.5881198722913852,1.0,8,1.0,0.5027581964085055,0.9775280898876404
658,0.07,25,0.96,0.9733333333333333,0.3333333333333333,0.5406834020540583,24,11,0.9090909090909091,0.5596508993392287,0.3333333333333333,5.0,1.0,0.4978491122302648,1.0,9,1.0,0.5412977330520684,1.0
659,0.07,29,0.9655172413793104,0.9747373504259106,0.3333333333333333,0.5544267001092191,28,14,0.9285714285714286,0.594719739165197,0.3333333333333333,7.0,1.0,0.5518703361459655,1.0,8,1.0,0.4861507002291049,0.9775280898876404
660,0.07,26,1.0,0.9970870644082426,0.9565217391304348,0.5995140557021006,26,13,1.0,0.6348249453002186,0.9565217391304348,6.0,1.0,0.5337197680397973,1.0,7,1.0,0.5903317930161416,1.0
661,0.07,27,1.0,0.9991677070328756,0.9775280898876404,0.5960245721971064,27,11,1.0,0.5559604765550484,1.0,6.0,1.0,0.6866136076866515,1.0,10,1.0,0.5857416561096431,0.9775280898876404
662,0.1,28,0.8571428571428571,0.9615983715390478,0.3333333333333333,0.4857718586159145,24,13,0.7692307692307693,0.4933300139095684,0.3333333333333333,7.0,1.0,0.5087314947317093,0.9948453608247423,8,0.875,0.4534001746624064,0.8571428571428571
663,0.1,26,0.8461538461538461,0.9758246311892876,0.8043478260869565,0.4901297625829318,22,14,0.7857142857142857,0.5144414982461952,0.8043478260869565,5.0,1.0,0.4077978238926133,1.0,7,0.8571428571428571,0.5003148188923466,0.8571428571428571
664,0.07,29,0.9655172413793104,0.9755122438780609,0.3333333333333333,0.5999309399623506,28,14,0.9285714285714286,0.5256333659486028,0.3333333333333333,7.0,1.0,0.7403714726148258,1.0,8,1.0,0.6070662284154932,1.0
665,0.1,27,0.8888888888888888,0.962284078898452,0.3333333333333333,0.4411240880160458,24,13,0.7692307692307693,0.42757341163484003,0.3333333333333333,9.0,1.0,0.45897168117181786,0.9948453608247423,5,1.0,0.4442301789267913,0.9565217391304348
666,0.07,23,1.0,0.9961333562467779,0.9545454545454546,0.5740909751663932,23,12,1.0,0.5310298920231896,0.9545454545454546,4.0,1.0,0.6505296092903811,1.0,7,1.0,0.604230755341035,1.0
667,0.07,25,0.96,0.9706162751106571,0.3333333333333333,0.6084777543722144,24,12,0.9166666666666666,0.5982617514305274,0.3333333333333333,5.0,1.0,0.45988225051264486,1.0,8,1.0,0.7166739486969759,0.9775280898876404
668,0.07,33,1.0,0.9979416225585787,0.9545454545454546,0.5361170373236821,33,15,1.0,0.5259721673164178,0.9545454545454546,7.0,1.0,0.5274337792936231,1.0,11,1.0,0.5554766606254437,0.9775280898876404
669,0.07,21,1.0,0.996299399525206,0.9545454545454546,0.5278056878489539,21,15,1.0,0.4976638976238146,0.9545454545454546,2.0,1.0,0.6934297769740808,1.0,4,1.0,0.5580253566306631,1.0
670,0.07,28,1.0,0.9972951312362252,0.9565217391304348,0.5842096670545348,28,13,1.0,0.6121849424525388,0.9565217391304348,5.0,1.0,0.4937184922286922,1.0,10,1.0,0.5930873964500507,1.0
671,0.07,23,1.0,0.997620435885718,0.967741935483871,0.5895724385071847,23,10,1.0,0.5780738441029329,0.967741935483871,6.0,1.0,0.4628222345009992,1.0,7,1.0,0.7146420339471319,0.9775280898876404
672,0.07,24,1.0,0.9981884057971014,0.9565217391304348,0.5501976608012263,24,11,1.0,0.49570031931112496,0.9565217391304348,7.0,1.0,0.5945691005770889,1.0,6,1.0,0.5983427737945722,1.0
673,0.07,29,1.0,0.9984326018808777,0.9545454545454546,0.6652605856905791,29,14,1.0,0.6452386560174604,0.9545454545454546,6.0,1.0,0.6608115393390004,1.0,9,1.0,0.6993718405275942,1.0
674,0.07,28,1.0,0.9980453580489826,0.967741935483871,0.6086079849641356,28,12,1.0,0.6229736832617182,0.967741935483871,7.0,1.0,0.564066937777206,1.0,9,1.0,0.6240967572683045,0.9775280898876404
675,0.07,27,1.0,0.9958738993912418,0.9545454545454546,0.5487638084479989,27,10,1.0,0.4751074669618184,0.9545454545454546,7.0,1.0,0.6615144199657303,1.0,10,1.0,0.5434947218717675,0.9775280898876404
676,0.07,27,0.9629629629629629,0.9720148343336749,0.3333333333333333,0.5487074867187596,26,17,0.9411764705882353,0.5595846984963784,0.3333333333333333,6.0,1.0,0.43189423800707144,1.0,4,1.0,0.6776992097314114,1.0
677,0.07,22,1.0,0.9964676086376966,0.9545454545454546,0.6398952624572432,22,11,1.0,0.6870312171409251,0.9545454545454546,6.0,1.0,0.49845470588183405,1.0,5,1.0,0.7059248300436334,1.0
678,0.1,27,0.8518518518518519,0.9549881144084043,0.3333333333333333,0.45890527754137383,23,10,0.7,0.5383815619560542,0.3333333333333333,10.0,1.0,0.42970420777488466,1.0,7,0.8571428571428571,0.387083542329672,0.8571428571428571
679,0.1,33,0.8787878787878788,0.9645248820609296,0.3333333333333333,0.4600036763254589,29,15,0.8,0.4385639365365757,0.3333333333333333,6.0,1.0,0.43373650698274746,0.9948453608247423,12,0.9166666666666666,0.4999369357329184,0.8571428571428571
680,0.1,26,0.8461538461538461,0.9757015694599738,0.8043478260869565,0.5487137168886471,22,13,0.7692307692307693,0.5531558277258775,0.8043478260869565,7.0,1.0,0.5300916273816908,0.95,6,0.8333333333333334,0.5608149144994301,0.8571428571428571
681,0.07,27,1.0,1.0,1.0,0.6677436712528739,27,14,1.0,0.6506595829591381,1.0,8.0,1.0,0.6647246370602042,1.0,5,1.0,0.7204095731836069,1.0
682,0.07,31,0.967741935483871,0.9759877652697633,0.3333333333333333,0.6046783048893015,30,18,0.9444444444444444,0.5677358899213097,0.3333333333333333,5.0,1.0,0.6558323089050864,1.0,8,1.0,0.6558274860574175,1.0
683,0.07,23,0.9565217391304348,0.9710144927536232,0.3333333333333333,0.5767512623038434,22,12,0.9166666666666666,0.5934257776715081,0.3333333333333333,6.0,1.0,0.5325562732504238,1.0,5,1.0,0.589766412285552,1.0
684,0.07,27,1.0,0.9955114492281392,0.9545454545454546,0.5438336833498411,27,16,1.0,0.5225955470848813,0.9545454545454546,3.0,1.0,0.5314046178263542,1.0,8,1.0,0.590970855451068,1.0
685,0.07,26,0.9615384615384616,0.9714460387672168,0.3333333333333333,0.5429274549227971,25,11,0.9090909090909091,0.4480954627485801,0.3333333333333333,6.0,1.0,0.49979434572988196,1.0,9,1.0,0.6875886292643394,1.0
686,0.07,25,1.0,0.9969705469845722,0.9565217391304348,0.5900116005393603,25,15,1.0,0.6223652967024319,0.9565217391304348,5.0,1.0,0.46522530153661934,1.0,5,1.0,0.617736811052886,1.0
687,0.07,26,1.0,0.9970870644082426,0.9565217391304348,0.5230666098604349,26,11,1.0,0.47097303887177216,0.9565217391304348,9.0,1.0,0.5373383391063428,1.0,6,1.0,0.5971638961374547,1.0
688,0.07,25,0.96,0.9702248289345063,0.3333333333333333,0.5840362511127164,24,13,0.9230769230769231,0.5835382737117787,0.3333333333333333,7.0,1.0,0.6117255948912813,1.0,5,1.0,0.546565911065163,1.0
689,0.07,25,0.96,0.9715942028985506,0.3333333333333333,0.5212909077337602,24,13,0.9230769230769231,0.48835637116205405,0.3333333333333333,6.0,1.0,0.4624498137474966,1.0,6,1.0,0.6514901642920538,1.0
690,0.1,32,0.90625,0.9835651158806997,0.8043478260869565,0.5096217808677229,29,14,0.7857142857142857,0.5371042739862926,0.8043478260869565,7.0,1.0,0.4293210939505955,0.95,11,1.0,0.5257444994822609,0.9775280898876404
691,0.1,26,0.8846153846153846,0.9572598626245189,0.3333333333333333,0.4819536090798182,23,14,0.7857142857142857,0.4961190343566935,0.3333333333333333,4.0,1.0,0.3610243923859333,1.0,8,1.0,0.517628723192229,1.0
692,0.07,25,0.96,0.9715151515151516,0.3333333333333333,0.5730682720433447,24,11,0.9090909090909091,0.6113920604383772,0.3333333333333333,5.0,1.0,0.4653821244482497,1.0,9,1.0,0.5860537237800245,1.0
693,0.07,28,0.9642857142857143,0.9734856074267013,0.3333333333333333,0.5203968302295051,27,15,0.9333333333333333,0.5914829416503153,0.3333333333333333,7.0,1.0,0.4015136455459052,1.0,6,1.0,0.48137860047501363,1.0
694,0.07,30,1.0,0.9981756675123837,0.967741935483871,0.5540514689863321,30,15,1.0,0.5782660463843722,0.967741935483871,4.0,1.0,0.49283683527593,1.0,11,1.0,0.5432914575200604,0.9775280898876404
695,0.1,26,0.8076923076923077,0.9448483610825827,0.3333333333333333,0.41194448668732964,21,16,0.75,0.4477283974229239,0.3333333333333333,4.0,1.0,0.26995308359558523,1.0,6,0.8333333333333334,0.41118166012024115,0.8571428571428571
696,0.1,27,0.8888888888888888,0.9826533571851923,0.8333333333333334,0.472762966470412,24,11,0.8181818181818182,0.513585594740001,0.8333333333333334,6.0,1.0,0.4159929461644732,1.0,10,0.9,0.4619200875574275,0.8571428571428571
697,0.07,25,1.0,0.9987096774193549,0.967741935483871,0.6057480703852578,25,13,1.0,0.5778119749713428,0.967741935483871,5.0,1.0,0.6426639561181973,1.0,7,1.0,0.6312609006304292,1.0
698,0.07,27,1.0,0.9971217551862713,0.9545454545454546,0.5700054020362224,27,11,1.0,0.5054661126703401,0.9545454545454546,9.0,1.0,0.6050486819416635,1.0,7,1.0,0.6263686397327559,1.0
699,0.07,22,0.9545454545454546,0.9662544094521653,0.3333333333333333,0.57629551296059,21,14,0.9285714285714286,0.5124713277082334,0.3333333333333333,4.0,1.0,0.702206875579076,1.0,4,1.0,0.6737687987253523,1.0
700,0.07,30,1.0,1.0,1.0,0.6378606871973868,30,13,1.0,0.6557674382199372,1.0,10.0,1.0,0.5811338243872417,1.0,7,1.0,0.6856436678842858,1.0
701,0.07,31,1.0,0.9992750996737949,0.9775280898876404,0.5684118047705895,31,16,1.0,0.6060352791820337,1.0,6.0,1.0,0.3597648606048754,1.0,9,1.0,0.6406235908162761,0.9775280898876404
702,0.07,26,1.0,1.0,1.0,0.580730547297384,26,16,1.0,0.6425904603874452,1.0,5.0,1.0,0.5534669797186968,1.0,5,1.0,0.41004239298787565,1.0
703,0.07,25,1.0,0.996891495601173,0.9545454545454546,0.6216318640082713,25,13,1.0,0.6594327892830781,0.9545454545454546,5.0,1.0,0.46300106693491694,1.0,7,1.0,0.6647378578360258,1.0
704,0.07,27,1.0,1.0,1.0,0.6483365224192175,27,15,1.0,0.6832076539745109,1.0,9.0,1.0,0.5486158400079248,1.0,3,1.0,0.7731429118766279,1.0
705,0.07,24,0.9583333333333334,0.9704106280193235,0.3333333333333333,0.6079704589923774,23,8,0.875,0.6442796190927602,0.3333333333333333,7.0,1.0,0.5695107807505603,1.0,9,1.0,0.6056087330912283,1.0
706,0.07,24,1.0,0.9972520762090865,0.9565217391304348,0.5252909674185501,24,12,1.0,0.5732730825900093,0.9565217391304348,6.0,1.0,0.4772276703446577,1.0,6,1.0,0.477390034149524,0.9775280898876404
707,0.07,25,1.0,0.9959926191966787,0.9545454545454546,0.5270721419102986,25,13,1.0,0.5595841458765538,0.9545454545454546,5.0,1.0,0.49503538242913353,1.0,7,1.0,0.489576105602371,0.9775280898876404
708,0.07,23,1.0,0.997620435885718,0.967741935483871,0.5858369256191821,23,11,1.0,0.5733605254796855,0.967741935483871,5.0,1.0,0.6597273984392376,1.0,7,1.0,0.5526637881097799,0.9775280898876404
709,0.07,26,0.9615384615384616,0.9726867335562986,0.3333333333333333,0.5712884753688809,25,13,0.9230769230769231,0.5953421865785432,0.3333333333333333,7.0,1.0,0.5235579103463063,1.0,6,1.0,0.5748577602742834,1.0
710,0.07,30,1.0,0.9981756675123837,0.967741935483871,0.630363896359393,30,12,1.0,0.6669201600820753,0.967741935483871,10.0,1.0,0.5969710392006071,1.0,8,1.0,0.6172705722238523,0.9775280898876404
711,0.1,25,0.8,0.9514812723508377,0.3333333333333333,0.4923371305763052,20,9,0.5555555555555556,0.4903024436753884,0.3333333333333333,5.0,1.0,0.4385916204491325,1.0,11,0.9090909090909091,0.5184316517348612,0.8571428571428571
712,0.07,27,0.9629629629629629,0.9736983360171765,0.3333333333333333,0.5460231365223588,26,16,0.9375,0.5496224106901665,0.3333333333333333,6.0,1.0,0.5326830350907644,1.0,5,1.0,0.5505135809032875,1.0
713,0.07,25,1.0,0.994253488761896,0.9545454545454546,0.5795360550755093,25,11,1.0,0.5216888707888355,0.9545454545454546,6.0,1.0,0.7340547665973253,1.0,8,1.0,0.5431868998283237,0.9775280898876404
714,0.07,27,1.0,0.998389694041868,0.9565217391304348,0.5727936292152349,27,10,1.0,0.5490132331038073,0.9565217391304348,6.0,1.0,0.5281901693062244,1.0,11,1.0,0.6187413310850839,1.0
715,0.07,25,1.0,1.0,1.0,0.6243048724986856,25,10,1.0,0.6838959489993484,1.0,8.0,1.0,0.5451606392203623,1.0,7,1.0,0.6296253155301085,1.0
716,0.07,29,1.0,0.9969333515060652,0.9545454545454546,0.5736038761567983,29,11,1.0,0.5691442405533086,0.9545454545454546,7.0,1.0,0.5479990079409148,1.0,11,1.0,0.5943575188067597,1.0
717,0.07,30,0.9666666666666667,0.9777777777777777,0.3333333333333333,0.5414384986967116,29,15,0.9333333333333333,0.5219096674590304,0.3333333333333333,9.0,1.0,0.5666699584623446,1.0,6,1.0,0.5524133871424645,1.0
718,0.07,21,0.9523809523809523,0.9682539682539681,0.3333333333333333,0.5508935114541726,20,10,0.9,0.5092491450078335,0.3333333333333333,10.0,1.0,0.6092464194507267,1.0,1,1.0,0.383808095952024,1.0
719,0.07,25,1.0,0.9982608695652173,0.9565217391304348,0.5777849134116608,25,12,1.0,0.5911206175447109,0.9565217391304348,9.0,1.0,0.6029440550565761,1.0,4,1.0,0.4811697323114509,1.0
720,0.07,26,0.9615384615384616,0.9726867335562986,0.3333333333333333,0.6222604616806424,25,13,0.9230769230769231,0.6534038567558138,0.3333333333333333,8.0,1.0,0.5336254710752784,1.0,5,1.0,0.6831036194537796,1.0
721,0.07,29,0.9655172413793104,0.9735568556293207,0.3333333333333333,0.5932377400700195,28,14,0.9285714285714286,0.5815113525529841,0.3333333333333333,8.0,1.0,0.6243384318180862,1.0,7,1.0,0.5811468673920138,0.9775280898876404
722,0.07,24,0.9583333333333334,0.9693919532402678,0.3333333333333333,0.5089628105304569,23,8,0.875,0.4902638326139619,0.3333333333333333,7.0,1.0,0.5004195513132424,1.0,9,1.0,0.5322288814029524,0.9775280898876404
723,0.1,26,0.8076923076923077,0.9695925099801278,0.8043478260869565,0.5265681923236667,21,15,0.7333333333333333,0.5273432535121373,0.8043478260869565,3.0,1.0,0.5526063141362222,0.9948453608247423,8,0.875,0.5153506569155761,0.8571428571428571
724,0.07,27,0.9629629629629629,0.9753086419753086,0.3333333333333333,0.5837761289616016,26,15,0.9333333333333333,0.49309954474993456,0.3333333333333333,7.0,1.0,0.6746011267117892,1.0,5,1.0,0.72865088474634,1.0
725,0.1,26,0.8461538461538461,0.958034718904284,0.3333333333333333,0.40124442970742474,22,14,0.7857142857142857,0.39545107482831154,0.3333333333333333,6.0,1.0,0.4486357887071531,1.0,6,0.8333333333333334,0.3673708987589605,0.8571428571428571
726,0.07,28,1.0,0.9956717546128485,0.9545454545454546,0.5581425735042725,28,15,1.0,0.49691246956430984,0.9545454545454546,5.0,1.0,0.5955359593673013,1.0,8,1.0,0.6495781522273096,1.0
727,0.07,27,1.0,0.9991677070328756,0.9775280898876404,0.5915188473352392,27,12,1.0,0.5904601668541761,1.0,4.0,1.0,0.5337797729083823,1.0,11,1.0,0.6136697985607104,0.9775280898876404
728,0.07,27,1.0,0.998389694041868,0.9565217391304348,0.6252943877244127,27,14,1.0,0.6163729185165153,0.9565217391304348,6.0,1.0,0.562447560228056,1.0,7,1.0,0.697006035422799,1.0
729,0.07,27,0.9629629629629629,0.9736983360171765,0.3333333333333333,0.5398484252640224,26,14,0.9285714285714286,0.5346749619053863,0.3333333333333333,5.0,1.0,0.46793715220794174,1.0,8,1.0,0.5938465318016857,1.0
730,0.07,29,0.9655172413793104,0.9743998968257807,0.3333333333333333,0.587496298826848,28,18,0.9444444444444444,0.6259124729578579,0.3333333333333333,7.0,1.0,0.48992879448045923,1.0,4,1.0,0.585366647843483,1.0
731,0.1,29,0.896551724137931,0.9683322384605597,0.3333333333333333,0.4687261143742242,26,12,0.8333333333333334,0.40808061485546543,0.3333333333333333,7.0,1.0,0.5456546126127721,0.9948453608247423,10,0.9,0.48765076502975113,0.8571428571428571
732,0.07,30,1.0,1.0,1.0,0.6093141448934544,30,14,1.0,0.5618937513859019,1.0,9.0,1.0,0.6028310623455448,1.0,7,1.0,0.7124903237558712,1.0
733,0.07,27,0.9629629629629629,0.9753086419753086,0.3333333333333333,0.6012177097830941,26,16,0.9375,0.5699698813845081,0.3333333333333333,5.0,1.0,0.6263834930569157,1.0,6,1.0,0.6635737661178053,1.0
734,0.07,26,1.0,0.9983277591973244,0.9565217391304348,0.5135172548424235,26,12,1.0,0.5293123125280613,0.9565217391304348,8.0,1.0,0.4614936757798508,1.0,6,1.0,0.5512919115545784,1.0
735,0.07,29,0.9655172413793104,0.9751242537484429,0.3333333333333333,0.591547387096726,28,12,0.9166666666666666,0.5270317553844673,0.3333333333333333,10.0,1.0,0.6517939902552168,1.0,7,1.0,0.6160790369484686,0.9775280898876404
736,0.07,23,1.0,0.998109640831758,0.9565217391304348,0.575449288171289,23,11,1.0,0.6660455954065592,0.9565217391304348,5.0,1.0,0.4083045201597323,1.0,7,1.0,0.5524727825241192,1.0
737,0.07,27,0.9629629629629629,0.9736983360171765,0.3333333333333333,0.5744001920176652,26,13,0.9230769230769231,0.544743516887123,0.3333333333333333,5.0,1.0,0.5148741807000791,1.0,9,1.0,0.650307617938219,1.0
738,0.07,26,0.9615384615384616,0.9722539753348016,0.3333333333333333,0.5439017037456634,25,15,0.9333333333333333,0.5488208327646127,0.3333333333333333,8.0,1.0,0.5151255215202875,1.0,3,1.0,0.5960425445852535,0.9775280898876404
739,0.07,27,1.0,0.9974842053493739,0.9545454545454546,0.5538743982699297,27,13,1.0,0.5196580569998276,0.9545454545454546,7.0,1.0,0.5364642686993564,1.0,7,1.0,0.6348291616278352,0.9775280898876404
740,0.07,29,1.0,0.9984326018808777,0.9545454545454546,0.5710288816909693,29,14,1.0,0.5443642355153108,0.9545454545454546,6.0,1.0,0.5967374473156098,1.0,9,1.0,0.5953681764366776,1.0
741,0.07,21,1.0,0.9989299090422686,0.9775280898876404,0.6586006300236482,21,8,1.0,0.6667828720494725,1.0,4.0,1.0,0.595409835040291,1.0,9,1.0,0.6794123237710743,0.9775280898876404
742,0.07,26,1.0,0.9962227601731518,0.9565217391304348,0.5426073469036866,26,11,1.0,0.5353645575119557,0.9565217391304348,8.0,1.0,0.47208557071081625,1.0,7,1.0,0.6345851887396868,0.9775280898876404
743,0.07,30,1.0,0.9981756675123836,0.967741935483871,0.5704141353084435,30,11,1.0,0.5526460493482639,0.967741935483871,10.0,1.0,0.5732673501169238,1.0,9,1.0,0.5889604461392406,0.9775280898876404
744,0.07,30,1.0,0.9978016609672692,0.9565217391304348,0.61861544814859,30,13,1.0,0.6205098732679311,0.9565217391304348,6.0,1.0,0.5826298182126797,1.0,11,1.0,0.6360051075180473,0.9775280898876404
745,0.07,25,1.0,0.996891495601173,0.9545454545454546,0.6022473800762369,25,12,1.0,0.5898936133160356,0.9545454545454546,6.0,1.0,0.5542135602321677,1.0,7,1.0,0.6645971115314983,1.0
746,0.07,22,0.9545454545454546,0.9677206851119894,0.3333333333333333,0.6236072246507004,21,14,0.9285714285714286,0.6342226960211944,0.3333333333333333,4.0,1.0,0.6307954333043244,1.0,4,1.0,0.5792648662003478,1.0
747,0.07,27,1.0,0.9974842053493739,0.9545454545454546,0.637603838056967,27,18,1.0,0.6412755345431389,0.9545454545454546,5.0,1.0,0.6041531626629981,1.0,4,1.0,0.6628945481116544,0.9775280898876404
748,0.07,21,0.9523809523809523,0.9645533677791743,0.3333333333333333,0.6164811884332642,20,11,0.9090909090909091,0.5832559831059302,0.3333333333333333,5.0,1.0,0.6558720836774163,1.0,5,1.0,0.650185744909247,1.0
749,0.07,27,1.0,0.9971949509116409,0.9565217391304348,0.6192946233434427,27,15,1.0,0.601484674278486,0.9565217391304348,4.0,1.0,0.6755577621719069,1.0,8,1.0,0.6245567084260047,1.0
750,0.07,25,1.0,0.9987096774193549,0.967741935483871,0.6417331737005552,25,13,1.0,0.6015421950138308,0.967741935483871,6.0,1.0,0.804380483831101,1.0,6,1.0,0.5661663173912459,1.0
751,0.07,25,0.96,0.9724344569288388,0.3333333333333333,0.6158334114444868,24,9,0.8888888888888888,0.6632359047991704,0.3333333333333333,5.0,1.0,0.5157611369435264,1.0,11,1.0,0.6225369507456364,0.9775280898876404
752,0.07,29,1.0,0.9984326018808777,0.9545454545454546,0.6151949421917697,29,14,1.0,0.6482322904616055,0.9545454545454546,11.0,1.0,0.5725331698981037,1.0,4,1.0,0.6168840970549263,1.0
753,0.07,24,1.0,1.0,1.0,0.6485587666021368,24,11,1.0,0.6295582329539516,1.0,7.0,1.0,0.708414427721903,1.0,6,1.0,0.6135614736507489,1.0
754,0.1,27,0.8148148148148148,0.952998674831307,0.3333333333333333,0.43683523424567927,22,16,0.6875,0.3857596887920792,0.3333333333333333,6.0,1.0,0.46254707735404593,1.0,5,1.0,0.5694227679671597,1.0
755,0.07,23,1.0,0.9967071162875785,0.9565217391304348,0.5914546001941802,23,12,1.0,0.5588774332715681,0.9565217391304348,4.0,1.0,0.6029724798165741,1.0,7,1.0,0.640719526563004,1.0
756,0.07,27,0.9629629629629629,0.973625140291807,0.3333333333333333,0.5867534252023922,26,14,0.9285714285714286,0.6012794414350175,0.3333333333333333,6.0,1.0,0.5160553427310548,1.0,7,1.0,0.6182997491411445,1.0
757,0.07,28,1.0,0.998447204968944,0.9565217391304348,0.5654525520712631,28,11,1.0,0.6249385925708032,0.9565217391304348,7.0,1.0,0.47069524937986557,1.0,10,1.0,0.5663480194057471,1.0
758,0.07,23,0.9565217391304348,0.9710144927536232,0.3333333333333333,0.5732407905255723,22,12,0.9166666666666666,0.4808280024289784,0.3333333333333333,6.0,1.0,0.7032066658088745,1.0,5,1.0,0.6390724316174352,1.0
759,0.07,26,1.0,0.9983277591973244,0.9565217391304348,0.5853343197409852,26,13,1.0,0.587704410697684,0.9565217391304348,2.0,1.0,0.5506068924245775,1.0,11,1.0,0.5888473808496881,1.0
760,0.07,23,1.0,0.9951563166766754,0.9545454545454546,0.6158688828004596,23,7,1.0,0.5332597554265427,0.9545454545454546,6.0,1.0,0.7065428692802888,1.0,10,1.0,0.6192908800743039,0.9775280898876404
761,0.07,26,1.0,0.9991356957649093,0.9775280898876404,0.6452751460178343,26,15,1.0,0.6670042569002439,1.0,6.0,1.0,0.6081841692225592,1.0,5,1.0,0.6245969855249365,0.9775280898876404
762,0.07,28,1.0,0.9972245496439045,0.9545454545454546,0.6007726443705451,28,10,1.0,0.607207043514179,0.9545454545454546,10.0,1.0,0.5275552063897273,1.0,8,1.0,0.6842514429170252,1.0
763,0.1,22,0.8636363636363636,0.974530426244904,0.8043478260869565,0.4875549113498454,19,9,0.7777777777777778,0.49721491876572,0.8043478260869565,9.0,1.0,0.4740796936919634,0.9948453608247423,4,0.75,0.49613913439436197,0.8571428571428571
764,0.07,28,1.0,0.998447204968944,0.9565217391304348,0.5860766186725641,28,13,1.0,0.6428709168977557,0.9565217391304348,7.0,1.0,0.5172932860839979,1.0,8,1.0,0.5539713000716235,1.0
765,0.07,26,0.9615384615384616,0.9705817345321262,0.3333333333333333,0.5739334484426757,25,13,0.9230769230769231,0.5204860639128369,0.3333333333333333,5.0,1.0,0.5958286370930217,1.0,8,1.0,0.6471009553971977,0.9775280898876404
766,0.07,29,1.0,0.9988876529477198,0.967741935483871,0.5554776607683558,29,13,1.0,0.6001960615961173,0.967741935483871,8.0,1.0,0.4752311509612677,1.0,8,1.0,0.5630567692303317,1.0
767,0.1,24,0.8333333333333334,0.9711435530896938,0.8043478260869565,0.4834934632250043,20,10,0.7,0.5463066027387383,0.8043478260869565,5.0,1.0,0.5620228231859671,0.95,9,0.8888888888888888,0.3700736637869872,0.8571428571428571
768,0.07,25,1.0,0.9991011235955056,0.9775280898876404,0.6446693298849039,25,12,1.0,0.6760202225189212,1.0,5.0,1.0,0.5484507636970337,1.0,8,1.0,0.6577795948012966,0.9775280898876404
769,0.07,25,1.0,0.9987096774193549,0.967741935483871,0.6065278668130121,25,13,1.0,0.6087952168752563,0.967741935483871,4.0,1.0,0.5467327897727412,1.0,8,1.0,0.632740961482001,1.0
770,0.07,26,1.0,0.9991356957649093,0.9775280898876404,0.5634442832388987,26,11,1.0,0.5357125862914697,1.0,8.0,1.0,0.46335952908938133,1.0,7,1.0,0.7214052403271639,0.9775280898876404
771,0.07,25,1.0,0.996891495601173,0.9545454545454546,0.5057895849951377,25,16,1.0,0.5335011134191325,0.9545454545454546,4.0,1.0,0.38492716907807223,1.0,5,1.0,0.513802626772007,1.0
772,0.07,31,1.0,0.9971311997959965,0.9545454545454546,0.5219547852816622,31,15,1.0,0.5502652177177373,0.9545454545454546,5.0,1.0,0.4212902434351321,1.0,11,1.0,0.5291062600718006,1.0
773,0.07,31,0.967741935483871,0.976729140603382,0.3333333333333333,0.5562258401712785,30,14,0.9285714285714286,0.5094597090024923,0.3333333333333333,8.0,1.0,0.5593360646558948,1.0,9,1.0,0.6262085113363978,0.9775280898876404
774,0.07,27,1.0,1.0,1.0,0.6216420977445187,27,11,1.0,0.6210231613837772,1.0,7.0,1.0,0.6618105994208543,1.0,9,1.0,0.5911564075482747,1.0
775,0.07,25,0.96,0.9733333333333333,0.3333333333333333,0.5522672877099147,24,11,0.9090909090909091,0.5657750146077729,0.3333333333333333,7.0,1.0,0.4960934186287839,1.0,7,1.0,0.5872147288086974,1.0
776,0.07,26,0.9615384615384616,0.9726107226107227,0.3333333333333333,0.56976955496628,25,14,0.9285714285714286,0.5670241409777332,0.3333333333333333,5.0,1.0,0.49003508146138647,1.0,7,1.0,0.6322135783040117,1.0
777,0.07,30,0.9666666666666667,0.9759534452901615,0.3333333333333333,0.5988001698935653,29,16,0.9375,0.5748900136342738,0.3333333333333333,5.0,1.0,0.6654569573940551,1.0,9,1.0,0.6042755657431452,0.9775280898876404
778,0.07,25,0.96,0.9720430107526882,0.3333333333333333,0.6072562380305933,24,10,0.9,0.5838840228742249,0.3333333333333333,4.0,1.0,0.5566242938334388,1.0,11,1.0,0.6469153224262566,1.0
779,0.07,26,1.0,0.9983277591973244,0.9565217391304348,0.6309839272299769,26,13,1.0,0.5939638878294518,0.9565217391304348,5.0,1.0,0.7428660988309524,1.0,8,1.0,0.6212151340052203,1.0
780,0.07,25,1.0,0.996891495601173,0.9545454545454546,0.5462866354649911,25,15,1.0,0.5357368842615631,0.9545454545454546,6.0,1.0,0.571822719052181,1.0,4,1.0,0.5475440770970619,1.0
781,0.07,25,1.0,0.9959926191966787,0.9545454545454546,0.5846959417420767,25,15,1.0,0.5823135555128494,0.9545454545454546,7.0,1.0,0.5400798753777973,1.0,3,1.0,0.7007120277381986,0.9775280898876404
782,0.07,24,0.9583333333333334,0.9722222222222222,0.3333333333333333,0.5318187376124781,23,14,0.9285714285714286,0.5354727092692254,0.3333333333333333,4.0,1.0,0.36675200216091175,1.0,6,1.0,0.6333372940477787,1.0
783,0.07,24,1.0,0.9990636704119851,0.9775280898876404,0.6787625031902431,24,9,1.0,0.6612733974203081,1.0,4.0,1.0,0.7595178753372518,1.0,11,1.0,0.6637061816758228,0.9775280898876404
784,0.07,27,1.0,1.0,1.0,0.5296718212015722,27,11,1.0,0.5948086188744318,1.0,8.0,1.0,0.46634720700184285,1.0,8,1.0,0.5034333386011195,1.0
785,0.03,29,1.0,1.0,1.0,0.8359754012574027,29,11,1.0,0.8253781589153237,1.0,11.0,1.0,0.8012722657722208,1.0,7,1.0,0.9071617092716694,1.0
786,0.07,28,1.0,0.9964925630179265,0.9565217391304348,0.6045013623633666,28,16,1.0,0.6141028643328614,0.9565217391304348,4.0,1.0,0.5411432910719821,1.0,8,1.0,0.6169773940700691,0.9775280898876404
787,0.07,25,1.0,0.9981818181818182,0.9545454545454546,0.5666287594209412,25,14,1.0,0.5647884037534238,0.9545454545454546,4.0,1.0,0.5288311628590743,1.0,7,1.0,0.5919080973627573,1.0
788,0.1,29,0.8620689655172413,0.9629225656239081,0.3333333333333333,0.509784633485735,25,14,0.7857142857142857,0.5260183555566804,0.3333333333333333,6.0,1.0,0.5132671931895062,0.9948453608247423,9,0.8888888888888888,0.4822104704617504,0.8571428571428571
789,0.07,28,0.9642857142857143,0.9750384024577573,0.3333333333333333,0.5800621235807396,27,11,0.9090909090909091,0.6043251260114546,0.3333333333333333,6.0,1.0,0.4619524185384345,1.0,11,1.0,0.6202225966276458,1.0
790,0.07,25,1.0,0.9991011235955056,0.9775280898876404,0.587649043760085,25,8,1.0,0.6380152163453477,1.0,5.0,1.0,0.4586110344757657,1.0,12,1.0,0.6078374325717096,0.9775280898876404
791,0.07,29,1.0,0.9977258561730371,0.9565217391304348,0.5597350341540932,29,13,1.0,0.6199941864940072,0.9565217391304348,8.0,1.0,0.3931137492039206,1.0,8,1.0,0.6284351965519056,0.9775280898876404
792,0.07,27,0.9629629629629629,0.9753086419753086,0.3333333333333333,0.5838226476464061,26,14,0.9285714285714286,0.5637330804537364,0.3333333333333333,7.0,1.0,0.6001623819550377,1.0,6,1.0,0.6116352810692319,1.0
793,0.07,27,1.0,0.9971949509116409,0.9565217391304348,0.6176025818199252,27,13,1.0,0.5533189590835779,0.9565217391304348,8.0,1.0,0.6346341066742931,1.0,6,1.0,0.7341750646095213,1.0
794,0.07,24,0.9583333333333334,0.9712858926342071,0.3333333333333333,0.6118604465396688,23,13,0.9230769230769231,0.6300329720608733,0.3333333333333333,6.0,1.0,0.6308271022508226,1.0,5,1.0,0.5418518933311518,0.9775280898876404
795,0.1,26,0.8846153846153846,0.9808875906701994,0.8043478260869565,0.48134028520725985,23,13,0.7692307692307693,0.41903565580554203,0.8043478260869565,3.0,1.0,0.6284272081289479,1.0,10,1.0,0.5182102265529865,0.9565217391304348
796,0.07,25,0.96,0.9715151515151516,0.3333333333333333,0.5392565595583411,24,12,0.9166666666666666,0.4866271003155736,0.3333333333333333,8.0,1.0,0.5432806324215671,1.0,5,1.0,0.6591287451598212,1.0
797,0.07,25,1.0,0.9972829417773238,0.9545454545454546,0.6159294227328085,25,12,1.0,0.5841194630991176,0.9545454545454546,5.0,1.0,0.701150965046326,1.0,8,1.0,0.6103808982373962,0.9775280898876404
798,0.07,28,0.9642857142857143,0.9730143045360435,0.3333333333333333,0.5907541288209474,27,14,0.9285714285714286,0.6079795528176792,0.3333333333333333,7.0,1.0,0.5957389955955917,1.0,7,1.0,0.5513184140528392,1.0
799,0.1,30,0.8666666666666667,0.9587391072544555,0.3333333333333333,0.5162405202614496,26,12,0.6666666666666666,0.43383999438750886,0.3333333333333333,8.0,1.0,0.5171559899480893,0.95,10,1.0,0.6143887755608668,1.0
800,0.1,28,0.8928571428571429,0.9620294560511952,0.3333333333333333,0.4972874835253898,25,15,0.8,0.48940406100321376,0.3333333333333333,8.0,1.0,0.4834672074063464,0.95,5,1.0,0.5430501928823877,0.9565217391304348
801,0.07,21,1.0,0.9978354978354977,0.9545454545454546,0.5219011492030118,21,13,1.0,0.585400069895,0.9545454545454546,3.0,1.0,0.32640894526304254,1.0,5,1.0,0.4740992777678238,1.0
802,0.07,30,0.9666666666666667,0.9763285024154589,0.3333333333333333,0.5307299033551294,29,15,0.9333333333333333,0.5164086097802217,0.3333333333333333,4.0,1.0,0.5439581728437193,1.0,11,1.0,0.5454486602341526,1.0
803,0.07,26,1.0,1.0,1.0,0.5231587794923275,26,12,1.0,0.5197395936906426,1.0,5.0,1.0,0.41624693972424004,1.0,9,1.0,0.5871131604324004,1.0
804,0.07,30,0.9666666666666667,0.9763285024154589,0.3333333333333333,0.5638428505078188,29,14,0.9285714285714286,0.580247258190108,0.3333333333333333,8.0,1.0,0.5117620089778913,1.0,8,1.0,0.5872159785937401,1.0
805,0.07,30,0.9666666666666667,0.9745041699278426,0.3333333333333333,0.6101912278804303,29,18,0.9444444444444444,0.6090340275555861,0.3333333333333333,4.0,1.0,0.701621902504889,1.0,8,1.0,0.5670795912991005,0.9775280898876404
806,0.07,27,1.0,0.9988052568697731,0.967741935483871,0.5658720538800178,27,11,1.0,0.5210460626904148,0.967741935483871,8.0,1.0,0.5723270954154887,1.0,8,1.0,0.6210527502302513,1.0
807,0.07,27,1.0,0.9958738993912418,0.9545454545454546,0.574990458477466,27,15,1.0,0.6033921078461838,0.9545454545454546,6.0,1.0,0.5614580294477551,1.0,6,1.0,0.5175187640853823,0.9775280898876404
808,0.07,22,1.0,0.9979338842975206,0.9545454545454546,0.5804787917374423,22,11,1.0,0.5858737403792795,0.9545454545454546,6.0,1.0,0.6517987165704431,1.0,5,1.0,0.4830259949257997,1.0
809,0.07,29,1.0,0.9973202548285974,0.9545454545454546,0.5509082826759413,29,15,1.0,0.5274747022405759,0.9545454545454546,9.0,1.0,0.5458517816436724,1.0,5,1.0,0.6303107258401214,1.0
810,0.07,26,1.0,0.9970110534626664,0.9545454545454546,0.6103034174032973,26,16,1.0,0.5688729000361978,0.9545454545454546,7.0,1.0,0.6991017629590374,1.0,3,1.0,0.6240700370644344,1.0
811,0.07,22,0.9545454545454546,0.9696969696969696,0.3333333333333333,0.6155964869889661,21,7,0.8571428571428571,0.6044093371569701,0.3333333333333333,7.0,1.0,0.6306981200854221,1.0,8,1.0,0.6121713141325633,1.0
812,0.07,28,1.0,0.9960212601272689,0.9545454545454546,0.5997470942420012,28,9,1.0,0.49417501985256723,0.9545454545454546,9.0,1.0,0.6883576670848733,1.0,10,1.0,0.6150124456339066,0.9775280898876404
813,0.07,27,1.0,0.9991677070328756,0.9775280898876404,0.5328085810425632,27,10,1.0,0.49379903613660503,1.0,6.0,1.0,0.37761077804568005,1.0,11,1.0,0.6529251507735526,0.9775280898876404
814,0.07,29,0.9655172413793104,0.9770114942528735,0.3333333333333333,0.5778086347345001,28,12,0.9166666666666666,0.5833317411343274,0.3333333333333333,7.0,1.0,0.6436501174470454,1.0,10,1.0,0.5250918691559257,1.0
815,0.07,29,1.0,0.9985007496251874,0.9565217391304348,0.5761184740519036,29,15,1.0,0.6244507144962325,0.9565217391304348,6.0,1.0,0.5194171347492488,1.0,8,1.0,0.5280215276957784,1.0
816,0.07,28,1.0,0.9975740551583249,0.9545454545454546,0.6144625317611653,28,15,1.0,0.5944469677995524,0.9545454545454546,7.0,1.0,0.5809664514798444,1.0,6,1.0,0.7035802019934049,0.9775280898876404
817,0.07,29,1.0,0.9976577084287274,0.9545454545454546,0.579815851034779,29,11,1.0,0.5732334760509286,0.9545454545454546,8.0,1.0,0.4237322642761655,1.0,10,1.0,0.7119233329239049,0.9775280898876404
818,0.07,26,1.0,0.9982517482517482,0.9545454545454546,0.6051759079024278,26,11,1.0,0.6095713814697699,0.9545454545454546,8.0,1.0,0.6099553661731629,1.0,7,1.0,0.5928064971300504,1.0
819,0.07,24,0.9583333333333334,0.9708781362007168,0.3333333333333333,0.5844411922203813,23,8,0.875,0.6465586891559074,0.3333333333333333,7.0,1.0,0.41188848874980977,1.0,9,1.0,0.6634332976436914,1.0
820,0.07,27,1.0,1.0,1.0,0.5899179735117107,27,11,1.0,0.6644370425466056,1.0,5.0,1.0,0.5669065202734267,1.0,11,1.0,0.5258586559487631,1.0
821,0.07,27,1.0,0.9975574010747434,0.9565217391304348,0.5720865707310898,27,16,1.0,0.5958859340285794,0.9565217391304348,4.0,1.0,0.45190186141915745,1.0,7,1.0,0.5863650028007896,0.9775280898876404
822,0.1,24,0.8333333333333334,0.9556834395317542,0.3333333333333333,0.45210830980174593,20,14,0.7142857142857143,0.4550320520101689,0.3333333333333333,5.0,1.0,0.4168384846470379,1.0,5,1.0,0.4791916567728697,0.9775280898876404
823,0.07,25,1.0,1.0,1.0,0.5781034169316893,25,9,1.0,0.6489657168191267,1.0,8.0,1.0,0.5076378917239777,1.0,8,1.0,0.5688488547660343,1.0
824,0.07,26,0.9615384615384616,0.9726107226107227,0.3333333333333333,0.5473435324404989,25,12,0.9166666666666666,0.5431814805372744,0.3333333333333333,7.0,1.0,0.4874248668734152,1.0,7,1.0,0.6143971441273959,1.0
825,0.07,26,1.0,0.9974634549622335,0.9565217391304348,0.5774450641136677,26,12,1.0,0.5750307874722126,0.9565217391304348,8.0,1.0,0.5667633664934497,1.0,6,1.0,0.5965158808902025,0.9775280898876404
826,0.07,26,0.9615384615384616,0.9722539753348017,0.3333333333333333,0.6160358643056405,25,12,0.9166666666666666,0.5707023896698558,0.3333333333333333,6.0,1.0,0.6671352901087344,1.0,8,1.0,0.645711506906997,0.9775280898876404
827,0.1,30,0.8666666666666667,0.9785019144465454,0.8333333333333334,0.5162609741148146,26,11,0.7272727272727273,0.5605664229278969,0.8333333333333334,7.0,1.0,0.46977323449565583,0.95,12,0.9166666666666666,0.5027654941473317,0.8571428571428571
828,0.03,28,1.0,1.0,1.0,0.8856049662149675,28,13,1.0,0.9073635842486107,1.0,5.0,1.0,0.8263078514939816,1.0,10,1.0,0.8869673201317239,1.0
829,0.07,28,1.0,0.9972245496439045,0.9545454545454546,0.5616815936410728,28,13,1.0,0.535503918727047,0.9545454545454546,6.0,1.0,0.5381733127011987,1.0,9,1.0,0.6151659780323596,1.0
830,0.07,26,1.0,1.0,1.0,0.5955835243118621,26,11,1.0,0.6127130929359277,1.0,8.0,1.0,0.5884645489426445,1.0,7,1.0,0.5768016026102935,1.0
831,0.07,25,0.96,0.9706953264940563,0.3333333333333333,0.5514854593021051,24,10,0.9,0.5126818972509045,0.3333333333333333,9.0,1.0,0.4804771784494392,1.0,6,1.0,0.7226704839997716,0.9775280898876404
832,0.07,22,1.0,1.0,1.0,0.6000962227246753,22,10,1.0,0.556223597769286,1.0,5.0,1.0,0.6237079809635093,1.0,7,1.0,0.645905859633207,1.0
833,0.07,26,1.0,0.9973874440166575,0.9545454545454546,0.591752086824878,26,10,1.0,0.5065895514428488,0.9545454545454546,7.0,1.0,0.5794023092388222,1.0,9,1.0,0.6959825087051761,0.9775280898876404
834,0.1,25,0.88,0.9612825145868623,0.3333333333333333,0.44684966542550547,22,10,0.7,0.3473124419562318,0.3333333333333333,5.0,1.0,0.48692110136571287,0.95,10,1.0,0.5263511709246753,0.9565217391304348
835,0.07,30,1.0,0.9981756675123837,0.967741935483871,0.5955317080099718,30,14,1.0,0.6070614273800071,0.967741935483871,8.0,1.0,0.4869285728666238,1.0,8,1.0,0.6839578342557577,0.9775280898876404
836,0.07,24,1.0,0.9967619745845552,0.9545454545454546,0.5876731693487622,24,12,1.0,0.511359356412075,0.9545454545454546,5.0,1.0,0.6738479989706494,1.0,7,1.0,0.6569433989388782,1.0
837,0.1,24,0.8333333333333334,0.9513454686779429,0.3333333333333333,0.4826851402987578,20,11,0.7272727272727273,0.4511593871026223,0.3333333333333333,6.0,1.0,0.4457437925551749,0.9948453608247423,7,0.8571428571428571,0.5638896219586133,0.8571428571428571
838,0.1,27,0.8148148148148148,0.9528077622692604,0.3333333333333333,0.4589787952166108,22,15,0.6666666666666666,0.42935703092206784,0.3333333333333333,5.0,1.0,0.4496941425493045,0.9948453608247423,7,1.0,0.5290858991815642,1.0
839,0.07,31,0.967741935483871,0.9770920991117343,0.3333333333333333,0.536378743359778,30,13,0.9230769230769231,0.5377873344477457,0.3333333333333333,6.0,1.0,0.4240269093471247,1.0,12,1.0,0.591028686687473,1.0
840,0.07,29,1.0,0.9988876529477198,0.967741935483871,0.6333138865435382,29,15,1.0,0.6250777465557257,0.967741935483871,5.0,1.0,0.6103321109185728,1.0,9,1.0,0.6598084396482062,1.0
841,0.07,27,1.0,1.0,1.0,0.586650066565538,27,14,1.0,0.671772488134338,1.0,8.0,1.0,0.46920179031514586,1.0,5,1.0,0.5362245281735256,1.0
842,0.1,32,0.875,0.9766790751740945,0.8043478260869565,0.46626745158643335,28,16,0.8125,0.47668760141050204,0.8043478260869565,5.0,1.0,0.35177885945776005,1.0,11,0.9090909090909091,0.5031511391735486,0.8571428571428571
843,0.1,23,0.8260869565217391,0.9469346181397708,0.3333333333333333,0.4443986318142944,19,14,0.7142857142857143,0.41233970199518,0.3333333333333333,4.0,1.0,0.41853413933270334,0.9948453608247423,5,1.0,0.5548552292930878,1.0
844,0.07,27,0.9629629629629629,0.9753086419753086,0.3333333333333333,0.6314239206289991,26,16,0.9375,0.6084906680137855,0.3333333333333333,3.0,1.0,0.8093967882223442,1.0,8,1.0,0.6105506005119221,1.0
845,0.07,26,1.0,1.0,1.0,0.6186181018596546,26,10,1.0,0.659117592793797,1.0,5.0,1.0,0.5042120011659375,1.0,11,1.0,0.6338031558712145,1.0
846,0.07,30,0.9666666666666667,0.9767025089605734,0.3333333333333333,0.5516625395423828,29,11,0.9090909090909091,0.5379378718575226,0.3333333333333333,9.0,1.0,0.5192095971591153,1.0,10,1.0,0.5959673221406697,1.0
847,0.07,26,0.9615384615384616,0.9731182795698925,0.3333333333333333,0.6393020702136377,25,15,0.9333333333333333,0.6723470246078478,0.3333333333333333,6.0,1.0,0.46372883194228837,1.0,5,1.0,0.7508550929566273,1.0
848,0.07,25,1.0,1.0,1.0,0.5721757413038346,25,14,1.0,0.5586407164040929,1.0,5.0,1.0,0.596345776931203,1.0,6,1.0,0.5836157697137585,1.0
849,0.07,26,1.0,0.9974634549622337,0.9565217391304348,0.6197517347938764,26,12,1.0,0.6193172161105194,0.9565217391304348,5.0,1.0,0.4872796364444116,1.0,9,1.0,0.6939267032324994,0.9775280898876404
850,0.07,27,1.0,0.9979729639026487,0.967741935483871,0.6476934844972188,27,10,1.0,0.589774413427744,0.967741935483871,10.0,1.0,0.6818094935859674,1.0,7,1.0,0.6816978587553993,0.9775280898876404
851,0.07,22,0.9545454545454546,0.9696969696969696,0.3333333333333333,0.5913707299111506,21,8,0.875,0.5766855854107762,0.3333333333333333,4.0,1.0,0.5808069621313521,1.0,10,1.0,0.6073443526233695,1.0
852,0.07,27,1.0,0.9983164983164983,0.9545454545454546,0.6034270948036243,27,14,1.0,0.6133301360754331,0.9545454545454546,5.0,1.0,0.6282255320514305,1.0,8,1.0,0.57059774929808,1.0
853,0.07,25,0.96,0.9706162751106571,0.3333333333333333,0.606375186613358,24,12,0.9166666666666666,0.6120899596896219,0.3333333333333333,5.0,1.0,0.5654387065525871,1.0,8,1.0,0.6233883270369439,0.9775280898876404
854,0.07,24,0.9583333333333334,0.9712858926342071,0.3333333333333333,0.6325674083788522,23,10,0.9,0.6313218179715583,0.3333333333333333,6.0,1.0,0.5717495371747038,1.0,8,1.0,0.6797377997910808,0.9775280898876404
855,0.07,24,1.0,0.9967619745845552,0.9545454545454546,0.5895154376863657,24,14,1.0,0.6109415168023579,0.9545454545454546,6.0,1.0,0.5137546708268727,1.0,4,1.0,0.6281653110696331,1.0
856,0.07,27,1.0,0.9983164983164983,0.9545454545454546,0.5480716156578456,27,11,1.0,0.5832248009347754,0.9545454545454546,6.0,1.0,0.5653663434760171,1.0,10,1.0,0.49902627516232007,1.0
857,0.07,26,0.9615384615384616,0.9726107226107227,0.3333333333333333,0.5102072243763318,25,14,0.9285714285714286,0.5305383709105815,0.3333333333333333,5.0,1.0,0.4222808650308808,1.0,7,1.0,0.53234947369744,1.0
858,0.1,23,0.8695652173913043,0.9610030093664682,0.3333333333333333,0.41478763750611963,20,11,0.7272727272727273,0.3989408252674812,0.3333333333333333,3.0,1.0,0.17611539747967078,1.0,9,1.0,0.5137133769177162,0.9775280898876404
859,0.07,27,0.9629629629629629,0.9724303971615801,0.3333333333333333,0.5326656193996858,26,15,0.9333333333333333,0.49752414383669236,0.3333333333333333,6.0,1.0,0.6345624211979436,1.0,6,1.0,0.5186225065089113,1.0
860,0.07,21,1.0,0.9984639016897082,0.967741935483871,0.5570818065843508,21,10,1.0,0.5836478534548549,0.967741935483871,5.0,1.0,0.46850094087052163,1.0,6,1.0,0.5866224498950351,1.0
861,0.1,27,0.8888888888888888,0.9606231396086469,0.3333333333333333,0.43088493096033803,24,14,0.7857142857142857,0.48070475743334423,0.3333333333333333,8.0,1.0,0.3750791244589332,1.0,5,1.0,0.38067870723816843,0.9565217391304348
862,0.07,28,0.9642857142857143,0.9750384024577573,0.3333333333333333,0.5922628382127073,27,17,0.9411764705882353,0.5769431286252162,0.3333333333333333,4.0,1.0,0.5680855612574822,1.0,7,1.0,0.6432834340424576,1.0
863,0.07,27,1.0,0.9988052568697731,0.967741935483871,0.5659993873923711,27,11,1.0,0.5394416199901145,0.967741935483871,6.0,1.0,0.6168257499619375,1.0,10,1.0,0.5647171139931135,1.0
864,0.07,28,1.0,0.9960212601272689,0.9545454545454546,0.6621804514171448,28,15,1.0,0.662570394444434,0.9545454545454546,5.0,1.0,0.7254086069320984,1.0,8,1.0,0.6219317110441316,0.9775280898876404
865,0.07,21,1.0,1.0,1.0,0.5962156708684807,21,9,1.0,0.6224097166594462,1.0,7.0,1.0,0.49061886613099176,1.0,5,1.0,0.6969019150772275,1.0
866,0.07,23,0.9565217391304348,0.9710144927536232,0.3333333333333333,0.6560495803690157,22,12,0.9166666666666666,0.6572455350932442,0.3333333333333333,5.0,1.0,0.738355826280735,1.0,6,1.0,0.5850691326607927,1.0
867,0.07,25,0.96,0.9711441343481937,0.3333333333333333,0.610534823501897,24,13,0.9230769230769231,0.6389346101625356,0.3333333333333333,3.0,1.0,0.5147605067619192,1.0,9,1.0,0.6014376816831897,0.9775280898876404
868,0.07,30,1.0,0.9974754558204768,0.9565217391304348,0.5979018365253156,30,16,1.0,0.6161981102724241,0.9565217391304348,5.0,1.0,0.4980006039105902,1.0,9,1.0,0.620875812427526,1.0
869,0.07,26,1.0,0.9965795074490728,0.9545454545454546,0.5977192185463337,26,11,1.0,0.5967963738861711,0.9545454545454546,6.0,1.0,0.6006953250048538,1.0,9,1.0,0.5968630688252966,1.0
870,0.07,28,1.0,0.9991974317817015,0.9775280898876404,0.5674729161703763,28,10,1.0,0.5500813630980371,1.0,8.0,1.0,0.5765921991697683,1.0,10,1.0,0.5775690428432021,0.9775280898876404
871,0.07,24,0.9583333333333334,0.9689841968067775,0.3333333333333333,0.5215707828998568,23,13,0.9230769230769231,0.46767476962006393,0.3333333333333333,6.0,1.0,0.5968234785344065,1.0,5,1.0,0.5713971826658585,1.0
872,0.07,23,0.9565217391304348,0.9686349286393411,0.3333333333333333,0.49429645322260757,22,13,0.9230769230769231,0.549728235043162,0.3333333333333333,3.0,1.0,0.3871552568036167,1.0,7,1.0,0.43726937116400233,0.9775280898876404
873,0.07,25,0.96,0.9706162751106572,0.3333333333333333,0.6020461987522432,24,9,0.8888888888888888,0.6428122357890499,0.3333333333333333,10.0,1.0,0.5347610106077004,1.0,6,1.0,0.6530391234379381,0.9775280898876404
874,0.07,27,1.0,0.9971949509116409,0.9565217391304348,0.5392084258949261,27,17,1.0,0.5327062030346569,0.9565217391304348,6.0,1.0,0.61886502531612,1.0,4,1.0,0.44735797391927934,1.0
875,0.07,26,1.0,0.9982517482517482,0.9545454545454546,0.6005304649663316,26,13,1.0,0.6446879141147246,0.9545454545454546,5.0,1.0,0.52180197158541,1.0,8,1.0,0.5779799184632688,1.0
876,0.1,32,0.875,0.9791150223790634,0.8043478260869565,0.42169178688918524,28,16,0.75,0.41288888480138,0.8043478260869565,8.0,1.0,0.43071069916380134,1.0,8,1.0,0.4302786787901796,0.9565217391304348
877,0.07,25,1.0,1.0,1.0,0.6567053605836045,25,9,1.0,0.7000336704603765,1.0,8.0,1.0,0.6314275063300938,1.0,8,1.0,0.6332388662257468,1.0
878,0.07,28,0.9642857142857143,0.9737645313488011,0.3333333333333333,0.5422811327341749,27,18,0.9444444444444444,0.5403751325288092,0.3333333333333333,3.0,1.0,0.4823705131699522,1.0,7,1.0,0.572858255932639,0.9775280898876404
879,0.07,27,0.9629629629629629,0.9753086419753086,0.3333333333333333,0.5647772414669449,26,14,0.9285714285714286,0.5661663713351284,0.3333333333333333,6.0,1.0,0.534072089536911,1.0,7,1.0,0.5883176833848921,1.0
880,0.07,28,0.9642857142857143,0.9761904761904762,0.3333333333333333,0.5837579082800899,27,11,0.9090909090909091,0.6739196405844313,0.3333333333333333,5.0,1.0,0.4713148049772875,1.0,12,1.0,0.5479609467106112,1.0
881,0.07,26,1.0,0.9965795074490728,0.9545454545454546,0.5706442820656026,26,14,1.0,0.5526842111737107,0.9545454545454546,5.0,1.0,0.46597175395331314,1.0,7,1.0,0.6813305153581642,1.0
882,0.07,27,0.9629629629629629,0.9736983360171765,0.3333333333333333,0.5756606563921538,26,11,0.9090909090909091,0.5547324911095117,0.3333333333333333,9.0,1.0,0.5592439834078907,1.0,7,1.0,0.6296549242446442,1.0
883,0.07,30,1.0,0.9974095796676442,0.9545454545454546,0.5959881687160954,30,16,1.0,0.5787831669142509,0.9545454545454546,6.0,1.0,0.4587424270057007,1.0,8,1.0,0.7333324786025801,1.0
884,0.07,28,1.0,0.9968238283455675,0.9545454545454546,0.6344191199156529,28,15,1.0,0.6045889715372875,0.9545454545454546,6.0,1.0,0.6812981340280976,1.0,7,1.0,0.6581588543443411,1.0
885,0.07,28,1.0,0.9980453580489826,0.967741935483871,0.6154482791125415,28,12,1.0,0.7045110094496444,0.967741935483871,8.0,1.0,0.5605046641217325,1.0,8,1.0,0.5367977985976959,0.9775280898876404
886,0.07,30,0.9666666666666667,0.9759534452901615,0.3333333333333333,0.5486133385562695,29,15,0.9333333333333333,0.5048181774474434,0.3333333333333333,6.0,1.0,0.6242261296466448,1.0,9,1.0,0.5711967463440627,0.9775280898876404
887,0.07,26,0.9615384615384616,0.9734946701238836,0.3333333333333333,0.56259487745393,25,15,0.9333333333333333,0.5282600036378207,0.3333333333333333,5.0,1.0,0.6282255320514305,1.0,6,1.0,0.5937398498296197,0.9775280898876404
888,0.07,23,1.0,0.9985974754558206,0.967741935483871,0.563947800871896,23,15,1.0,0.5881092447923822,0.967741935483871,5.0,1.0,0.41320928236718774,1.0,3,1.0,0.6943714454439781,1.0
889,0.07,24,1.0,1.0,1.0,0.5858776470858712,24,10,1.0,0.5439104051264746,1.0,7.0,1.0,0.6075494669893698,1.0,7,1.0,0.6241590299815104,1.0
890,0.07,32,1.0,0.9985795454545454,0.9545454545454546,0.5704168193883736,32,16,1.0,0.6313119714107582,0.9545454545454546,6.0,1.0,0.45053405192448354,1.0,10,1.0,0.5449142366308923,1.0
891,0.07,30,0.9666666666666667,0.9770287141073658,0.3333333333333333,0.5611304895903605,29,13,0.9230769230769231,0.5312732202955706,0.3333333333333333,7.0,1.0,0.549210285117358,1.0,10,1.0,0.6082890828046893,0.9775280898876404
892,0.1,28,0.8571428571428571,0.9733475144846794,0.8043478260869565,0.4849798169108523,24,15,0.8,0.468335779416817,0.8043478260869565,5.0,1.0,0.46921341290897123,0.95,8,0.875,0.5260413897133442,0.8571428571428571
893,0.1,29,0.896551724137931,0.9799675675358801,0.8043478260869565,0.5413624679348454,26,16,0.8125,0.525460529176174,0.8043478260869565,3.0,1.0,0.661936279434418,1.0,10,1.0,0.5306334264988479,1.0
894,0.07,27,1.0,0.9971217551862713,0.9545454545454546,0.5586030367671833,27,16,1.0,0.5500771881071146,0.9545454545454546,3.0,1.0,0.4296125949824805,1.0,8,1.0,0.6240261497565841,1.0
895,0.07,28,1.0,0.9975740551583249,0.9545454545454546,0.5833839025110172,28,13,1.0,0.5762743656542635,0.9545454545454546,7.0,1.0,0.5471785030357884,1.0,8,1.0,0.6266166244440673,0.9775280898876404
896,0.03,30,1.0,1.0,1.0,0.8253463956893596,30,16,1.0,0.7977194250305436,1.0,7.0,1.0,0.8090832564214793,1.0,7,1.0,0.9047568964631048,1.0
897,0.07,28,0.9642857142857143,0.9730143045360437,0.3333333333333333,0.49728382483880373,27,11,0.9090909090909091,0.39447238867312107,0.3333333333333333,5.0,1.0,0.4763023846227279,1.0,12,1.0,0.6002699080807111,1.0
898,0.07,29,1.0,0.9961584580539148,0.9545454545454546,0.5395360582407102,29,11,1.0,0.5205304310916868,0.9545454545454546,7.0,1.0,0.5894820006271443,1.0,11,1.0,0.5267579038710934,0.9775280898876404
899,0.07,32,1.0,0.9978772982635342,0.9545454545454546,0.5798842752219047,32,13,1.0,0.586700019805173,0.9545454545454546,10.0,1.0,0.5577029494136839,1.0,9,1.0,0.59468522838854,0.9775280898876404
900,0.07,29,1.0,0.9966135091207566,0.9565217391304348,0.49862262483407976,29,15,1.0,0.5091491600013531,0.9565217391304348,7.0,1.0,0.5416683695269459,1.0,7,1.0,0.4330200190684848,0.9775280898876404
901,0.07,26,1.0,0.9978950009758274,0.967741935483871,0.5966628228024116,26,10,1.0,0.6067379000470683,0.967741935483871,8.0,1.0,0.6454460195674294,1.0,8,1.0,0.5352857794815731,0.9775280898876404
902,0.07,22,1.0,1.0,1.0,0.5478859862583209,22,10,1.0,0.46361742218507346,1.0,6.0,1.0,0.6247813506168357,1.0,6,1.0,0.611438228688552,1.0
903,0.07,23,1.0,0.9990229604298975,0.9775280898876404,0.6885251613992459,23,8,1.0,0.7890066352124603,1.0,6.0,1.0,0.6514717877263273,1.0,9,1.0,0.623910544902779,0.9775280898876404
904,0.07,28,1.0,0.9972245496439045,0.9545454545454546,0.5872030129563667,28,16,1.0,0.5952487105191379,0.9545454545454546,5.0,1.0,0.5219652632284317,1.0,7,1.0,0.6154112397614148,1.0
905,0.1,28,0.8571428571428571,0.9796388911295744,0.8043478260869565,0.4196464664292853,24,16,0.75,0.3985476958321875,0.8043478260869565,4.0,1.0,0.36397368063690594,1.0,8,1.0,0.48968040051967077,1.0
906,0.07,22,1.0,0.9959575997125405,0.9545454545454546,0.6112534298231347,22,10,1.0,0.5197258706584689,0.9545454545454546,7.0,1.0,0.7293869760291214,1.0,5,1.0,0.6289215834640852,1.0
907,0.07,28,0.9642857142857143,0.9745670995670996,0.3333333333333333,0.5436325558797803,27,15,0.9333333333333333,0.5330718293983142,0.3333333333333333,7.0,1.0,0.4077548542927064,1.0,6,1.0,0.728558357268365,1.0
908,0.07,30,0.9666666666666667,0.9777777777777777,0.3333333333333333,0.6058714241151101,29,17,0.9411764705882353,0.5843641902174594,0.3333333333333333,6.0,1.0,0.6443663586763807,1.0,7,1.0,0.6251076196711726,1.0
909,0.07,22,1.0,0.9975122738805233,0.967741935483871,0.5696397904777686,22,11,1.0,0.49757029967925237,0.967741935483871,6.0,1.0,0.6253174545533992,1.0,5,1.0,0.6613794733437477,0.9775280898876404
910,0.07,24,1.0,0.9962944664031621,0.9545454545454546,0.698916237708032,24,11,1.0,0.6689874139111431,0.9545454545454546,8.0,1.0,0.684564591666893,1.0,5,1.0,0.7877222837270099,1.0
911,0.07,28,0.9642857142857143,0.9734150258343807,0.3333333333333333,0.5602475143602893,27,16,0.9375,0.5170972807358887,0.3333333333333333,5.0,1.0,0.5608647822221486,1.0,7,1.0,0.6584357141718767,1.0
912,0.07,27,1.0,0.998389694041868,0.9565217391304348,0.539517225342991,27,10,1.0,0.48564341305030767,0.9565217391304348,11.0,1.0,0.5470783699593319,1.0,6,1.0,0.615444814034171,1.0
913,0.07,27,1.0,0.9979729639026487,0.967741935483871,0.5500928098288369,27,13,1.0,0.5545754123250689,0.967741935483871,6.0,1.0,0.5715933838261879,1.0,8,1.0,0.5266831502744467,0.9775280898876404
914,0.03,22,1.0,1.0,1.0,0.8660664609543777,22,11,1.0,0.834564153221052,1.0,3.0,1.0,0.9258631657602291,1.0,8,1.0,0.8869583697855062,1.0
915,0.07,27,1.0,1.0,1.0,0.6045512725015785,27,10,1.0,0.6726404135576793,1.0,5.0,1.0,0.5452962225816048,1.0,12,1.0,0.5724999257548169,1.0
916,0.07,22,0.9545454545454546,0.9661645783346664,0.3333333333333333,0.5200767825221376,21,12,0.9166666666666666,0.4882038650736232,0.3333333333333333,4.0,1.0,0.5528053034208673,1.0,6,1.0,0.5620036034866801,1.0
917,0.07,31,1.0,0.9989594172736733,0.967741935483871,0.5890208717132386,31,16,1.0,0.651366086016441,0.967741935483871,6.0,1.0,0.4659340429332051,1.0,9,1.0,0.5602428210275685,1.0
918,0.07,28,1.0,1.0,1.0,0.556257325020514,28,14,1.0,0.5306804069735558,1.0,7.0,1.0,0.5748612159313711,1.0,7,1.0,0.5888072702035734,1.0
919,0.1,32,0.875,0.9648363295340547,0.3333333333333333,0.4292983398609168,28,13,0.7692307692307693,0.4447620277654987,0.3333333333333333,8.0,1.0,0.39747190397057686,0.9948453608247423,11,0.9090909090909091,0.43416957116665816,0.8571428571428571
920,0.07,28,0.9642857142857143,0.9761904761904762,0.3333333333333333,0.5643055570925045,27,13,0.9230769230769231,0.5618496477774906,0.3333333333333333,5.0,1.0,0.5504339355746231,1.0,10,1.0,0.5744340499609635,1.0
921,0.07,26,1.0,0.9991356957649093,0.9775280898876404,0.6528759124304359,26,11,1.0,0.6776810948372708,1.0,6.0,1.0,0.6116298987446628,1.0,9,1.0,0.6500558097237085,0.9775280898876404
922,0.07,26,1.0,0.9982517482517482,0.9545454545454546,0.67480774719356,26,15,1.0,0.6797317096796639,0.9545454545454546,5.0,1.0,0.6546683113060742,1.0,6,1.0,0.6792807042178723,1.0
923,0.07,28,0.9642857142857143,0.9734150258343808,0.3333333333333333,0.5195298284036635,27,14,0.9285714285714286,0.4851968417160764,0.3333333333333333,7.0,1.0,0.5005633851173967,1.0,7,1.0,0.6071622450651045,1.0
924,0.07,29,1.0,0.9958210044537847,0.9545454545454546,0.6091388424780386,29,13,1.0,0.5654471786671383,0.9545454545454546,9.0,1.0,0.630141416299276,1.0,7,1.0,0.6632771946424051,1.0
925,0.07,25,0.96,0.9715942028985506,0.3333333333333333,0.6198134131062684,24,13,0.9230769230769231,0.6377920272542277,0.3333333333333333,4.0,1.0,0.667491882503916,1.0,8,1.0,0.5667589304170109,1.0
926,0.07,23,1.0,0.9985974754558206,0.967741935483871,0.5653872283521482,23,11,1.0,0.5684324107078405,0.967741935483871,6.0,1.0,0.6320814169408685,1.0,6,1.0,0.4931102054446586,1.0
927,0.07,33,1.0,0.997305066475027,0.9545454545454546,0.5938505263221336,33,18,1.0,0.6195180033301182,0.9545454545454546,9.0,1.0,0.5673367176368207,1.0,6,1.0,0.5566188083261494,1.0
928,0.07,22,1.0,0.996912433837868,0.9545454545454546,0.5211474484097486,22,9,1.0,0.4798793960689091,0.9545454545454546,5.0,1.0,0.5011248858698019,1.0,8,1.0,0.58008810888066,0.9775280898876404
929,0.07,30,0.9666666666666667,0.9745041699278426,0.3333333333333333,0.5633525297720539,29,16,0.9375,0.5273644211558829,0.3333333333333333,8.0,1.0,0.5242646245182954,1.0,6,1.0,0.7114380264201876,0.9775280898876404
930,0.07,26,0.9615384615384616,0.9726867335562986,0.3333333333333333,0.6271006357880581,25,15,0.9333333333333333,0.5985396223574914,0.3333333333333333,5.0,1.0,0.737291672538222,1.0,6,1.0,0.6066773054060056,1.0
931,0.07,26,1.0,0.9982517482517482,0.9545454545454546,0.6152632866268278,26,12,1.0,0.5950216801396263,0.9545454545454546,8.0,1.0,0.589895369995394,1.0,6,1.0,0.6895703884431423,1.0
932,0.07,27,0.9629629629629629,0.9744763490081841,0.3333333333333333,0.6086711369949016,26,15,0.9333333333333333,0.6219983069221922,0.3333333333333333,5.0,1.0,0.5250910761715051,1.0,7,1.0,0.6398129591674195,0.9775280898876404
933,0.1,29,0.8620689655172413,0.9793250316609605,0.8333333333333334,0.4117582236697098,25,14,0.7857142857142857,0.46329683577469477,0.8333333333333334,6.0,1.0,0.29788568693023115,0.95,9,0.8888888888888888,0.40750207377716363,0.8571428571428571
934,0.07,30,1.0,0.9970355731225297,0.9545454545454546,0.6022765208076838,30,14,1.0,0.6043546369286726,0.9545454545454546,5.0,1.0,0.5315839380571366,1.0,11,1.0,0.631764637903947,1.0
935,0.07,27,1.0,0.9988052568697731,0.967741935483871,0.6187528701802988,27,15,1.0,0.623071793956975,0.967741935483871,3.0,1.0,0.8230980439102961,1.0,9,1.0,0.5434396059758392,1.0
936,0.07,30,1.0,0.9967263921500648,0.9565217391304348,0.5837167993981305,30,13,1.0,0.5663609019589079,0.9565217391304348,7.0,1.0,0.6653133528100759,1.0,10,1.0,0.5491618786807582,0.9775280898876404
937,0.07,25,1.0,0.9951523651663904,0.9545454545454546,0.57817667992013,25,15,1.0,0.515497856727486,0.9545454545454546,3.0,1.0,0.6462367351595625,1.0,7,1.0,0.6833198488017527,1.0
938,0.1,29,0.8620689655172413,0.9790970297115125,0.8043478260869565,0.4872564396577122,25,13,0.7692307692307693,0.4898470821796232,0.8043478260869565,7.0,1.0,0.4848200229372703,0.9948453608247423,9,0.8888888888888888,0.4854093912419624,0.8571428571428571
939,0.07,25,1.0,1.0,1.0,0.5932956771626552,25,12,1.0,0.6085318181045049,1.0,5.0,1.0,0.44711297643959586,1.0,8,1.0,0.6618056537017928,1.0
940,0.07,22,1.0,0.9989785495403474,0.9775280898876404,0.5436756052647236,22,11,1.0,0.5515337858950976,1.0,4.0,1.0,0.4072283326259104,1.0,7,1.0,0.6092969057820291,0.9775280898876404
941,0.07,25,1.0,0.9951523651663905,0.9545454545454546,0.6031285613784266,25,12,1.0,0.5421070369224302,0.9545454545454546,8.0,1.0,0.6935687823508847,1.0,5,1.0,0.604875866516885,1.0
942,0.07,26,1.0,0.9974634549622335,0.9565217391304348,0.6369233939180581,26,12,1.0,0.6443943829232642,0.9565217391304348,8.0,1.0,0.5713281662664171,1.0,6,1.0,0.7094417194431676,0.9775280898876404
943,0.07,26,1.0,1.0,1.0,0.6387396213526169,26,9,1.0,0.6419413142322761,1.0,10.0,1.0,0.6513671002933058,1.0,7,1.0,0.6165839034492135,1.0
944,0.07,31,1.0,1.0,1.0,0.6276896232337859,31,12,1.0,0.6373931409347996,1.0,9.0,1.0,0.5911694181464894,1.0,10,1.0,0.6489135865711363,1.0
945,0.07,26,1.0,0.9987593052109182,0.967741935483871,0.6294777640525789,26,11,1.0,0.6404746080695118,0.967741935483871,7.0,1.0,0.5772165746029401,1.0,8,1.0,0.6600856442977305,1.0
946,0.1,28,0.8571428571428571,0.957794314498547,0.3333333333333333,0.4620414045475475,24,11,0.7272727272727273,0.39796814951364806,0.3333333333333333,8.0,1.0,0.5847193545433917,0.95,9,0.8888888888888888,0.4313060940371185,0.8571428571428571
947,0.1,27,0.8518518518518519,0.9554532649147629,0.3333333333333333,0.5210778210974647,23,16,0.75,0.47773741334935527,0.3333333333333333,7.0,1.0,0.600058682858765,0.9948453608247423,4,1.0,0.5562229440076272,1.0
948,0.07,27,1.0,0.9991677070328756,0.9775280898876404,0.6175697040186404,27,11,1.0,0.6261153168701077,1.0,7.0,1.0,0.6571838627852845,1.0,9,1.0,0.5763140537150128,0.9775280898876404
949,0.1,27,0.8148148148148148,0.950780801399593,0.3333333333333333,0.44612027192037423,22,15,0.7333333333333333,0.5051000644933921,0.3333333333333333,5.0,1.0,0.3795274000737945,1.0,7,0.8571428571428571,0.3673013391543215,0.8571428571428571
950,0.07,25,0.96,0.9733333333333333,0.3333333333333333,0.5257125261039739,24,15,0.9333333333333333,0.4602252935209514,0.3333333333333333,4.0,1.0,0.6180994898012192,1.0,6,1.0,0.6278392984300334,1.0
951,0.07,29,1.0,0.9966135091207569,0.9565217391304348,0.5911407354306029,29,17,1.0,0.5680486816876186,0.9565217391304348,8.0,1.0,0.6038103677082572,1.0,4,1.0,0.6639426992829772,0.9775280898876404
952,0.07,27,0.9629629629629629,0.9715981041944554,0.3333333333333333,0.5567549235076074,26,13,0.9230769230769231,0.5445161302687697,0.3333333333333333,6.0,1.0,0.6120903018871716,1.0,8,1.0,0.5351414287360453,0.9775280898876404
953,0.07,31,1.0,0.9989594172736733,0.967741935483871,0.5446861368290938,31,17,1.0,0.5643727498167249,0.967741935483871,7.0,1.0,0.4458157587854203,1.0,7,1.0,0.5957461690456639,1.0
954,0.07,29,0.9655172413793104,0.9770114942528735,0.3333333333333333,0.5262907596638932,28,14,0.9285714285714286,0.4948957598919992,0.3333333333333333,6.0,1.0,0.5253461058765616,1.0,9,1.0,0.5757571951672825,1.0
955,0.07,32,1.0,0.9978772982635342,0.9545454545454546,0.580108992510864,32,16,1.0,0.5514079069229298,0.9545454545454546,8.0,1.0,0.5340595479343647,1.0,8,1.0,0.6835606082632315,0.9775280898876404
956,0.07,29,1.0,0.9981127594955694,0.967741935483871,0.5885306042044569,29,13,1.0,0.6876150313313439,0.967741935483871,7.0,1.0,0.5004917735117417,1.0,9,1.0,0.5138833000043991,0.9775280898876404
957,0.07,28,0.9642857142857143,0.972211736317745,0.3333333333333333,0.6127398340123941,27,14,0.9285714285714286,0.5844941960829063,0.3333333333333333,6.0,1.0,0.6552453875503609,1.0,8,1.0,0.6302905352355227,0.9775280898876404
958,0.07,28,1.0,0.9975740551583249,0.9545454545454546,0.5463677460087917,28,12,1.0,0.5381588033800218,0.9545454545454546,7.0,1.0,0.5523803759726523,1.0,9,1.0,0.5526365128752602,0.9775280898876404
959,0.07,27,0.9629629629629629,0.9711825413665504,0.3333333333333333,0.6295397243370903,26,17,0.9411764705882353,0.586111118031817,0.3333333333333333,2.0,1.0,0.8256059737004228,1.0,8,1.0,0.672808950394963,0.9775280898876404
960,0.07,25,0.96,0.9711441343481937,0.3333333333333333,0.4794679864638154,24,9,0.8888888888888888,0.5203780282858866,0.3333333333333333,11.0,1.0,0.42582063665007747,1.0,5,1.0,0.5238540807743104,0.9775280898876404
961,0.07,28,1.0,0.9975740551583249,0.9545454545454546,0.6154424687317241,28,12,1.0,0.6054934915717037,0.9545454545454546,7.0,1.0,0.5702876095300198,1.0,9,1.0,0.6638282176575213,0.9775280898876404
962,0.07,25,0.96,0.9694050039134112,0.3333333333333333,0.5761474234452356,24,17,0.9411764705882353,0.5815315558748377,0.3333333333333333,3.0,1.0,0.603167412016333,1.0,5,1.0,0.5416293800419305,0.9775280898876404
963,0.07,24,0.9583333333333334,0.9703282828282829,0.3333333333333333,0.5795004566270129,23,12,0.9166666666666666,0.558061570173751,0.3333333333333333,7.0,1.0,0.5615281676201677,1.0,5,1.0,0.6561149887244243,1.0
964,0.07,34,1.0,0.9977143350008625,0.9545454545454546,0.5843363546314541,34,17,1.0,0.5456986249940944,0.9545454545454546,5.0,1.0,0.6639823544773196,1.0,12,1.0,0.6058873050152698,1.0
965,0.07,27,1.0,0.9963626579445166,0.9565217391304348,0.5195482449933209,27,13,1.0,0.471530273865049,0.9565217391304348,6.0,1.0,0.6601394379821466,1.0,8,1.0,0.4921340533351431,0.9775280898876404
966,0.07,25,1.0,1.0,1.0,0.6000203534237163,25,12,1.0,0.6461061199403776,1.0,4.0,1.0,0.5786011959025045,1.0,9,1.0,0.548092290299818,1.0
967,0.1,28,0.8571428571428571,0.9572283139954949,0.3333333333333333,0.394832726249427,24,15,0.7333333333333333,0.3666281613924648,0.3333333333333333,7.0,1.0,0.33870366872395985,1.0,6,1.0,0.5308280388382111,1.0
968,0.07,25,1.0,0.9969705469845722,0.9565217391304348,0.6032674541598206,25,9,1.0,0.655671218448635,0.9565217391304348,5.0,1.0,0.5868670635242217,1.0,11,1.0,0.5678463700306087,1.0
969,0.07,29,1.0,0.995821004453785,0.9545454545454546,0.5593729664503936,29,12,1.0,0.5220100537528171,0.9545454545454546,7.0,1.0,0.616832488790557,1.0,10,1.0,0.5639867960493714,1.0
970,0.07,24,1.0,1.0,1.0,0.6561642367974372,24,9,1.0,0.6712737719396059,1.0,7.0,1.0,0.5972718774604527,1.0,8,1.0,0.6906968241823586,1.0
971,0.07,25,1.0,1.0,1.0,0.5431027560380536,25,10,1.0,0.5831902123032205,1.0,10.0,1.0,0.49608469618641937,1.0,5,1.0,0.5569639632109884,1.0
972,0.07,27,1.0,0.9962894622191469,0.9545454545454546,0.5942563310753362,27,14,1.0,0.5709603854289952,0.9545454545454546,4.0,1.0,0.6214407357048063,1.0,9,1.0,0.618412511134324,0.9775280898876404
973,0.07,33,1.0,0.9979416225585787,0.9545454545454546,0.5122567763394754,33,13,1.0,0.5039033713677475,0.9545454545454546,9.0,1.0,0.4513582481875276,1.0,11,1.0,0.5719550507031113,0.9775280898876404
974,0.07,24,0.9583333333333334,0.9704106280193235,0.3333333333333333,0.6164353794307891,23,13,0.9230769230769231,0.6017507226676738,0.3333333333333333,6.0,1.0,0.5719833658756458,1.0,5,1.0,0.7079579032810606,1.0
975,0.07,32,0.96875,0.9746772047618979,0.3333333333333333,0.5410433672106918,31,18,0.9444444444444444,0.5048110748633113,0.3333333333333333,6.0,1.0,0.6032791318150388,1.0,8,1.0,0.5758892015390378,0.9775280898876404
976,0.07,28,0.9642857142857143,0.9750384024577573,0.3333333333333333,0.5031577333725022,27,14,0.9285714285714286,0.49567152925002317,0.3333333333333333,7.0,1.0,0.5287960200610476,1.0,7,1.0,0.4924918549289149,1.0
977,0.07,24,1.0,0.9981060606060606,0.9545454545454546,0.5887954568415765,24,12,1.0,0.5741230463089234,0.9545454545454546,7.0,1.0,0.5166679116911224,1.0,5,1.0,0.7249878053305798,1.0
978,0.07,25,1.0,0.9981818181818182,0.9545454545454546,0.5818436461975649,25,10,1.0,0.5694764619527424,0.9545454545454546,8.0,1.0,0.5875208548878612,1.0,7,1.0,0.5930228137584008,1.0
979,0.1,35,0.8571428571428571,0.9615537431383274,0.3333333333333333,0.4156638952545257,30,20,0.8,0.4354455967610503,0.3333333333333333,8.0,1.0,0.3672498458163532,0.9948453608247423,7,0.8571428571428571,0.4144750903080808,0.8571428571428571
980,0.1,28,0.7857142857142857,0.9480224577399492,0.3333333333333333,0.4627742498856532,22,12,0.5833333333333334,0.4571444867639442,0.3333333333333333,7.0,1.0,0.6117055306736477,1.0,9,0.8888888888888888,0.354445160101714,0.8571428571428571
981,0.07,30,1.0,0.9974754558204768,0.9565217391304348,0.618347257068671,30,18,1.0,0.6252170819853969,0.9565217391304348,6.0,1.0,0.6012760052233997,1.0,6,1.0,0.6148090341637646,1.0
982,0.07,26,0.9615384615384616,0.9743589743589743,0.3333333333333333,0.5347495447196995,25,14,0.9285714285714286,0.48503788742038595,0.3333333333333333,5.0,1.0,0.5231009077731145,1.0,7,1.0,0.6424933142801729,1.0
983,0.07,30,1.0,0.9977357848144365,0.9545454545454546,0.5867692442883777,30,16,1.0,0.5436977860878,0.9545454545454546,8.0,1.0,0.66716364546671,1.0,6,1.0,0.5944339312521421,0.9775280898876404
984,0.07,22,1.0,0.9980237154150197,0.9565217391304348,0.5996169795822932,22,12,1.0,0.6700307176820027,0.9565217391304348,7.0,1.0,0.5378232491477325,1.0,3,1.0,0.4621473981974296,1.0
985,0.07,26,0.9615384615384616,0.9705817345321262,0.3333333333333333,0.5208039386837109,25,14,0.9285714285714286,0.5046107143608756,0.3333333333333333,6.0,1.0,0.4866518199291823,1.0,6,1.0,0.5927402475248551,0.9775280898876404
986,0.07,23,1.0,0.9990229604298975,0.9775280898876404,0.6192641827076267,23,12,1.0,0.6361699525086572,1.0,4.0,1.0,0.48565594220523794,1.0,7,1.0,0.6666304290500825,0.9775280898876404
987,0.07,27,1.0,0.9991677070328756,0.9775280898876404,0.5800870570696521,27,16,1.0,0.5494648341848287,1.0,6.0,1.0,0.691512822645143,1.0,5,1.0,0.544367251610498,0.9775280898876404
988,0.07,27,0.9629629629629629,0.9753086419753086,0.3333333333333333,0.6263572855177587,26,15,0.9333333333333333,0.5791054007470269,0.3333333333333333,8.0,1.0,0.7039157538475793,1.0,4,1.0,0.6484349167483623,1.0
989,0.1,26,0.8846153846153846,0.9783736285836457,0.8043478260869565,0.4976523703446417,23,13,0.8461538461538461,0.46980264831269175,0.8043478260869565,7.0,1.0,0.524162524123737,0.95,6,0.8333333333333334,0.527064922004922,0.8571428571428571
990,0.07,25,1.0,1.0,1.0,0.563195636666378,25,8,1.0,0.6118993966589399,1.0,9.0,1.0,0.5267086385021091,1.0,8,1.0,0.5555397496086185,1.0
991,0.07,28,1.0,1.0,1.0,0.588364899931299,28,14,1.0,0.6127274847682064,1.0,5.0,1.0,0.4938495876744504,1.0,9,1.0,0.6029760525499147,1.0
992,0.07,26,0.9615384615384616,0.9717464183756318,0.3333333333333333,0.6298211675638246,25,12,0.9166666666666666,0.6982185379539194,0.3333333333333333,5.0,1.0,0.5808719881427515,1.0,9,1.0,0.5658186622776277,0.9775280898876404
993,0.07,27,0.9629629629629629,0.9753086419753086,0.3333333333333333,0.6564448666933738,26,12,0.9166666666666666,0.598298469103966,0.3333333333333333,6.0,1.0,0.7345411464679916,1.0,9,1.0,0.6819092102961725,1.0
994,0.07,28,0.9642857142857143,0.9746376811594202,0.3333333333333333,0.6147274922582185,27,15,0.9333333333333333,0.590158404464384,0.3333333333333333,9.0,1.0,0.6359053609385311,1.0,4,1.0,0.6592113669543949,1.0
995,0.07,26,0.9615384615384616,0.9726107226107227,0.3333333333333333,0.5941114096584126,25,15,0.9333333333333333,0.6139330347052491,0.3333333333333333,5.0,1.0,0.7342197407422228,1.0,6,1.0,0.42780040447147966,1.0
996,0.1,29,0.8275862068965517,0.970467363720737,0.8043478260869565,0.4565476515066507,24,12,0.6666666666666666,0.49799843707591335,0.8043478260869565,9.0,1.0,0.49002446652512727,0.95,8,0.875,0.35671005625697083,0.8571428571428571
997,0.1,27,0.8888888888888888,0.9812337516171084,0.8333333333333334,0.4599830494455437,24,19,0.8947368421052632,0.5086481303164366,0.8333333333333334,3.0,1.0,0.4098566802652468,0.95,5,0.8,0.305131563644329,0.8571428571428571
998,0.07,24,1.0,0.9962944664031621,0.9545454545454546,0.5760309966318329,24,13,1.0,0.5190742137149729,0.9545454545454546,6.0,1.0,0.5974070311258335,1.0,5,1.0,0.6984673908228679,1.0
999,0.1,28,0.8214285714285714,0.9506900644078744,0.3333333333333333,0.4425056223435842,23,16,0.75,0.4153517156546074,0.3333333333333333,4.0,1.0,0.43343383972176935,1.0,8,0.875,0.501349327032445,0.8571428571428571
1000,0.07,26,1.0,0.9987593052109182,0.967741935483871,0.5490800019090207,26,8,1.0,0.5309799501056136,0.967741935483871,11.0,1.0,0.5157825971675067,1.0,7,1.0,0.6220902685638646,1.0
1001,0.07,24,1.0,1.0,1.0,0.5848230889844229,24,14,1.0,0.5848067523458381,1.0,4.0,1.0,0.6212278755000274,1.0,6,1.0,0.5605913501307179,1.0
1002,0.07,31,0.967741935483871,0.9759877652697633,0.3333333333333333,0.564136120991567,30,16,0.9375,0.5310096821745574,0.3333333333333333,7.0,1.0,0.5928330275670476,1.0,8,1.0,0.6052792053720408,1.0
1003,0.07,28,1.0,0.9983766233766234,0.9545454545454546,0.5564910371939321,28,13,1.0,0.46608999087589476,0.9545454545454546,6.0,1.0,0.5212646532911664,1.0,9,1.0,0.710554582255163,1.0
1004,0.07,28,1.0,0.9972951312362252,0.9565217391304348,0.5440615656086935,28,11,1.0,0.5730464601515481,0.9565217391304348,8.0,1.0,0.46147130465671393,1.0,9,1.0,0.5820491486802976,1.0
1005,0.1,29,0.896551724137931,0.9826263063407378,0.8043478260869565,0.5104687525769316,26,9,0.6666666666666666,0.4180986148606322,0.8043478260869565,5.0,1.0,0.5890891585568363,0.9948453608247423,15,1.0,0.5396840332134097,1.0
1006,0.07,31,0.967741935483871,0.9777697233297088,0.3333333333333333,0.5511956558168148,30,16,0.9375,0.5176121914881495,0.3333333333333333,5.0,1.0,0.5652439376794762,1.0,10,1.0,0.5979050578113487,0.9775280898876404
1007,0.07,27,1.0,0.998389694041868,0.9565217391304348,0.6163334407842243,27,14,1.0,0.5467264133321794,0.9565217391304348,6.0,1.0,0.6727041047084349,1.0,7,1.0,0.7072297837532762,1.0
1008,0.07,28,1.0,0.9964925630179265,0.9565217391304348,0.5744724349939719,28,15,1.0,0.6138787865275478,0.9565217391304348,6.0,1.0,0.3845019632219766,1.0,7,1.0,0.6528620860837341,0.9775280898876404
1009,0.07,28,1.0,0.9976446367506454,0.9565217391304348,0.5202484157833226,28,11,1.0,0.5740983754535193,0.9565217391304348,8.0,1.0,0.4416327292670678,1.0,9,1.0,0.5243124086453084,0.9775280898876404
1010,0.07,26,0.9615384615384616,0.9743589743589743,0.3333333333333333,0.5633703306542904,25,16,0.9375,0.5322865224061616,0.3333333333333333,6.0,1.0,0.5336540383255796,1.0,4,1.0,0.7322800021398721,1.0
1011,0.07,30,1.0,0.9970355731225297,0.9545454545454546,0.5742219780561079,30,17,1.0,0.5435525719945398,0.9545454545454546,7.0,1.0,0.5637378963267484,1.0,6,1.0,0.6733500572481369,1.0
1012,0.07,32,0.96875,0.9767381476050832,0.3333333333333333,0.5446123355194209,31,17,0.9411764705882353,0.5982698401545385,0.3333333333333333,8.0,1.0,0.4830939808247003,1.0,7,1.0,0.48460794391381595,1.0
1013,0.07,22,1.0,0.9975122738805233,0.967741935483871,0.5897174168474778,22,10,1.0,0.6578140187195354,0.967741935483871,6.0,1.0,0.5277162425105036,1.0,6,1.0,0.5382242547310231,0.9775280898876404
1014,0.07,33,0.9696969696969697,0.9797979797979797,0.3333333333333333,0.6094275526757674,32,19,0.9473684210526315,0.5958061316728881,0.3333333333333333,6.0,1.0,0.580128355879673,1.0,8,1.0,0.6637528251546769,1.0
1015,0.07,29,0.9655172413793104,0.9770114942528735,0.3333333333333333,0.5451651302198548,28,14,0.9285714285714286,0.5495210587809902,0.3333333333333333,5.0,1.0,0.5261934146752492,1.0,10,1.0,0.5485526880065682,1.0
1016,0.07,24,1.0,1.0,1.0,0.6257400160563339,24,15,1.0,0.6106237049374084,1.0,7.0,1.0,0.5907600464957997,1.0,2,1.0,0.8615422429101436,1.0
1017,0.1,27,0.8888888888888888,0.9634437048415543,0.3333333333333333,0.4741161271567563,24,19,0.8421052631578947,0.4093602265174874,0.3333333333333333,4.0,1.0,0.6338628029573887,0.95,4,1.0,0.6219599793926508,1.0
1018,0.1,29,0.8620689655172413,0.9621008115524903,0.3333333333333333,0.4596514971829186,25,17,0.8235294117647058,0.44321067367263384,0.3333333333333333,5.0,1.0,0.5482362428689378,1.0,7,0.8571428571428571,0.43630439307502483,0.8571428571428571
1019,0.07,23,1.0,0.998109640831758,0.9565217391304348,0.5981575086247358,23,13,1.0,0.5978364037970102,0.9565217391304348,4.0,1.0,0.6615511446739034,1.0,6,1.0,0.5565908117186963,1.0
1020,0.1,28,0.8571428571428571,0.9598126572533333,0.3333333333333333,0.4342182521804315,24,10,0.7,0.4214546156039104,0.3333333333333333,8.0,1.0,0.3724767359121333,0.95,10,0.9,0.4963751017715913,0.8571428571428571
1021,0.1,29,0.8620689655172413,0.9777001979663535,0.8043478260869565,0.5157742546650856,25,14,0.7857142857142857,0.5388931728384388,0.8043478260869565,8.0,1.0,0.5286007974323712,0.9948453608247423,7,0.8571428571428571,0.45487751229862416,0.8571428571428571
1022,0.1,30,0.8333333333333334,0.9533999601279807,0.3333333333333333,0.4291944103963229,25,14,0.7142857142857143,0.4067885161731229,0.3333333333333333,8.0,1.0,0.43013410667305585,0.95,8,0.875,0.46746502901018977,0.8571428571428571
1023,0.07,26,0.9615384615384616,0.9743589743589743,0.3333333333333333,0.573813482495878,25,13,0.9230769230769231,0.5871773333306285,0.3333333333333333,4.0,1.0,0.5102343259499773,1.0,9,1.0,0.5827675453105274,1.0
1024,0.07,24,0.9583333333333334,0.9704106280193235,0.3333333333333333,0.5791625013116511,23,15,0.9333333333333333,0.5923617025673201,0.3333333333333333,4.0,1.0,0.6571745868707781,1.0,5,1.0,0.47715522909734276,1.0
1025,0.07,32,1.0,0.997633239831697,0.9565217391304348,0.6013114551911496,32,17,1.0,0.5966946653272849,0.9565217391304348,8.0,1.0,0.6650960604315572,1.0,7,1.0,0.5396269674429265,1.0
1026,0.07,28,1.0,0.9972951312362252,0.9565217391304348,0.5244738088882205,28,12,1.0,0.5029381224196405,0.9565217391304348,8.0,1.0,0.5717235028474141,1.0,8,1.0,0.5095276446318968,1.0
1027,0.1,27,0.8518518518518519,0.9549154041784221,0.3333333333333333,0.49050690127299684,23,15,0.8,0.4903414862518788,0.3333333333333333,6.0,1.0,0.49612376891767695,0.95,6,0.8333333333333334,0.48530357118111217,0.8571428571428571
1028,0.07,34,1.0,0.9983902948638681,0.967741935483871,0.5895625190108987,34,13,1.0,0.5735090327846157,0.967741935483871,8.0,1.0,0.5750164014141164,1.0,13,1.0,0.6145674622198174,0.9775280898876404
1029,0.1,31,0.8709677419354839,0.9660395584905063,0.3333333333333333,0.42881316280125464,27,17,0.8235294117647058,0.36208427518932224,0.3333333333333333,7.0,1.0,0.4766803966919878,0.9948453608247423,7,0.8571428571428571,0.5430017988252145,0.8571428571428571
1030,0.07,24,1.0,0.9990636704119851,0.9775280898876404,0.5989861587497843,24,13,1.0,0.6231481502429488,1.0,5.0,1.0,0.5342734601836329,1.0,6,1.0,0.6005624259863878,0.9775280898876404
1031,0.07,25,0.96,0.9715151515151516,0.3333333333333333,0.5474806607260904,24,15,0.9333333333333333,0.4687645601479063,0.3333333333333333,3.0,1.0,0.5896973483607718,1.0,7,1.0,0.6980651529787643,1.0
1032,0.07,25,1.0,0.9991011235955056,0.9775280898876404,0.5951674284039137,25,11,1.0,0.5481309641246838,1.0,9.0,1.0,0.604640277081634,1.0,5,1.0,0.6815965221983228,0.9775280898876404
1033,0.1,31,0.9032258064516129,0.9654466326756224,0.3333333333333333,0.46762350345274806,28,14,0.7857142857142857,0.4435562405266903,0.3333333333333333,7.0,1.0,0.4810968617332869,1.0,10,1.0,0.49188632075285205,0.9775280898876404
1034,0.07,27,0.9629629629629629,0.9741138988450816,0.3333333333333333,0.5345713753157809,26,16,0.9375,0.5435858097366175,0.3333333333333333,4.0,1.0,0.6198512871675894,1.0,7,1.0,0.4652355755814068,1.0
1035,0.07,30,1.0,0.9977357848144365,0.9545454545454546,0.5848805513530991,30,15,1.0,0.6103609784080238,0.9545454545454546,6.0,1.0,0.3733114787517741,1.0,9,1.0,0.6834592213291082,0.9775280898876404
1036,0.07,29,1.0,0.9988876529477198,0.967741935483871,0.5651626178098496,29,13,1.0,0.6159807545003625,0.967741935483871,8.0,1.0,0.5454301521103188,1.0,8,1.0,0.5023156113872971,1.0
1037,0.07,26,1.0,1.0,1.0,0.5779608104468916,26,11,1.0,0.5710242750574929,1.0,8.0,1.0,0.5202550590220122,1.0,7,1.0,0.6548105105443804,1.0
1038,0.1,23,0.8260869565217391,0.9721069730521528,0.8043478260869565,0.5621239049034604,19,14,0.7857142857142857,0.5492900338965244,0.8043478260869565,3.0,1.0,0.6765504985918048,1.0,6,0.8333333333333334,0.5348563070754726,0.8571428571428571
1039,0.07,28,1.0,0.9988479262672811,0.967741935483871,0.5935487623963774,28,14,1.0,0.5736985684981795,0.967741935483871,7.0,1.0,0.6191783691759997,1.0,7,1.0,0.6076195434131509,1.0
1040,0.07,25,1.0,0.9981818181818182,0.9545454545454546,0.5770114251004894,25,10,1.0,0.5875428606815393,0.9545454545454546,5.0,1.0,0.5118267701890832,1.0,10,1.0,0.5990723169751427,1.0
1041,0.07,26,1.0,0.9983277591973244,0.9565217391304348,0.6237822460551908,26,18,1.0,0.6343635322479934,0.9565217391304348,3.0,1.0,0.38692930431662237,1.0,5,1.0,0.727801380804243,1.0
1042,0.07,26,0.9615384615384616,0.9714460387672168,0.3333333333333333,0.5889418125433283,25,10,0.9,0.6163865172938655,0.3333333333333333,8.0,1.0,0.5239127020896253,1.0,8,1.0,0.6196650420588601,1.0
1043,0.07,28,1.0,0.99486918639455,0.9545454545454546,0.5541232339580499,28,13,1.0,0.5424796632647517,0.9545454545454546,3.0,1.0,0.4502825580306167,1.0,12,1.0,0.5926972711909814,0.9775280898876404
1044,0.07,26,1.0,0.9970110534626664,0.9545454545454546,0.49829686298257425,26,11,1.0,0.41494720056036416,0.9545454545454546,6.0,1.0,0.477599314371094,1.0,9,1.0,0.6139670383507068,1.0
1045,0.1,28,0.8571428571428571,0.9596472459951723,0.3333333333333333,0.459997263411121,24,13,0.7692307692307693,0.443363325978125,0.3333333333333333,8.0,1.0,0.4897202967141245,0.95,7,0.8571428571428571,0.4569196805832526,0.8571428571428571
1046,0.07,31,1.0,0.9985974754558204,0.9565217391304348,0.5553359795294867,31,18,1.0,0.5716561864614628,0.9565217391304348,9.0,1.0,0.49593409646084324,1.0,4,1.0,0.6155492852400419,1.0
1047,0.07,30,1.0,0.9977357848144365,0.9545454545454546,0.5252717864548591,30,16,1.0,0.5382712167603961,0.9545454545454546,9.0,1.0,0.4837142555325193,1.0,5,1.0,0.5584771651373519,0.9775280898876404
1048,0.1,24,0.875,0.959281924380239,0.3333333333333333,0.5130393572159304,21,13,0.7692307692307693,0.4754751362823928,0.3333333333333333,5.0,1.0,0.5315059474584777,0.95,6,1.0,0.5790396773698061,0.9775280898876404
1049,0.1,28,0.8928571428571429,0.9820058172814784,0.8043478260869565,0.44336902347767543,25,17,0.8235294117647058,0.3968496414542142,0.8043478260869565,4.0,1.0,0.517242823918084,0.9948453608247423,7,1.0,0.5141310652829906,1.0
1050,0.07,27,1.0,0.9991677070328756,0.9775280898876404,0.6178860799618285,27,12,1.0,0.6543009079855422,1.0,8.0,1.0,0.580559868606281,1.0,7,1.0,0.5981191877560877,0.9775280898876404
1051,0.07,26,1.0,0.9987593052109182,0.967741935483871,0.6292862920116604,26,10,1.0,0.6652942310940594,0.967741935483871,8.0,1.0,0.6210149991845437,1.0,8,1.0,0.5925476609857785,1.0
1052,0.07,22,1.0,0.9944913240527163,0.9545454545454546,0.5498799199200541,22,13,1.0,0.504667934831146,0.9545454545454546,6.0,1.0,0.5403145874482823,1.0,3,1.0,0.7649291869155322,1.0
1053,0.1,27,0.8888888888888888,0.9581857219538379,0.3333333333333333,0.46087659449769447,24,14,0.7857142857142857,0.411927662342975,0.3333333333333333,6.0,1.0,0.5278996160270443,0.95,7,1.0,0.5013261546391191,1.0
1054,0.07,25,1.0,1.0,1.0,0.5811494203869955,25,9,1.0,0.5676248134749966,1.0,5.0,1.0,0.5232711959369375,1.0,11,1.0,0.6185232917013844,1.0
1055,0.1,26,0.8461538461538461,0.9542238206983951,0.3333333333333333,0.48859470079364214,22,14,0.7857142857142857,0.44381291607366624,0.3333333333333333,5.0,1.0,0.6051917103011553,0.9948453608247423,7,0.8571428571428571,0.49487469201394185,0.8571428571428571
1056,0.07,25,1.0,0.9981818181818182,0.9545454545454546,0.5669442343780433,25,15,1.0,0.5656390759208482,0.9545454545454546,7.0,1.0,0.5270995089655163,1.0,3,1.0,0.6664410526265812,1.0
1057,0.07,25,1.0,1.0,1.0,0.5481515353395244,25,13,1.0,0.5031021270303666,1.0,6.0,1.0,0.5812232481309909,1.0,6,1.0,0.6126868738845668,1.0
1058,0.1,24,0.8333333333333334,0.975211065641366,0.8043478260869565,0.42287024790113303,20,10,0.7,0.44047281338434197,0.8043478260869565,8.0,1.0,0.442570700272127,0.9948453608247423,6,0.8333333333333334,0.36726536893445944,0.8571428571428571
1059,0.07,27,0.9629629629629629,0.9728660430500521,0.3333333333333333,0.6339473342711431,26,13,0.9230769230769231,0.6719830337403349,0.3333333333333333,5.0,1.0,0.588422243451912,1.0,9,1.0,0.6042985966041061,0.9775280898876404
1060,0.07,27,1.0,0.998389694041868,0.9565217391304348,0.5840444602536924,27,11,1.0,0.5395208764205913,0.9565217391304348,9.0,1.0,0.5375017056026334,1.0,7,1.0,0.7138507765427841,1.0
1061,0.07,27,1.0,0.9971949509116409,0.9565217391304348,0.5939645731516683,27,12,1.0,0.5503992649629817,0.9565217391304348,9.0,1.0,0.648423623133544,1.0,6,1.0,0.5994066145562279,1.0
1062,0.07,29,0.9655172413793104,0.9754440961337514,0.3333333333333333,0.582627934495532,28,13,0.9230769230769231,0.5558433183514637,0.3333333333333333,8.0,1.0,0.6036355473029564,1.0,8,1.0,0.6051453229222183,1.0
1063,0.07,28,0.9642857142857143,0.9750384024577573,0.3333333333333333,0.5647035844233065,27,14,0.9285714285714286,0.5853004603656974,0.3333333333333333,10.0,1.0,0.5004560500653535,1.0,4,1.0,0.6532333545198208,1.0
1064,0.07,25,1.0,1.0,1.0,0.6346838546016008,25,13,1.0,0.624912768492289,1.0,5.0,1.0,0.6980321486240539,1.0,7,1.0,0.6075813759314276,1.0
1065,0.07,23,1.0,1.0,1.0,0.6410187094704266,23,9,1.0,0.5659131012195221,1.0,6.0,1.0,0.7088096369060667,1.0,8,1.0,0.6746693231759645,1.0
1066,0.07,29,1.0,0.9992251065478497,0.9775280898876404,0.6085287287958402,29,15,1.0,0.5842550693837598,1.0,7.0,1.0,0.690133496694968,1.0,7,1.0,0.5789389453511699,0.9775280898876404
1067,0.07,23,1.0,0.998109640831758,0.9565217391304348,0.5697935730630078,23,9,1.0,0.4492099034649416,0.9565217391304348,6.0,1.0,0.5554318105948924,1.0,8,1.0,0.7162215232119187,1.0
1068,0.1,28,0.8928571428571429,0.9643485655131618,0.3333333333333333,0.48259386613087024,25,16,0.8125,0.5038654623917798,0.3333333333333333,6.0,1.0,0.3945725699192688,0.95,6,1.0,0.513890905646713,0.9565217391304348
1069,0.07,26,1.0,0.995715203213982,0.9545454545454546,0.6031380093613316,26,16,1.0,0.6032992515412336,0.9545454545454546,5.0,1.0,0.6765002065250683,1.0,5,1.0,0.5292598372219081,0.9775280898876404
1070,0.07,22,1.0,0.9949361492528879,0.9545454545454546,0.6284345548121792,22,10,1.0,0.5875303301137479,0.9545454545454546,7.0,1.0,0.6684721120866947,1.0,5,1.0,0.6541904240247207,0.9775280898876404
1071,0.07,25,1.0,0.9969705469845722,0.9565217391304348,0.5749731770224541,25,13,1.0,0.6340435091729921,0.9565217391304348,4.0,1.0,0.4281141829154915,1.0,8,1.0,0.5524133843313113,1.0
1072,0.07,26,1.0,0.9983277591973244,0.9565217391304348,0.5732166972545372,26,16,1.0,0.5564781612830222,0.9565217391304348,3.0,1.0,0.4283873491072728,1.0,7,1.0,0.6735459286811135,1.0
1073,0.07,23,1.0,1.0,1.0,0.6518118297863296,23,7,1.0,0.7006151910969278,1.0,8.0,1.0,0.7027890610700336,1.0,8,1.0,0.5581316573558522,1.0
1074,0.1,28,0.8928571428571429,0.9628797961872495,0.3333333333333333,0.4520987776945576,25,11,0.8181818181818182,0.44193029358676483,0.3333333333333333,8.0,1.0,0.49178098512933244,1.0,9,0.8888888888888888,0.42925385166206026,0.8571428571428571
1075,0.07,28,1.0,0.9972951312362252,0.9565217391304348,0.5398118649103448,28,15,1.0,0.5829399271363477,0.9565217391304348,8.0,1.0,0.4619307718599168,1.0,5,1.0,0.5350374271130213,1.0
1076,0.03,27,1.0,1.0,1.0,0.8442610871962001,27,14,1.0,0.8300508394111186,1.0,5.0,1.0,0.8551968694226257,1.0,8,1.0,0.8622941569285762,1.0
1077,0.07,28,1.0,0.996421981425606,0.9545454545454546,0.5448132376084774,28,14,1.0,0.5734237178141005,0.9545454545454546,5.0,1.0,0.46033882073735766,1.0,9,1.0,0.5472382777725748,0.9775280898876404
1078,0.1,27,0.8518518518518519,0.9524067451603683,0.3333333333333333,0.4912962325977425,23,14,0.7857142857142857,0.4961051329609866,0.3333333333333333,3.0,1.0,0.5272040394912679,0.95,10,0.9,0.47379143002114354,0.8571428571428571
1079,0.07,24,1.0,0.9990636704119851,0.9775280898876404,0.577078245541935,24,11,1.0,0.5578975478364151,1.0,8.0,1.0,0.6462690759427054,1.0,5,1.0,0.5085704518528461,0.9775280898876404
1080,0.07,25,1.0,0.9982608695652173,0.9565217391304348,0.6174285385581224,25,9,1.0,0.6061604865131717,0.9565217391304348,5.0,1.0,0.5239567208557079,1.0,11,1.0,0.6691350437323614,1.0
1081,0.07,28,0.9642857142857143,0.9726124576160821,0.3333333333333333,0.5541171583061769,27,16,0.9375,0.5287229504059364,0.3333333333333333,4.0,1.0,0.535342958246171,1.0,8,1.0,0.6142926741366608,0.9775280898876404
1082,0.1,29,0.8620689655172413,0.9766485348578157,0.8043478260869565,0.4758971571263834,25,14,0.7857142857142857,0.4765117326777278,0.8043478260869565,8.0,1.0,0.4723105528731489,0.9948453608247423,7,0.8571428571428571,0.4787669823131059,0.8571428571428571
1083,0.07,26,1.0,0.9991356957649093,0.9775280898876404,0.6435902292792934,26,10,1.0,0.6908812949677359,1.0,9.0,1.0,0.5515819794809698,1.0,7,1.0,0.6943278851793636,0.9775280898876404
1084,0.07,26,1.0,1.0,1.0,0.6428290947763782,26,15,1.0,0.5688157790686655,1.0,3.0,1.0,0.7840294142056976,1.0,8,1.0,0.7286539419423446,1.0
1085,0.07,22,1.0,0.9964676086376966,0.9545454545454546,0.5399582178366393,22,12,1.0,0.5355962620108966,0.9545454545454546,5.0,1.0,0.6254371681462054,1.0,5,1.0,0.464947961508856,1.0
1086,0.07,30,1.0,0.9977357848144365,0.9545454545454546,0.554684032970136,30,13,1.0,0.5564183047643988,0.9545454545454546,6.0,1.0,0.4628222345009992,1.0,11,1.0,0.602740874560082,0.9775280898876404
1087,0.1,27,0.8888888888888888,0.9774108904420244,0.8043478260869565,0.461559091668325,24,14,0.8571428571428571,0.42896943151610806,0.8043478260869565,6.0,1.0,0.5117424006470804,0.95,7,0.8571428571428571,0.4837241471338257,0.8571428571428571
1088,0.03,31,1.0,1.0,1.0,0.8165254695632094,31,9,1.0,0.8351288229509455,1.0,8.0,1.0,0.7675540067931553,1.0,14,1.0,0.8325498639682668,1.0
1089,0.07,28,0.9642857142857143,0.9745670995670996,0.3333333333333333,0.6315532826207162,27,16,0.9375,0.6108873193014428,0.3333333333333333,6.0,1.0,0.6938427027719362,1.0,6,1.0,0.6243730979875582,1.0
1090,0.1,29,0.896551724137931,0.9661897162018069,0.3333333333333333,0.4354529751885922,26,15,0.8,0.5111960489200901,0.3333333333333333,7.0,1.0,0.31978483766276905,1.0,7,1.0,0.38881452614692014,0.9565217391304348
1091,0.07,27,1.0,0.9974842053493739,0.9545454545454546,0.48802661259391444,27,13,1.0,0.4686904674112613,0.9545454545454546,7.0,1.0,0.425253727314156,1.0,7,1.0,0.5867094817843145,0.9775280898876404
1092,0.07,25,1.0,1.0,1.0,0.5956693008220753,25,13,1.0,0.6053860285399044,1.0,3.0,1.0,0.5739554823277369,1.0,9,1.0,0.58887196694999,1.0
1093,0.07,24,0.9583333333333334,0.9722222222222222,0.3333333333333333,0.5909729079810369,23,11,0.9090909090909091,0.6831681740959438,0.3333333333333333,7.0,1.0,0.5210883677812014,1.0,6,1.0,0.5034802170035159,1.0
1094,0.1,31,0.8709677419354839,0.9599649848711062,0.3333333333333333,0.46647274007435063,27,17,0.7647058823529411,0.44907400038418455,0.3333333333333333,6.0,1.0,0.43343638905715487,1.0,8,1.0,0.5282223251788508,0.9565217391304348
1095,0.07,28,0.9642857142857143,0.9745670995670996,0.3333333333333333,0.5662841595584948,27,13,0.9230769230769231,0.5317665686789218,0.3333333333333333,10.0,1.0,0.6543923394924426,1.0,5,1.0,0.4798135359774891,1.0
1096,0.07,27,1.0,0.9983164983164983,0.9545454545454546,0.5787481605304575,27,15,1.0,0.5837699725804255,0.9545454545454546,8.0,1.0,0.6016862870390365,1.0,4,1.0,0.5140401123259195,1.0
1097,0.1,28,0.8571428571428571,0.9584802102659247,0.3333333333333333,0.4600827787415735,24,13,0.7692307692307693,0.45775981170665925,0.3333333333333333,5.0,1.0,0.4991401305447797,1.0,10,0.9,0.44357395998535887,0.8571428571428571
1098,0.07,24,0.9583333333333334,0.9693919532402678,0.3333333333333333,0.5451565434300013,23,11,0.9090909090909091,0.48788888597213204,0.3333333333333333,4.0,1.0,0.7393865601454854,1.0,9,1.0,0.5288258951160705,0.9775280898876404
1099,0.1,28,0.8928571428571429,0.9664139626628286,0.3333333333333333,0.4084512075259875,25,15,0.8,0.3795257939629064,0.3333333333333333,6.0,1.0,0.4442047508972842,1.0,7,1.0,0.4397883422714785,0.9565217391304348
1100,0.07,25,1.0,1.0,1.0,0.6173566867064519,25,9,1.0,0.6761653660405068,1.0,10.0,1.0,0.5941218332583341,1.0,6,1.0,0.5678684234522319,1.0
1101,0.07,24,1.0,0.9972520762090865,0.9565217391304348,0.5563321787650604,24,8,1.0,0.4527196823775902,0.9565217391304348,7.0,1.0,0.6133171200444261,1.0,9,1.0,0.6041105545588604,0.9775280898876404
1102,0.07,29,1.0,0.9976577084287274,0.9545454545454546,0.5386582865145366,29,12,1.0,0.5746527226364336,0.9545454545454546,7.0,1.0,0.3735192638901846,1.0,10,1.0,0.6110622790053069,0.9775280898876404
1103,0.07,28,1.0,0.9972951312362252,0.9565217391304348,0.5603734109870275,28,17,1.0,0.5790976967564955,0.9565217391304348,5.0,1.0,0.47559042878201774,1.0,6,1.0,0.5779737531443768,1.0
1104,0.07,28,1.0,0.998447204968944,0.9565217391304348,0.6158216220066101,28,16,1.0,0.591575751222771,0.9565217391304348,4.0,1.0,0.6663613551032509,1.0,8,1.0,0.6390434970259677,1.0
1105,0.07,29,0.9655172413793104,0.9731699523067883,0.3333333333333333,0.5620124710711423,28,15,0.9333333333333333,0.5548829251471697,0.3333333333333333,6.0,1.0,0.48606354392153656,1.0,8,1.0,0.6323420650407949,0.9775280898876404
1106,0.07,28,0.9642857142857143,0.9734150258343808,0.3333333333333333,0.5543919177312905,27,15,0.9333333333333333,0.5050973287901901,0.3333333333333333,6.0,1.0,0.6319252635923526,1.0,7,1.0,0.5935660261527381,1.0
1107,0.07,27,1.0,0.9974842053493739,0.9545454545454546,0.5516691033203291,27,11,1.0,0.5263484003447657,0.9545454545454546,9.0,1.0,0.5738278993801544,1.0,7,1.0,0.5629688987764393,0.9775280898876404
1108,0.07,26,0.9615384615384616,0.9743589743589743,0.3333333333333333,0.626584285535867,25,13,0.9230769230769231,0.5952011330854344,0.3333333333333333,4.0,1.0,0.6809255399918082,1.0,9,1.0,0.6477638370949624,1.0
1109,0.1,22,0.8181818181818182,0.9731914578441647,0.8333333333333334,0.4837751867927329,18,11,0.7272727272727273,0.4266866290150849,0.8333333333333334,4.0,1.0,0.5600439350074939,0.95,7,0.8571428571428571,0.5299036357491734,0.8571428571428571
1110,0.1,25,0.88,0.9795262661794666,0.8333333333333334,0.49214857371784293,22,12,0.8333333333333334,0.5515382627957744,0.8333333333333334,5.0,1.0,0.394743152073468,0.9948453608247423,8,0.875,0.46394242862867985,0.8571428571428571
1111,0.07,25,1.0,0.9955438113425413,0.9545454545454546,0.5605814735443642,25,12,1.0,0.5602137129641863,0.9545454545454546,9.0,1.0,0.5533220790753278,1.0,4,1.0,0.5780183928402293,0.9775280898876404
1112,0.07,28,1.0,0.998447204968944,0.9565217391304348,0.5742321694810499,28,15,1.0,0.6191889540009348,0.9565217391304348,9.0,1.0,0.4825436670544361,1.0,4,1.0,0.6119433579913628,1.0
1113,0.07,29,1.0,0.997725856173037,0.9565217391304348,0.6187983742303996,29,15,1.0,0.5772084695771479,0.9565217391304348,5.0,1.0,0.6389784534462545,1.0,9,1.0,0.6769037268658996,0.9775280898876404
1114,0.07,28,1.0,0.9976446367506454,0.9565217391304348,0.6162482551287638,28,12,1.0,0.5940911690416547,0.9565217391304348,9.0,1.0,0.6352683477977735,1.0,7,1.0,0.629777426417938,0.9775280898876404
1115,0.07,29,0.9655172413793104,0.9770114942528735,0.3333333333333333,0.5785077044752873,28,17,0.9411764705882353,0.5425116068924203,0.3333333333333333,6.0,1.0,0.7297761090898877,1.0,6,1.0,0.5292282430121432,1.0
1116,0.1,27,0.8148148148148148,0.947669027366828,0.3333333333333333,0.4083919562083571,22,14,0.7142857142857143,0.45355018794992785,0.3333333333333333,7.0,1.0,0.31710385121446666,1.0,6,0.8333333333333334,0.4095255379708976,0.8571428571428571
1117,0.07,28,0.9642857142857143,0.9726830392084028,0.3333333333333333,0.5921122886131318,27,15,0.9333333333333333,0.5765234383105486,0.3333333333333333,7.0,1.0,0.6008667050431981,1.0,6,1.0,0.6208709285345128,0.9775280898876404
1118,0.07,27,1.0,1.0,1.0,0.6584079248531964,27,13,1.0,0.6273672261479949,1.0,7.0,1.0,0.670619393645553,1.0,7,1.0,0.7038434679419279,1.0
1119,0.07,29,0.9655172413793104,0.9755122438780609,0.3333333333333333,0.6136973481665626,28,14,0.9285714285714286,0.5782400511143191,0.3333333333333333,7.0,1.0,0.6960577454494421,1.0,8,1.0,0.603682270385469,1.0
1120,0.07,26,1.0,1.0,1.0,0.6064772318834037,26,14,1.0,0.6048868726467926,1.0,5.0,1.0,0.5771000988201354,1.0,7,1.0,0.6306416168303892,1.0
1121,0.07,28,0.9642857142857143,0.9734856074267013,0.3333333333333333,0.5936023882390966,27,15,0.9333333333333333,0.5872341555022152,0.3333333333333333,8.0,1.0,0.6183069468463107,1.0,5,1.0,0.5731797926781982,1.0
1122,0.07,22,1.0,0.9975122738805233,0.967741935483871,0.5319927271198034,22,9,1.0,0.513883544573492,0.967741935483871,5.0,1.0,0.5701583832925567,1.0,8,1.0,0.5285120223764328,0.9775280898876404
1123,0.07,25,1.0,0.9972829417773238,0.9545454545454546,0.5446488938081562,25,12,1.0,0.4529265617775924,0.9545454545454546,5.0,1.0,0.5857657928582714,1.0,8,1.0,0.65653432994768,0.9775280898876404
1124,0.07,25,1.0,0.994253488761896,0.9545454545454546,0.5420504803999167,25,12,1.0,0.5237362511532849,0.9545454545454546,6.0,1.0,0.6238713143200144,1.0,7,1.0,0.503314158605487,0.9775280898876404
1125,0.07,29,0.9655172413793104,0.9754440961337514,0.3333333333333333,0.5592589117119882,28,13,0.9230769230769231,0.563071967943295,0.3333333333333333,8.0,1.0,0.49132966735736816,1.0,8,1.0,0.6209919396907349,1.0
1126,0.07,28,1.0,0.9980453580489826,0.967741935483871,0.5883279762193979,28,17,1.0,0.5847289895029943,0.967741935483871,4.0,1.0,0.5161404135914583,1.0,7,1.0,0.6383184083180572,0.9775280898876404
1127,0.07,23,1.0,0.9970466758449171,0.9545454545454546,0.5412557575238572,23,6,1.0,0.46232140814486716,0.9545454545454546,10.0,1.0,0.557936294028916,1.0,7,1.0,0.5850844334129074,0.9775280898876404
1128,0.07,22,1.0,0.9975122738805233,0.967741935483871,0.5893504927337739,22,8,1.0,0.5635496713664048,0.967741935483871,6.0,1.0,0.5253461058765616,1.0,8,1.0,0.6631546042440524,0.9775280898876404
1129,0.07,25,1.0,0.9981818181818182,0.9545454545454546,0.6044856964870083,25,13,1.0,0.6605897740568973,0.9545454545454546,5.0,1.0,0.43290919468664574,1.0,7,1.0,0.6228470537146161,1.0
1130,0.07,26,0.9615384615384616,0.969697787018965,0.3333333333333333,0.5398726149291443,25,14,0.9285714285714286,0.5377579935440779,0.3333333333333333,4.0,1.0,0.4906456097678444,1.0,8,1.0,0.5681867049336606,1.0
1131,0.07,26,1.0,0.9983277591973244,0.9565217391304348,0.6401408670535343,26,13,1.0,0.619625114484389,0.9565217391304348,7.0,1.0,0.5541180853020757,1.0,6,1.0,0.7849515763300511,1.0
1132,0.07,20,1.0,0.9977272727272727,0.9545454545454546,0.5738009482096429,20,7,1.0,0.5556537128158455,0.9545454545454546,4.0,1.0,0.51897767126684,1.0,9,1.0,0.6122813654905088,1.0
1133,0.07,24,0.9583333333333334,0.9722222222222222,0.3333333333333333,0.614101229886519,23,11,0.9090909090909091,0.6739037640049614,0.3333333333333333,8.0,1.0,0.5255842120645616,1.0,5,1.0,0.6241628833410782,1.0
1134,0.07,33,0.9696969696969697,0.9788204626914303,0.3333333333333333,0.5941501222903043,32,18,0.9444444444444444,0.5941435059321081,0.3333333333333333,7.0,1.0,0.610152037574748,1.0,8,1.0,0.580163333222358,1.0
1135,0.07,26,0.9615384615384616,0.9743589743589743,0.3333333333333333,0.5719421382764373,25,10,0.9,0.6355571725851648,0.3333333333333333,7.0,1.0,0.557865474532434,1.0,9,1.0,0.5122072830676316,1.0
1136,0.07,27,1.0,0.9955114492281392,0.9545454545454546,0.567521817559513,27,17,1.0,0.5350599763596906,0.9545454545454546,8.0,1.0,0.5629981237714782,1.0,2,1.0,0.8615422429101436,1.0
1137,0.07,31,1.0,0.9971311997959965,0.9545454545454546,0.5697372497198815,31,13,1.0,0.5030072885584836,0.9545454545454546,9.0,1.0,0.6288495974232313,1.0,9,1.0,0.6070126236941062,1.0
1138,0.07,28,1.0,0.9988479262672811,0.967741935483871,0.688893410544656,28,12,1.0,0.6860215573301072,0.967741935483871,7.0,1.0,0.7317133416235748,1.0,9,1.0,0.6594181573248954,1.0
1139,0.07,24,1.0,0.9990636704119851,0.9775280898876404,0.6430110837022373,24,8,1.0,0.6446808795515612,1.0,5.0,1.0,0.5957526022898266,1.0,11,1.0,0.6632778146356431,0.9775280898876404
1140,0.07,29,1.0,1.0,1.0,0.6276512233685737,29,14,1.0,0.6202130093089443,1.0,6.0,1.0,0.566626415945432,1.0,9,1.0,0.6799049835212031,1.0
1141,0.07,26,1.0,1.0,1.0,0.5952800460377182,26,15,1.0,0.6047951388149906,1.0,4.0,1.0,0.4967087691712621,1.0,7,1.0,0.6312170054386808,1.0
1142,0.07,26,1.0,0.9965795074490728,0.9545454545454546,0.5228789943753251,26,13,1.0,0.5234379362249515,0.9545454545454546,6.0,1.0,0.4511752804417088,1.0,7,1.0,0.5833012857405471,1.0
1143,0.1,25,0.8,0.9505288913984566,0.3333333333333333,0.3903848481165497,20,16,0.6875,0.3907200585203578,0.3333333333333333,3.0,1.0,0.15701338563771414,1.0,6,1.0,0.5061766849458127,1.0
1144,0.07,28,0.9642857142857143,0.9761904761904762,0.3333333333333333,0.6023905768389681,27,16,0.9375,0.5710480724595386,0.3333333333333333,5.0,1.0,0.6396888734159738,1.0,7,1.0,0.647388946436946,1.0
1145,0.07,32,1.0,0.9975714809384164,0.9545454545454546,0.6261252532612707,32,17,1.0,0.6281043901680998,0.9545454545454546,6.0,1.0,0.5487328430944332,1.0,9,1.0,0.6739818236595964,1.0
1146,0.07,19,1.0,0.9988172678888233,0.9775280898876404,0.5229854304849928,19,8,1.0,0.5796174418422504,1.0,7.0,1.0,0.4704650081355535,1.0,4,1.0,0.5016321468819966,0.9775280898876404
1147,0.07,31,1.0,0.9982345169474682,0.967741935483871,0.5690625363537403,31,12,1.0,0.5450789889033792,0.967741935483871,9.0,1.0,0.5019050143505414,1.0,10,1.0,0.6582845630970524,0.9775280898876404
1148,0.07,27,1.0,0.9983164983164983,0.9545454545454546,0.5903867995037628,27,15,1.0,0.5683884541485996,0.9545454545454546,4.0,1.0,0.5825114200241934,1.0,8,1.0,0.6355713867844789,1.0
1149,0.07,27,1.0,1.0,1.0,0.6562745220962906,27,11,1.0,0.6990940459224148,1.0,9.0,1.0,0.6504248618145549,1.0,7,1.0,0.5965076907317555,1.0
1150,0.1,26,0.8846153846153846,0.9829924633571198,0.8043478260869565,0.47626200086191345,23,12,0.8333333333333334,0.4731676229462955,0.8043478260869565,8.0,1.0,0.40173177763127166,1.0,6,0.8333333333333334,0.5818243876673386,0.8571428571428571
1151,0.03,23,1.0,1.0,1.0,0.793071217076207,23,11,1.0,0.7809316268437169,1.0,6.0,1.0,0.7996052818444964,1.0,6,1.0,0.8087930677341487,1.0
1152,0.07,25,1.0,0.9981818181818182,0.9545454545454546,0.5749092163962896,25,14,1.0,0.6069971520585596,0.9545454545454546,5.0,1.0,0.4217784328946433,1.0,6,1.0,0.6276463527690311,1.0
1153,0.1,27,0.8888888888888888,0.9652955566934062,0.3333333333333333,0.41067151454713724,24,14,0.7857142857142857,0.38822162194643167,0.3333333333333333,6.0,1.0,0.4181680947522961,1.0,7,1.0,0.44914565957269786,1.0
1154,0.07,23,1.0,0.9990229604298975,0.9775280898876404,0.5688722308583364,23,10,1.0,0.5742485547901558,1.0,5.0,1.0,0.5549782660500661,1.0,8,1.0,0.5708355539487309,0.9775280898876404
1155,0.1,26,0.8846153846153846,0.9788968278098712,0.8043478260869565,0.47676011619630343,23,15,0.8,0.4571502732349396,0.8043478260869565,4.0,1.0,0.5614735663420629,0.95,7,1.0,0.470373522458792,1.0
1156,0.07,29,1.0,0.9976577084287274,0.9545454545454546,0.5654493796501605,29,12,1.0,0.5796772994224524,0.9545454545454546,5.0,1.0,0.587718836160503,1.0,12,1.0,0.5419425196652261,0.9775280898876404
1157,0.07,24,1.0,1.0,1.0,0.5859543115701586,24,10,1.0,0.5884856095102824,1.0,7.0,1.0,0.5261329439625854,1.0,7,1.0,0.6421595392632696,1.0
1158,0.07,31,1.0,0.9985974754558204,0.9565217391304348,0.5758933067899904,31,17,1.0,0.6189806603625477,0.9565217391304348,4.0,1.0,0.486491389692585,1.0,10,1.0,0.5384055725556054,1.0
1159,0.07,22,0.9545454545454546,0.9677206851119894,0.3333333333333333,0.5431631447061833,21,9,0.8888888888888888,0.5122518728463379,0.3333333333333333,7.0,1.0,0.5367883853689656,1.0,6,1.0,0.5969672717227051,1.0
1160,0.07,31,0.967741935483871,0.9774540409295872,0.3333333333333333,0.5603081358150939,30,18,0.9444444444444444,0.5284470965304217,0.3333333333333333,7.0,1.0,0.613457270423906,1.0,6,1.0,0.5938839299588291,1.0
1161,0.1,27,0.8518518518518519,0.9547896706670619,0.3333333333333333,0.44292173527780904,23,12,0.75,0.4513272831577504,0.3333333333333333,5.0,1.0,0.4884456401143017,0.95,10,0.9,0.4100731254036332,0.8571428571428571
1162,0.07,23,0.9565217391304348,0.9686349286393411,0.3333333333333333,0.5876623152307895,22,11,0.9090909090909091,0.5458271565519662,0.3333333333333333,5.0,1.0,0.5108195955017015,1.0,7,1.0,0.7082909358182886,0.9775280898876404
1163,0.07,27,0.9629629629629629,0.9732816058779572,0.3333333333333333,0.4942563067803243,26,9,0.8888888888888888,0.4663696641692037,0.3333333333333333,7.0,1.0,0.42726160099344346,1.0,11,1.0,0.5597056453265291,0.9775280898876404
1164,0.07,31,1.0,0.9974931416138492,0.9545454545454546,0.5865889728927389,31,13,1.0,0.6010013178688252,0.9545454545454546,9.0,1.0,0.5272533621632187,1.0,9,1.0,0.6251067519901348,1.0
1165,0.07,25,1.0,1.0,1.0,0.5731773721667716,25,11,1.0,0.605131751832472,1.0,8.0,1.0,0.48899679150703623,1.0,6,1.0,0.6268351169926344,1.0
1166,0.1,33,0.8787878787878788,0.9632115982255511,0.3333333333333333,0.49586174056760157,29,17,0.8235294117647058,0.4698989521326909,0.3333333333333333,8.0,1.0,0.5429908393358236,0.95,8,0.875,0.5039035672235643,0.8571428571428571
1167,0.07,22,0.9545454545454546,0.9676308539944904,0.3333333333333333,0.6073366428651538,21,8,0.875,0.5689194410802412,0.3333333333333333,4.0,1.0,0.5437621442041812,1.0,10,1.0,0.6635002037574732,1.0
1168,0.07,25,1.0,1.0,1.0,0.6008734285519541,25,14,1.0,0.6167202300451526,1.0,3.0,1.0,0.6417508771404801,1.0,8,1.0,0.5578124827181595,1.0
1169,0.1,26,0.8461538461538461,0.9552303257725827,0.3333333333333333,0.41551146440468023,22,11,0.7272727272727273,0.4156123381086505,0.3333333333333333,8.0,1.0,0.3669737760699914,1.0,7,0.8571428571428571,0.47082459239522867,0.8571428571428571
1170,0.07,27,1.0,0.9974842053493739,0.9545454545454546,0.6248320962763274,27,9,1.0,0.584373351604701,0.9545454545454546,7.0,1.0,0.6941471426996966,1.0,11,1.0,0.613825130556423,0.9775280898876404
1171,0.07,26,0.9615384615384616,0.9743589743589743,0.3333333333333333,0.6420603138466198,25,9,0.8888888888888888,0.5993463879257364,0.3333333333333333,8.0,1.0,0.60339112235042,1.0,9,1.0,0.7191468544307916,1.0
1172,0.1,29,0.8620689655172413,0.959488240586193,0.3333333333333333,0.448884360297474,25,18,0.7777777777777778,0.4545100191939816,0.3333333333333333,5.0,1.0,0.40284871705535774,1.0,6,1.0,0.47037041964304804,0.9775280898876404
1173,0.07,22,1.0,0.998533724340176,0.967741935483871,0.6131081457355586,22,9,1.0,0.6407566322861602,0.967741935483871,3.0,1.0,0.5296649859012248,1.0,10,1.0,0.6132574557903173,1.0
1174,0.07,26,1.0,1.0,1.0,0.6611145758241511,26,12,1.0,0.7032800053033412,1.0,6.0,1.0,0.7265028147036102,1.0,8,1.0,0.5488252524457721,1.0
1175,0.07,27,1.0,1.0,1.0,0.6800305670282998,27,12,1.0,0.696620830221573,1.0,3.0,1.0,0.4689004495143911,1.0,12,1.0,0.716222833213504,1.0
1176,0.07,27,0.9629629629629629,0.9724303971615801,0.3333333333333333,0.5762198966353684,26,13,0.9230769230769231,0.5506940566796283,0.3333333333333333,7.0,1.0,0.6063554166550266,1.0,7,1.0,0.5934895079620842,1.0
1177,0.07,30,1.0,0.9962865094521176,0.9545454545454546,0.6203709630783862,30,14,1.0,0.5387584592887104,0.9545454545454546,7.0,1.0,0.6935420458390915,1.0,9,1.0,0.6904129046040001,0.9775280898876404
1178,0.07,27,1.0,0.9988052568697731,0.967741935483871,0.5907332321072672,27,13,1.0,0.5562270267074629,0.967741935483871,4.0,1.0,0.6896457987152094,1.0,10,1.0,0.5960262724838359,1.0
1179,0.1,27,0.8888888888888888,0.9673721340388007,0.3333333333333333,0.4653972705450461,24,10,0.8,0.44780730092217824,0.3333333333333333,8.0,1.0,0.41779907755932877,1.0,9,0.8888888888888888,0.5272511861133149,0.8571428571428571
1180,0.07,23,1.0,1.0,1.0,0.597437924580664,23,8,1.0,0.5705014940518172,1.0,5.0,1.0,0.5933736652602801,1.0,10,1.0,0.6210191986639335,1.0
1181,0.07,27,1.0,1.0,1.0,0.6079873263722548,27,13,1.0,0.6014006701223642,1.0,8.0,1.0,0.6329981335217221,1.0,6,1.0,0.5889106720477281,1.0
1182,0.07,30,1.0,0.9989247311827957,0.967741935483871,0.6104740964083728,30,10,1.0,0.6492157703082546,0.967741935483871,10.0,1.0,0.5610303996444107,1.0,10,1.0,0.6211761192724532,1.0
1183,0.07,26,1.0,0.9974634549622337,0.9565217391304348,0.6161901870537745,26,8,1.0,0.5480915657855445,0.9565217391304348,6.0,1.0,0.6761606167344317,1.0,12,1.0,0.6316040530589325,0.9775280898876404
1184,0.1,30,0.8666666666666667,0.9590349225502707,0.3333333333333333,0.4691863652028245,26,10,0.7,0.4186358336865054,0.3333333333333333,14.0,1.0,0.510547951810897,0.95,6,0.8333333333333334,0.45692688231118694,0.8571428571428571
1185,0.07,29,1.0,0.9973884025729071,0.9565217391304348,0.6081010517867825,29,13,1.0,0.5774889739339006,0.9565217391304348,9.0,1.0,0.5729905008682419,1.0,7,1.0,0.7100941904088293,1.0
1186,0.07,31,1.0,0.9974931416138492,0.9545454545454546,0.5550800608742436,31,14,1.0,0.5743940460553966,0.9545454545454546,6.0,1.0,0.43437200533283277,1.0,11,1.0,0.5963393827571825,1.0
1187,0.07,26,0.9615384615384616,0.9743589743589743,0.3333333333333333,0.6073598605738912,25,10,0.9,0.5697010619363095,0.3333333333333333,11.0,1.0,0.6394369821222567,1.0,5,1.0,0.6121077904426502,1.0
1188,0.07,31,0.967741935483871,0.9770920991117343,0.3333333333333333,0.6006943350951965,30,14,0.9285714285714286,0.5990889095960121,0.3333333333333333,9.0,1.0,0.6617046111253774,1.0,8,1.0,0.5348672691848161,1.0
1189,0.07,25,1.0,0.997361993160723,0.9565217391304348,0.6357140043168373,25,15,1.0,0.6869828027357204,0.9565217391304348,2.0,1.0,0.6374773960216998,1.0,8,1.0,0.5391441593552162,0.9775280898876404
1190,0.1,26,0.8461538461538461,0.9715318261597958,0.8043478260869565,0.43228950871134053,22,11,0.7272727272727273,0.39513480092511666,0.8043478260869565,6.0,1.0,0.4351238557588731,0.95,9,0.8888888888888888,0.4758112535294813,0.8571428571428571
1191,0.07,27,1.0,0.9974842053493739,0.9545454545454546,0.6069278397015344,27,7,1.0,0.5201225864531003,0.9545454545454546,7.0,1.0,0.6674538049396407,1.0,13,1.0,0.6210782255532495,0.9775280898876404
1192,0.07,30,1.0,0.9981756675123836,0.967741935483871,0.5874841019133775,30,13,1.0,0.6268192289220713,0.967741935483871,9.0,1.0,0.5136410158693945,1.0,8,1.0,0.6066379923237316,0.9775280898876404
1193,0.07,34,1.0,0.9973843292257615,0.9545454545454546,0.6077497530945585,34,20,1.0,0.5992808671427414,0.9545454545454546,5.0,1.0,0.6104579495518769,1.0,9,1.0,0.625064946066753,1.0
1194,0.07,27,1.0,0.9963626579445164,0.9565217391304348,0.612055416051565,27,14,1.0,0.6134617243521951,0.9565217391304348,6.0,1.0,0.5445813634242582,1.0,7,1.0,0.6670777017022818,0.9775280898876404
1195,0.07,27,1.0,0.9963626579445166,0.9565217391304348,0.5928881456840508,27,13,1.0,0.5459559840761352,0.9565217391304348,6.0,1.0,0.6663182428389619,1.0,8,1.0,0.6140803354307307,0.9775280898876404
1196,0.1,28,0.8928571428571429,0.9825226533301068,0.8333333333333334,0.44513069946183126,25,14,0.8571428571428571,0.43887374237089666,0.8333333333333334,6.0,1.0,0.38241091380455927,1.0,8,0.875,0.503120213613921,0.8571428571428571
1197,0.07,23,0.9565217391304348,0.9691241335853811,0.3333333333333333,0.6768035054626265,22,9,0.8888888888888888,0.6083939056749856,0.3333333333333333,6.0,1.0,0.7059088224353512,1.0,8,1.0,0.7319353174941787,1.0
1198,0.07,24,0.9583333333333334,0.9722222222222222,0.3333333333333333,0.5542972800381302,23,12,0.9166666666666666,0.5640635272344658,0.3333333333333333,5.0,1.0,0.47890758671444456,1.0,7,1.0,0.5914049229327588,1.0
1199,0.07,26,0.9615384615384616,0.9743589743589743,0.3333333333333333,0.5686969127186006,25,13,0.9230769230769231,0.5507015377413528,0.3333333333333333,8.0,1.0,0.5194778579964179,1.0,5,1.0,0.6942353752149368,1.0
1200,0.07,27,1.0,1.0,1.0,0.5942952987414634,27,15,1.0,0.5924031683441818,1.0,6.0,1.0,0.5335274386838539,1.0,6,1.0,0.6597934847922765,1.0
1201,0.07,22,1.0,0.9975122738805233,0.967741935483871,0.5384658904347833,22,9,1.0,0.5323938120113642,0.967741935483871,5.0,1.0,0.48812821883663277,1.0,8,1.0,0.5767580234099742,0.9775280898876404
1202,0.07,28,1.0,0.996421981425606,0.9545454545454546,0.5647509037881181,28,16,1.0,0.5663956394656839,0.9545454545454546,5.0,1.0,0.6405080935608212,1.0,7,1.0,0.5068792295446088,0.9775280898876404
1203,0.07,29,1.0,0.9988876529477198,0.967741935483871,0.6006079116725094,29,14,1.0,0.6514538128648945,0.967741935483871,9.0,1.0,0.5274921541235458,1.0,6,1.0,0.5916411118803896,1.0
1204,0.1,31,0.8709677419354839,0.9609917627808096,0.3333333333333333,0.4113531372171551,27,15,0.8,0.377124388787257,0.3333333333333333,10.0,1.0,0.4275878679213947,0.9948453608247423,6,0.8333333333333334,0.46986712378483403,0.8571428571428571
1205,0.07,25,1.0,0.996891495601173,0.9545454545454546,0.552841870346868,25,9,1.0,0.4317871550454547,0.9545454545454546,7.0,1.0,0.567729351059183,1.0,9,1.0,0.6623174339831476,1.0
1206,0.07,29,1.0,0.9984326018808777,0.9545454545454546,0.586442110390713,29,13,1.0,0.6149314463135908,0.9545454545454546,9.0,1.0,0.6197526043976952,1.0,7,1.0,0.4907055656678195,1.0
1207,0.07,25,0.96,0.9733333333333333,0.3333333333333333,0.6274247594472658,24,11,0.9090909090909091,0.6157581237490657,0.3333333333333333,4.0,1.0,0.5559336891196756,1.0,10,1.0,0.6688544868463221,1.0
1208,0.07,28,1.0,0.9983766233766234,0.9545454545454546,0.6198429329635767,28,12,1.0,0.6126692250391433,0.9545454545454546,8.0,1.0,0.6577415809340855,1.0,8,1.0,0.5927048468797185,1.0
1209,0.07,26,1.0,0.9965795074490728,0.9545454545454546,0.5611614551598351,26,11,1.0,0.5502042787507857,0.9545454545454546,7.0,1.0,0.4475484349759764,1.0,8,1.0,0.6756389653831543,1.0
1210,0.07,27,0.9629629629629629,0.9727928473246826,0.3333333333333333,0.5674463978261071,26,13,0.9230769230769231,0.6143512930076531,0.3333333333333333,4.0,1.0,0.3994692059885302,1.0,10,1.0,0.5736609108251277,0.9775280898876404
1211,0.07,28,1.0,0.9976446367506454,0.9565217391304348,0.6202323740039587,28,12,1.0,0.5894538327697404,0.9565217391304348,5.0,1.0,0.6943401428898686,1.0,11,1.0,0.6201236149476924,0.9775280898876404
1212,0.07,28,1.0,0.9972951312362252,0.9565217391304348,0.5782634090722462,28,13,1.0,0.5786194564912897,0.9565217391304348,10.0,1.0,0.5843011068804097,1.0,5,1.0,0.565262290166406,1.0
1213,0.1,25,0.84,0.9749358178053831,0.8043478260869565,0.511628176555113,21,13,0.7692307692307693,0.5041258584844811,0.8043478260869565,4.0,1.0,0.5943064574029978,0.95,8,0.875,0.4824803029959475,0.8571428571428571
1214,0.07,22,1.0,0.998533724340176,0.967741935483871,0.6051050821859958,22,8,1.0,0.5591916570577312,0.967741935483871,5.0,1.0,0.6350935029258664,1.0,9,1.0,0.6292567818889696,1.0
1215,0.07,27,0.9629629629629629,0.973625140291807,0.3333333333333333,0.587647520977178,26,13,0.9230769230769231,0.5694292755191326,0.3333333333333333,6.0,1.0,0.43044241596774463,1.0,8,1.0,0.7351559986035772,1.0
1216,0.07,27,0.9629629629629629,0.9753086419753086,0.3333333333333333,0.6169394675196586,26,14,0.9285714285714286,0.5621060598644666,0.3333333333333333,7.0,1.0,0.6746011267117892,1.0,6,1.0,0.6776121496576208,1.0
1217,0.07,26,0.9615384615384616,0.9743589743589743,0.3333333333333333,0.6350086939213694,25,11,0.9090909090909091,0.5957500329575999,0.3333333333333333,4.0,1.0,0.5394430818304483,1.0,11,1.0,0.7090184865545649,1.0
1218,0.07,23,1.0,0.9990229604298975,0.9775280898876404,0.6655104783658533,23,9,1.0,0.7520005487640231,1.0,3.0,1.0,0.7652994471559147,1.0,11,1.0,0.5675307020064247,0.9775280898876404
1219,0.07,29,1.0,0.9988876529477198,0.967741935483871,0.6236170179052231,29,15,1.0,0.6304975040534966,0.967741935483871,5.0,1.0,0.5285904651970412,1.0,9,1.0,0.6649420702737572,1.0
1220,0.07,26,1.0,0.9970870644082426,0.9565217391304348,0.5146850571582688,26,13,1.0,0.5212881873810733,0.9565217391304348,7.0,1.0,0.459759911934101,1.0,6,1.0,0.5644576111037215,1.0
1221,0.07,22,1.0,0.9979338842975206,0.9545454545454546,0.4907255418407479,22,11,1.0,0.43711201757505685,0.9545454545454546,3.0,1.0,0.25424341968203396,1.0,8,1.0,0.6531249335155911,1.0
1222,0.07,26,0.9615384615384616,0.9734946701238835,0.3333333333333333,0.5873514110941414,25,14,0.9285714285714286,0.5758363068861249,0.3333333333333333,4.0,1.0,0.6292064132582253,1.0,8,1.0,0.5865753423761285,0.9775280898876404
1223,0.1,27,0.8518518518518519,0.9766015113318266,0.8043478260869565,0.5098089221227007,23,13,0.7692307692307693,0.5966974741332852,0.8043478260869565,4.0,1.0,0.4541555827704279,0.9948453608247423,10,0.9,0.4191151402498499,0.8571428571428571
1224,0.1,28,0.8928571428571429,0.9649519601655095,0.3333333333333333,0.4672516359874616,25,11,0.8181818181818182,0.4276135605789379,0.3333333333333333,7.0,1.0,0.5163965962669461,0.9948453608247423,10,0.9,0.47645204674119873,0.8571428571428571
1225,0.07,29,1.0,1.0,1.0,0.5726575483011598,29,14,1.0,0.5468041755854142,1.0,9.0,1.0,0.5168183114644869,1.0,6,1.0,0.7167409398929087,1.0
1226,0.07,22,1.0,0.9989785495403474,0.9775280898876404,0.5909120479761533,22,11,1.0,0.5866236975381206,1.0,8.0,1.0,0.5704230172978799,1.0,3,1.0,0.661273414724335,0.9775280898876404
1227,0.07,28,0.9642857142857143,0.9753879079721777,0.3333333333333333,0.5661028232541873,27,14,0.9285714285714286,0.559710232524278,0.3333333333333333,7.0,1.0,0.5256124196524321,1.0,7,1.0,0.6193784083157604,0.9775280898876404
1228,0.1,26,0.8846153846153846,0.9624542124542125,0.3333333333333333,0.44095475188135325,23,12,0.8333333333333334,0.43166088332983216,0.3333333333333333,4.0,1.0,0.2876835050297301,1.0,10,0.9,0.5134158928838277,0.8571428571428571
1229,0.07,30,0.9666666666666667,0.9752532335982546,0.3333333333333333,0.5625284375657112,29,18,0.9444444444444444,0.5382912755468433,0.3333333333333333,6.0,1.0,0.6427166482344083,1.0,6,1.0,0.5550517129536178,1.0
1230,0.07,30,0.9666666666666667,0.9755794387450469,0.3333333333333333,0.6240728973064699,29,14,0.9285714285714286,0.6087251041387518,0.3333333333333333,8.0,1.0,0.6017507820549242,1.0,8,1.0,0.6732536506015228,0.9775280898876404
1231,0.07,30,1.0,1.0,1.0,0.6138617613155778,30,14,1.0,0.6521221570177909,1.0,8.0,1.0,0.6158878470791944,1.0,8,1.0,0.5448799830730889,1.0
1232,0.07,23,1.0,0.9971326012616555,0.9565217391304348,0.6640359768727169,23,13,1.0,0.7189189374267335,0.9565217391304348,5.0,1.0,0.7026694935407247,1.0,5,1.0,0.4827067627642653,0.9775280898876404
1233,0.1,28,0.8571428571428571,0.9763003818128041,0.8043478260869565,0.49915085147351446,24,19,0.7894736842105263,0.5165769793301895,0.8043478260869565,3.0,1.0,0.6070722101972102,1.0,6,1.0,0.39000743389886217,0.9565217391304348
1234,0.07,25,1.0,0.996891495601173,0.9545454545454546,0.5475408862189924,25,14,1.0,0.53799098549868,0.9545454545454546,5.0,1.0,0.5710218576826798,1.0,6,1.0,0.5502565116799821,1.0
1235,0.07,26,1.0,0.9978950009758274,0.967741935483871,0.6265690720831739,26,13,1.0,0.6217633921170314,0.967741935483871,5.0,1.0,0.5062719617378992,1.0,8,1.0,0.7095639959939521,0.9775280898876404
1236,0.07,27,1.0,0.9991677070328756,0.9775280898876404,0.5255881351753003,27,9,1.0,0.5308441785002024,1.0,8.0,1.0,0.5179910223529514,1.0,10,1.0,0.526935386440768,0.9775280898876404
1237,0.07,26,1.0,1.0,1.0,0.5811938320633777,26,12,1.0,0.5285778383681667,1.0,5.0,1.0,0.6818427803241593,1.0,9,1.0,0.595432407956558,1.0
1238,0.07,28,1.0,0.9968238283455675,0.9545454545454546,0.5514339836756484,28,17,1.0,0.5701131230955185,0.9545454545454546,7.0,1.0,0.49704964074309427,1.0,4,1.0,0.5672202412731703,1.0
1239,0.07,26,1.0,0.9974634549622335,0.9565217391304348,0.6136825663359059,26,14,1.0,0.6249838516304962,0.9565217391304348,5.0,1.0,0.6739717705001494,1.0,7,1.0,0.5480162784865518,0.9775280898876404
1240,0.07,32,1.0,0.9982896882928598,0.967741935483871,0.5704056893576831,32,18,1.0,0.6116277166481435,0.967741935483871,7.0,1.0,0.4407704526862427,1.0,7,1.0,0.5940414272822252,0.9775280898876404
1241,0.07,25,1.0,0.9991011235955056,0.9775280898876404,0.567148085009374,25,10,1.0,0.5508045841442729,1.0,5.0,1.0,0.6886931486695762,1.0,10,1.0,0.5227190540443741,0.9775280898876404
1242,0.1,26,0.8846153846153846,0.9600585620524319,0.3333333333333333,0.42566229237348874,23,10,0.7,0.42677953114431394,0.3333333333333333,6.0,1.0,0.37136302931628046,0.95,10,1.0,0.45712461143698846,0.9775280898876404
1243,0.07,26,0.9615384615384616,0.9726867335562986,0.3333333333333333,0.5704552403571642,25,12,0.9166666666666666,0.5639983823152304,0.3333333333333333,6.0,1.0,0.48343897229048133,1.0,8,1.0,0.6454027284700776,1.0
1244,0.07,26,1.0,1.0,1.0,0.5773677672156476,26,12,1.0,0.5934743923257088,1.0,5.0,1.0,0.4973232411230509,1.0,9,1.0,0.6003614482314534,1.0
1245,0.07,21,0.9523809523809523,0.9661835748792269,0.3333333333333333,0.5811704764260742,20,8,0.875,0.6002638771203175,0.3333333333333333,6.0,1.0,0.5588476105317686,1.0,7,1.0,0.5784833321134866,1.0
1246,0.1,25,0.84,0.9517587050630528,0.3333333333333333,0.4317801652715646,21,15,0.8,0.4510435439510068,0.3333333333333333,4.0,1.0,0.40611592698599586,0.95,6,0.8333333333333334,0.4007312107633385,0.8571428571428571
1247,0.07,26,1.0,0.9970110534626664,0.9545454545454546,0.5399816316923183,26,11,1.0,0.5090533884874562,0.9545454545454546,8.0,1.0,0.4687435685400386,1.0,7,1.0,0.6699980860454213,1.0
1248,0.1,28,0.8571428571428571,0.9609791800541329,0.3333333333333333,0.4561441030317689,24,15,0.7333333333333333,0.43232793867392155,0.3333333333333333,6.0,1.0,0.4831434692462548,1.0,7,1.0,0.4840364270433107,0.9775280898876404
1249,0.07,25,1.0,0.9982608695652173,0.9565217391304348,0.6763608176793348,25,9,1.0,0.6964929685920871,0.9565217391304348,6.0,1.0,0.6339074722561304,1.0,10,1.0,0.6837138891117802,1.0
1250,0.07,24,1.0,0.9977195843904797,0.967741935483871,0.6234427319949217,24,12,1.0,0.6295876323783445,0.967741935483871,4.0,1.0,0.6265465705476299,1.0,8,1.0,0.6126734621434337,0.9775280898876404
1251,0.07,28,1.0,0.9960212601272689,0.9545454545454546,0.598322949760836,28,12,1.0,0.6108467969833868,0.9545454545454546,6.0,1.0,0.574529359484027,1.0,10,1.0,0.5975704872598608,0.9775280898876404
1252,0.07,27,0.9629629629629629,0.9736983360171765,0.3333333333333333,0.6255594039467097,26,13,0.9230769230769231,0.627858988199523,0.3333333333333333,6.0,1.0,0.48057160574030783,1.0,8,1.0,0.7305634281906894,1.0
1253,0.07,26,1.0,1.0,1.0,0.6158496113904218,26,9,1.0,0.5262591958625168,1.0,6.0,1.0,0.6964992275817306,1.0,11,1.0,0.6451601607179938,1.0
1254,0.07,25,0.96,0.972434456928839,0.3333333333333333,0.5293882048519701,24,13,0.9230769230769231,0.5851449558963372,0.3333333333333333,7.0,1.0,0.44942195426382,1.0,5,1.0,0.49637340296002563,0.9775280898876404
1255,0.07,26,1.0,0.9970110534626664,0.9545454545454546,0.5747137467237132,26,10,1.0,0.4819336732366099,0.9545454545454546,9.0,1.0,0.5662662579142055,1.0,7,1.0,0.7181177658889422,1.0
1256,0.07,29,1.0,0.9988876529477198,0.967741935483871,0.5932308998030078,29,12,1.0,0.6065207744820814,0.967741935483871,8.0,1.0,0.49470281578467173,1.0,9,1.0,0.6630915860249862,1.0
1257,0.07,26,1.0,1.0,1.0,0.5768661276435071,26,13,1.0,0.6246939306547348,1.0,5.0,1.0,0.4777451375784974,1.0,8,1.0,0.5610965665408931,1.0
1258,0.1,23,0.8260869565217391,0.9506510424927622,0.3333333333333333,0.419584491299191,19,14,0.7857142857142857,0.37819536606291104,0.3333333333333333,,,,,9,0.8888888888888888,0.483967575000071,0.8571428571428571
1259,0.07,24,1.0,0.9977195843904797,0.967741935483871,0.5762615941839745,24,13,1.0,0.6106090218014659,0.967741935483871,5.0,1.0,0.5521188620853728,1.0,6,1.0,0.5219611110949107,0.9775280898876404
1260,0.07,32,1.0,0.9968692337474052,0.9545454545454546,0.5817442985588287,32,16,1.0,0.5428321408096065,0.9545454545454546,6.0,1.0,0.6062545129429208,1.0,10,1.0,0.629297622327129,0.9775280898876404
1261,0.07,25,1.0,0.9991011235955056,0.9775280898876404,0.6334393018225911,25,11,1.0,0.6076211830832482,1.0,7.0,1.0,0.641283232743328,1.0,7,1.0,0.6661667003493932,0.9775280898876404
1262,0.07,29,1.0,0.9976577084287274,0.9545454545454546,0.5608350295865651,29,15,1.0,0.5041450103792896,0.9545454545454546,6.0,1.0,0.5508968042006805,1.0,8,1.0,0.6745824846396203,0.9775280898876404
1263,0.07,28,1.0,0.9968238283455675,0.9545454545454546,0.6284348986121007,28,11,1.0,0.5917501912768337,0.9545454545454546,6.0,1.0,0.6367784822344257,1.0,11,1.0,0.6605685603351904,1.0
1264,0.07,29,0.9655172413793104,0.974331749081471,0.3333333333333333,0.5072013937523094,28,15,0.9333333333333333,0.48275465974094156,0.3333333333333333,7.0,1.0,0.5326595376177012,1.0,7,1.0,0.5341291084827059,1.0
1265,0.07,24,0.9583333333333334,0.9703282828282829,0.3333333333333333,0.5712757021860696,23,11,0.9090909090909091,0.5391679917300931,0.3333333333333333,4.0,1.0,0.5197072410728392,1.0,9,1.0,0.6334377754603652,1.0
1266,0.07,27,1.0,0.9983164983164983,0.9545454545454546,0.5972475011762541,27,14,1.0,0.603848920250746,0.9545454545454546,7.0,1.0,0.5874117450146134,1.0,6,1.0,0.5933192388576874,1.0
1267,0.07,27,0.9629629629629629,0.9711825413665506,0.3333333333333333,0.5953909170626106,26,10,0.9,0.5462366072325533,0.3333333333333333,5.0,1.0,0.727013307061523,1.0,12,1.0,0.581510179421445,0.9775280898876404
1268,0.07,29,1.0,0.9973202548285974,0.9545454545454546,0.6094586651486434,29,12,1.0,0.6108982631819352,0.9545454545454546,5.0,1.0,0.5907853333821296,1.0,12,1.0,0.6157996220180658,1.0
1269,0.07,29,0.9655172413793104,0.9755122438780609,0.3333333333333333,0.5712915079604106,28,15,0.9333333333333333,0.5903023368638508,0.3333333333333333,5.0,1.0,0.4830622546741393,1.0,9,1.0,0.5886230449470502,1.0
1270,0.07,25,1.0,0.996891495601173,0.9545454545454546,0.5413715125808066,25,10,1.0,0.47847558382124405,0.9545454545454546,5.0,1.0,0.5140898140025801,1.0,10,1.0,0.6179082906294826,1.0
1271,0.07,22,1.0,0.996912433837868,0.9545454545454546,0.5494588324702167,22,10,1.0,0.6247913836676499,0.9545454545454546,7.0,1.0,0.4282239702801545,1.0,5,1.0,0.5685225371414372,0.9775280898876404
1272,0.1,30,0.9,0.9851957462827028,0.8571428571428571,0.4941543390038436,27,13,0.8461538461538461,0.49124674396796447,0.8636363636363636,4.0,1.0,0.4883827927714961,0.95,13,0.9230769230769231,0.49883779441890674,0.8571428571428571
1273,0.07,25,0.96,0.9702248289345063,0.3333333333333333,0.5825848601334339,24,15,0.9333333333333333,0.5848654397733831,0.3333333333333333,5.0,1.0,0.39209347415399554,1.0,5,1.0,0.7662345071930247,1.0
1274,0.07,26,0.9615384615384616,0.9731182795698925,0.3333333333333333,0.548939585577049,25,12,0.9166666666666666,0.5283528226200147,0.3333333333333333,6.0,1.0,0.5436677091153961,1.0,8,1.0,0.5837736373588405,1.0
1275,0.07,28,0.9642857142857143,0.9745670995670996,0.3333333333333333,0.5834386435913964,27,10,0.9,0.5913216737892543,0.3333333333333333,10.0,1.0,0.46139519696487347,1.0,8,1.0,0.7261391641272278,1.0
1276,0.07,26,0.9615384615384616,0.9688334827838744,0.3333333333333333,0.5429931858427117,25,12,0.9166666666666666,0.5469219487957909,0.3333333333333333,5.0,1.0,0.47661354017044716,1.0,9,1.0,0.5746324161676423,0.9775280898876404
1277,0.07,25,1.0,0.9959926191966787,0.9545454545454546,0.5972317994922793,25,11,1.0,0.6499292938004811,0.9545454545454546,7.0,1.0,0.4483489495518524,1.0,7,1.0,0.6633043012341033,0.9775280898876404
1278,0.07,26,0.9615384615384616,0.9734946701238835,0.3333333333333333,0.5794372964218787,25,12,0.9166666666666666,0.5122194701090595,0.3333333333333333,6.0,1.0,0.6687898263530624,1.0,8,1.0,0.6132496384427195,0.9775280898876404
1279,0.07,23,1.0,0.9971326012616555,0.9565217391304348,0.5312994585290219,23,11,1.0,0.5346357224965212,0.9565217391304348,5.0,1.0,0.44863205123287136,1.0,7,1.0,0.585104906077345,0.9775280898876404
1280,0.07,27,1.0,0.9971949509116409,0.9565217391304348,0.6251311088206357,27,9,1.0,0.5575476666552156,0.9565217391304348,6.0,1.0,0.7322091071273151,1.0,12,1.0,0.6222796912913613,1.0
1281,0.07,28,1.0,0.9956717546128485,0.9545454545454546,0.567241685278973,28,13,1.0,0.5702851926236558,0.9545454545454546,7.0,1.0,0.5949677711607139,1.0,8,1.0,0.53803566069734,1.0
1282,0.1,27,0.8518518518518519,0.9542199548387464,0.3333333333333333,0.4124302084658201,23,13,0.6923076923076923,0.44850764965072537,0.3333333333333333,7.0,1.0,0.3455295879039072,0.95,7,1.0,0.4123298668271948,0.9565217391304348
1283,0.07,27,0.9629629629629629,0.973625140291807,0.3333333333333333,0.5900252120763372,26,17,0.9411764705882353,0.5678013276310311,0.3333333333333333,5.0,1.0,0.7026694935407247,1.0,5,1.0,0.5529421377259903,1.0
1284,0.07,24,0.9583333333333334,0.9708781362007168,0.3333333333333333,0.6121172291830855,23,11,0.9090909090909091,0.5812870194008686,0.3333333333333333,4.0,1.0,0.5554858713242914,1.0,9,1.0,0.6749680890763703,1.0
1285,0.07,29,1.0,1.0,1.0,0.6388731502167452,29,16,1.0,0.6473836737669292,1.0,2.0,1.0,0.5781100478468899,1.0,11,1.0,0.6375420436655422,1.0
1286,0.1,22,0.8636363636363636,0.949933753756421,0.3333333333333333,0.48717271422295527,19,13,0.7692307692307693,0.45628819804961407,0.3333333333333333,4.0,1.0,0.5536519972506149,0.95,5,1.0,0.514289029851515,0.9775280898876404
1287,0.07,31,0.967741935483871,0.9753266160592026,0.3333333333333333,0.5929595851004279,30,15,0.9333333333333333,0.5753928243132916,0.3333333333333333,8.0,1.0,0.6672917674904987,1.0,8,1.0,0.5515650791862377,0.9775280898876404
1288,0.1,25,0.88,0.9792825145868624,0.8333333333333334,0.43065038959047913,22,10,0.7,0.4779712529627848,0.8333333333333334,9.0,1.0,0.39206329024451547,0.95,6,1.0,0.4096629329889152,0.9565217391304348
1289,0.1,28,0.8571428571428571,0.9576774374531988,0.3333333333333333,0.4531397233672438,24,16,0.8125,0.4300494176099766,0.3333333333333333,8.0,1.0,0.5339088158450767,0.95,4,0.75,0.3839627614406469,0.8571428571428571
1290,0.07,26,1.0,1.0,1.0,0.5323948536388537,26,14,1.0,0.5215373195363561,1.0,6.0,1.0,0.45449421309259824,1.0,6,1.0,0.6356297404242709,1.0
1291,0.1,25,0.88,0.9628154594546346,0.3333333333333333,0.4717345543812827,22,12,0.75,0.47443779179952555,0.3333333333333333,7.0,1.0,0.4678740176980121,0.95,6,1.0,0.47083203900861265,1.0
1292,0.07,30,1.0,0.9978016609672691,0.9565217391304348,0.5903856410134277,30,15,1.0,0.5582975161770888,0.9565217391304348,7.0,1.0,0.6135260857353656,1.0,8,1.0,0.6303029859498674,0.9775280898876404
1293,0.07,24,1.0,0.9972520762090865,0.9565217391304348,0.5800585012219449,24,10,1.0,0.6247818155185392,0.9565217391304348,7.0,1.0,0.6085495007505151,1.0,7,1.0,0.4876770526982406,0.9775280898876404
1294,0.07,24,1.0,0.9986559139784946,0.967741935483871,0.594973997055872,24,8,1.0,0.5680869181151256,0.967741935483871,7.0,1.0,0.5681760261844521,1.0,9,1.0,0.6397164890143061,1.0
1295,0.07,25,1.0,0.9955438113425411,0.9545454545454546,0.5833913878331771,25,12,1.0,0.5845850694183005,0.9545454545454546,6.0,1.0,0.7023066651073394,1.0,7,1.0,0.4794176960236833,0.9775280898876404
1296,0.07,27,1.0,0.9988052568697731,0.967741935483871,0.5783275411263632,27,16,1.0,0.5897117076150759,0.967741935483871,4.0,1.0,0.38674605396328027,1.0,7,1.0,0.6617817246739249,1.0
1297,0.07,30,0.9666666666666667,0.9748133509003074,0.3333333333333333,0.5201613954005594,29,14,0.9285714285714286,0.553937730086125,0.3333333333333333,6.0,1.0,0.47877639390766574,1.0,10,1.0,0.49770552773650395,1.0
1298,0.07,20,1.0,0.9988764044943821,0.9775280898876404,0.6031492249395705,20,6,1.0,0.5970383346325061,1.0,8.0,1.0,0.5356115290808632,1.0,6,1.0,0.6993103763915783,0.9775280898876404
1299,0.07,25,1.0,0.9969705469845722,0.9565217391304348,0.6438381328278695,25,13,1.0,0.6824753119431739,0.9565217391304348,4.0,1.0,0.4558019934831043,1.0,8,1.0,0.6750707864378822,1.0
1300,0.07,30,1.0,0.9992509363295881,0.9775280898876404,0.5803102420779686,30,15,1.0,0.5879539297426646,1.0,10.0,1.0,0.5168107060290927,1.0,5,1.0,0.6843782511816319,0.9775280898876404
1301,0.07,21,1.0,0.996299399525206,0.9545454545454546,0.4916499605416871,21,12,1.0,0.48107481383891143,0.9545454545454546,2.0,1.0,0.26303814775990153,1.0,7,1.0,0.575096444255527,1.0
1302,0.07,24,0.9583333333333334,0.9694742984313086,0.3333333333333333,0.6163238858530377,23,11,0.9090909090909091,0.5504739262352486,0.3333333333333333,4.0,1.0,0.7812824462913374,1.0,9,1.0,0.6234922540799799,0.9775280898876404
1303,0.07,27,0.9629629629629629,0.9744763490081843,0.3333333333333333,0.5505329144644713,26,10,0.9,0.5899486714936091,0.3333333333333333,9.0,1.0,0.4629818368306123,1.0,8,1.0,0.5997581805161406,0.9775280898876404
1304,0.07,26,1.0,1.0,1.0,0.6138123963971768,26,13,1.0,0.6200853967544631,1.0,7.0,1.0,0.5777715313444923,1.0,6,1.0,0.6422685715178548,1.0
1305,0.07,28,0.9642857142857143,0.9761904761904762,0.3333333333333333,0.5600991160675818,27,13,0.9230769230769231,0.5499244975011586,0.3333333333333333,6.0,1.0,0.4999719528437865,1.0,9,1.0,0.6148805628127235,1.0
1306,0.07,28,1.0,0.9972951312362252,0.9565217391304348,0.5957936019457274,28,14,1.0,0.5900530264076194,0.9565217391304348,7.0,1.0,0.60058105149656,1.0,7,1.0,0.6024873034711107,1.0
1307,0.07,27,1.0,1.0,1.0,0.5644966727999817,27,11,1.0,0.6051014987910229,1.0,8.0,1.0,0.4777765840815619,1.0,8,1.0,0.5953851257807201,1.0
1308,0.07,26,0.9615384615384616,0.9726867335562986,0.3333333333333333,0.612354375553064,25,11,0.9090909090909091,0.5534269192024865,0.3333333333333333,7.0,1.0,0.6533406042569815,1.0,8,1.0,0.6575166779191802,1.0
1309,0.07,23,0.9565217391304348,0.9710144927536232,0.3333333333333333,0.48396961264774463,22,11,0.9090909090909091,0.430132402594394,0.3333333333333333,3.0,1.0,0.4428012670634107,1.0,9,1.0,0.56349342901884,1.0
1310,0.07,27,1.0,0.9988052568697731,0.967741935483871,0.5770276230509434,27,11,1.0,0.5715690911621445,0.967741935483871,7.0,1.0,0.56285321778665,1.0,9,1.0,0.5947236994539258,1.0
1311,0.07,27,1.0,0.9988052568697731,0.967741935483871,0.5610214103076637,27,13,1.0,0.576797649924399,0.967741935483871,4.0,1.0,0.577830960620209,1.0,10,1.0,0.5337884786808901,1.0
1312,0.07,28,0.9642857142857143,0.9737645313488011,0.3333333333333333,0.5474424648588194,27,11,0.9090909090909091,0.5185734044962018,0.3333333333333333,9.0,1.0,0.5898081857773454,1.0,8,1.0,0.5394759868240768,0.9775280898876404
1313,0.07,26,1.0,1.0,1.0,0.5680051066430214,26,15,1.0,0.5941372717769564,1.0,5.0,1.0,0.47772509233993254,1.0,6,1.0,0.5779080390607579,1.0
1314,0.07,26,1.0,0.9973874440166575,0.9545454545454546,0.5708676674851589,26,12,1.0,0.625528812719726,0.9545454545454546,3.0,1.0,0.3367301801017497,1.0,11,1.0,0.5750930056065608,0.9775280898876404
1315,0.07,26,0.9615384615384616,0.9726107226107227,0.3333333333333333,0.545638505486322,25,16,0.9375,0.552048125132411,0.3333333333333333,5.0,1.0,0.47296643020680323,1.0,5,1.0,0.597799797898356,1.0
1316,0.07,23,0.9565217391304348,0.9710144927536232,0.3333333333333333,0.6067328989101219,22,11,0.9090909090909091,0.5680608138214205,0.3333333333333333,5.0,1.0,0.6239075280316387,1.0,7,1.0,0.6552357261055691,1.0
1317,0.07,22,1.0,0.9989785495403474,0.9775280898876404,0.6153110605251485,22,9,1.0,0.6127206313970471,1.0,7.0,1.0,0.5820802767046535,1.0,6,1.0,0.6579659520078774,0.9775280898876404
1318,0.07,27,1.0,0.9979729639026487,0.967741935483871,0.6357242920999165,27,12,1.0,0.6467990832706131,0.967741935483871,5.0,1.0,0.7298410131746408,1.0,10,1.0,0.5753761821577187,0.9775280898876404
1319,0.07,24,0.9583333333333334,0.9703282828282829,0.3333333333333333,0.5755454148504894,23,12,0.9166666666666666,0.5542481525010162,0.3333333333333333,5.0,1.0,0.5637877038511547,1.0,7,1.0,0.620453372449111,1.0
1320,0.07,25,1.0,0.9981818181818182,0.9545454545454546,0.6216766413802689,25,10,1.0,0.5853286098106077,0.9545454545454546,8.0,1.0,0.6579311107235369,1.0,7,1.0,0.63216872151605,1.0
1321,0.1,24,0.8333333333333334,0.9548081749168705,0.3333333333333333,0.4718173933063658,20,11,0.6363636363636364,0.4117198780004714,0.3333333333333333,6.0,1.0,0.5358037104711643,1.0,7,1.0,0.5114109312172298,0.9565217391304348
1322,0.07,25,0.96,0.9715151515151516,0.3333333333333333,0.5385919518186989,24,12,0.9166666666666666,0.5366840957401682,0.3333333333333333,8.0,1.0,0.5704952054540606,1.0,5,1.0,0.4921256005905935,1.0
1323,0.07,24,0.9583333333333334,0.9708781362007168,0.3333333333333333,0.6174938584208611,23,13,0.9230769230769231,0.5883885206578694,0.3333333333333333,6.0,1.0,0.6507234473683091,1.0,5,1.0,0.6532922298677024,1.0
1324,0.07,27,0.9629629629629629,0.9728660430500521,0.3333333333333333,0.5336571566717294,26,11,0.9090909090909091,0.4781707971007123,0.3333333333333333,9.0,1.0,0.5237651172071717,1.0,7,1.0,0.6335683438806161,0.9775280898876404
1325,0.07,24,1.0,0.9972520762090865,0.9565217391304348,0.5824115978292305,24,9,1.0,0.607176543655255,0.9565217391304348,6.0,1.0,0.534343318519373,1.0,9,1.0,0.5896921715431106,0.9775280898876404
1326,0.07,20,1.0,0.9988764044943821,0.9775280898876404,0.6489588762893254,20,9,1.0,0.6407092849766507,1.0,6.0,1.0,0.6796359839345757,1.0,5,1.0,0.6269956114778397,0.9775280898876404
1327,0.07,24,1.0,0.9959079901875811,0.9565217391304348,0.5484769421063014,24,13,1.0,0.574894173420253,0.9565217391304348,5.0,1.0,0.3964995250101305,1.0,6,1.0,0.6178874551728822,0.9775280898876404
1328,0.07,25,1.0,1.0,1.0,0.5841879058665007,25,9,1.0,0.6745948500555293,1.0,7.0,1.0,0.4868752549016187,1.0,9,1.0,0.5694685790946025,1.0
1329,0.07,30,1.0,0.9981756675123837,0.967741935483871,0.5860406756292679,30,15,1.0,0.5745117323263621,0.967741935483871,8.0,1.0,0.5550163322415617,1.0,7,1.0,0.6462019465785872,0.9775280898876404
1330,0.07,30,0.9666666666666667,0.9777777777777777,0.3333333333333333,0.63758359807713,29,13,0.9230769230769231,0.6647468698161219,0.3333333333333333,8.0,1.0,0.6823813983954368,1.0,9,1.0,0.5585274941712025,1.0
1331,0.07,26,1.0,1.0,1.0,0.6049872413941768,26,12,1.0,0.605076070085743,1.0,5.0,1.0,0.5235018998637997,1.0,9,1.0,0.6501384373222978,1.0
1332,0.07,21,1.0,0.9984639016897082,0.967741935483871,0.5314618167460645,21,10,1.0,0.5061750351052219,0.967741935483871,4.0,1.0,0.5952328208980633,1.0,7,1.0,0.5311452167175549,1.0
1333,0.07,28,1.0,0.9975740551583249,0.9545454545454546,0.643924255099917,28,10,1.0,0.6640981085418053,0.9545454545454546,10.0,1.0,0.6324191792900928,1.0,8,1.0,0.6330882830598367,0.9775280898876404
1334,0.03,24,1.0,1.0,1.0,0.8309988748061065,24,13,1.0,0.8273539097186815,1.0,5.0,1.0,0.7712041558842567,1.0,6,1.0,0.8887252315970685,1.0
1335,0.07,30,0.9666666666666667,0.9763285024154589,0.3333333333333333,0.5546227482414068,29,10,0.9,0.4751237586822378,0.3333333333333333,10.0,1.0,0.5756588299141571,1.0,10,1.0,0.6130856561278255,1.0
1336,0.07,27,0.9629629629629629,0.9741138988450816,0.3333333333333333,0.5247338973281712,26,9,0.8888888888888888,0.4631074464573024,0.3333333333333333,8.0,1.0,0.5760759064230443,1.0,10,1.0,0.5391240958360549,1.0
1337,0.07,30,1.0,0.9985507246376811,0.9565217391304348,0.5720868099616417,30,18,1.0,0.5590561356671357,0.9565217391304348,9.0,1.0,0.5496048043413655,1.0,3,1.0,0.717716872589507,1.0
1338,0.07,26,1.0,1.0,1.0,0.6266934991950561,26,10,1.0,0.6166532915218571,1.0,6.0,1.0,0.5717519949948445,1.0,10,1.0,0.6696986093883821,1.0
1339,0.07,29,0.9655172413793104,0.9743998968257807,0.3333333333333333,0.5569915389675512,28,16,0.9375,0.5488676527496088,0.3333333333333333,4.0,1.0,0.5736915653965367,1.0,9,1.0,0.5640117693865663,1.0
1340,0.07,25,1.0,0.9978108010148604,0.967741935483871,0.6274790185997938,25,17,1.0,0.7068465820793833,0.967741935483871,3.0,1.0,0.356119562649027,1.0,5,1.0,0.5204449763396499,0.9775280898876404
1341,0.07,24,0.9583333333333334,0.9689841968067774,0.3333333333333333,0.6382382005814512,23,13,0.9230769230769231,0.6244027016766563,0.3333333333333333,4.0,1.0,0.5306731687136572,1.0,7,1.0,0.7253984310433811,1.0
1342,0.07,27,1.0,0.9983164983164983,0.9545454545454546,0.5885465470488397,27,12,1.0,0.6415494562360287,0.9545454545454546,10.0,1.0,0.44942286820127164,1.0,5,1.0,0.739586922694722,1.0
1343,0.07,24,1.0,0.9981884057971014,0.9565217391304348,0.5554075080239792,24,8,1.0,0.5591298301396903,0.9565217391304348,7.0,1.0,0.5471983031435207,1.0,9,1.0,0.5584837143837039,1.0
1344,0.07,24,1.0,0.9981060606060606,0.9545454545454546,0.48692724262581305,24,9,1.0,0.5425244911313583,0.9545454545454546,7.0,1.0,0.3641297016453319,1.0,8,1.0,0.5318281864149959,1.0
1345,0.07,28,1.0,0.9983766233766234,0.9545454545454546,0.5720674866084454,28,10,1.0,0.5228042781101013,0.9545454545454546,8.0,1.0,0.5981612746425748,1.0,10,1.0,0.600455664679486,1.0
1346,0.07,27,0.9629629629629629,0.9741138988450816,0.3333333333333333,0.5929570790159,26,14,0.9285714285714286,0.53669630441128,0.3333333333333333,7.0,1.0,0.590304141764962,1.0,6,1.0,0.727327313219441,1.0
1347,0.07,25,1.0,0.996891495601173,0.9545454545454546,0.6428514702160042,25,13,1.0,0.6372491841242052,0.9545454545454546,7.0,1.0,0.6333181903628071,1.0,5,1.0,0.6707640058491581,1.0
1348,0.07,26,1.0,0.9944745084249,0.9545454545454546,0.5587020931838584,26,10,1.0,0.5329534113185541,0.9545454545454546,7.0,1.0,0.5996623224498121,1.0,9,1.0,0.5554537836051215,0.9775280898876404
1349,0.07,24,1.0,0.9986559139784946,0.967741935483871,0.6070408630119898,24,13,1.0,0.5612239912399082,0.967741935483871,8.0,1.0,0.6495431387387982,1.0,3,1.0,0.6922412387528544,1.0
1350,0.1,30,0.8666666666666667,0.9751243468523675,0.8043478260869565,0.46921981838829424,26,16,0.8125,0.5041460823503581,0.8043478260869565,3.0,1.0,0.30088051321777654,1.0,11,0.9090909090909091,0.46432869948997896,0.8571428571428571
1351,0.07,32,1.0,0.9982896882928598,0.967741935483871,0.5831711325781079,32,14,1.0,0.6532987300652687,0.967741935483871,3.0,1.0,0.3871552568036167,1.0,15,1.0,0.5569218834116563,0.9775280898876404
1352,0.07,28,1.0,0.9980453580489826,0.967741935483871,0.5795362167120134,28,16,1.0,0.6281503015679843,0.967741935483871,6.0,1.0,0.48729154782459183,1.0,6,1.0,0.5421433259835117,0.9775280898876404
1353,0.07,33,0.9696969696969697,0.9777994897682245,0.3333333333333333,0.5660790087607107,32,18,0.9444444444444444,0.5812383796148474,0.3333333333333333,4.0,1.0,0.5603458002190513,1.0,11,1.0,0.5433575686509089,0.9775280898876404
1354,0.1,22,0.7727272727272727,0.9425057432480165,0.3333333333333333,0.4360803490935131,17,9,0.5555555555555556,0.3921084752555875,0.3333333333333333,4.0,1.0,0.4300193451179905,0.9948453608247423,9,0.8888888888888888,0.4827460024761156,0.8571428571428571
1355,0.1,25,0.88,0.9610763290198521,0.3333333333333333,0.4510034874580574,22,14,0.7857142857142857,0.40665706600391766,0.3333333333333333,5.0,1.0,0.6563515454156824,0.95,6,1.0,0.38335508921969613,0.9565217391304348
1356,0.07,25,1.0,0.9972829417773238,0.9545454545454546,0.5963602583856786,25,10,1.0,0.6185012363900743,0.9545454545454546,6.0,1.0,0.5683284241406146,1.0,9,1.0,0.5904470612108372,0.9775280898876404
1357,0.07,27,1.0,0.9955114492281392,0.9545454545454546,0.5496030830015394,27,15,1.0,0.544773671204463,0.9545454545454546,6.0,1.0,0.5868386745686381,1.0,6,1.0,0.5244410209271322,1.0
1358,0.1,26,0.8461538461538461,0.9515091404595319,0.3333333333333333,0.4198222221594596,22,11,0.7272727272727273,0.32979182822510306,0.3333333333333333,1.0,1.0,0.23943661971830985,1.0,14,0.9285714285714286,0.5034450747108218,0.8571428571428571
1359,0.07,29,1.0,0.9961584580539148,0.9545454545454546,0.5420430774748597,29,8,1.0,0.45289845551188135,0.9545454545454546,7.0,1.0,0.49661400451746024,1.0,14,1.0,0.6156973979324043,0.9775280898876404
1360,0.07,31,1.0,0.9989594172736733,0.967741935483871,0.6464349230549092,31,15,1.0,0.6609982260466849,0.967741935483871,7.0,1.0,0.5798735520839167,1.0,9,1.0,0.6739327066016105,1.0
1361,0.07,25,0.96,0.9733333333333333,0.3333333333333333,0.5755910960540797,24,14,0.9285714285714286,0.5625723261836537,0.3333333333333333,7.0,1.0,0.5628928024169048,1.0,4,1.0,0.6433788044656271,1.0
1362,0.1,25,0.84,0.9761479390175043,0.8043478260869565,0.5044363350365826,21,11,0.7272727272727273,0.48714943360517626,0.8043478260869565,6.0,1.0,0.517715940103993,0.95,8,0.875,0.5182461207042082,0.8571428571428571
1363,0.07,27,0.9629629629629629,0.9736983360171765,0.3333333333333333,0.5676418219610894,26,16,0.9375,0.4949756641520136,0.3333333333333333,5.0,1.0,0.7404795323467142,1.0,6,1.0,0.6173868174639376,1.0
1364,0.1,31,0.8709677419354839,0.9613210652025879,0.3333333333333333,0.4704900501078643,27,14,0.7142857142857143,0.4892992436645405,0.3333333333333333,5.0,1.0,0.4817870258614111,0.9948453608247423,12,1.0,0.4438389177277644,0.9565217391304348
1365,0.07,28,0.9642857142857143,0.9745670995670996,0.3333333333333333,0.5645802884455453,27,14,0.9285714285714286,0.5185085910693413,0.3333333333333333,6.0,1.0,0.6466486954196372,1.0,8,1.0,0.5836544536233336,1.0
1366,0.07,24,1.0,0.9981884057971014,0.9565217391304348,0.574687100074625,24,8,1.0,0.608508634578613,0.9565217391304348,6.0,1.0,0.5979430680935544,1.0,10,1.0,0.5336762916600767,1.0
1367,0.1,27,0.8888888888888888,0.9796070637585365,0.8043478260869565,0.4330061306070287,24,15,0.8666666666666667,0.44668927040814166,0.8043478260869565,3.0,1.0,0.342247857427107,1.0,9,0.8888888888888888,0.4404536553318145,0.8571428571428571
1368,0.07,30,0.9666666666666667,0.9748133509003074,0.3333333333333333,0.5491973080993591,29,19,0.9473684210526315,0.5417302125923805,0.3333333333333333,5.0,1.0,0.42113342052350167,1.0,6,1.0,0.6795630168513392,1.0
1369,0.07,25,1.0,0.9951523651663904,0.9545454545454546,0.47643114618834126,25,13,1.0,0.4779531636371158,0.9545454545454546,5.0,1.0,0.4209819288431763,1.0,7,1.0,0.5132111261728778,1.0
1370,0.07,30,1.0,0.9967263921500648,0.9565217391304348,0.5943686480904965,30,15,1.0,0.5875291005321395,0.9565217391304348,8.0,1.0,0.6034243458250006,1.0,7,1.0,0.5986754525903996,0.9775280898876404
1371,0.07,26,1.0,0.9991356957649093,0.9775280898876404,0.5996223042372543,26,12,1.0,0.5470124711371694,1.0,6.0,1.0,0.6961821529523574,1.0,8,1.0,0.6061171673510538,0.9775280898876404
1372,0.07,30,0.9666666666666667,0.9777777777777777,0.3333333333333333,0.6116654450715853,29,15,0.9333333333333333,0.6091057766713291,0.3333333333333333,6.0,1.0,0.5331932786082827,1.0,9,1.0,0.6682463367142139,1.0
1373,0.07,25,0.96,0.9733333333333333,0.3333333333333333,0.5665425389277366,24,16,0.9375,0.5560292720168744,0.3333333333333333,2.0,1.0,0.7442644657280311,1.0,7,1.0,0.5397951699239096,1.0
1374,0.07,29,0.9655172413793104,0.9754440961337514,0.3333333333333333,0.5851354204901951,28,16,0.9375,0.5679713722682542,0.3333333333333333,3.0,1.0,0.5739554823277369,1.0,10,1.0,0.6159518790940377,1.0
1375,0.07,31,0.967741935483871,0.9763671987855292,0.3333333333333333,0.5780459450363926,30,11,0.9090909090909091,0.6313349939489615,0.3333333333333333,8.0,1.0,0.48233855850413676,1.0,12,1.0,0.5930025745547084,0.9775280898876404
1376,0.07,30,0.9666666666666667,0.9763285024154589,0.3333333333333333,0.5465952419979955,29,13,0.9230769230769231,0.5571806084430335,0.3333333333333333,8.0,1.0,0.5345299659630668,1.0,9,1.0,0.5420299580528772,1.0
1377,0.07,26,1.0,0.9973874440166575,0.9545454545454546,0.5332257188646508,26,10,1.0,0.4225746324449114,0.9545454545454546,5.0,1.0,0.7106350159899283,1.0,11,1.0,0.5531770260074693,0.9775280898876404
1378,0.07,26,1.0,0.9983277591973244,0.9565217391304348,0.5453044879309132,26,14,1.0,0.609937680969543,0.9565217391304348,6.0,1.0,0.4432666461988381,1.0,6,1.0,0.4965315459061859,1.0
1379,0.07,26,1.0,0.9970110534626664,0.9545454545454546,0.5962910740846025,26,13,1.0,0.636216766706582,0.9545454545454546,6.0,1.0,0.5533342327956465,1.0,7,1.0,0.5589635088914601,1.0
1380,0.07,28,1.0,0.996421981425606,0.9545454545454546,0.5783904826038576,28,11,1.0,0.5227789689925373,0.9545454545454546,7.0,1.0,0.5681321093932489,1.0,10,1.0,0.646744008823736,0.9775280898876404
1381,0.07,28,0.9642857142857143,0.9753879079721777,0.3333333333333333,0.559234515632416,27,15,0.9333333333333333,0.5762468743315446,0.3333333333333333,6.0,1.0,0.5356817360614803,1.0,7,1.0,0.5429675580522278,0.9775280898876404
1382,0.07,27,1.0,0.9991677070328756,0.9775280898876404,0.6170972434625633,27,13,1.0,0.5897885103405796,1.0,7.0,1.0,0.5777504314976228,1.0,7,1.0,0.707160274082617,0.9775280898876404
1383,0.07,28,0.9642857142857143,0.9745670995670996,0.3333333333333333,0.5437497348164965,27,15,0.9333333333333333,0.5036863448146145,0.3333333333333333,5.0,1.0,0.523887303800163,1.0,8,1.0,0.6312826104552337,1.0
1384,0.07,26,1.0,1.0,1.0,0.585714022051091,26,13,1.0,0.6270443566323389,1.0,6.0,1.0,0.48612484712964793,1.0,7,1.0,0.5943198363328674,1.0
1385,0.03,25,1.0,1.0,1.0,0.8359641347818978,25,15,1.0,0.7984913051820747,1.0,3.0,1.0,0.9428204451864398,1.0,7,1.0,0.870467493751001,1.0
1386,0.1,31,0.9032258064516129,0.9657040248204344,0.3333333333333333,0.507277834578796,28,13,0.7692307692307693,0.5467081471256479,0.3333333333333333,10.0,1.0,0.4109576204276252,1.0,8,1.0,0.5636038443791254,0.9565217391304348
1387,0.07,23,0.9565217391304348,0.9680611685985404,0.3333333333333333,0.5487900688800009,22,10,0.9,0.49032937260598297,0.3333333333333333,6.0,1.0,0.6243139164715465,1.0,7,1.0,0.5675706227644158,0.9775280898876404
1388,0.1,22,0.8181818181818182,0.9764856355765447,0.8333333333333334,0.46397205349842885,18,11,0.7272727272727273,0.47574993342530064,0.8333333333333334,4.0,1.0,0.32580534839004094,1.0,7,0.8571428571428571,0.524416359389566,0.8571428571428571
1389,0.07,26,0.9615384615384616,0.9726107226107227,0.3333333333333333,0.5488412750341832,25,14,0.9285714285714286,0.543634847762573,0.3333333333333333,5.0,1.0,0.6380657913840667,1.0,7,1.0,0.4955223321846302,1.0
1390,0.07,23,0.9565217391304348,0.9691241335853811,0.3333333333333333,0.5310822452558616,22,11,0.9090909090909091,0.5445346452291147,0.3333333333333333,7.0,1.0,0.5047064998157805,1.0,5,1.0,0.5384130089308183,1.0
1391,0.07,27,0.9629629629629629,0.9727928473246825,0.3333333333333333,0.5210032566913942,26,13,0.9230769230769231,0.5011954829264518,0.3333333333333333,9.0,1.0,0.5644201309513871,1.0,5,1.0,0.4943530948122574,0.9775280898876404
1392,0.07,27,0.9629629629629629,0.9744763490081841,0.3333333333333333,0.5027843749387686,26,14,0.9285714285714286,0.5192570668588273,0.3333333333333333,5.0,1.0,0.4942705791374305,1.0,8,1.0,0.47927828645450227,0.9775280898876404
1393,0.07,30,1.0,1.0,1.0,0.6175816368721605,30,15,1.0,0.6680231425148546,1.0,5.0,1.0,0.5962176308696137,1.0,10,1.0,0.5526013814093932,1.0
1394,0.07,30,0.9666666666666667,0.9759534452901615,0.3333333333333333,0.5448913232972212,29,19,0.9473684210526315,0.6012558563154938,0.3333333333333333,4.0,1.0,0.2875575159053184,1.0,7,1.0,0.5389497664715684,0.9775280898876404
1395,0.07,26,0.9615384615384616,0.9726107226107227,0.3333333333333333,0.5558868373613007,25,13,0.9230769230769231,0.5121005648578231,0.3333333333333333,3.0,1.0,0.6067013821528096,1.0,10,1.0,0.5975646281783689,1.0
1396,0.07,26,1.0,0.9970870644082426,0.9565217391304348,0.6486496409909156,26,16,1.0,0.6064844645435206,0.9565217391304348,5.0,1.0,0.7337604557906278,1.0,5,1.0,0.6984673908228679,1.0
1397,0.07,26,0.9615384615384616,0.9722539753348017,0.3333333333333333,0.5865002468470817,25,13,0.9230769230769231,0.5700317079128778,0.3333333333333333,5.0,1.0,0.6558323089050864,1.0,8,1.0,0.5699290838289102,0.9775280898876404
1398,0.07,21,1.0,0.9967654068777664,0.9545454545454546,0.597383375070993,21,8,1.0,0.5361546140971327,0.9545454545454546,6.0,1.0,0.6197329008619996,1.0,7,1.0,0.648202365505971,0.9775280898876404
1399,0.07,31,1.0,0.9989594172736733,0.967741935483871,0.6131726769219442,31,16,1.0,0.6365080703325668,0.967741935483871,5.0,1.0,0.5027808345011504,1.0,10,1.0,0.6310319686753447,1.0
1400,0.1,26,0.8461538461538461,0.9801032301032302,0.8333333333333334,0.45330925345860895,22,11,0.7272727272727273,0.36047330116430787,0.8333333333333334,6.0,1.0,0.5391118437532759,1.0,9,0.8888888888888888,0.5095736905107546,0.8571428571428571
1401,0.1,24,0.875,0.97530880470299,0.8043478260869565,0.4648812729113156,21,15,0.8666666666666667,0.47261255686408654,0.8043478260869565,4.0,1.0,0.35054179171056266,0.9948453608247423,5,0.8,0.5331590060136044,0.8571428571428571
1402,0.07,23,1.0,0.998109640831758,0.9565217391304348,0.6418682245797571,23,10,1.0,0.7282663635278233,0.9565217391304348,5.0,1.0,0.612335328034727,1.0,8,1.0,0.5523286112353185,1.0
1403,0.07,31,1.0,0.9975568927294938,0.9565217391304348,0.5612309047041005,31,14,1.0,0.5652567974026887,0.9565217391304348,9.0,1.0,0.5692574729652358,1.0,8,1.0,0.5451557031877944,1.0
1404,0.07,29,0.9655172413793104,0.9754440961337514,0.3333333333333333,0.6308689936591475,28,17,0.9411764705882353,0.6152249068257888,0.3333333333333333,5.0,1.0,0.6285381122516766,1.0,7,1.0,0.6705266912597835,1.0
1405,0.07,28,1.0,0.9976446367506455,0.9565217391304348,0.624982741351057,28,10,1.0,0.6460009614932148,0.9565217391304348,5.0,1.0,0.5825601164584449,1.0,13,1.0,0.6251312738927096,0.9775280898876404
1406,0.1,27,0.8518518518518519,0.9536509543109543,0.3333333333333333,0.44907980942924675,23,14,0.7857142857142857,0.4313577214631131,0.3333333333333333,5.0,1.0,0.582363824053334,0.9948453608247423,8,0.875,0.39679095422992605,0.8571428571428571
1407,0.07,30,0.9666666666666667,0.9777777777777777,0.3333333333333333,0.5858909852904993,29,12,0.9166666666666666,0.5484633113910614,0.3333333333333333,12.0,1.0,0.6127401803012865,1.0,6,1.0,0.6070479430678012,1.0
1408,0.07,27,1.0,0.9974842053493739,0.9545454545454546,0.5416070707713805,27,14,1.0,0.5574614237441281,0.9545454545454546,8.0,1.0,0.5208906161886692,1.0,5,1.0,0.5303612097800251,0.9775280898876404
1409,0.1,28,0.8571428571428571,0.9592307278642682,0.3333333333333333,0.42501798788951445,24,14,0.7857142857142857,0.4193700641729885,0.3333333333333333,7.0,1.0,0.4116749409768644,1.0,7,0.8571428571428571,0.4496568822352165,0.8571428571428571
1410,0.07,22,0.9545454545454546,0.9677206851119894,0.3333333333333333,0.6364849298202068,21,11,0.9090909090909091,0.581185236495008,0.3333333333333333,7.0,1.0,0.666244386070786,1.0,4,1.0,0.7364800380259907,1.0
1411,0.07,26,1.0,0.9978950009758274,0.967741935483871,0.5763530288730874,26,11,1.0,0.5663910297087317,0.967741935483871,7.0,1.0,0.6244136329955806,1.0,8,1.0,0.547997749116895,0.9775280898876404
1412,0.1,29,0.896551724137931,0.9633387851528781,0.3333333333333333,0.4540577207013937,26,16,0.8125,0.46808828223951526,0.3333333333333333,7.0,1.0,0.33870366872395985,1.0,6,1.0,0.5512226172400763,0.9565217391304348
1413,0.07,27,1.0,1.0,1.0,0.6171948889045091,27,12,1.0,0.6209366056623565,1.0,6.0,1.0,0.6347695539027426,1.0,9,1.0,0.6004894898952235,1.0
1414,0.07,29,1.0,0.9966135091207569,0.9565217391304348,0.6025377005182445,29,14,1.0,0.5483264790536732,0.9565217391304348,5.0,1.0,0.5747339512437866,1.0,10,1.0,0.6923352852058735,0.9775280898876404
1415,0.07,22,0.9545454545454546,0.9677206851119894,0.3333333333333333,0.6507711875391421,21,10,0.9,0.6179948214707852,0.3333333333333333,6.0,1.0,0.7301255338070253,1.0,6,1.0,0.6260441180518542,1.0
1416,0.07,26,1.0,0.9953388126599909,0.9545454545454546,0.5729242421373593,26,15,1.0,0.6093595218145939,0.9545454545454546,3.0,1.0,0.46043173043173047,1.0,8,1.0,0.5467927846321553,1.0
1417,0.07,26,0.9615384615384616,0.970938481808047,0.3333333333333333,0.5315896287411628,25,14,0.9285714285714286,0.4973807450979723,0.3333333333333333,6.0,1.0,0.5619120412167024,1.0,6,1.0,0.5810879447664012,1.0
1418,0.07,23,1.0,0.9957300767174759,0.9565217391304348,0.5757661151221288,23,11,1.0,0.5549735179204801,0.9565217391304348,6.0,1.0,0.5477626196736812,1.0,6,1.0,0.6418893721069325,0.9775280898876404
1419,0.07,29,1.0,0.9976577084287274,0.9545454545454546,0.6089167078258698,29,13,1.0,0.6033829729067398,0.9545454545454546,7.0,1.0,0.5867897744537783,1.0,9,1.0,0.6341197175540176,0.9775280898876404
1420,0.07,25,0.96,0.9733333333333333,0.3333333333333333,0.5207749001644914,24,14,0.9285714285714286,0.5698473626041779,0.3333333333333333,7.0,1.0,0.4917593595708731,1.0,4,1.0,0.3997984776644208,1.0
1421,0.07,30,1.0,0.9981756675123837,0.967741935483871,0.5461787379895656,30,12,1.0,0.5604833013102024,0.967741935483871,7.0,1.0,0.47931129542781437,1.0,11,1.0,0.5731257687245308,0.9775280898876404
1422,0.07,26,0.9615384615384616,0.9705817345321262,0.3333333333333333,0.578999787331819,25,15,0.9333333333333333,0.5608007536176803,0.3333333333333333,6.0,1.0,0.6380867783414517,1.0,5,1.0,0.5626924992626765,0.9775280898876404
1423,0.07,23,1.0,1.0,1.0,0.527780568139184,23,13,1.0,0.4891700910523114,1.0,2.0,1.0,0.5931695635991133,1.0,8,1.0,0.5741753445403694,1.0
1424,0.07,29,1.0,0.9992251065478497,0.9775280898876404,0.5897492764971305,29,10,1.0,0.5553942992668238,1.0,8.0,1.0,0.6095946090941529,1.0,11,1.0,0.6065481048177565,0.9775280898876404
1425,0.07,23,1.0,0.9966211908708402,0.9545454545454546,0.5312778583813829,23,12,1.0,0.49464866264824026,0.9545454545454546,5.0,1.0,0.605018996542488,1.0,6,1.0,0.5430853013800804,1.0
1426,0.07,29,0.9655172413793104,0.9762366008007233,0.3333333333333333,0.5859878313262454,28,16,0.9375,0.5722950146487862,0.3333333333333333,8.0,1.0,0.6579106243163315,1.0,5,1.0,0.5147283759099773,0.9775280898876404
1427,0.07,28,0.9642857142857143,0.9734150258343808,0.3333333333333333,0.5897147861358683,27,14,0.9285714285714286,0.5142175294836225,0.3333333333333333,6.0,1.0,0.7242436135763386,1.0,8,1.0,0.6209383646969454,1.0
1428,0.03,26,1.0,1.0,1.0,0.8448576952091653,26,11,1.0,0.7738982444902831,1.0,9.0,1.0,0.8646510135593171,1.0,6,1.0,0.9452600440018882,1.0
1429,0.07,28,0.9642857142857143,0.9753879079721776,0.3333333333333333,0.596400707581589,27,13,0.9230769230769231,0.5558274970670649,0.3333333333333333,5.0,1.0,0.6467564588719407,1.0,10,1.0,0.6239680056052948,0.9775280898876404
1430,0.07,30,1.0,0.9992509363295881,0.9775280898876404,0.6171465650571997,30,9,1.0,0.6499958217670694,1.0,10.0,1.0,0.624222694615869,1.0,11,1.0,0.5838370554230612,0.9775280898876404
1431,0.07,29,1.0,0.9973202548285974,0.9545454545454546,0.6067456057204532,29,17,1.0,0.6093383862604668,0.9545454545454546,5.0,1.0,0.6117762642773442,1.0,7,1.0,0.596855525439784,1.0
1432,0.07,25,1.0,1.0,1.0,0.6263638155528672,25,9,1.0,0.5658506052233628,1.0,6.0,1.0,0.7041076869983623,1.0,10,1.0,0.6341793819821241,1.0
1433,0.07,25,1.0,0.9981818181818182,0.9545454545454546,0.5513265086307056,25,12,1.0,0.5737234963575945,0.9545454545454546,6.0,1.0,0.4112013155356154,1.0,7,1.0,0.6330389808946879,1.0
1434,0.07,23,1.0,0.9967071162875785,0.9565217391304348,0.6139948668824292,23,10,1.0,0.6201571739216818,0.9565217391304348,6.0,1.0,0.5794845277151458,1.0,7,1.0,0.6347718618268832,1.0
1435,0.07,28,0.9642857142857143,0.9742358342394588,0.3333333333333333,0.6293629829954159,27,17,0.9411764705882353,0.659134362689735,0.3333333333333333,4.0,1.0,0.6970069425549753,1.0,7,1.0,0.5184073697037502,0.9775280898876404
1436,0.1,26,0.8461538461538461,0.9549968147794233,0.3333333333333333,0.4282639759579927,22,14,0.7857142857142857,0.4352800472529732,0.3333333333333333,5.0,1.0,0.3735970858032271,0.95,7,0.8571428571428571,0.45327961205000705,0.8571428571428571
1437,0.07,27,0.9629629629629629,0.9708200912034479,0.3333333333333333,0.5666903333277115,26,12,0.9166666666666666,0.48137246179729876,0.3333333333333333,5.0,1.0,0.7502626121055189,1.0,10,1.0,0.5772856397753031,1.0
1438,0.1,28,0.8214285714285714,0.9536276478318805,0.3333333333333333,0.4701587954639129,23,13,0.6923076923076923,0.42221277537764634,0.3333333333333333,8.0,1.0,0.49335909983754767,0.95,7,0.8571428571428571,0.5326867706256825,0.8571428571428571
1439,0.07,27,1.0,0.9979729639026487,0.967741935483871,0.5705770185209391,27,13,1.0,0.5729656325190335,0.967741935483871,6.0,1.0,0.6128667562280758,1.0,8,1.0,0.5349782174936832,0.9775280898876404
1440,0.07,26,1.0,0.9991356957649093,0.9775280898876404,0.6172838039750859,26,14,1.0,0.6298997981718688,1.0,6.0,1.0,0.5005282691745006,1.0,6,1.0,0.7046020189831775,0.9775280898876404
1441,0.07,33,0.9696969696969697,0.9777994897682245,0.3333333333333333,0.5384543834080279,32,17,0.9411764705882353,0.5650734896029901,0.3333333333333333,7.0,1.0,0.4187732560362379,1.0,9,1.0,0.5812591707733804,0.9775280898876404
1442,0.07,27,0.9629629629629629,0.9727928473246825,0.3333333333333333,0.5858652236854156,26,11,0.9090909090909091,0.6150351548218895,0.3333333333333333,7.0,1.0,0.5330963548790989,1.0,9,1.0,0.5912555391457494,0.9775280898876404
1443,0.1,29,0.8620689655172413,0.9572500739552227,0.3333333333333333,0.44089691881465404,25,14,0.7857142857142857,0.37124934857463016,0.3333333333333333,5.0,1.0,0.5184868870294156,1.0,10,0.9,0.4996085330433068,0.8571428571428571
1444,0.07,29,0.9655172413793104,0.9728324987066583,0.3333333333333333,0.5606123689201609,28,13,0.9230769230769231,0.49802348056239326,0.3333333333333333,9.0,1.0,0.5874994152175637,1.0,7,1.0,0.6422798163450681,1.0
1445,0.07,26,1.0,0.9991356957649093,0.9775280898876404,0.6521199633498107,26,11,1.0,0.7088706008220718,1.0,8.0,1.0,0.627665940019433,1.0,7,1.0,0.5908878454138321,0.9775280898876404
1446,0.07,23,1.0,0.9966211908708402,0.9545454545454546,0.6107744533391483,23,11,1.0,0.5919465638790985,0.9545454545454546,3.0,1.0,0.7060416191995139,1.0,9,1.0,0.6020305962813093,1.0
1447,0.07,26,0.9615384615384616,0.9731182795698925,0.3333333333333333,0.5959692004849805,25,15,0.9333333333333333,0.6597120327721026,0.3333333333333333,7.0,1.0,0.384733801090693,1.0,4,1.0,0.7265955283482757,1.0
1448,0.07,27,1.0,0.9971217551862713,0.9545454545454546,0.6200753322191941,27,12,1.0,0.5049528471224806,0.9545454545454546,8.0,1.0,0.6822164147634899,1.0,7,1.0,0.7464097837629361,1.0
1449,0.1,31,0.8709677419354839,0.983312386538193,0.8333333333333334,0.5046777197340105,27,17,0.8235294117647058,0.5096338965180591,0.8333333333333334,4.0,1.0,0.5147140460051645,1.0,10,0.9,0.4922376886926664,0.8571428571428571
1450,0.07,26,1.0,0.9982517482517482,0.9545454545454546,0.6190668058363366,26,9,1.0,0.5876282687158599,0.9545454545454546,7.0,1.0,0.6319130455383105,1.0,10,1.0,0.6383691214533839,1.0
1451,0.1,29,0.8620689655172413,0.9620836523506157,0.3333333333333333,0.4611915689576107,25,13,0.7692307692307693,0.4499816846008094,0.3333333333333333,5.0,1.0,0.4272547311155487,0.95,11,0.9090909090909091,0.4898654494893134,0.8571428571428571
1452,0.07,26,1.0,1.0,1.0,0.5768482638251509,26,11,1.0,0.602971044324245,1.0,8.0,1.0,0.546552909809112,1.0,7,1.0,0.5704214419163329,1.0
1453,0.07,29,0.9655172413793104,0.9758991472005932,0.3333333333333333,0.5417239098681608,28,13,0.9230769230769231,0.48453890755740264,0.3333333333333333,7.0,1.0,0.5936797731089624,1.0,9,1.0,0.583914352907521,1.0
1454,0.07,22,1.0,0.9989785495403474,0.9775280898876404,0.6586767977230189,22,11,1.0,0.6440659032498609,1.0,5.0,1.0,0.7015950448506529,1.0,6,1.0,0.64969823165078,0.9775280898876404
1455,0.07,29,1.0,0.9988876529477198,0.967741935483871,0.5222345290516073,29,13,1.0,0.5060007549122751,0.967741935483871,8.0,1.0,0.4977076749741407,1.0,8,1.0,0.5731412661054889,1.0
1456,0.07,24,1.0,0.9981060606060606,0.9545454545454546,0.5976361392510658,24,11,1.0,0.600187545338883,0.9545454545454546,7.0,1.0,0.47519410987490346,1.0,6,1.0,0.7358075956955905,1.0
1457,0.07,22,1.0,0.9954461581780439,0.9545454545454546,0.6098786021788943,22,5,1.0,0.5838486180213344,0.9545454545454546,7.0,1.0,0.5974962381260871,1.0,10,1.0,0.6315612490946396,0.9775280898876404
1458,0.07,25,1.0,0.9964426877470356,0.9545454545454546,0.5773729399187235,25,14,1.0,0.5408873613659674,0.9545454545454546,6.0,1.0,0.6755578133383091,1.0,5,1.0,0.5617107117629377,1.0
1459,0.07,29,1.0,0.9976577084287274,0.9545454545454546,0.6060335588819159,29,11,1.0,0.6426119567835843,0.9545454545454546,6.0,1.0,0.5618433343049479,1.0,12,1.0,0.5945984730938704,0.9775280898876404
1460,0.07,25,1.0,0.9991011235955056,0.9775280898876404,0.6213778408246533,25,12,1.0,0.6158839922401014,1.0,7.0,1.0,0.5772666055291451,1.0,6,1.0,0.683828645838517,0.9775280898876404
1461,0.07,26,1.0,0.9953388126599909,0.9545454545454546,0.5521667630479855,26,12,1.0,0.5460345240409881,0.9545454545454546,6.0,1.0,0.45746362399999096,1.0,8,1.0,0.6323924758444773,1.0
1462,0.07,24,1.0,0.9959079901875811,0.9565217391304348,0.5545171299933447,24,11,1.0,0.5300887388602997,0.9565217391304348,5.0,1.0,0.5808719881427515,1.0,8,1.0,0.5716343814579024,0.9775280898876404
1463,0.07,30,0.9666666666666667,0.9755794387450469,0.3333333333333333,0.5789079751108316,29,14,0.9285714285714286,0.5969038654007742,0.3333333333333333,6.0,1.0,0.6293334243370606,1.0,10,1.0,0.5234584591691747,0.9775280898876404
1464,0.07,26,0.9615384615384616,0.9743589743589743,0.3333333333333333,0.5460214318589311,25,11,0.9090909090909091,0.5365523115496778,0.3333333333333333,7.0,1.0,0.5573847220356003,1.0,8,1.0,0.5490985933795689,1.0
1465,0.07,24,0.9583333333333334,0.969391953240268,0.3333333333333333,0.589802440715304,23,11,0.9090909090909091,0.5744438796656083,0.3333333333333333,3.0,1.0,0.6072354072856939,1.0,10,1.0,0.6014669678988521,0.9775280898876404
1466,0.07,23,1.0,1.0,1.0,0.6492581870627576,23,8,1.0,0.7626857515654639,1.0,7.0,1.0,0.5445616278350581,1.0,8,1.0,0.6274401118842882,1.0
1467,0.1,24,0.8333333333333334,0.9496321914800175,0.3333333333333333,0.48742332133322014,20,16,0.75,0.47053890451052127,0.3333333333333333,4.0,1.0,0.6148156530312319,1.0,4,1.0,0.42756865692600377,0.9565217391304348
1468,0.07,25,0.96,0.9720430107526882,0.3333333333333333,0.606122100960577,24,12,0.9166666666666666,0.5869552595140415,0.3333333333333333,5.0,1.0,0.5919133706886607,1.0,8,1.0,0.6437528195503275,1.0
1469,0.07,30,1.0,0.9974754558204768,0.9565217391304348,0.5386753632934879,30,16,1.0,0.5384477558567682,0.9565217391304348,9.0,1.0,0.6081073872413987,1.0,5,1.0,0.41442606398475135,1.0
1470,0.07,28,1.0,0.9988479262672811,0.967741935483871,0.5844224725832227,28,14,1.0,0.5640665500019506,0.967741935483871,6.0,1.0,0.6245928273831491,1.0,8,1.0,0.589917571000504,1.0
1471,0.07,31,1.0,0.9989594172736733,0.967741935483871,0.5740569431581148,31,14,1.0,0.5617827739024324,0.967741935483871,8.0,1.0,0.6342818500453966,1.0,9,1.0,0.5396168447671481,1.0
1472,0.07,29,1.0,0.9988876529477198,0.967741935483871,0.6136829705267935,29,15,1.0,0.6245478482873575,0.967741935483871,4.0,1.0,0.535342958246171,1.0,10,1.0,0.6287216587981967,1.0
1473,0.07,27,1.0,0.9974842053493739,0.9545454545454546,0.5831108647406372,27,14,1.0,0.621192885093118,0.9545454545454546,5.0,1.0,0.5178778997785255,1.0,8,1.0,0.5572379322251158,0.9775280898876404
1474,0.07,27,0.9629629629629629,0.9727928473246826,0.3333333333333333,0.5847578821371842,26,14,0.9285714285714286,0.5401660698895925,0.3333333333333333,4.0,1.0,0.6529493495156177,1.0,9,1.0,0.6238156045763563,0.9775280898876404
1475,0.07,25,1.0,0.9987096774193549,0.967741935483871,0.6387100741244193,25,11,1.0,0.6396503385322417,0.967741935483871,6.0,1.0,0.6370837016675092,1.0,8,1.0,0.6386369899063462,1.0
1476,0.07,29,1.0,0.9973202548285974,0.9545454545454546,0.5719976716452735,29,17,1.0,0.5585510797708522,0.9545454545454546,8.0,1.0,0.5644952814883063,1.0,4,1.0,0.6441504674254989,1.0
1477,0.07,23,1.0,1.0,1.0,0.6234708883880274,23,11,1.0,0.615488234006906,1.0,4.0,1.0,0.5662649252208942,1.0,8,1.0,0.663050019745636,1.0
1478,0.07,25,0.96,0.972434456928839,0.3333333333333333,0.5655295744034986,24,13,0.9230769230769231,0.5912132228348544,0.3333333333333333,7.0,1.0,0.44321453138710265,1.0,5,1.0,0.6699931487049283,0.9775280898876404
1479,0.1,25,0.8,0.9701909497701925,0.8043478260869565,0.4037818885614424,20,13,0.6923076923076923,0.4099414601982559,0.8043478260869565,8.0,1.0,0.4109325263866059,1.0,4,0.75,0.3694620050914721,0.8571428571428571
1480,0.07,25,1.0,0.9987096774193549,0.967741935483871,0.5553063522600464,25,14,1.0,0.5651382157284373,0.967741935483871,4.0,1.0,0.5620291413615632,1.0,7,1.0,0.5318010315509695,1.0
1481,0.07,29,1.0,0.9976577084287274,0.9545454545454546,0.5189582793144614,29,13,1.0,0.473091188809719,0.9545454545454546,6.0,1.0,0.4808577141551839,1.0,10,1.0,0.6014458360661928,0.9775280898876404
1482,0.07,28,0.9642857142857143,0.9737645313488011,0.3333333333333333,0.5638120875031412,27,11,0.9090909090909091,0.567320719970451,0.3333333333333333,9.0,1.0,0.5832328419893865,1.0,8,1.0,0.5371393690635639,0.9775280898876404
1483,0.07,23,0.9565217391304348,0.9677216090412016,0.3333333333333333,0.5310741745309435,22,12,0.9166666666666666,0.5980677061951037,0.3333333333333333,4.0,1.0,0.39352087832211874,1.0,7,1.0,0.4948300037974255,1.0
1484,0.07,29,1.0,1.0,1.0,0.6197633712159013,29,13,1.0,0.6071689720420633,1.0,9.0,1.0,0.6015499489732213,1.0,7,1.0,0.6665702268507602,1.0
1485,0.07,24,0.9583333333333334,0.9722222222222222,0.3333333333333333,0.5424029328309539,23,15,0.9333333333333333,0.4769230344049522,0.3333333333333333,4.0,1.0,0.5414725645987498,1.0,5,1.0,0.739586922694722,1.0
1486,0.07,25,0.96,0.9720430107526882,0.3333333333333333,0.5337505704409542,24,13,0.9230769230769231,0.5540244286764853,0.3333333333333333,6.0,1.0,0.38294186182997986,1.0,6,1.0,0.6406325862082775,1.0
1487,0.07,20,0.95,0.9633691581175704,0.3333333333333333,0.5860841263060124,19,11,0.9090909090909091,0.5659936779701454,0.3333333333333333,3.0,1.0,0.6044492898388928,1.0,6,1.0,0.6137340331553284,0.9775280898876404
1488,0.07,27,0.9629629629629629,0.9753086419753086,0.3333333333333333,0.5677715984673207,26,10,0.9,0.5545499043176545,0.3333333333333333,9.0,1.0,0.5269275157559785,1.0,8,1.0,0.6302483092046632,1.0
1489,0.1,24,0.7916666666666666,0.9437527977098079,0.3333333333333333,0.5100434857545934,19,12,0.6666666666666666,0.5375430955624185,0.3333333333333333,4.0,1.0,0.4607690484916641,0.95,8,0.875,0.4934312896743198,0.8571428571428571
1490,0.07,27,1.0,0.9971217551862713,0.9545454545454546,0.5500025052056599,27,9,1.0,0.5292975186551951,0.9545454545454546,11.0,1.0,0.5320726753254479,1.0,7,1.0,0.6047986491537332,1.0
1491,0.07,25,1.0,0.9982608695652173,0.9565217391304348,0.5662194307817592,25,13,1.0,0.5164047762179782,0.9565217391304348,4.0,1.0,0.5456267846740093,1.0,8,1.0,0.6574645675017784,1.0
1492,0.07,26,1.0,0.9983277591973244,0.9565217391304348,0.5823163264044102,26,10,1.0,0.5955726410911926,0.9565217391304348,8.0,1.0,0.46979664760925716,1.0,8,1.0,0.6782656118410852,1.0
1493,0.1,28,0.8571428571428571,0.9803051370093696,0.8043478260869565,0.4220699263566094,24,15,0.8,0.38949465217539636,0.8043478260869565,6.0,1.0,0.39689915209608095,0.9948453608247423,7,0.8571428571428571,0.5134490346825188,0.8571428571428571
1494,0.07,29,1.0,0.9973884025729071,0.9565217391304348,0.6297615504238256,29,14,1.0,0.5827407232518149,0.9565217391304348,6.0,1.0,0.6384767603909097,1.0,9,1.0,0.6970949193800083,1.0
1495,0.1,22,0.8181818181818182,0.9723244263917477,0.8043478260869565,0.44724825475827834,18,12,0.75,0.45852504908684977,0.8043478260869565,3.0,1.0,0.45977502653558994,1.0,7,0.8571428571428571,0.4225479908618793,0.8571428571428571
1496,0.07,27,1.0,0.9963626579445164,0.9565217391304348,0.6151310476078402,27,14,1.0,0.5912276475424021,0.9565217391304348,6.0,1.0,0.6283515297354926,1.0,7,1.0,0.6516060059150145,0.9775280898876404
1497,0.07,30,1.0,0.9984848484848484,0.9545454545454546,0.6163376772920919,30,13,1.0,0.6175285169936754,0.9545454545454546,6.0,1.0,0.5747098952527979,1.0,11,1.0,0.6376363842116536,1.0
1498,0.1,27,0.8888888888888888,0.9820120661635389,0.8043478260869565,0.47776952643046405,24,14,0.8571428571428571,0.5620686319664816,0.8043478260869565,4.0,1.0,0.3349564262908772,1.0,9,0.8888888888888888,0.4101100734364755,0.8571428571428571
1499,0.07,22,1.0,0.9980237154150197,0.9565217391304348,0.5365266730490035,22,11,1.0,0.5068100007098775,0.9565217391304348,6.0,1.0,0.5111158765363917,1.0,5,1.0,0.6323963080102151,1.0
1500,0.07,27,1.0,0.9991677070328756,0.9775280898876404,0.5678674904719523,27,11,1.0,0.6351330098736278,1.0,8.0,1.0,0.48154146301961775,1.0,8,1.0,0.5617034287469829,0.9775280898876404
1501,0.07,24,1.0,1.0,1.0,0.5908037054040173,24,11,1.0,0.5481509719163496,1.0,6.0,1.0,0.613392561593357,1.0,7,1.0,0.6384675527223462,1.0
1502,0.07,27,1.0,1.0,1.0,0.6419787994426057,27,17,1.0,0.6749922689975523,1.0,4.0,1.0,0.5772150247069434,1.0,6,1.0,0.5916164855273651,1.0
1503,0.1,21,0.8095238095238095,0.9702267878614167,0.8043478260869565,0.4336614157860266,17,13,0.7692307692307693,0.4949931809026889,0.8043478260869565,4.0,1.0,0.32873424416649366,0.9948453608247423,4,0.75,0.33926035077640726,0.8571428571428571
1504,0.07,24,0.9583333333333334,0.9704106280193235,0.3333333333333333,0.5099707882825322,23,11,0.9090909090909091,0.49936553980734755,0.3333333333333333,6.0,1.0,0.46643058121178244,1.0,7,1.0,0.5639563562327505,1.0
1505,0.07,23,0.9565217391304348,0.9710144927536232,0.3333333333333333,0.555838859935123,22,13,0.9230769230769231,0.5609919602930475,0.3333333333333333,6.0,1.0,0.5804301050721757,1.0,4,1.0,0.5022044160662898,1.0
1506,0.07,28,0.9642857142857143,0.9761904761904762,0.3333333333333333,0.6422526525993991,27,15,0.9333333333333333,0.584892901832691,0.3333333333333333,5.0,1.0,0.6628078410102837,1.0,8,1.0,0.7369551925301736,1.0
1507,0.1,25,0.84,0.9541499220934452,0.3333333333333333,0.48193743049774385,21,14,0.7857142857142857,0.5199867342148935,0.3333333333333333,5.0,1.0,0.48354653110798285,0.9948453608247423,6,0.8333333333333334,0.39181480464919555,0.8571428571428571
1508,0.1,27,0.8518518518518519,0.9536673362113942,0.3333333333333333,0.49772088040596063,23,10,0.7,0.5684844479474715,0.3333333333333333,7.0,1.0,0.46710503911949885,0.95,10,0.9,0.448388401764973,0.8571428571428571
1509,0.1,27,0.8148148148148148,0.9482717655984322,0.3333333333333333,0.5023945614715092,22,13,0.6153846153846154,0.41854752722101496,0.3333333333333333,6.0,1.0,0.6005493817798936,0.95,8,1.0,0.5650298768972738,0.9775280898876404
1510,0.07,27,1.0,0.9983164983164983,0.9545454545454546,0.5255367447233227,27,12,1.0,0.5229203020141605,0.9545454545454546,5.0,1.0,0.4920910572288152,1.0,10,1.0,0.5453993197215711,1.0
1511,0.07,26,1.0,0.9982517482517482,0.9545454545454546,0.5825294916115205,26,14,1.0,0.5469997806779345,0.9545454545454546,5.0,1.0,0.5480135264444657,1.0,7,1.0,0.6782431743123029,1.0
1512,0.07,22,1.0,0.996912433837868,0.9545454545454546,0.5963473124909583,22,11,1.0,0.5530494232218672,0.9545454545454546,5.0,1.0,0.6275872654282578,1.0,6,1.0,0.6496934820365423,0.9775280898876404
1513,0.07,21,1.0,0.9952293085674746,0.9545454545454546,0.4990547326957898,21,9,1.0,0.49708336418740107,0.9545454545454546,5.0,1.0,0.5018883486750015,1.0,7,1.0,0.4995653379357101,0.9775280898876404
1514,0.1,28,0.8571428571428571,0.9615976540161724,0.3333333333333333,0.44283338031233166,24,16,0.75,0.3875812675822873,0.3333333333333333,5.0,1.0,0.4776051531102669,0.9948453608247423,7,1.0,0.5442869431253363,1.0
1515,0.07,22,1.0,0.998533724340176,0.967741935483871,0.6112128663079583,22,8,1.0,0.6425910972411828,0.967741935483871,8.0,1.0,0.6012698606670053,1.0,6,1.0,0.5826325659182638,1.0
1516,0.07,29,1.0,0.9988876529477198,0.967741935483871,0.6437910079129819,29,15,1.0,0.5953270215108699,0.967741935483871,3.0,1.0,0.8503843726070853,1.0,11,1.0,0.6535346171811068,1.0
1517,0.07,31,0.967741935483871,0.9777697233297088,0.3333333333333333,0.5946299063663578,30,15,0.9333333333333333,0.5851369306941471,0.3333333333333333,7.0,1.0,0.569340746469242,1.0,9,1.0,0.6301208790733549,0.9775280898876404
1518,0.1,22,0.8636363636363636,0.9818508067866284,0.8571428571428571,0.5291853447764464,19,12,0.8333333333333334,0.5666525088689746,0.8636363636363636,3.0,1.0,0.5295381349048379,0.9948453608247423,7,0.8571428571428571,0.46480472484851576,0.8571428571428571
1519,0.1,28,0.8214285714285714,0.9527074850453582,0.3333333333333333,0.5052519483485287,23,18,0.7222222222222222,0.4832433357747175,0.3333333333333333,5.0,1.0,0.4805738032422714,0.95,5,1.0,0.6091610987205069,1.0
1520,0.07,27,1.0,0.9979729639026487,0.967741935483871,0.6469430017551328,27,14,1.0,0.6543136891027617,0.967741935483871,3.0,1.0,0.6798065555047845,1.0,10,1.0,0.6267649733435569,0.9775280898876404
1521,0.1,29,0.8275862068965517,0.9574960143438791,0.3333333333333333,0.4920651465640585,24,15,0.7333333333333333,0.4897878984677833,0.3333333333333333,5.0,1.0,0.5694488069073805,0.9948453608247423,9,0.8888888888888888,0.45286963764489385,0.8571428571428571
1522,0.1,26,0.8461538461538461,0.9550483096762792,0.3333333333333333,0.4592191305879216,22,16,0.75,0.4715893537569491,0.3333333333333333,5.0,1.0,0.4077406665247759,0.9948453608247423,5,1.0,0.47111288051017947,0.9565217391304348
1523,0.07,27,1.0,0.9991677070328756,0.9775280898876404,0.5713027507434577,27,13,1.0,0.5829305669950311,1.0,6.0,1.0,0.4999719528437865,1.0,8,1.0,0.6059056477594043,0.9775280898876404
1524,0.07,25,0.96,0.9706162751106572,0.3333333333333333,0.5959962646245519,24,9,0.8888888888888888,0.5399520742209301,0.3333333333333333,6.0,1.0,0.5532653039355905,1.0,10,1.0,0.6720746124011884,0.9775280898876404
1525,0.07,27,1.0,0.9983164983164983,0.9545454545454546,0.5877676997444147,27,13,1.0,0.5413611323466948,0.9545454545454546,6.0,1.0,0.5675201292830309,1.0,8,1.0,0.6783640496117471,1.0
1526,0.07,26,1.0,0.9991356957649093,0.9775280898876404,0.5898721733212597,26,13,1.0,0.6470569478712848,1.0,8.0,1.0,0.5313859874016807,1.0,5,1.0,0.5347696569625213,0.9775280898876404
1527,0.07,27,0.9629629629629629,0.9741138988450816,0.3333333333333333,0.5195778550235807,26,13,0.9230769230769231,0.4927691634181601,0.3333333333333333,8.0,1.0,0.5672655543511174,1.0,6,1.0,0.5140797543986099,1.0
1528,0.07,27,0.9629629629629629,0.9741138988450816,0.3333333333333333,0.5666402146726613,26,14,0.9285714285714286,0.5372045216274456,0.3333333333333333,2.0,1.0,0.559663364121179,1.0,11,1.0,0.6053723422850237,1.0
1529,0.07,24,1.0,0.9990636704119851,0.9775280898876404,0.5295498544608425,24,10,1.0,0.5041294917007498,1.0,8.0,1.0,0.6346941567003931,1.0,6,1.0,0.43172472274159607,0.9775280898876404
1530,0.07,28,1.0,1.0,1.0,0.5664772012644982,28,12,1.0,0.5843531462294812,1.0,6.0,1.0,0.550801954060276,1.0,10,1.0,0.5544312156290522,1.0
1531,0.07,28,1.0,0.9983766233766234,0.9545454545454546,0.5430327218559664,28,14,1.0,0.5338411517997946,0.9545454545454546,5.0,1.0,0.5954955523573039,1.0,9,1.0,0.5281847027759349,1.0
1532,0.1,28,0.8571428571428571,0.9620143767415036,0.3333333333333333,0.4838150799540216,24,13,0.6923076923076923,0.4951292951512111,0.3333333333333333,8.0,1.0,0.4212617715615078,1.0,7,1.0,0.5342924613221142,0.9775280898876404
1533,0.07,24,1.0,0.9981060606060606,0.9545454545454546,0.5813658719978733,24,12,1.0,0.5806784338076011,0.9545454545454546,7.0,1.0,0.5944806923417316,1.0,5,1.0,0.5646549751731242,1.0
1534,0.07,26,1.0,0.9991356957649093,0.9775280898876404,0.5718580226656979,26,11,1.0,0.5615000945073026,1.0,7.0,1.0,0.5797321175734537,1.0,8,1.0,0.5792103408392051,0.9775280898876404
1535,0.07,26,1.0,0.9970870644082426,0.9565217391304348,0.6165113767757012,26,13,1.0,0.6137938379923633,0.9565217391304348,5.0,1.0,0.5787762453346543,1.0,8,1.0,0.6445118344492793,1.0
1536,0.07,25,0.96,0.9724344569288388,0.3333333333333333,0.5431424091313617,24,11,0.9090909090909091,0.5632448474419826,0.3333333333333333,7.0,1.0,0.5160806411042548,1.0,7,1.0,0.5386146312417788,0.9775280898876404
1537,0.07,25,1.0,0.994253488761896,0.9545454545454546,0.5119610127151748,25,11,1.0,0.49887975927819744,0.9545454545454546,4.0,1.0,0.4383329088009091,1.0,10,1.0,0.555801633061556,0.9775280898876404
1538,0.07,28,1.0,0.998447204968944,0.9565217391304348,0.5958112361380078,28,12,1.0,0.600295935474826,0.9565217391304348,6.0,1.0,0.5533165547421238,1.0,10,1.0,0.6159264057713564,1.0
1539,0.07,25,1.0,0.9973619931607228,0.9565217391304348,0.6339565592469949,25,8,1.0,0.656431092391903,0.9565217391304348,9.0,1.0,0.7119234995780283,1.0,8,1.0,0.523769218229674,0.9775280898876404
1540,0.03,29,1.0,1.0,1.0,0.8424186308539348,29,15,1.0,0.811559519128736,1.0,6.0,1.0,0.8199466311498463,1.0,8,1.0,0.9171334651167485,1.0
1541,0.1,29,0.8620689655172413,0.9629867722192527,0.3333333333333333,0.48315205056338734,25,20,0.8,0.4192201783704316,0.3333333333333333,4.0,1.0,0.7662517937330808,1.0,5,1.0,0.5123997447994555,1.0
1542,0.07,28,1.0,0.9991974317817015,0.9775280898876404,0.6017524571678919,28,13,1.0,0.640375572827555,1.0,6.0,1.0,0.5959908053079026,1.0,9,1.0,0.5498046135661491,0.9775280898876404
1543,0.07,30,1.0,0.9989247311827957,0.967741935483871,0.5952093885541891,30,12,1.0,0.6555636902507045,0.967741935483871,8.0,1.0,0.5989419281884726,1.0,10,1.0,0.5197981948109444,1.0
1544,0.07,27,0.9629629629629629,0.973625140291807,0.3333333333333333,0.5447016956144929,26,11,0.9090909090909091,0.5132298436007343,0.3333333333333333,8.0,1.0,0.5519390634009709,1.0,8,1.0,0.580738124346933,1.0
1545,0.07,22,0.9545454545454546,0.968675519237317,0.3333333333333333,0.6147163119082996,21,6,0.8333333333333334,0.477211741130848,0.3333333333333333,5.0,1.0,0.7669965702661788,1.0,11,1.0,0.6205005058060552,0.9775280898876404
1546,0.07,29,1.0,0.9973202548285974,0.9545454545454546,0.5892259963639461,29,15,1.0,0.5342048166723393,0.9545454545454546,6.0,1.0,0.7447685423580553,1.0,8,1.0,0.5757337987901273,1.0
1547,0.07,29,0.9655172413793104,0.9762366008007232,0.3333333333333333,0.580837506766577,28,11,0.9090909090909091,0.6026140128438077,0.3333333333333333,6.0,1.0,0.5973972115843521,1.0,12,1.0,0.5525958571202282,0.9775280898876404
1548,0.07,31,1.0,1.0,1.0,0.5689726830593856,31,12,1.0,0.5138297428514971,1.0,10.0,1.0,0.6069062997712711,1.0,9,1.0,0.6003481403233644,1.0
1549,0.07,30,1.0,0.9952112406349134,0.9545454545454546,0.6274816701971909,30,16,1.0,0.6662795093662292,0.9545454545454546,6.0,1.0,0.4827196085258863,1.0,8,1.0,0.658457538112593,0.9775280898876404
1550,0.07,25,1.0,0.9951523651663904,0.9545454545454546,0.5889650134186869,25,11,1.0,0.5616930648675474,0.9545454545454546,7.0,1.0,0.5309150360628767,1.0,7,1.0,0.6898709099262872,1.0
1551,0.07,31,0.967741935483871,0.9777697233297088,0.3333333333333333,0.573517614556719,30,15,0.9333333333333333,0.6057497209421443,0.3333333333333333,7.0,1.0,0.44300659545199245,1.0,9,1.0,0.6213060076624642,0.9775280898876404
1552,0.07,30,0.9666666666666667,0.9767025089605734,0.3333333333333333,0.570230356603986,29,18,0.9444444444444444,0.5545731066806145,0.3333333333333333,4.0,1.0,0.48174235947751926,1.0,8,1.0,0.6497031674948054,1.0
1553,0.07,27,0.9629629629629629,0.9727928473246825,0.3333333333333333,0.5541998581549249,26,12,0.9166666666666666,0.451605890714832,0.3333333333333333,7.0,1.0,0.5608421266548589,1.0,8,1.0,0.7022788243776221,0.9775280898876404
1554,0.07,25,1.0,0.997361993160723,0.9565217391304348,0.5837800584716725,25,11,1.0,0.5992402575812252,0.9565217391304348,9.0,1.0,0.4928012355468516,1.0,5,1.0,0.7135295016953341,0.9775280898876404
1555,0.07,29,1.0,1.0,1.0,0.6178798935467801,29,15,1.0,0.6327098407607473,1.0,6.0,1.0,0.5512314493214725,1.0,8,1.0,0.640060075689572,1.0
1556,0.07,24,0.9583333333333334,0.9708781362007168,0.3333333333333333,0.5969626134053053,23,11,0.9090909090909091,0.5811186620872899,0.3333333333333333,7.0,1.0,0.5323334160286207,1.0,6,1.0,0.7014105877611322,1.0
1557,0.07,25,1.0,1.0,1.0,0.5588671995499749,25,11,1.0,0.5392397651676275,1.0,9.0,1.0,0.6076745067821842,1.0,5,1.0,0.5141944021731623,1.0
1558,0.07,24,1.0,0.9967619745845552,0.9545454545454546,0.6619663380610894,24,14,1.0,0.689445632971369,0.9545454545454546,4.0,1.0,0.7389028287008272,1.0,6,1.0,0.5465569895106117,1.0
1559,0.07,24,0.9583333333333334,0.9722222222222222,0.3333333333333333,0.6041780233438384,23,11,0.9090909090909091,0.5971880329447583,0.3333333333333333,5.0,1.0,0.5266901333416166,1.0,8,1.0,0.6622191913939623,1.0
1560,0.1,24,0.7916666666666666,0.9488557939644897,0.3333333333333333,0.39140988081845934,19,13,0.6923076923076923,0.46862419042436054,0.3333333333333333,3.0,1.0,0.21862021719779778,1.0,8,0.875,0.33073275156661786,0.8571428571428571
1561,0.07,27,0.9629629629629629,0.9744763490081841,0.3333333333333333,0.6008758440589168,26,13,0.9230769230769231,0.6588709444395477,0.3333333333333333,5.0,1.0,0.4881081735980679,1.0,9,1.0,0.5797538493206992,0.9775280898876404
1562,0.07,23,1.0,0.9976204358857178,0.967741935483871,0.6095482363588417,23,9,1.0,0.6739719958613655,0.967741935483871,5.0,1.0,0.39928160629482395,1.0,9,1.0,0.661939271336328,0.9775280898876404
1563,0.1,28,0.8571428571428571,0.9573609878734103,0.3333333333333333,0.46270611069110024,24,14,0.7142857142857143,0.38333684694699055,0.3333333333333333,2.0,1.0,0.7323836448176237,0.95,12,1.0,0.5103573293714746,0.9565217391304348
1564,0.07,30,1.0,0.9978016609672692,0.9565217391304348,0.6429819056787206,30,13,1.0,0.6225974299985548,0.9565217391304348,4.0,1.0,0.7192110092374988,1.0,13,1.0,0.6399112725715699,0.9775280898876404
1565,0.07,28,1.0,0.9976446367506454,0.9565217391304348,0.5903828684133448,28,13,1.0,0.5761015368520879,0.9565217391304348,7.0,1.0,0.6628833993949554,1.0,8,1.0,0.550152067591478,0.9775280898876404
1566,0.07,30,1.0,0.9984848484848484,0.9545454545454546,0.5573299890620579,30,11,1.0,0.6286212002326652,0.9545454545454546,11.0,1.0,0.4685513031017947,1.0,8,1.0,0.5813752668978347,1.0
1567,0.07,27,1.0,0.998389694041868,0.9565217391304348,0.5654889222428869,27,9,1.0,0.5883902988317713,0.9565217391304348,9.0,1.0,0.5350678577918218,1.0,9,1.0,0.5730086101050681,1.0
1568,0.1,26,0.8846153846153846,0.9796143233727277,0.8043478260869565,0.47502596536715436,23,16,0.875,0.5069618216838454,0.8043478260869565,7.0,1.0,0.40546569321659526,0.9948453608247423,3,0.6666666666666666,0.46700870002943934,0.8571428571428571
1569,0.07,21,0.9523809523809523,0.9667178699436764,0.3333333333333333,0.5592219639934314,20,12,0.9166666666666666,0.5278517537264259,0.3333333333333333,5.0,1.0,0.49124703525890484,1.0,4,1.0,0.7383012557126065,1.0
1570,0.07,26,1.0,0.9965795074490728,0.9545454545454546,0.5845486045681983,26,11,1.0,0.609225880182927,0.9545454545454546,8.0,1.0,0.5271726674797891,1.0,7,1.0,0.6113425281318067,1.0
1571,0.07,25,1.0,0.996891495601173,0.9545454545454546,0.48353704262078673,25,13,1.0,0.5097092796056311,0.9545454545454546,7.0,1.0,0.43120886676127285,1.0,5,1.0,0.4887486726635106,1.0
1572,0.07,29,0.9655172413793104,0.9758991472005932,0.3333333333333333,0.5683751710806438,28,12,0.9166666666666666,0.6111815003493452,0.3333333333333333,8.0,1.0,0.5310009199871648,1.0,9,1.0,0.5445216219165789,1.0
1573,0.07,23,1.0,0.9947308317025982,0.9545454545454546,0.6035390804231128,23,14,1.0,0.5608920516305819,0.9545454545454546,5.0,1.0,0.7279727450225997,1.0,4,1.0,0.5972616004476117,1.0
1574,0.07,26,1.0,0.9961467492275756,0.9545454545454546,0.5760235919166752,26,12,1.0,0.5322895321860898,0.9545454545454546,7.0,1.0,0.5537352096425058,1.0,7,1.0,0.6732846480147058,0.9775280898876404
1575,0.1,27,0.8148148148148148,0.9513183605805111,0.3333333333333333,0.48587143039692965,22,13,0.6153846153846154,0.42746859010157967,0.3333333333333333,5.0,1.0,0.5484094171077448,0.9948453608247423,9,1.0,0.5354877626508714,0.9775280898876404
1576,0.07,28,0.9642857142857143,0.9734856074267013,0.3333333333333333,0.5445309792264997,27,12,0.9166666666666666,0.4911306164896197,0.3333333333333333,6.0,1.0,0.6304201413785017,1.0,10,1.0,0.5570779172195546,1.0
1577,0.07,30,0.9666666666666667,0.9777777777777777,0.3333333333333333,0.5125475876846508,29,12,0.9166666666666666,0.4482182162318316,0.3333333333333333,9.0,1.0,0.45140592905864957,1.0,9,1.0,0.6594617415810776,1.0
1578,0.07,29,1.0,0.9988876529477198,0.967741935483871,0.5894219839488244,29,14,1.0,0.6180794770755101,0.967741935483871,8.0,1.0,0.45385196124449223,1.0,7,1.0,0.6870441665004041,1.0
1579,0.07,27,1.0,1.0,1.0,0.649732238140872,27,11,1.0,0.6535971881352877,1.0,6.0,1.0,0.7398854955517997,1.0,10,1.0,0.5913888387004581,1.0
1580,0.07,28,0.9642857142857143,0.9750384024577573,0.3333333333333333,0.5221166232236983,27,16,0.9375,0.5205100538323537,0.3333333333333333,8.0,1.0,0.4934527270404093,1.0,4,1.0,0.585870693155655,1.0
1581,0.07,25,1.0,0.9959926191966787,0.9545454545454546,0.593825625633562,25,13,1.0,0.5999939475348396,0.9545454545454546,2.0,1.0,0.54641652613828,1.0,10,1.0,0.5952886270609579,0.9775280898876404
1582,0.07,25,1.0,0.9982608695652173,0.9565217391304348,0.5705649836970642,25,8,1.0,0.6342008965712436,0.9565217391304348,8.0,1.0,0.523167851878254,1.0,9,1.0,0.5561305116478472,1.0
1583,0.07,21,1.0,0.996299399525206,0.9545454545454546,0.6830035992915601,21,10,1.0,0.6688369552040163,0.9545454545454546,4.0,1.0,0.661900009479323,1.0,7,1.0,0.7153008564521863,1.0
1584,0.07,22,1.0,1.0,1.0,0.5634816391570941,22,13,1.0,0.6213467813359095,1.0,5.0,1.0,0.39997095270939675,1.0,4,1.0,0.5798082851355657,1.0
1585,0.07,28,1.0,0.9976446367506455,0.9565217391304348,0.5665219310423829,28,12,1.0,0.5847335403565321,0.9565217391304348,6.0,1.0,0.4867353668024466,1.0,10,1.0,0.5925399384093656,0.9775280898876404
1586,0.1,28,0.8928571428571429,0.9683533207097271,0.3333333333333333,0.4305233647257875,25,11,0.8181818181818182,0.45485695737075194,0.3333333333333333,8.0,1.0,0.4198836836602877,0.9948453608247423,9,0.8888888888888888,0.4102398013290531,0.8571428571428571
1587,0.07,27,1.0,0.9955114492281392,0.9545454545454546,0.5823049588929853,27,13,1.0,0.5739489590640231,0.9545454545454546,8.0,1.0,0.5801641108510027,1.0,6,1.0,0.6032640892450466,1.0
1588,0.07,29,0.9655172413793104,0.9758991472005932,0.3333333333333333,0.548708975172416,28,13,0.9230769230769231,0.5079736898181761,0.3333333333333333,5.0,1.0,0.5498038668934159,1.0,11,1.0,0.5963529979906086,1.0
1589,0.1,21,0.8571428571428571,0.9784074103949879,0.8043478260869565,0.4680258167190436,18,11,0.7272727272727273,0.46614027609123543,0.8043478260869565,6.0,1.0,0.39677452526839235,1.0,4,1.0,0.5800879906214934,1.0
1590,0.1,28,0.8571428571428571,0.9804892312656289,0.8043478260869565,0.4824437693326164,24,15,0.8,0.46903296941106193,0.8043478260869565,7.0,1.0,0.42626583770104304,1.0,6,0.8333333333333334,0.5815116893733379,0.8571428571428571
1591,0.07,27,1.0,0.9988052568697731,0.967741935483871,0.6012122068567434,27,17,1.0,0.6307763381857954,0.967741935483871,4.0,1.0,0.4516915426628428,1.0,6,1.0,0.6171276108870295,1.0
1592,0.1,27,0.8888888888888888,0.9824121128468954,0.8043478260869565,0.47581304060984053,24,13,0.8461538461538461,0.4376895402438536,0.8043478260869565,7.0,1.0,0.4629165968692811,1.0,7,0.8571428571428571,0.5595102707443756,0.8571428571428571
1593,0.07,25,0.96,0.9720430107526882,0.3333333333333333,0.5285169881323699,24,16,0.9375,0.5466469464119362,0.3333333333333333,5.0,1.0,0.4200896413684241,1.0,4,1.0,0.5915313384690366,1.0
1594,0.07,23,1.0,0.9990229604298975,0.9775280898876404,0.5953980615546545,23,9,1.0,0.6104940385293585,1.0,7.0,1.0,0.6569554433858592,1.0,7,1.0,0.5144315664702593,0.9775280898876404
1595,0.07,26,1.0,1.0,1.0,0.580545564489136,26,14,1.0,0.5946980216300142,1.0,5.0,1.0,0.600064707045887,1.0,7,1.0,0.538298405523986,1.0
1596,0.07,29,0.9655172413793104,0.9758991472005932,0.3333333333333333,0.5577378775078203,28,15,0.9333333333333333,0.5559929954015181,0.3333333333333333,6.0,1.0,0.5414426696664787,1.0,8,1.0,0.5732309373381431,1.0
1597,0.07,27,0.9629629629629629,0.9753086419753086,0.3333333333333333,0.5799335405499744,26,17,0.9411764705882353,0.5793515701369346,0.3333333333333333,5.0,1.0,0.4818974786821066,1.0,5,1.0,0.6799483018221778,1.0
1598,0.07,30,1.0,0.9992509363295881,0.9775280898876404,0.6288026123659255,30,13,1.0,0.6138300280640933,1.0,8.0,1.0,0.6331800774649436,1.0,9,1.0,0.646538598491667,0.9775280898876404
1599,0.07,27,1.0,0.9974842053493739,0.9545454545454546,0.5849258086333032,27,13,1.0,0.5828341788215232,0.9545454545454546,6.0,1.0,0.6430751907302346,1.0,8,1.0,0.5447126705047476,0.9775280898876404
1600,0.07,25,1.0,0.9973619931607228,0.9565217391304348,0.6423725016193998,25,9,1.0,0.5818645832079457,0.9565217391304348,7.0,1.0,0.7259925521707373,1.0,9,1.0,0.6378426029353695,0.9775280898876404
1601,0.07,30,0.9666666666666667,0.9767025089605734,0.3333333333333333,0.5807543119303652,29,16,0.9375,0.5743485240440463,0.3333333333333333,6.0,1.0,0.6256707812012371,1.0,8,1.0,0.5598785357498492,1.0
1602,0.07,26,1.0,0.9987593052109182,0.967741935483871,0.6510880125751738,26,9,1.0,0.6954833585152966,0.967741935483871,9.0,1.0,0.607610132216147,1.0,8,1.0,0.6500558637964405,1.0
1603,0.07,28,1.0,0.9972951312362252,0.9565217391304348,0.6015968923881124,28,15,1.0,0.621658489613446,0.9565217391304348,4.0,1.0,0.6406570108107978,1.0,9,1.0,0.5508008443802523,1.0
1604,0.1,28,0.8571428571428571,0.9602289532413756,0.3333333333333333,0.47126093484179504,24,16,0.75,0.5140121414465506,0.3333333333333333,5.0,1.0,0.36414440515374313,1.0,7,1.0,0.4500556980938191,0.9565217391304348
1605,0.07,31,0.967741935483871,0.9738603403993786,0.3333333333333333,0.5433778089325325,30,16,0.9375,0.5195090696049839,0.3333333333333333,11.0,1.0,0.5650192492843847,1.0,4,1.0,0.5793388052751333,0.9775280898876404
1606,0.07,28,0.9642857142857143,0.9746376811594202,0.3333333333333333,0.600558580213719,27,13,0.9230769230769231,0.6245551786418286,0.3333333333333333,7.0,1.0,0.5811598186759781,1.0,8,1.0,0.5785380241135638,1.0
1607,0.07,27,0.9629629629629629,0.9736983360171765,0.3333333333333333,0.5578093971848875,26,15,0.9333333333333333,0.5544752173161107,0.3333333333333333,6.0,1.0,0.5327201046537241,1.0,6,1.0,0.5912341393879932,1.0
1608,0.07,22,1.0,0.9949361492528879,0.9545454545454546,0.5531880862435853,22,13,1.0,0.5750464985242043,0.9545454545454546,3.0,1.0,0.447855043315166,1.0,6,1.0,0.558494714433121,0.9775280898876404
1609,0.07,28,0.9642857142857143,0.9745670995670996,0.3333333333333333,0.5844045574817498,27,11,0.9090909090909091,0.5340964881199521,0.3333333333333333,8.0,1.0,0.6084687979607871,1.0,9,1.0,0.624501761831469,1.0
1610,0.07,26,1.0,0.9987593052109182,0.967741935483871,0.6404225745632566,26,10,1.0,0.6309963850350235,0.967741935483871,8.0,1.0,0.652433260385931,1.0,8,1.0,0.6401946256508732,1.0
1611,0.07,26,1.0,0.9973874440166575,0.9545454545454546,0.6053443635963942,26,16,1.0,0.6195974293761948,0.9545454545454546,4.0,1.0,0.4236306893134645,1.0,6,1.0,0.6884786377055457,0.9775280898876404
1612,0.07,23,0.9565217391304348,0.9696119682094436,0.3333333333333333,0.5789256807560879,22,12,0.9166666666666666,0.5636588769020517,0.3333333333333333,7.0,1.0,0.5884774012633003,1.0,4,1.0,0.6080105814305742,1.0
1613,0.07,27,1.0,1.0,1.0,0.5634614433550224,27,13,1.0,0.5471744650127619,1.0,7.0,1.0,0.5791829862158524,1.0,7,1.0,0.5779871459869613,1.0
1614,0.07,27,1.0,0.9988052568697731,0.967741935483871,0.5658803854696632,27,17,1.0,0.5821729561428091,0.967741935483871,3.0,1.0,0.503733751289675,1.0,7,1.0,0.5529469856263042,1.0
1615,0.07,27,0.9629629629629629,0.9732816058779572,0.3333333333333333,0.5396301994714997,26,14,0.9285714285714286,0.5287380211550748,0.3333333333333333,6.0,1.0,0.5282188063643911,1.0,7,1.0,0.5711957501961569,0.9775280898876404
1616,0.07,27,0.9629629629629629,0.9753086419753086,0.3333333333333333,0.5945606012119447,26,15,0.9333333333333333,0.5492083895578067,0.3333333333333333,4.0,1.0,0.5952328208980633,1.0,8,1.0,0.6792598882203941,1.0
1617,0.07,29,0.9655172413793104,0.974669202681601,0.3333333333333333,0.576995275421583,28,12,0.9166666666666666,0.5370723951716269,0.3333333333333333,7.0,1.0,0.6822336241824027,1.0,10,1.0,0.5512358875889565,0.9775280898876404
1618,0.1,28,0.8571428571428571,0.9621144900648005,0.3333333333333333,0.4280758824642526,24,13,0.7692307692307693,0.47016340942070334,0.3333333333333333,8.0,1.0,0.3408271548976715,1.0,7,0.8571428571428571,0.4496261639069367,0.8571428571428571
1619,0.03,28,1.0,1.0,1.0,0.8890385877611908,28,14,1.0,0.9017120451336008,1.0,7.0,1.0,0.8324390071536266,1.0,7,1.0,0.9202912536239348,1.0
1620,0.03,26,1.0,1.0,1.0,0.8854924932494023,26,11,1.0,0.9260492960532712,1.0,6.0,1.0,0.876573796080146,1.0,9,1.0,0.841868865713066,1.0
1621,0.07,31,0.967741935483871,0.9738603403993785,0.3333333333333333,0.5272752005724957,30,16,0.9375,0.5022275423453181,0.3333333333333333,6.0,1.0,0.5482232386036957,1.0,9,1.0,0.5578390120666777,0.9775280898876404
1622,0.07,29,1.0,0.9984326018808777,0.9545454545454546,0.5612123329721208,29,16,1.0,0.5239381916718681,0.9545454545454546,8.0,1.0,0.5339549611970809,1.0,5,1.0,0.7241013799729937,1.0
1623,0.07,26,1.0,0.9961467492275756,0.9545454545454546,0.5358114343307087,26,7,1.0,0.4755027159292004,0.9545454545454546,9.0,1.0,0.5308768501373442,1.0,10,1.0,0.5824686629857925,0.9775280898876404
1624,0.07,21,1.0,0.9978354978354977,0.9545454545454546,0.6133659279164648,21,8,1.0,0.617277810786671,0.9545454545454546,6.0,1.0,0.5819103222951271,1.0,7,1.0,0.6358571523116616,1.0
1625,0.07,29,0.9655172413793104,0.9751242537484429,0.3333333333333333,0.5629707620079467,28,16,0.9375,0.5783964782526052,0.3333333333333333,6.0,1.0,0.5319462723510279,1.0,7,1.0,0.5543044017260863,0.9775280898876404
1626,0.07,25,1.0,0.997361993160723,0.9565217391304348,0.6104565111852237,25,12,1.0,0.588164371744335,0.9565217391304348,5.0,1.0,0.7361442280308428,1.0,8,1.0,0.5653398973180449,0.9775280898876404
1627,0.07,26,1.0,0.9991356957649093,0.9775280898876404,0.606623977257524,26,10,1.0,0.6061624471029207,1.0,8.0,1.0,0.6219797289456326,1.0,8,1.0,0.5918451382626697,0.9775280898876404
1628,0.07,27,1.0,0.9971949509116409,0.9565217391304348,0.5839033031712277,27,13,1.0,0.5861136121054424,0.9565217391304348,7.0,1.0,0.6107445781513556,1.0,7,1.0,0.5529571687418439,1.0
1629,0.07,26,1.0,0.9974634549622335,0.9565217391304348,0.6076741267452743,26,14,1.0,0.5590078142285566,0.9565217391304348,6.0,1.0,0.6877331972457993,1.0,6,1.0,0.6411697854504241,0.9775280898876404
1630,0.07,30,1.0,0.9966605159972323,0.9545454545454546,0.5182806904314107,30,13,1.0,0.5558052327699877,0.9545454545454546,7.0,1.0,0.4406584363207924,1.0,10,1.0,0.5238343632686935,0.9775280898876404
1631,0.07,26,1.0,0.9982517482517482,0.9545454545454546,0.6090297572398656,26,12,1.0,0.6515814763469083,0.9545454545454546,8.0,1.0,0.590758270321355,1.0,6,1.0,0.5482883015837946,1.0
1632,0.07,30,1.0,0.9978016609672691,0.9565217391304348,0.5744883147668849,30,12,1.0,0.598383552630522,0.9565217391304348,9.0,1.0,0.5437597515790531,1.0,9,1.0,0.573356560803201,0.9775280898876404
1633,0.07,33,1.0,0.9986824769433466,0.9565217391304348,0.5801578951642079,33,14,1.0,0.5686278230754894,0.9565217391304348,11.0,1.0,0.5882731621685194,1.0,8,1.0,0.5891770291885371,1.0
1634,0.07,25,1.0,0.9982608695652173,0.9565217391304348,0.6074577884714546,25,10,1.0,0.6100999753490727,0.9565217391304348,9.0,1.0,0.5771675025358259,1.0,6,1.0,0.6484895725788673,1.0
1635,0.07,29,1.0,0.9950461110016344,0.9545454545454546,0.5132387819213848,29,16,1.0,0.4909949893431332,0.9545454545454546,5.0,1.0,0.3533895292954977,1.0,8,1.0,0.6576321499690674,0.9775280898876404
1636,0.07,29,1.0,1.0,1.0,0.6045779893224987,29,13,1.0,0.5821432122825484,1.0,8.0,1.0,0.6057079802182319,1.0,8,1.0,0.6399045111166852,1.0
1637,0.07,25,1.0,1.0,1.0,0.545663267465639,25,12,1.0,0.5250349480520021,1.0,5.0,1.0,0.6286047350631982,1.0,8,1.0,0.5247673293376198,1.0
1638,0.07,26,1.0,0.9987593052109182,0.967741935483871,0.5884264070366882,26,9,1.0,0.6592513399151146,0.967741935483871,11.0,1.0,0.5575243191921829,1.0,6,1.0,0.538842835433975,1.0
1639,0.07,23,1.0,0.9967071162875785,0.9565217391304348,0.5440960474511165,23,11,1.0,0.47547646199644605,0.9565217391304348,5.0,1.0,0.7076732433997519,1.0,7,1.0,0.535085970345145,1.0
1640,0.07,26,0.9615384615384616,0.9743589743589743,0.3333333333333333,0.5759985874669876,25,10,0.9,0.5600736094093894,0.3333333333333333,7.0,1.0,0.5283577397091271,1.0,9,1.0,0.6307470002315437,1.0
1641,0.07,26,0.9615384615384616,0.9743589743589743,0.3333333333333333,0.5571592860223348,25,14,0.9285714285714286,0.5785060849233734,0.3333333333333333,7.0,1.0,0.5567223910277826,1.0,5,1.0,0.49799990209179945,1.0
1642,0.07,28,0.9642857142857143,0.9726830392084028,0.3333333333333333,0.5423039353738954,27,11,0.9090909090909091,0.5075263056212632,0.3333333333333333,9.0,1.0,0.5591429175849577,1.0,8,1.0,0.5711793212963199,0.9775280898876404
1643,0.07,31,1.0,0.9989594172736733,0.967741935483871,0.6038643878317483,31,16,1.0,0.6224591959095067,0.967741935483871,7.0,1.0,0.5428575704356494,1.0,8,1.0,0.6200557368978177,1.0
1644,0.07,25,1.0,0.9981818181818182,0.9545454545454546,0.5481606997298052,25,11,1.0,0.5677311894425766,0.9545454545454546,5.0,1.0,0.5129742146964624,1.0,9,1.0,0.5437892595438304,1.0
1645,0.07,27,1.0,0.9967061923583663,0.9545454545454546,0.5934078837083435,27,12,1.0,0.5590369320511595,0.9545454545454546,7.0,1.0,0.7352102990030556,1.0,8,1.0,0.5208871978112464,1.0
1646,0.07,24,1.0,0.9981884057971014,0.9565217391304348,0.5856043988900242,24,9,1.0,0.5735223608851916,0.9565217391304348,8.0,1.0,0.5721709920238462,1.0,7,1.0,0.6164909127432984,1.0
1647,0.07,28,1.0,0.9976446367506455,0.9565217391304348,0.5877596930941031,28,12,1.0,0.6672905729962477,0.9565217391304348,7.0,1.0,0.44231785038500576,1.0,9,1.0,0.5948399531094306,0.9775280898876404
1648,0.07,30,0.9666666666666667,0.9777777777777777,0.3333333333333333,0.5166110285861275,29,14,0.9285714285714286,0.46471308708238457,0.3333333333333333,6.0,1.0,0.4829568098406887,1.0,10,1.0,0.6094606779386307,1.0
1649,0.07,27,0.9629629629629629,0.9732816058779571,0.3333333333333333,0.6972614938419283,26,14,0.9285714285714286,0.6925487886711876,0.3333333333333333,4.0,1.0,0.7652712433452086,1.0,9,1.0,0.6743658132171781,0.9775280898876404
1650,0.07,30,1.0,1.0,1.0,0.5622926138498267,30,13,1.0,0.5259386986066285,1.0,7.0,1.0,0.5687243881667731,1.0,10,1.0,0.6050504616441217,1.0
1651,0.07,21,1.0,0.9957651044607567,0.9545454545454546,0.5878988847994974,21,9,1.0,0.48782662226709267,0.9545454545454546,4.0,1.0,0.731354811116846,1.0,8,1.0,0.6287522169897781,1.0
1652,0.07,25,1.0,0.9991011235955056,0.9775280898876404,0.585114433951236,25,6,1.0,0.6565282950121017,1.0,8.0,1.0,0.5254249299141593,1.0,11,1.0,0.5895719672177285,0.9775280898876404
1653,0.1,25,0.88,0.9645557191948945,0.3333333333333333,0.4263591021084472,22,13,0.8461538461538461,0.5014981112748951,0.3333333333333333,7.0,1.0,0.3421172769420382,0.9948453608247423,5,0.8,0.3489362335086553,0.8571428571428571
1654,0.07,27,1.0,0.9967061923583663,0.9545454545454546,0.6401157868911029,27,14,1.0,0.5996944900673293,0.9545454545454546,7.0,1.0,0.7384840960520574,1.0,6,1.0,0.6196691187921278,1.0
1655,0.1,27,0.8518518518518519,0.9513497266997012,0.3333333333333333,0.4337505476377789,23,16,0.75,0.45867269831880053,0.3333333333333333,5.0,1.0,0.38196488591898636,1.0,6,1.0,0.4104461972540487,0.9565217391304348
1656,0.07,25,0.96,0.9702248289345065,0.3333333333333333,0.6135633562826293,24,13,0.9230769230769231,0.5653099228336876,0.3333333333333333,5.0,1.0,0.6135244467735033,1.0,7,1.0,0.7032046680514678,1.0
1657,0.07,22,1.0,1.0,1.0,0.5709932183315695,22,12,1.0,0.5969561295209868,1.0,6.0,1.0,0.4381211962112193,1.0,4,1.0,0.692412517943843,1.0
1658,0.07,35,1.0,0.9977796397151236,0.9545454545454546,0.5623209849290062,35,18,1.0,0.5782300634378407,0.9545454545454546,9.0,1.0,0.39248043556755047,1.0,8,1.0,0.717596176315766,1.0
1659,0.07,25,1.0,0.9964426877470356,0.9545454545454546,0.5792242923732408,25,14,1.0,0.6215481203226166,0.9545454545454546,6.0,1.0,0.5425251164895658,1.0,5,1.0,0.504756585175399,1.0
1660,0.07,25,0.96,0.9720430107526882,0.3333333333333333,0.637191657477656,24,9,0.8888888888888888,0.5733226515281222,0.3333333333333333,8.0,1.0,0.60872000778261,1.0,8,1.0,0.7375159388659276,1.0
1661,0.07,34,0.9705882352941176,0.9794433902593295,0.3333333333333333,0.5973502299579561,33,16,0.9375,0.5726436748697985,0.3333333333333333,10.0,1.0,0.5982482103817868,1.0,8,1.0,0.6456408646044827,1.0
1662,0.07,27,1.0,1.0,1.0,0.5931774141746488,27,14,1.0,0.604890290032935,1.0,3.0,1.0,0.6269036877990616,1.0,10,1.0,0.5666615058857237,1.0
1663,0.07,29,1.0,0.9966135091207569,0.9565217391304348,0.6021480190292301,29,11,1.0,0.5844619027763014,0.9565217391304348,5.0,1.0,0.46403396908817085,1.0,13,1.0,0.6702339827590389,0.9775280898876404
1664,0.07,26,1.0,0.9983277591973244,0.9565217391304348,0.6134072358009657,26,11,1.0,0.6116503070867059,0.9565217391304348,8.0,1.0,0.5854411137650359,1.0,7,1.0,0.6481294061072937,1.0
1665,0.07,33,0.9696969696969697,0.9797979797979797,0.3333333333333333,0.6169339004821636,32,18,0.9444444444444444,0.6323608029663917,0.3333333333333333,8.0,1.0,0.46565729342521134,1.0,7,1.0,0.7501522735878082,1.0
1666,0.07,28,1.0,1.0,1.0,0.6093757361562641,28,10,1.0,0.608413188263633,1.0,8.0,1.0,0.6523568423029901,1.0,10,1.0,0.5759533991315144,1.0
1667,0.07,22,1.0,0.9965574397551957,0.9565217391304348,0.5315503915887249,22,11,1.0,0.4744922544730485,0.9565217391304348,6.0,1.0,0.5669107968206711,1.0,5,1.0,0.6146458069648773,1.0
1668,0.07,25,1.0,0.9969705469845722,0.9565217391304348,0.52546417063995,25,14,1.0,0.544202475936966,0.9565217391304348,5.0,1.0,0.41549427087831675,1.0,6,1.0,0.57338304141494,1.0
1669,0.07,25,1.0,0.9978108010148605,0.967741935483871,0.5493289273155127,25,12,1.0,0.6156284486129233,0.967741935483871,3.0,1.0,0.4389773880212297,1.0,10,1.0,0.502874963546905,0.9775280898876404
1670,0.07,22,1.0,0.9989785495403474,0.9775280898876404,0.5798193936405991,22,12,1.0,0.6250915158113722,1.0,3.0,1.0,0.4555139941320115,1.0,7,1.0,0.5554837839943828,0.9775280898876404
1671,0.07,28,0.9642857142857143,0.9746376811594202,0.3333333333333333,0.5402509352231697,27,14,0.9285714285714286,0.5596512282637345,0.3333333333333333,5.0,1.0,0.5216894652982441,1.0,9,1.0,0.5203846293405835,1.0
1672,0.07,30,1.0,0.9989247311827957,0.967741935483871,0.6001705070149359,30,17,1.0,0.6625330976862562,0.967741935483871,4.0,1.0,0.47347241609237045,1.0,9,1.0,0.5386847650458049,1.0
1673,0.07,26,1.0,0.9991356957649093,0.9775280898876404,0.5559867741885858,26,12,1.0,0.5838912530822835,1.0,6.0,1.0,0.6041910883872753,1.0,8,1.0,0.4779768201990219,0.9775280898876404
1674,0.07,28,0.9642857142857143,0.9761904761904762,0.3333333333333333,0.5741054785319462,27,12,0.9166666666666666,0.5566858489456853,0.3333333333333333,5.0,1.0,0.549934962339174,1.0,11,1.0,0.6040953090773088,1.0
1675,0.07,25,1.0,0.9969705469845722,0.9565217391304348,0.5574223167904556,25,15,1.0,0.574993657153363,0.9565217391304348,3.0,1.0,0.6745607333842627,1.0,7,1.0,0.46956726604402244,1.0
1676,0.07,29,1.0,1.0,1.0,0.6536870713689322,29,15,1.0,0.6016653334388617,1.0,6.0,1.0,0.6961491914091368,1.0,8,1.0,0.7193812399576609,1.0
1677,0.07,27,1.0,0.994679156261015,0.9545454545454546,0.5226758736224175,27,11,1.0,0.4853365957512183,0.9545454545454546,6.0,1.0,0.45081843279972267,1.0,10,1.0,0.6068635437743535,0.9775280898876404
1678,0.07,27,1.0,0.9963626579445164,0.9565217391304348,0.6380234128753689,27,12,1.0,0.6258757731531039,0.9565217391304348,7.0,1.0,0.5947673465599064,1.0,8,1.0,0.6940939304847955,0.9775280898876404
1679,0.07,27,0.9629629629629629,0.9732816058779571,0.3333333333333333,0.539928745034958,26,13,0.9230769230769231,0.5570462413504671,0.3333333333333333,5.0,1.0,0.5109709975803082,1.0,9,1.0,0.5312911100540277,0.9775280898876404
1680,0.07,24,1.0,0.9981060606060606,0.9545454545454546,0.5130448059102418,24,9,1.0,0.5307498953264127,0.9545454545454546,5.0,1.0,0.40027671665111686,1.0,10,1.0,0.5534942700652503,1.0
1681,0.07,26,1.0,0.9978950009758274,0.967741935483871,0.5860542097028134,26,15,1.0,0.5922571792046863,0.967741935483871,5.0,1.0,0.5930825549511257,1.0,6,1.0,0.5646898315745374,0.9775280898876404
1682,0.07,24,1.0,0.9968443197755961,0.9565217391304348,0.5446872281845162,24,11,1.0,0.5828302828284667,0.9565217391304348,6.0,1.0,0.4818040846090861,1.0,7,1.0,0.5386479796658193,1.0
1683,0.07,29,0.9655172413793104,0.9731699523067883,0.3333333333333333,0.5858652595558621,28,15,0.9333333333333333,0.5660502646356573,0.3333333333333333,6.0,1.0,0.6338684622098179,1.0,8,1.0,0.5870159730407789,0.9775280898876404
1684,0.07,22,1.0,0.9964676086376966,0.9545454545454546,0.5709480134203468,22,9,1.0,0.6094095194357566,0.9545454545454546,2.0,1.0,0.3540990176433214,1.0,11,1.0,0.5789065986399252,1.0
1685,0.07,27,0.9629629629629629,0.9753086419753086,0.3333333333333333,0.5718330352843533,26,14,0.9285714285714286,0.5929963550492882,0.3333333333333333,9.0,1.0,0.49397663743758485,1.0,4,1.0,0.6729383112623097,1.0
1686,0.07,28,0.9642857142857143,0.9753879079721776,0.3333333333333333,0.6245850016043742,27,15,0.9333333333333333,0.5831304591306709,0.3333333333333333,3.0,1.0,0.6342204085643137,1.0,10,1.0,0.6838761932269473,0.9775280898876404
1687,0.07,32,0.96875,0.9767381476050832,0.3333333333333333,0.5862983806208664,31,14,0.9285714285714286,0.5888950302766595,0.3333333333333333,7.0,1.0,0.4682305943517312,1.0,11,1.0,0.6581275995938521,1.0
1688,0.07,22,0.9545454545454546,0.9661645783346664,0.3333333333333333,0.5566755741076728,21,7,0.8571428571428571,0.45043250428502823,0.3333333333333333,7.0,1.0,0.6139496607200294,1.0,8,1.0,0.5995234344166749,1.0
1689,0.07,29,1.0,0.9958210044537847,0.9545454545454546,0.5662458068399089,29,11,1.0,0.551663459519017,0.9545454545454546,10.0,1.0,0.5545037057137097,1.0,8,1.0,0.6009741608138843,1.0
1690,0.07,28,1.0,0.9983766233766234,0.9545454545454546,0.5274161651247306,28,15,1.0,0.5402428426058297,0.9545454545454546,6.0,1.0,0.40561408284277034,1.0,7,1.0,0.6043322124783411,1.0
1691,0.07,30,0.9666666666666667,0.9770287141073658,0.3333333333333333,0.5702861957614285,29,14,0.9285714285714286,0.5422531071472012,0.3333333333333333,6.0,1.0,0.5447098326739218,1.0,10,1.0,0.6248783376738507,0.9775280898876404
1692,0.07,21,1.0,0.9989299090422686,0.9775280898876404,0.607574101337453,21,11,1.0,0.6079584786992306,1.0,4.0,1.0,0.6634934458216152,1.0,6,1.0,0.5695898465180859,0.9775280898876404
1693,0.07,25,1.0,0.9982608695652173,0.9565217391304348,0.5926355228043496,25,12,1.0,0.5847817512053696,0.9565217391304348,5.0,1.0,0.5179929971223511,1.0,8,1.0,0.6510677587540686,1.0
1694,0.07,22,1.0,0.9949361492528879,0.9545454545454546,0.5128154344749418,22,9,1.0,0.4653266595985451,0.9545454545454546,4.0,1.0,0.5444115856971513,1.0,9,1.0,0.5462614754748011,0.9775280898876404
1695,0.07,24,1.0,0.9977195843904797,0.967741935483871,0.541959484021769,24,10,1.0,0.5514158640419338,0.967741935483871,7.0,1.0,0.4583390083705322,1.0,7,1.0,0.6120708453584844,0.9775280898876404
1696,0.07,25,1.0,0.9987096774193549,0.967741935483871,0.5862401781877377,25,12,1.0,0.5709739772841466,0.967741935483871,6.0,1.0,0.5869704545680551,1.0,7,1.0,0.6117848571250504,1.0
1697,0.07,22,1.0,1.0,1.0,0.6290771842713031,22,11,1.0,0.6610004669470352,1.0,5.0,1.0,0.520000673772025,1.0,6,1.0,0.6614482581151937,1.0
1698,0.1,30,0.8666666666666667,0.9807798481711526,0.8043478260869565,0.505697433893818,26,14,0.7857142857142857,0.5193993522455769,0.8043478260869565,5.0,1.0,0.5003040512534273,1.0,11,0.9090909090909091,0.49071016628266617,0.8571428571428571
1699,0.07,31,1.0,0.9953657167434645,0.9545454545454546,0.5559818544323959,31,16,1.0,0.5773081935297076,0.9545454545454546,6.0,1.0,0.43862129095489594,1.0,9,1.0,0.5963087383555087,0.9775280898876404
1700,0.03,26,1.0,1.0,1.0,0.8649630530341059,26,15,1.0,0.8388310721260696,1.0,4.0,1.0,0.8873231736452805,1.0,7,1.0,0.9081829432020841,1.0
1701,0.07,31,0.967741935483871,0.9763034476698849,0.3333333333333333,0.5781302251979428,30,17,0.9411764705882353,0.6207150695700647,0.3333333333333333,5.0,1.0,0.4984249129259929,1.0,9,1.0,0.5419729148683516,0.9775280898876404
1702,0.07,23,1.0,0.9990229604298975,0.9775280898876404,0.5951678920291397,23,10,1.0,0.6246263493159586,1.0,6.0,1.0,0.553418603443649,1.0,7,1.0,0.5888694861212471,0.9775280898876404
1703,0.1,25,0.8,0.9512750867838272,0.3333333333333333,0.4703327907250291,20,13,0.6923076923076923,0.4263573901187237,0.3333333333333333,6.0,1.0,0.5297715738175421,0.9948453608247423,6,0.8333333333333334,0.506174042279511,0.8571428571428571
1704,0.07,24,0.9583333333333334,0.9722222222222222,0.3333333333333333,0.5896986118436587,23,13,0.9230769230769231,0.6142355494784217,0.3333333333333333,6.0,1.0,0.5554815801611547,1.0,5,1.0,0.5669630120122794,1.0
1705,0.07,24,1.0,1.0,1.0,0.6144258613577638,24,13,1.0,0.6659234451996999,1.0,7.0,1.0,0.5663156695885745,1.0,4,1.0,0.5312515494675527,1.0
1706,0.07,29,0.9655172413793104,0.9735568556293207,0.3333333333333333,0.5464762367857648,28,16,0.9375,0.5181575591852899,0.3333333333333333,4.0,1.0,0.6354870043409213,1.0,9,1.0,0.5572602113843174,0.9775280898876404
1707,0.07,30,1.0,0.9952112406349133,0.9545454545454546,0.605411939273526,30,15,1.0,0.5776408620025982,0.9545454545454546,5.0,1.0,0.7039935060031328,1.0,10,1.0,0.597777771815114,0.9775280898876404
1708,0.07,29,1.0,0.9985007496251874,0.9565217391304348,0.6051523596474204,29,12,1.0,0.6261296836525202,0.9565217391304348,6.0,1.0,0.5024866296091925,1.0,11,1.0,0.6382674952990721,1.0
1709,0.07,26,1.0,0.9987593052109182,0.967741935483871,0.6319784859822419,26,9,1.0,0.6353554672547349,0.967741935483871,8.0,1.0,0.638637376284593,1.0,9,1.0,0.6226824911076588,1.0
1710,0.07,23,1.0,0.9985974754558206,0.967741935483871,0.6008246357515757,23,10,1.0,0.620569262746262,0.967741935483871,5.0,1.0,0.4288166919329023,1.0,8,1.0,0.6836488168948884,1.0
1711,0.07,27,0.9629629629629629,0.9728660430500521,0.3333333333333333,0.5957244861176563,26,12,0.9166666666666666,0.6128041766391733,0.3333333333333333,8.0,1.0,0.5404258010693439,1.0,7,1.0,0.6296435138502702,0.9775280898876404
1712,0.07,23,1.0,0.9990229604298975,0.9775280898876404,0.6580071364107986,23,11,1.0,0.6142522292965763,1.0,5.0,1.0,0.6846643193431855,1.0,7,1.0,0.7077240026385855,0.9775280898876404
1713,0.07,23,1.0,0.9970466758449171,0.9545454545454546,0.5349437119140797,23,8,1.0,0.5337813270508671,0.9545454545454546,7.0,1.0,0.5445513930920814,1.0,8,1.0,0.5276993757465409,0.9775280898876404
1714,0.07,33,1.0,0.9990224828934506,0.967741935483871,0.633743098717645,33,13,1.0,0.5896929938001004,0.967741935483871,8.0,1.0,0.6652802689141655,1.0,12,1.0,0.660439265580638,1.0
1715,0.07,27,0.9629629629629629,0.9753086419753086,0.3333333333333333,0.662837302868274,26,17,0.9411764705882353,0.6466158383937411,0.3333333333333333,4.0,1.0,0.7554977888096128,1.0,6,1.0,0.6470244615852252,1.0
1716,0.07,29,0.9655172413793104,0.9762366008007233,0.3333333333333333,0.5881841211219822,28,13,0.9230769230769231,0.5416013070385947,0.3333333333333333,7.0,1.0,0.6649286439318468,1.0,9,1.0,0.5957802237236473,0.9775280898876404
1717,0.07,26,1.0,0.9970870644082426,0.9565217391304348,0.5633183185734301,26,13,1.0,0.6356605053898055,0.9565217391304348,4.0,1.0,0.49613315034178346,1.0,9,1.0,0.48868412349717527,1.0
1718,0.07,25,1.0,1.0,1.0,0.5886481233132793,25,10,1.0,0.5431339375550817,1.0,6.0,1.0,0.6031158191851412,1.0,9,1.0,0.6295743102411467,1.0
1719,0.07,26,0.9615384615384616,0.9731182795698925,0.3333333333333333,0.6238591153205422,25,9,0.8888888888888888,0.6646649762974343,0.3333333333333333,10.0,1.0,0.6162832435992078,1.0,7,1.0,0.5822171108093015,1.0
1720,0.1,25,0.84,0.9730480926273353,0.8043478260869565,0.4361871410402366,21,11,0.7272727272727273,0.4197973974149767,0.8043478260869565,6.0,1.0,0.4878021881154074,1.0,8,0.875,0.4200117532185908,0.8571428571428571
1721,0.07,20,1.0,0.9962131837307153,0.9565217391304348,0.6274578128283888,20,9,1.0,0.46527663163536903,0.9565217391304348,2.0,1.0,0.8694415895854746,1.0,9,1.0,0.735864821408723,1.0
1722,0.1,26,0.8461538461538461,0.954365801205032,0.3333333333333333,0.4271323587363988,22,12,0.75,0.3747411064890865,0.3333333333333333,9.0,1.0,0.4642831070490183,0.95,5,0.8,0.486000017167233,0.8571428571428571
1723,0.07,34,1.0,0.9986631016042781,0.9545454545454546,0.5926400036966435,34,12,1.0,0.5646868006328482,0.9545454545454546,8.0,1.0,0.6417894411039006,1.0,14,1.0,0.5885144992328929,1.0
1724,0.1,28,0.8928571428571429,0.963129274569532,0.3333333333333333,0.4532071742781474,25,15,0.8,0.42642992441582667,0.3333333333333333,6.0,1.0,0.5283924311874687,0.9948453608247423,7,1.0,0.4461424894894163,0.9565217391304348
1725,0.07,26,1.0,0.9987593052109182,0.967741935483871,0.5383814528424999,26,13,1.0,0.5305699048016188,0.967741935483871,7.0,1.0,0.5632473537498548,1.0,6,1.0,0.5262962558724954,1.0
1726,0.07,29,1.0,1.0,1.0,0.5961362418543136,29,15,1.0,0.6553885926883213,1.0,7.0,1.0,0.6204167836166476,1.0,7,1.0,0.44488637687624877,1.0
1727,0.07,23,0.9565217391304348,0.9677216090412016,0.3333333333333333,0.5780605015548808,22,10,0.9,0.56749530891616,0.3333333333333333,7.0,1.0,0.6212724373179935,1.0,6,1.0,0.5452552308957838,1.0
1728,0.1,25,0.8,0.9502691511387164,0.3333333333333333,0.43938449077148084,20,12,0.6666666666666666,0.471626694137504,0.3333333333333333,5.0,1.0,0.3101273465835651,1.0,8,0.875,0.47180690083989363,0.8571428571428571
1729,0.03,34,1.0,1.0,1.0,0.8585700286846771,34,17,1.0,0.8755661601278963,1.0,9.0,1.0,0.819683709360174,1.0,8,1.0,0.8662003586079021,1.0
1730,0.07,26,1.0,0.9970870644082426,0.9565217391304348,0.562708403484607,26,8,1.0,0.5496981904005624,0.9565217391304348,9.0,1.0,0.5347546418681662,1.0,9,1.0,0.602226798953532,1.0
1731,0.1,25,0.88,0.9567623783416209,0.3333333333333333,0.48677498721495405,22,13,0.7692307692307693,0.4285253190202471,0.3333333333333333,5.0,1.0,0.5757810620154926,0.95,7,1.0,0.5313771747190252,1.0
1732,0.07,25,1.0,1.0,1.0,0.6230836066236041,25,14,1.0,0.6099492710900424,1.0,6.0,1.0,0.56813309957318,1.0,5,1.0,0.7258003545780856,1.0
1733,0.07,28,0.9642857142857143,0.9746376811594202,0.3333333333333333,0.6230820198513519,27,13,0.9230769230769231,0.5473924391108355,0.3333333333333333,8.0,1.0,0.68156166435669,1.0,7,1.0,0.6968145046490676,1.0
1734,0.07,27,0.9629629629629629,0.9699877982363234,0.3333333333333333,0.5619821284080675,26,10,0.9,0.4972653064447127,0.3333333333333333,6.0,1.0,0.6366903009704564,1.0,11,1.0,0.5800656906134505,0.9775280898876404
1735,0.07,26,0.9615384615384616,0.969697787018965,0.3333333333333333,0.5426288803870349,25,14,0.9285714285714286,0.5249826128836874,0.3333333333333333,6.0,1.0,0.3915473782420367,1.0,6,1.0,0.7348850067065107,1.0
1736,0.07,28,1.0,0.9976446367506454,0.9565217391304348,0.6198473971430227,28,11,1.0,0.6559815247625316,0.9565217391304348,8.0,1.0,0.5387870382224519,1.0,9,1.0,0.6477371157596861,0.9775280898876404
1737,0.07,20,0.95,0.9650537634408602,0.3333333333333333,0.5995221633621676,19,11,0.9090909090909091,0.6249059222666697,0.3333333333333333,5.0,1.0,0.6536452189148274,1.0,4,1.0,0.46206300693396135,1.0
1738,0.1,31,0.8709677419354839,0.9662058371735791,0.3333333333333333,0.4362330032868597,27,17,0.8235294117647058,0.4394219669217054,0.3333333333333333,6.0,1.0,0.3262158226056579,1.0,8,0.875,0.5119693410737138,0.8571428571428571
1739,0.1,24,0.8333333333333334,0.9746307241924353,0.8043478260869565,0.38744255880313694,20,11,0.7272727272727273,0.3205387974097057,0.8043478260869565,3.0,1.0,0.3438610308228259,1.0,10,0.9,0.47411115473000454,0.8571428571428571
1740,0.07,32,0.96875,0.977043964930201,0.3333333333333333,0.5919257207613825,31,15,0.9333333333333333,0.6290016508103486,0.3333333333333333,9.0,1.0,0.5355848239186085,1.0,8,1.0,0.5857918608676917,0.9775280898876404
1741,0.07,24,1.0,0.9971697310180456,0.9545454545454546,0.5832924270613199,24,11,1.0,0.5371368117297347,0.9545454545454546,5.0,1.0,0.6943401428898686,1.0,8,1.0,0.5773515757494068,0.9775280898876404
1742,0.07,28,1.0,0.9968238283455675,0.9545454545454546,0.5802465545425868,28,13,1.0,0.5696324174295305,0.9545454545454546,9.0,1.0,0.5630747890553184,1.0,6,1.0,0.6290014998517778,1.0
1743,0.1,25,0.88,0.9810227743271221,0.8333333333333334,0.4836900600868484,22,14,0.8571428571428571,0.4935810750868003,0.8333333333333334,4.0,1.0,0.46028947297540496,1.0,7,0.8571428571428571,0.47727979415062655,0.8571428571428571
1744,0.07,31,0.967741935483871,0.9767291406033821,0.3333333333333333,0.5474283881127618,30,14,0.9285714285714286,0.5484967577351471,0.3333333333333333,7.0,1.0,0.49788106759953143,1.0,10,1.0,0.5806157950006836,0.9775280898876404
1745,0.07,25,1.0,0.9981818181818182,0.9545454545454546,0.5992151841825062,25,11,1.0,0.5940987439867457,0.9545454545454546,6.0,1.0,0.7240676324216838,1.0,8,1.0,0.5126109532722936,1.0
1746,0.07,26,1.0,0.9983277591973244,0.9565217391304348,0.5979170740553049,26,17,1.0,0.6066095558153223,0.9565217391304348,4.0,1.0,0.48150172212997855,1.0,5,1.0,0.6614949176115066,1.0
1747,0.07,27,0.9629629629629629,0.9744763490081841,0.3333333333333333,0.6101643415080451,26,12,0.9166666666666666,0.5861306360630479,0.3333333333333333,6.0,1.0,0.6574809161798384,1.0,9,1.0,0.6106648989868456,0.9775280898876404
1748,0.07,26,0.9615384615384616,0.9743589743589743,0.3333333333333333,0.5692417442005525,25,10,0.9,0.5501842138222147,0.3333333333333333,6.0,1.0,0.5617026385176326,1.0,10,1.0,0.5928227379886423,1.0
1749,0.07,25,0.96,0.9711441343481938,0.3333333333333333,0.48252867913241254,24,12,0.9166666666666666,0.5146889880260087,0.3333333333333333,8.0,1.0,0.3721138315532977,1.0,5,1.0,0.5820076939143654,0.9775280898876404
1750,0.07,27,1.0,0.9962894622191469,0.9545454545454546,0.6040939081115724,27,17,1.0,0.6349254565059935,0.9545454545454546,5.0,1.0,0.5583167288484103,1.0,5,1.0,0.5450438228337027,0.9775280898876404
1751,0.07,28,0.9642857142857143,0.9761904761904762,0.3333333333333333,0.5663024003100638,27,12,0.9166666666666666,0.6142589005042254,0.3333333333333333,9.0,1.0,0.5025302418827469,1.0,7,1.0,0.5660840322409092,1.0
1752,0.07,26,0.9615384615384616,0.9726867335562986,0.3333333333333333,0.569937190743607,25,17,0.9411764705882353,0.5700060151052082,0.3333333333333333,5.0,1.0,0.6725084724749831,1.0,4,1.0,0.4414305850425817,1.0
1753,0.07,31,0.967741935483871,0.9770920991117343,0.3333333333333333,0.5412165485483001,30,13,0.9230769230769231,0.5524598658682391,0.3333333333333333,11.0,1.0,0.5198487917933835,1.0,7,1.0,0.5539140055689968,1.0
1754,0.07,30,0.9666666666666667,0.9770287141073658,0.3333333333333333,0.6199056991709092,29,13,0.9230769230769231,0.6816126888721488,0.3333333333333333,6.0,1.0,0.4586392840644507,1.0,11,1.0,0.6349427559456946,0.9775280898876404
1755,0.07,24,0.9583333333333334,0.9712858926342071,0.3333333333333333,0.5877699281612002,23,12,0.9166666666666666,0.5833747273264037,0.3333333333333333,2.0,1.0,0.5047181416033875,1.0,10,1.0,0.6096545264745187,0.9775280898876404
1756,0.07,26,1.0,0.9970110534626664,0.9545454545454546,0.5690465395633917,26,11,1.0,0.4941927387759625,0.9545454545454546,7.0,1.0,0.5622216291885346,1.0,8,1.0,0.6779423122241072,1.0
1757,0.07,24,1.0,1.0,1.0,0.5640960651019845,24,7,1.0,0.5964603309099852,1.0,7.0,1.0,0.561983889276421,1.0,10,1.0,0.5429196021142785,1.0
1758,0.07,31,0.967741935483871,0.9759877652697632,0.3333333333333333,0.5457551720717119,30,18,0.9444444444444444,0.5234998604020854,0.3333333333333333,8.0,1.0,0.558287146580404,1.0,5,1.0,0.6058231348684594,1.0
1759,0.07,27,0.9629629629629629,0.9744763490081843,0.3333333333333333,0.6006289682394226,26,13,0.9230769230769231,0.6046287269512718,0.3333333333333333,7.0,1.0,0.5040137623677106,1.0,7,1.0,0.6898160507891288,0.9775280898876404
1760,0.03,27,1.0,1.0,1.0,0.8292352588729157,27,12,1.0,0.8499003175079961,1.0,8.0,1.0,0.8141979737682816,1.0,7,1.0,0.8109949127609314,1.0
1761,0.07,25,1.0,0.9978108010148604,0.967741935483871,0.5497854646542555,25,9,1.0,0.564414388556218,0.967741935483871,5.0,1.0,0.5007340163964991,1.0,11,1.0,0.5601124579425393,0.9775280898876404
1762,0.07,27,1.0,0.9979729639026487,0.967741935483871,0.58586888100748,27,12,1.0,0.5543776993086885,0.967741935483871,7.0,1.0,0.5965851689472617,1.0,8,1.0,0.623728901608358,0.9775280898876404
1763,0.07,24,1.0,0.9981060606060606,0.9545454545454546,0.5792104750519395,24,12,1.0,0.5748995196403835,0.9545454545454546,3.0,1.0,0.4878857628777189,1.0,9,1.0,0.6153999863254206,1.0
1764,0.07,25,1.0,0.996891495601173,0.9545454545454546,0.5713155889486193,25,13,1.0,0.5328924161167821,0.9545454545454546,8.0,1.0,0.5943534916270518,1.0,4,1.0,0.6501150952952254,1.0
1765,0.07,25,1.0,0.9972829417773238,0.9545454545454546,0.5539119692406264,25,6,1.0,0.5457047374519027,0.9545454545454546,9.0,1.0,0.5010804426949326,1.0,10,1.0,0.606384682204985,0.9775280898876404
1766,0.07,24,1.0,0.9949503803816567,0.9545454545454546,0.5313682726976285,24,12,1.0,0.514255855460975,0.9545454545454546,3.0,1.0,0.42124699086995926,1.0,9,1.0,0.5908919229557229,1.0
1767,0.07,29,0.9655172413793104,0.9743998968257807,0.3333333333333333,0.6016302630686226,28,14,0.9285714285714286,0.5774464441086418,0.3333333333333333,6.0,1.0,0.5100334297133046,1.0,9,1.0,0.7003140925765823,1.0
1768,0.07,23,1.0,0.9990229604298975,0.9775280898876404,0.5586500897358874,23,11,1.0,0.5774200415148578,1.0,6.0,1.0,0.45286725869941313,1.0,6,1.0,0.6300213425109158,0.9775280898876404
1769,0.07,26,1.0,0.9970870644082426,0.9565217391304348,0.5410518641843848,26,12,1.0,0.5470725958599978,0.9565217391304348,8.0,1.0,0.5056928475525382,1.0,6,1.0,0.5761557563422877,1.0
1770,0.07,28,0.9642857142857143,0.9761904761904762,0.3333333333333333,0.582657248527517,27,18,0.9444444444444444,0.5903724050180448,0.3333333333333333,7.0,1.0,0.6172073178484594,1.0,3,1.0,0.45574948116881825,1.0
1771,0.07,27,0.9629629629629629,0.9715981041944554,0.3333333333333333,0.577103448674523,26,17,0.9411764705882353,0.5638137186295586,0.3333333333333333,2.0,1.0,0.5301609433511274,1.0,8,1.0,0.6170797513509212,0.9775280898876404
1772,0.07,25,0.96,0.9715151515151516,0.3333333333333333,0.606822618063113,24,11,0.9090909090909091,0.6011479186248795,0.3333333333333333,4.0,1.0,0.465838094275614,1.0,10,1.0,0.6694585969601695,1.0
1773,0.07,31,1.0,0.9989594172736733,0.967741935483871,0.6090098502290617,31,13,1.0,0.5601440501082838,0.967741935483871,11.0,1.0,0.609124370267269,1.0,7,1.0,0.6995806618218952,1.0
1774,0.07,27,0.9629629629629629,0.9753086419753086,0.3333333333333333,0.5718826004754064,26,13,0.9230769230769231,0.5701297860199535,0.3333333333333333,5.0,1.0,0.6046609158946776,1.0,9,1.0,0.5562042683447989,1.0
1775,0.07,29,1.0,0.9981127594955694,0.967741935483871,0.549222413151739,29,12,1.0,0.5809782187927877,0.967741935483871,6.0,1.0,0.44821463275766926,1.0,11,1.0,0.5696748690309967,0.9775280898876404
1776,0.07,27,0.9629629629629629,0.9725035928869495,0.3333333333333333,0.5423130605579864,26,14,0.9285714285714286,0.5317152403943883,0.3333333333333333,8.0,1.0,0.5523666217237501,1.0,5,1.0,0.5559012591508392,1.0
1777,0.1,21,0.8571428571428571,0.9531548851424628,0.3333333333333333,0.45412321717158344,18,10,0.7,0.44182470456478484,0.3333333333333333,5.0,1.0,0.4006358644769107,0.95,6,1.0,0.5191935320951416,1.0
1778,0.07,26,0.9615384615384616,0.9731182795698925,0.3333333333333333,0.5424214132353931,25,13,0.9230769230769231,0.5258884289198356,0.3333333333333333,6.0,1.0,0.4850104220972058,1.0,7,1.0,0.6223349479398746,1.0
1779,0.07,27,1.0,0.9988052568697731,0.967741935483871,0.6404142661081438,27,14,1.0,0.663434976132159,0.967741935483871,5.0,1.0,0.5989568163903727,1.0,8,1.0,0.6260389296397242,1.0
1780,0.07,32,1.0,0.998991935483871,0.967741935483871,0.6444495406357749,32,14,1.0,0.6466453983649031,0.967741935483871,7.0,1.0,0.6065496777812536,1.0,11,1.0,0.665772907160671,1.0
1781,0.07,26,1.0,1.0,1.0,0.5530699749407407,26,16,1.0,0.49642219373386676,1.0,2.0,1.0,0.8072324372354771,1.0,8,1.0,0.6028249217808047,1.0
1782,0.07,27,1.0,0.9962894622191469,0.9545454545454546,0.5457730442435961,27,12,1.0,0.5923010942362671,0.9545454545454546,7.0,1.0,0.4960888991423712,1.0,8,1.0,0.5194545962181614,0.9775280898876404
1783,0.07,24,0.9583333333333334,0.9704106280193235,0.3333333333333333,0.5591177237420109,23,10,0.9,0.5407762388162808,0.3333333333333333,8.0,1.0,0.5679331310713923,1.0,6,1.0,0.5779329888457191,1.0
1784,0.1,27,0.8148148148148148,0.9538805090464746,0.3333333333333333,0.4082848713672882,22,13,0.6923076923076923,0.4262082480519126,0.3333333333333333,7.0,1.0,0.3526113073135108,1.0,7,0.8571428571428571,0.43067216443533474,0.8571428571428571
1785,0.07,24,0.9583333333333334,0.9712858926342071,0.3333333333333333,0.5445473315244375,23,13,0.9230769230769231,0.5490016130078378,0.3333333333333333,6.0,1.0,0.490672758563434,1.0,5,1.0,0.5976156872208007,0.9775280898876404
1786,0.07,26,0.9615384615384616,0.9726107226107227,0.3333333333333333,0.6063214686882623,25,13,0.9230769230769231,0.6222169520003088,0.3333333333333333,7.0,1.0,0.580248304834236,1.0,6,1.0,0.6022999460085258,1.0
1787,0.07,26,0.9615384615384616,0.9722539753348017,0.3333333333333333,0.5997102984987067,25,10,0.9,0.6079241094552195,0.3333333333333333,7.0,1.0,0.5385631431030344,1.0,9,1.0,0.6381427405214377,0.9775280898876404
1788,0.07,24,1.0,0.9990636704119851,0.9775280898876404,0.6169135447901423,24,10,1.0,0.7034173996082866,1.0,6.0,1.0,0.4700573610724563,1.0,8,1.0,0.6189258640557264,0.9775280898876404
1789,0.07,29,1.0,0.9984326018808777,0.9545454545454546,0.5706166496853341,29,14,1.0,0.6086378012172959,0.9545454545454546,6.0,1.0,0.45599155407621633,1.0,9,1.0,0.5878893665972496,1.0
1790,0.07,24,1.0,0.9958256449965402,0.9545454545454546,0.5160700722039812,24,9,1.0,0.46488132590545334,0.9545454545454546,5.0,1.0,0.49413096050860156,1.0,10,1.0,0.5731094997203462,0.9775280898876404
1791,0.07,22,1.0,0.997002264955367,0.9565217391304348,0.5585398687622939,22,11,1.0,0.5298112375209704,0.9565217391304348,3.0,1.0,0.47130952049381913,1.0,8,1.0,0.6307531173197918,0.9775280898876404
1792,0.07,30,0.9666666666666667,0.97443829377501,0.3333333333333333,0.5921488670191347,29,13,0.9230769230769231,0.56230909384202,0.3333333333333333,6.0,1.0,0.4731426149244018,1.0,11,1.0,0.6923265546437609,0.9775280898876404
1793,0.07,28,1.0,0.9976446367506455,0.9565217391304348,0.5697861511831098,28,13,1.0,0.5773416518320761,0.9565217391304348,7.0,1.0,0.6582938419336414,1.0,8,1.0,0.48006423322182457,0.9775280898876404
1794,0.1,28,0.8928571428571429,0.9650990831115055,0.3333333333333333,0.4620407054978338,25,12,0.75,0.4301967731754484,0.3333333333333333,6.0,1.0,0.41028052760168626,1.0,10,1.0,0.5313095310223852,0.9565217391304348
1795,0.07,29,0.9655172413793104,0.9743998968257807,0.3333333333333333,0.6282144271479807,28,16,0.9375,0.5889918314244402,0.3333333333333333,5.0,1.0,0.5960711244696613,1.0,8,1.0,0.7267491827690106,1.0
1796,0.07,24,1.0,1.0,1.0,0.6245904466088765,24,11,1.0,0.6256042944896141,1.0,6.0,1.0,0.6422935205413419,1.0,7,1.0,0.6078231937113189,1.0
1797,0.1,30,0.8666666666666667,0.9584096878325797,0.3333333333333333,0.4481731791579488,26,14,0.7857142857142857,0.5051522408869207,0.3333333333333333,8.0,1.0,0.37380051690771465,0.95,8,0.875,0.4228324833824825,0.8571428571428571
1798,0.07,29,1.0,0.9969333515060652,0.9545454545454546,0.6152976774214228,29,15,1.0,0.517748162695394,0.9545454545454546,7.0,1.0,0.7231617970278487,1.0,7,1.0,0.7164682322279162,1.0
1799,0.07,28,1.0,0.9991974317817015,0.9775280898876404,0.6704548546280832,28,12,1.0,0.693299266403991,1.0,6.0,1.0,0.6283515297354926,1.0,10,1.0,0.6683035554325487,0.9775280898876404
1800,0.07,33,0.9696969696969697,0.9797979797979797,0.3333333333333333,0.5301394241444444,32,18,0.9444444444444444,0.5263052040452991,0.3333333333333333,6.0,1.0,0.500208052679974,1.0,9,1.0,0.5577621119857151,1.0
1801,0.1,30,0.8666666666666667,0.9631757092997533,0.3333333333333333,0.5319848222555311,26,16,0.8125,0.4977822286026803,0.3333333333333333,6.0,1.0,0.5315524272322997,0.95,8,0.875,0.6007143058286564,0.8571428571428571
1802,0.07,24,0.9583333333333334,0.9681302124098033,0.3333333333333333,0.5355815659283121,23,10,0.9,0.4589106928313217,0.3333333333333333,4.0,1.0,0.5436074297923061,1.0,10,1.0,0.609042093479705,0.9775280898876404
1803,0.07,25,1.0,0.9991011235955056,0.9775280898876404,0.5581854019644173,25,10,1.0,0.5348165989985542,1.0,6.0,1.0,0.5614165301027565,1.0,9,1.0,0.5819966531675947,0.9775280898876404
1804,0.1,24,0.875,0.957784365393061,0.3333333333333333,0.46722671683637484,21,11,0.7272727272727273,0.4475390009812251,0.3333333333333333,5.0,1.0,0.5168029588443265,1.0,8,1.0,0.46331217488223597,0.9565217391304348
1805,0.07,26,1.0,0.9944745084249,0.9545454545454546,0.6540892320050046,26,16,1.0,0.6491419519298571,0.9545454545454546,5.0,1.0,0.5708630420860963,1.0,5,1.0,0.7531467181643845,0.9775280898876404
1806,0.1,25,0.88,0.9601238979226278,0.3333333333333333,0.49825674137245607,22,10,0.8,0.5282133892911813,0.3333333333333333,5.0,1.0,0.5477133536869891,0.95,10,0.9,0.44357178729646424,0.8571428571428571
1807,0.07,25,1.0,0.996891495601173,0.9545454545454546,0.6189257419804972,25,12,1.0,0.6314854876202284,0.9545454545454546,6.0,1.0,0.599318970646924,1.0,7,1.0,0.6142005534554494,1.0
1808,0.07,24,1.0,0.9958256449965402,0.9545454545454546,0.6186420745535405,24,12,1.0,0.6315517305229861,0.9545454545454546,4.0,1.0,0.6612219069759921,1.0,8,1.0,0.5779876743881462,0.9775280898876404
1809,0.1,23,0.8260869565217391,0.9464652471916548,0.3333333333333333,0.4597136772797875,19,9,0.5555555555555556,0.3982848991827648,0.3333333333333333,6.0,1.0,0.4631649988998816,1.0,8,1.0,0.5262325614238678,0.9565217391304348
1810,0.07,28,1.0,0.9972245496439045,0.9545454545454546,0.6117736513918628,28,12,1.0,0.5553306888194438,0.9545454545454546,8.0,1.0,0.6540610090142025,1.0,8,1.0,0.654150737628151,1.0
1811,0.07,24,1.0,1.0,1.0,0.5645006855620092,24,11,1.0,0.5053911256376659,1.0,5.0,1.0,0.48117834955396577,1.0,8,1.0,0.6978527904630083,1.0
1812,0.1,32,0.84375,0.9574214362367413,0.3333333333333333,0.43343398461080435,27,20,0.75,0.4705374464725396,0.3333333333333333,7.0,1.0,0.3379642481874736,1.0,5,1.0,0.4186777681565266,0.9565217391304348
1813,0.07,27,1.0,1.0,1.0,0.6282772002252529,27,9,1.0,0.6604047604651173,1.0,9.0,1.0,0.5325640391089487,1.0,9,1.0,0.691862801101693,1.0
1814,0.07,32,1.0,1.0,1.0,0.6149807889337626,32,17,1.0,0.5485670260808573,1.0,6.0,1.0,0.7398279593966164,1.0,9,1.0,0.6571975606806812,1.0
1815,0.1,25,0.84,0.9769358178053831,0.8043478260869565,0.466332012361057,21,14,0.7857142857142857,0.4784639662626953,0.8043478260869565,5.0,1.0,0.4210394906556553,1.0,6,0.8333333333333334,0.4757678880117358,0.8571428571428571
1816,0.07,27,1.0,0.9974842053493739,0.9545454545454546,0.5575980408905754,27,11,1.0,0.48406755865094714,0.9545454545454546,8.0,1.0,0.5767822048756284,1.0,8,1.0,0.6395182899850111,0.9775280898876404
1817,0.07,24,1.0,0.9940140507936417,0.9545454545454546,0.4808597689591783,24,10,1.0,0.4964097161604915,0.9545454545454546,6.0,1.0,0.4552600477777295,1.0,8,1.0,0.48062212584362346,0.9775280898876404
1818,0.07,26,0.9615384615384616,0.9743589743589743,0.3333333333333333,0.5571129505819209,25,10,0.9,0.5007478723100716,0.3333333333333333,7.0,1.0,0.49971516163516366,1.0,9,1.0,0.664383540064787,1.0
1819,0.07,25,1.0,0.9964426877470356,0.9545454545454546,0.6307255277273313,25,12,1.0,0.6030662432087514,0.9545454545454546,4.0,1.0,0.6324546529674617,1.0,9,1.0,0.6668360736453797,1.0
1820,0.07,28,0.9642857142857143,0.9737645313488009,0.3333333333333333,0.6127746929571133,27,12,0.9166666666666666,0.6106279773711988,0.3333333333333333,7.0,1.0,0.537582997875748,1.0,9,1.0,0.6741194099127281,0.9775280898876404
1821,0.07,30,1.0,0.9992509363295881,0.9775280898876404,0.6449348147218845,30,10,1.0,0.7129808879073327,1.0,9.0,1.0,0.6069101815798637,1.0,11,1.0,0.6141858116694944,0.9775280898876404
1822,0.07,29,1.0,0.9985007496251874,0.9565217391304348,0.5543264452470154,29,17,1.0,0.5473166135619444,0.9565217391304348,7.0,1.0,0.5592020343880532,1.0,5,1.0,0.571334048178804,1.0
1823,0.07,25,1.0,0.996891495601173,0.9545454545454546,0.6548516958029973,25,12,1.0,0.5921130908302373,0.9545454545454546,8.0,1.0,0.7407238003230406,1.0,5,1.0,0.6680289805055515,1.0
1824,0.07,30,1.0,0.9962865094521177,0.9545454545454546,0.6063994150530915,30,11,1.0,0.6544571167849879,0.9545454545454546,9.0,1.0,0.5496564390719194,1.0,10,1.0,0.60460462153106,0.9775280898876404
1825,0.07,26,0.9615384615384616,0.9731182795698925,0.3333333333333333,0.6105333440380569,25,13,0.9230769230769231,0.6032770318079865,0.3333333333333333,7.0,1.0,0.6154993920224072,1.0,6,1.0,0.6204616312214676,1.0
1826,0.07,30,1.0,0.9989247311827957,0.967741935483871,0.611743404950424,30,15,1.0,0.6322340254700798,0.967741935483871,6.0,1.0,0.5090179663137672,1.0,9,1.0,0.6460759965087687,1.0
1827,0.07,29,0.9655172413793104,0.9743998968257807,0.3333333333333333,0.6152545904081431,28,13,0.9230769230769231,0.5714178950438141,0.3333333333333333,5.0,1.0,0.5591571211236317,1.0,11,1.0,0.69256044369531,1.0
1828,0.07,25,1.0,0.9982608695652173,0.9565217391304348,0.6199907929676215,25,12,1.0,0.5593746575208429,0.9565217391304348,7.0,1.0,0.740363961280523,1.0,6,1.0,0.6007877008294599,1.0
1829,0.1,24,0.8333333333333334,0.9759748102139406,0.8043478260869565,0.49937416572942167,20,13,0.7692307692307693,0.43082342792576167,0.8043478260869565,3.0,1.0,0.6904189626440923,1.0,8,0.875,0.5391273158173677,0.8571428571428571
1830,0.07,31,0.967741935483871,0.9784946236559139,0.3333333333333333,0.5838005309012694,30,15,0.9333333333333333,0.5813172172737059,0.3333333333333333,7.0,1.0,0.46398338073066675,1.0,9,1.0,0.6811305037465661,1.0
1831,0.1,28,0.8571428571428571,0.9569591409534486,0.3333333333333333,0.48119752891690776,24,14,0.7142857142857143,0.4666101046459388,0.3333333333333333,7.0,1.0,0.5866211086590339,0.95,7,1.0,0.40494879771671943,0.9775280898876404
1832,0.07,29,1.0,0.9966135091207569,0.9565217391304348,0.5743730386227358,29,11,1.0,0.5906918559409046,0.9565217391304348,7.0,1.0,0.4598602383537526,1.0,11,1.0,0.6309260032939201,0.9775280898876404
1833,0.07,23,1.0,1.0,1.0,0.5375034027576244,23,10,1.0,0.5354476780710258,1.0,5.0,1.0,0.4694314798987378,1.0,8,1.0,0.5826180104026767,1.0
1834,0.07,28,0.9642857142857143,0.9761904761904762,0.3333333333333333,0.5962645713318615,27,16,0.9375,0.6368717401919675,0.3333333333333333,3.0,1.0,0.5158252545576488,1.0,9,1.0,0.5508871545052995,1.0
1835,0.07,32,0.96875,0.9777462121212122,0.3333333333333333,0.6202365573649393,31,16,0.9375,0.6092383841254347,0.3333333333333333,5.0,1.0,0.6909302161584421,1.0,11,1.0,0.6041004189889905,1.0
1836,0.1,27,0.8888888888888888,0.9609697397971076,0.3333333333333333,0.48285158798667066,24,9,0.7777777777777778,0.42020276580102967,0.3333333333333333,8.0,1.0,0.531443291124357,0.95,10,0.9,0.5003621654435986,0.8571428571428571
1837,0.07,27,1.0,0.9979729639026487,0.967741935483871,0.5434601895261691,27,11,1.0,0.5617825948609566,0.967741935483871,6.0,1.0,0.46893004229051033,1.0,10,1.0,0.5680236319992984,0.9775280898876404
1838,0.07,29,0.9655172413793104,0.9755122438780609,0.3333333333333333,0.5931798515078943,28,8,0.875,0.554052628116304,0.3333333333333333,9.0,1.0,0.6440602769125106,1.0,12,1.0,0.5811043480488257,1.0
1839,0.07,25,0.96,0.9724344569288388,0.3333333333333333,0.5359219287633075,24,11,0.9090909090909091,0.5378203402615764,0.3333333333333333,6.0,1.0,0.5044083886717644,1.0,8,1.0,0.556946768021845,0.9775280898876404
1840,0.07,29,0.9655172413793104,0.9762366008007232,0.3333333333333333,0.5770520452293298,28,14,0.9285714285714286,0.5801396139412057,0.3333333333333333,9.0,1.0,0.5528777685894272,1.0,6,1.0,0.606109133194807,0.9775280898876404
1841,0.07,27,1.0,0.998389694041868,0.9565217391304348,0.5378899687409144,27,14,1.0,0.5313215235536993,0.9565217391304348,7.0,1.0,0.44547782827015286,1.0,6,1.0,0.6610305047269713,1.0
1842,0.07,28,0.9642857142857143,0.9738351129411217,0.3333333333333333,0.583370523351919,27,12,0.9166666666666666,0.5985429234982808,0.3333333333333333,7.0,1.0,0.5658532668850735,1.0,9,1.0,0.57676518929765,0.9775280898876404
1843,0.07,30,1.0,0.9978016609672691,0.9565217391304348,0.6109877770487777,30,13,1.0,0.5526117973845973,0.9565217391304348,8.0,1.0,0.6065635158880818,1.0,9,1.0,0.69924131315099,0.9775280898876404
1844,0.1,25,0.88,0.9777929606625259,0.8043478260869565,0.431616507054596,22,8,0.75,0.4166679932408475,0.8043478260869565,9.0,1.0,0.36714595503041947,0.95,8,0.875,0.519094391895543,0.8571428571428571
1845,0.07,26,1.0,0.9987593052109182,0.967741935483871,0.6361895531314108,26,16,1.0,0.6344233656343928,0.967741935483871,2.0,1.0,0.8996956095547646,1.0,8,1.0,0.5738454140196084,1.0
1846,0.07,27,1.0,1.0,1.0,0.6055889281996717,27,16,1.0,0.5818780678501048,1.0,3.0,1.0,0.6869360502586086,1.0,8,1.0,0.6225054781267041,1.0
1847,0.1,24,0.875,0.978401693500008,0.8333333333333334,0.489781642737573,21,12,0.8333333333333334,0.4745485767654691,0.8333333333333334,4.0,1.0,0.6224615231145241,1.0,8,0.875,0.4462913015072537,0.8571428571428571
1848,0.07,27,1.0,0.9971217551862713,0.9545454545454546,0.5523719385214357,27,12,1.0,0.5965015403544078,0.9545454545454546,6.0,1.0,0.5213233496382502,1.0,9,1.0,0.5142315286662634,1.0
1849,0.07,26,1.0,0.9991356957649093,0.9775280898876404,0.6261176928441776,26,9,1.0,0.6117586425739474,1.0,6.0,1.0,0.6897641957539501,1.0,11,1.0,0.6031497323872177,0.9775280898876404
1850,0.07,26,0.9615384615384616,0.9726107226107227,0.3333333333333333,0.5569051843782247,25,16,0.9375,0.5218647844362455,0.3333333333333333,5.0,1.0,0.678389523110126,1.0,5,1.0,0.5475501254606571,1.0
1851,0.07,27,0.9629629629629629,0.9715981041944555,0.3333333333333333,0.5043674743098753,26,15,0.9333333333333333,0.5275014712529955,0.3333333333333333,8.0,1.0,0.43298591903180383,1.0,4,1.0,0.5603780963293173,0.9775280898876404
1852,0.07,30,1.0,0.9981756675123836,0.967741935483871,0.5044607526156317,30,16,1.0,0.515604294913365,0.967741935483871,4.0,1.0,0.3862182967696396,1.0,10,1.0,0.5339280672776554,0.9775280898876404
1853,0.1,28,0.8928571428571429,0.9874768089053803,0.8571428571428571,0.4086551913156072,25,12,0.8333333333333334,0.40403928771774383,0.8636363636363636,12.0,1.0,0.4080546200702126,1.0,4,0.75,0.42430461584538093,0.8571428571428571
1854,0.07,25,0.96,0.972434456928839,0.3333333333333333,0.6120010687791767,24,10,0.9,0.5475210976801302,0.3333333333333333,5.0,1.0,0.7042046833887186,1.0,10,1.0,0.6303792325734522,0.9775280898876404
1855,0.07,25,1.0,0.9978108010148604,0.967741935483871,0.6252223316877319,25,11,1.0,0.6426245864460248,0.967741935483871,4.0,1.0,0.5283872758384369,1.0,10,1.0,0.6448138737933277,0.9775280898876404
1856,0.07,31,1.0,0.998533724340176,0.9545454545454546,0.6176686139435122,31,14,1.0,0.5456717389034377,0.9545454545454546,8.0,1.0,0.6806922852372723,1.0,9,1.0,0.6736427117447303,1.0
1857,0.07,28,1.0,0.996421981425606,0.9545454545454546,0.601282450714657,28,12,1.0,0.5444333516401645,0.9545454545454546,7.0,1.0,0.6633879160948266,1.0,9,1.0,0.6287769986294038,0.9775280898876404
1858,0.07,26,0.9615384615384616,0.9726107226107227,0.3333333333333333,0.517989111575128,25,12,0.9166666666666666,0.4424219329446184,0.3333333333333333,5.0,1.0,0.619373587072986,1.0,9,1.0,0.5624206411392193,1.0
1859,0.07,26,0.9615384615384616,0.9743589743589743,0.3333333333333333,0.5623606601081355,25,11,0.9090909090909091,0.48799006253324273,0.3333333333333333,8.0,1.0,0.5688588244484758,1.0,7,1.0,0.6718022684797205,1.0
1860,0.07,25,0.96,0.9694050039134112,0.3333333333333333,0.5411692716899045,24,14,0.9285714285714286,0.563727310869723,0.3333333333333333,4.0,1.0,0.41424449993048634,1.0,7,1.0,0.5685816343356491,0.9775280898876404
1861,0.07,25,1.0,0.9981818181818182,0.9545454545454546,0.5000930217559028,25,10,1.0,0.44027194126372365,0.9545454545454546,5.0,1.0,0.3812791006001425,1.0,10,1.0,0.619321062825962,1.0
1862,0.07,30,1.0,0.9984848484848484,0.9545454545454546,0.6190023221931459,30,14,1.0,0.6293660931597053,0.9545454545454546,7.0,1.0,0.495677612931137,1.0,9,1.0,0.6988001190045048,1.0
1863,0.07,28,0.9642857142857143,0.9750384024577573,0.3333333333333333,0.5387014824282714,27,14,0.9285714285714286,0.5307115604316447,0.3333333333333333,5.0,1.0,0.5398301330741762,1.0,9,1.0,0.550503221841966,1.0
1864,0.07,25,1.0,0.9978108010148604,0.967741935483871,0.544945182733255,25,11,1.0,0.6126801769943979,0.967741935483871,3.0,1.0,0.533208349819356,1.0,11,1.0,0.4804111429031753,0.9775280898876404
1865,0.07,28,1.0,0.9976446367506454,0.9565217391304348,0.6433759269639677,28,16,1.0,0.6278625717094948,0.9565217391304348,7.0,1.0,0.6499375957808697,1.0,5,1.0,0.683832327434618,0.9775280898876404
1866,0.07,25,0.96,0.9697760210803689,0.3333333333333333,0.5710997213345312,24,14,0.9285714285714286,0.5633908405021816,0.3333333333333333,5.0,1.0,0.5738337291044925,1.0,6,1.0,0.5868087701350467,1.0
1867,0.07,28,1.0,0.9968238283455675,0.9545454545454546,0.5965988478900089,28,15,1.0,0.5780475114053043,0.9545454545454546,8.0,1.0,0.6287777958122822,1.0,5,1.0,0.6007665406684856,1.0
1868,0.07,30,1.0,0.9962865094521177,0.9545454545454546,0.5513236653263287,30,12,1.0,0.6123569771459991,0.9545454545454546,11.0,1.0,0.4429435549124232,1.0,7,1.0,0.6170067328573168,0.9775280898876404
1869,0.07,30,0.9666666666666667,0.9745041699278426,0.3333333333333333,0.6008785908072951,29,20,0.95,0.5960853361754104,0.3333333333333333,5.0,1.0,0.605046319831041,1.0,5,1.0,0.6158838803110883,0.9775280898876404
1870,0.07,27,1.0,0.9979729639026486,0.967741935483871,0.5094864228143903,27,10,1.0,0.5942247839241761,0.967741935483871,7.0,1.0,0.368363063694456,1.0,10,1.0,0.5235344130885585,0.9775280898876404
1871,0.07,24,0.9583333333333334,0.9704106280193235,0.3333333333333333,0.5510072660889506,23,9,0.8888888888888888,0.582464399547715,0.3333333333333333,7.0,1.0,0.4936995397843802,1.0,8,1.0,0.5657622514643397,1.0
1872,0.07,18,1.0,0.9969594458539728,0.967741935483871,0.5303075588287024,18,10,1.0,0.5584244881944348,0.967741935483871,5.0,1.0,0.5592294125577298,1.0,3,1.0,0.3883813713945492,0.9775280898876404
1873,0.07,26,0.9615384615384616,0.971822429321208,0.3333333333333333,0.5622452283426143,25,8,0.875,0.5298422895026731,0.3333333333333333,9.0,1.0,0.5426868201987664,1.0,9,1.0,0.6106062487886319,0.9775280898876404
1874,0.07,22,1.0,0.9964676086376966,0.9545454545454546,0.5518082233043482,22,14,1.0,0.507119732004747,0.9545454545454546,5.0,1.0,0.6812237230767649,1.0,3,1.0,0.5446620164151262,1.0
1875,0.07,26,1.0,0.9965795074490728,0.9545454545454546,0.6075663395486213,26,12,1.0,0.6192722531767653,0.9545454545454546,8.0,1.0,0.570377304812805,1.0,6,1.0,0.6337398919400882,1.0
1876,0.07,26,1.0,0.9991356957649093,0.9775280898876404,0.587349105265565,26,10,1.0,0.5897361821994475,1.0,7.0,1.0,0.5665140606325614,1.0,9,1.0,0.6009018322758095,0.9775280898876404
1877,0.07,28,1.0,0.9976446367506454,0.9565217391304348,0.5081966198621934,28,14,1.0,0.5229009301689508,0.9565217391304348,6.0,1.0,0.3885652673313414,1.0,8,1.0,0.5721875912235073,0.9775280898876404
1878,0.07,25,1.0,0.9972829417773238,0.9545454545454546,0.5510004511095324,25,13,1.0,0.51965675735196,0.9545454545454546,3.0,1.0,0.5531268418592362,1.0,9,1.0,0.5955658785094577,0.9775280898876404
1879,0.07,28,1.0,0.9991974317817015,0.9775280898876404,0.6042132974304721,28,13,1.0,0.6370821710297091,1.0,5.0,1.0,0.6317235514854701,1.0,10,1.0,0.5477286347239654,0.9775280898876404
1880,0.07,26,1.0,1.0,1.0,0.6369899210955539,26,12,1.0,0.647808671261351,1.0,7.0,1.0,0.6380009561775116,1.0,7,1.0,0.6174324571579438,1.0
1881,0.07,26,1.0,1.0,1.0,0.6558289296880481,26,12,1.0,0.6127140103742797,1.0,9.0,1.0,0.6391815281173283,1.0,5,1.0,0.789270058868387,1.0
1882,0.07,25,0.96,0.9720430107526882,0.3333333333333333,0.5715315879124282,24,12,0.9166666666666666,0.5628364962869228,0.3333333333333333,4.0,1.0,0.5540416705804362,1.0,9,1.0,0.5908983400050984,1.0
1883,0.07,24,1.0,0.9986559139784946,0.967741935483871,0.4860388039818426,24,10,1.0,0.5632253680742035,0.967741935483871,5.0,1.0,0.2786126231795667,1.0,9,1.0,0.515512722102706,1.0
1884,0.07,27,1.0,0.9991677070328756,0.9775280898876404,0.6204698645181714,27,13,1.0,0.6813280736604449,1.0,5.0,1.0,0.5686382313738889,1.0,9,1.0,0.5613589141706002,0.9775280898876404
1885,0.1,27,0.8518518518518519,0.9743874214888708,0.8043478260869565,0.5062789629469875,23,16,0.8125,0.4503879908794703,0.8043478260869565,5.0,1.0,0.6266387733886545,0.95,6,0.8333333333333334,0.555021713092311,0.8571428571428571
1886,0.07,28,1.0,0.9975740551583249,0.9545454545454546,0.5913183877172633,28,12,1.0,0.5699952453571688,0.9545454545454546,8.0,1.0,0.5931430526224236,1.0,8,1.0,0.621478436352245,0.9775280898876404
1887,0.07,25,0.96,0.9688771446758744,0.3333333333333333,0.5736744008258153,24,12,0.9166666666666666,0.4581033812172591,0.3333333333333333,4.0,1.0,0.564920877517906,1.0,9,1.0,0.7316595484407389,0.9775280898876404
1888,0.1,27,0.8148148148148148,0.9494491241280135,0.3333333333333333,0.4804242649018731,22,15,0.7333333333333333,0.482600734066275,0.3333333333333333,5.0,1.0,0.5899755887350977,0.95,7,0.8571428571428571,0.3975094568115655,0.8571428571428571
1889,0.07,27,1.0,0.9983164983164983,0.9545454545454546,0.6116899078204396,27,13,1.0,0.6073025820846546,0.9545454545454546,7.0,1.0,0.5987059322102196,1.0,7,1.0,0.6328217740828317,1.0
1890,0.1,28,0.8571428571428571,0.957445013578554,0.3333333333333333,0.43705560026049783,24,13,0.7692307692307693,0.42586292925952435,0.3333333333333333,5.0,1.0,0.2961498883833035,1.0,10,0.9,0.5220589285003606,0.8571428571428571
1891,0.07,30,1.0,0.9981756675123836,0.967741935483871,0.5758700967890623,30,14,1.0,0.5894995963236654,0.967741935483871,7.0,1.0,0.5767098459891883,1.0,9,1.0,0.554015514801804,0.9775280898876404
1892,0.07,29,1.0,0.9981127594955694,0.967741935483871,0.6024830372826727,29,11,1.0,0.5886671000531731,0.967741935483871,7.0,1.0,0.5475023592913059,1.0,11,1.0,0.6512866786884964,0.9775280898876404
1893,0.07,25,1.0,0.9987096774193549,0.967741935483871,0.622857623223076,25,12,1.0,0.6693623941994217,0.967741935483871,9.0,1.0,0.5554158683136348,1.0,4,1.0,0.6350872588402819,1.0
1894,0.07,29,1.0,0.9985007496251874,0.9565217391304348,0.5905156372244027,29,12,1.0,0.5708544657302123,0.9565217391304348,7.0,1.0,0.5776912718481615,1.0,10,1.0,0.6230860987808001,1.0
1895,0.07,25,1.0,0.9982608695652173,0.9565217391304348,0.6011713785762344,25,14,1.0,0.5682163409726828,0.9565217391304348,7.0,1.0,0.6340286547903016,1.0,4,1.0,0.6590137768140474,1.0
1896,0.07,25,1.0,0.9960716705800777,0.9565217391304348,0.56992644744037,25,12,1.0,0.5612994898000231,0.9565217391304348,5.0,1.0,0.44055109016492705,1.0,8,1.0,0.6637264821980424,0.9775280898876404
1897,0.07,26,1.0,0.9944745084249001,0.9545454545454546,0.5629891344990029,26,17,1.0,0.5471408756624351,0.9545454545454546,6.0,1.0,0.6357077991141395,1.0,3,1.0,0.5073586053426143,0.9775280898876404
1898,0.07,23,0.9565217391304348,0.9710144927536232,0.3333333333333333,0.5381956713863478,22,9,0.8888888888888888,0.5239818670519844,0.3333333333333333,7.0,1.0,0.5384617534709528,1.0,7,1.0,0.5562044805887821,1.0
1899,0.07,30,0.9666666666666667,0.9763285024154589,0.3333333333333333,0.5804944834636976,29,17,0.9411764705882353,0.5941207437803393,0.3333333333333333,5.0,1.0,0.5711815215500737,1.0,8,1.0,0.5573592814868489,1.0
1900,0.1,27,0.8518518518518519,0.9530638538819931,0.3333333333333333,0.4726227140723541,23,14,0.7857142857142857,0.451684215738625,0.3333333333333333,8.0,1.0,0.5114921214512668,1.0,5,0.8,0.4690594576005357,0.8571428571428571
1901,0.07,34,0.9705882352941176,0.9761667809523745,0.3333333333333333,0.5189313984094558,33,20,0.95,0.5212791052584386,0.3333333333333333,8.0,1.0,0.5487053913985993,1.0,6,1.0,0.47140705159398794,0.9775280898876404
1902,0.07,28,1.0,0.9960212601272689,0.9545454545454546,0.5802302876787785,28,11,1.0,0.5492519139279511,0.9545454545454546,6.0,1.0,0.5905954448067153,1.0,11,1.0,0.6055549393598217,0.9775280898876404
1903,0.07,25,1.0,0.9991011235955056,0.9775280898876404,0.5894735344963964,25,12,1.0,0.5108455637700957,1.0,8.0,1.0,0.6359420203812061,1.0,5,1.0,0.7038310868238223,0.9775280898876404
1904,0.07,27,1.0,0.9962894622191469,0.9545454545454546,0.5633112234529744,27,12,1.0,0.5330793683522955,0.9545454545454546,7.0,1.0,0.5221841974464959,1.0,8,1.0,0.6446451538596614,0.9775280898876404
1905,0.07,30,1.0,0.9977357848144365,0.9545454545454546,0.6115578070743382,30,15,1.0,0.6496645790816555,0.9545454545454546,5.0,1.0,0.6415636102994063,1.0,10,1.0,0.5393947474508282,0.9775280898876404
1906,0.07,26,0.9615384615384616,0.9731182795698925,0.3333333333333333,0.5837344966099398,25,11,0.9090909090909091,0.5962602420548371,0.3333333333333333,8.0,1.0,0.48433504069679756,1.0,7,1.0,0.6776505605258354,1.0
1907,0.07,28,0.9642857142857143,0.9730143045360435,0.3333333333333333,0.6063674161390604,27,13,0.9230769230769231,0.5192944240442183,0.3333333333333333,3.0,1.0,0.8029286972641029,1.0,12,1.0,0.6515561706272118,1.0
1908,0.07,26,1.0,0.9962227601731517,0.9565217391304348,0.5681256619756542,26,10,1.0,0.5951931147848624,0.9565217391304348,8.0,1.0,0.48215538688664134,1.0,8,1.0,0.6202616210531566,0.9775280898876404
1909,0.07,29,0.9655172413793104,0.9770114942528735,0.3333333333333333,0.574488222901021,28,17,0.9411764705882353,0.5456687254975096,0.3333333333333333,8.0,1.0,0.6438591387157366,1.0,4,1.0,0.5582292552365137,1.0
1910,0.07,26,1.0,1.0,1.0,0.5774134300146752,26,10,1.0,0.6459699021516766,1.0,9.0,1.0,0.5229494446609985,1.0,7,1.0,0.5495007367022575,1.0
1911,0.07,22,1.0,0.998533724340176,0.967741935483871,0.5646879931784166,22,12,1.0,0.5199954312735818,0.967741935483871,3.0,1.0,0.6054957753605645,1.0,7,1.0,0.6238147640800696,1.0
1912,0.07,24,1.0,0.9977195843904797,0.967741935483871,0.6150825283188271,24,13,1.0,0.5626252337562321,0.967741935483871,3.0,1.0,0.6371951896639655,1.0,8,1.0,0.6920333839786171,0.9775280898876404
1913,0.07,25,1.0,0.9972829417773238,0.9545454545454546,0.6251501702760761,25,14,1.0,0.6384275613768161,0.9545454545454546,4.0,1.0,0.5798955926103675,1.0,7,1.0,0.6244551467407154,0.9775280898876404
1914,0.07,29,1.0,1.0,1.0,0.5999428360458444,29,15,1.0,0.6163528389734844,1.0,4.0,1.0,0.6843806425179367,1.0,10,1.0,0.5415527090655474,1.0
1915,0.07,24,0.9583333333333334,0.9722222222222222,0.3333333333333333,0.5432877472779407,23,10,0.9,0.5871572191610526,0.3333333333333333,6.0,1.0,0.47287446505427794,1.0,8,1.0,0.5412608690917977,1.0
1916,0.07,24,1.0,0.9981884057971014,0.9565217391304348,0.580225117832707,24,13,1.0,0.5371878334727552,0.9565217391304348,6.0,1.0,0.6641083623736147,1.0,5,1.0,0.591462163719493,1.0
1917,0.07,26,1.0,0.9974634549622335,0.9565217391304348,0.5927739143864124,26,14,1.0,0.5670348575673702,0.9565217391304348,6.0,1.0,0.6690199144202177,1.0,6,1.0,0.576585713597039,0.9775280898876404
1918,0.07,28,1.0,0.9983766233766234,0.9545454545454546,0.6679640856818045,28,17,1.0,0.6123845768516594,0.9545454545454546,5.0,1.0,0.8085896811072043,1.0,6,1.0,0.7082513645127159,1.0
1919,0.07,28,0.9642857142857143,0.9710596625850263,0.3333333333333333,0.5517653697822075,27,16,0.9375,0.5440771335393706,0.3333333333333333,6.0,1.0,0.5681515619305371,1.0,6,1.0,0.5558811409481096,0.9775280898876404
1920,0.03,27,1.0,1.0,1.0,0.8723236236949797,27,15,1.0,0.9040050544861541,1.0,5.0,1.0,0.7566174903078327,1.0,7,1.0,0.8870820815618551,1.0
1921,0.07,23,1.0,0.9980237154150197,0.9545454545454546,0.5495011051809999,23,11,1.0,0.45746992837560574,0.9545454545454546,5.0,1.0,0.5190367762774288,1.0,7,1.0,0.7158817608063128,1.0
1922,0.07,26,1.0,0.9974634549622337,0.9565217391304348,0.5725812280975991,26,10,1.0,0.5266454095737262,0.9565217391304348,7.0,1.0,0.5901052317954305,1.0,9,1.0,0.6099912458035892,0.9775280898876404
1923,0.07,25,0.96,0.9720430107526882,0.3333333333333333,0.49819074252573964,24,12,0.9166666666666666,0.5098874401367733,0.3333333333333333,7.0,1.0,0.5403657268070245,1.0,6,1.0,0.42559319897550635,1.0
1924,0.07,27,1.0,0.9979729639026486,0.967741935483871,0.5867533557435283,27,15,1.0,0.5835163702116231,0.967741935483871,4.0,1.0,0.5689710105659559,1.0,8,1.0,0.601713876204637,0.9775280898876404
1925,0.1,30,0.8666666666666667,0.958413093062462,0.3333333333333333,0.4245998205068478,26,15,0.7333333333333333,0.35269925635553195,0.3333333333333333,4.0,1.0,0.452102009569054,0.95,11,1.0,0.5126452483269309,1.0
1926,0.1,20,0.85,0.9460507246376813,0.3333333333333333,0.45157950417613896,17,9,0.6666666666666666,0.4480296309765481,0.3333333333333333,6.0,1.0,0.3578893198479107,0.95,5,1.0,0.5703974971292766,1.0
1927,0.07,29,1.0,0.9992251065478497,0.9775280898876404,0.604102606867211,29,13,1.0,0.592517016152938,1.0,8.0,1.0,0.5782700910699721,1.0,8,1.0,0.6487617075751435,0.9775280898876404
1928,0.07,27,1.0,0.9991677070328756,0.9775280898876404,0.5848522577537568,27,10,1.0,0.6106953667085337,1.0,6.0,1.0,0.5551160367931199,1.0,11,1.0,0.5775782792279434,0.9775280898876404
1929,0.1,24,0.7916666666666666,0.9453499545302549,0.3333333333333333,0.4028346748025134,19,12,0.6666666666666666,0.395129079879946,0.3333333333333333,4.0,1.0,0.4467128001182956,0.9948453608247423,8,0.875,0.39245400452847334,0.8571428571428571
1930,0.07,29,1.0,0.9958210044537847,0.9545454545454546,0.5816583565288075,29,13,1.0,0.5744329865277176,0.9545454545454546,7.0,1.0,0.48867221189990945,1.0,9,1.0,0.6644175590195247,1.0
1931,0.07,29,1.0,0.9973884025729071,0.9565217391304348,0.5649940941172827,29,12,1.0,0.5304689757034514,0.9565217391304348,7.0,1.0,0.44616887820032575,1.0,10,1.0,0.6896018873557499,1.0
1932,0.07,27,1.0,0.9991677070328756,0.9775280898876404,0.5329007622835872,27,9,1.0,0.45175163569812565,1.0,8.0,1.0,0.5871284228172342,1.0,10,1.0,0.5625528477835853,0.9775280898876404
1933,0.07,30,0.9666666666666667,0.9755794387450469,0.3333333333333333,0.6097254064312876,29,11,0.9090909090909091,0.7008321306280813,0.3333333333333333,11.0,1.0,0.5345409638696481,1.0,8,1.0,0.5878322691829504,0.9775280898876404
1934,0.07,26,1.0,0.9974634549622337,0.9565217391304348,0.6030973863970511,26,14,1.0,0.6592868968284166,0.9565217391304348,5.0,1.0,0.521148118279404,1.0,7,1.0,0.5492535570469256,0.9775280898876404
1935,0.07,24,1.0,0.9990636704119851,0.9775280898876404,0.5799107421642403,24,9,1.0,0.6150148784797675,1.0,7.0,1.0,0.5133760725191625,1.0,8,1.0,0.5986364247487153,0.9775280898876404
1936,0.07,32,1.0,0.9978772982635342,0.9545454545454546,0.5910029078375976,32,17,1.0,0.615826638486532,0.9545454545454546,8.0,1.0,0.6094167081080509,1.0,7,1.0,0.5096723616668102,0.9775280898876404
1937,0.07,28,1.0,0.9964925630179267,0.9565217391304348,0.5400151874224685,28,11,1.0,0.4918386112048559,0.9565217391304348,6.0,1.0,0.5339056944180612,1.0,11,1.0,0.5915242143697581,0.9775280898876404
1938,0.1,25,0.88,0.9583135704874836,0.3333333333333333,0.5106664243325871,22,12,0.75,0.49176927782699403,0.3333333333333333,4.0,1.0,0.7184294440910971,1.0,9,1.0,0.4435234997807067,0.9565217391304348
1939,0.07,29,1.0,0.9992251065478497,0.9775280898876404,0.617485725503822,29,16,1.0,0.6280853208259586,1.0,4.0,1.0,0.6476469706965233,1.0,9,1.0,0.5852370026232677,0.9775280898876404
1940,0.07,29,1.0,1.0,1.0,0.5974179727512403,29,10,1.0,0.6034498674074635,1.0,7.0,1.0,0.7141538479815511,1.0,12,1.0,0.5242954666533731,1.0
1941,0.07,26,1.0,0.9957152032139819,0.9545454545454546,0.5437689268043872,26,11,1.0,0.5426530434217066,0.9545454545454546,7.0,1.0,0.4168299463171844,1.0,8,1.0,0.6563748743818755,0.9775280898876404
1942,0.07,27,1.0,1.0,1.0,0.5241475576267043,27,10,1.0,0.4731355649593734,1.0,8.0,1.0,0.5152472520659819,1.0,9,1.0,0.5887389321999366,1.0
1943,0.07,31,1.0,1.0,1.0,0.5870984708624363,31,12,1.0,0.5045393953428027,1.0,6.0,1.0,0.6063180705552946,1.0,13,1.0,0.654436263791548,1.0
1944,0.07,30,1.0,0.9974095796676442,0.9545454545454546,0.5752855592090601,30,13,1.0,0.5762661428368177,0.9545454545454546,9.0,1.0,0.6025308519833151,1.0,8,1.0,0.5430411564429168,1.0
1945,0.07,25,1.0,0.9982608695652173,0.9565217391304348,0.6387529925080889,25,11,1.0,0.599037914644823,0.9565217391304348,7.0,1.0,0.681728377269286,1.0,7,1.0,0.6581870158177382,1.0
1946,0.07,29,0.9655172413793104,0.9739448457589387,0.3333333333333333,0.6016423249338544,28,15,0.9333333333333333,0.5869637278128497,0.3333333333333333,9.0,1.0,0.5922632461473566,1.0,5,1.0,0.6625604581125646,1.0
1947,0.07,25,1.0,0.9987096774193549,0.967741935483871,0.47252402134816884,25,8,1.0,0.41879646097616746,0.967741935483871,8.0,1.0,0.48021055696076076,1.0,9,1.0,0.5134493766898662,1.0
1948,0.07,23,1.0,0.9990229604298975,0.9775280898876404,0.5802161960875445,23,13,1.0,0.6070234191587092,1.0,7.0,1.0,0.5047329048478827,1.0,3,1.0,0.640179242338374,0.9775280898876404
1949,0.07,22,1.0,1.0,1.0,0.6501358022640871,22,13,1.0,0.6441545745510029,1.0,6.0,1.0,0.7091725667951997,1.0,3,1.0,0.557980926625226,1.0
1950,0.07,31,1.0,0.9989594172736733,0.967741935483871,0.5906696950462165,31,16,1.0,0.6212565255939486,0.967741935483871,7.0,1.0,0.5619521727671777,1.0,8,1.0,0.5546238659449106,1.0
1951,0.07,28,0.9642857142857143,0.9753879079721777,0.3333333333333333,0.542587051751582,27,12,0.9166666666666666,0.40828111009668616,0.3333333333333333,8.0,1.0,0.6410894894114314,1.0,8,1.0,0.6455435265740759,0.9775280898876404
1952,0.07,28,1.0,0.9972245496439045,0.9545454545454546,0.5724087427356561,28,13,1.0,0.552547136651677,0.9545454545454546,6.0,1.0,0.47399608268567767,1.0,9,1.0,0.6667061693347227,1.0
1953,0.07,27,0.9629629629629629,0.9741138988450816,0.3333333333333333,0.5838069970570727,26,13,0.9230769230769231,0.6566680678527845,0.3333333333333333,5.0,1.0,0.4489328566741634,1.0,9,1.0,0.5534933061204386,1.0
1954,0.07,31,1.0,1.0,1.0,0.6110061871163865,31,13,1.0,0.6106701546507641,1.0,9.0,1.0,0.5797164140768257,1.0,9,1.0,0.6427813403840684,1.0
1955,0.07,28,1.0,0.9972951312362252,0.9565217391304348,0.5641091005104718,28,13,1.0,0.5043303428462274,0.9565217391304348,6.0,1.0,0.7303681257313205,1.0,9,1.0,0.5396168447671481,1.0
1956,0.07,27,1.0,0.9983164983164983,0.9545454545454546,0.6109592272125747,27,12,1.0,0.5649884323530453,0.9545454545454546,9.0,1.0,0.6498874428985651,1.0,6,1.0,0.6445084934026472,1.0
1957,0.07,26,1.0,0.9965795074490728,0.9545454545454546,0.609232850198315,26,10,1.0,0.5841864792002028,0.9545454545454546,4.0,1.0,0.5176980038711991,1.0,12,1.0,0.660616441472447,1.0
1958,0.03,25,1.0,1.0,1.0,0.8130342759401874,25,10,1.0,0.7650013268034772,1.0,6.0,1.0,0.7913520197986573,1.0,9,1.0,0.8808590568531076,1.0
1959,0.07,28,0.9642857142857143,0.9710596625850262,0.3333333333333333,0.49218146470954843,27,11,0.9090909090909091,0.4399404581159294,0.3333333333333333,7.0,1.0,0.4318861957087468,1.0,10,1.0,0.5918532602630905,0.9775280898876404
1960,0.07,25,1.0,0.9982608695652173,0.9565217391304348,0.6223987227077532,25,13,1.0,0.6487942494809287,0.9565217391304348,6.0,1.0,0.6700146650245563,1.0,6,1.0,0.5175924723824031,1.0
1961,0.07,25,1.0,0.9955438113425411,0.9545454545454546,0.5605752958076935,25,12,1.0,0.545718144579033,0.9545454545454546,6.0,1.0,0.5325157159181031,1.0,7,1.0,0.61009576639076,0.9775280898876404
1962,0.07,26,1.0,0.9987593052109182,0.967741935483871,0.5914268002695053,26,8,1.0,0.5773565802774482,0.967741935483871,9.0,1.0,0.5734057228974395,1.0,9,1.0,0.6219547398567333,1.0
1963,0.07,25,0.96,0.9694050039134112,0.3333333333333333,0.586609040342325,24,12,0.9166666666666666,0.6268265730145353,0.3333333333333333,4.0,1.0,0.566463056113451,1.0,9,1.0,0.541939434214433,0.9775280898876404
1964,0.07,23,1.0,0.998109640831758,0.9565217391304348,0.6034801824074133,23,8,1.0,0.7084955259093731,0.9565217391304348,8.0,1.0,0.444934801756803,1.0,7,1.0,0.6646573677201568,1.0
1965,0.07,28,0.9642857142857143,0.9745670995670996,0.3333333333333333,0.5697559152103269,27,16,0.9375,0.5553067569477608,0.3333333333333333,7.0,1.0,0.5053416256677318,1.0,5,1.0,0.7061732270101715,1.0
1966,0.07,30,0.9666666666666667,0.9763285024154589,0.3333333333333333,0.5685769721072516,29,18,0.9444444444444444,0.5182285724919199,0.3333333333333333,6.0,1.0,0.59274131883066,1.0,6,1.0,0.6954578242298383,1.0
1967,0.1,28,0.8571428571428571,0.9561786682400436,0.3333333333333333,0.4671134526602557,24,13,0.7692307692307693,0.4651577745628313,0.3333333333333333,10.0,1.0,0.47577770935082614,0.95,5,0.8,0.4548697023324181,0.8571428571428571
1968,0.07,26,1.0,0.9987593052109182,0.967741935483871,0.5752735646770893,26,10,1.0,0.6257786116085153,0.967741935483871,7.0,1.0,0.4875796118180761,1.0,9,1.0,0.5873632536436265,1.0
1969,0.07,28,1.0,1.0,1.0,0.5940014448686233,28,13,1.0,0.6327185453798206,1.0,5.0,1.0,0.5680712962654594,1.0,10,1.0,0.5566342885056487,1.0
1970,0.07,28,1.0,0.9968238283455675,0.9545454545454546,0.5385897555802149,28,12,1.0,0.5286997855550961,0.9545454545454546,7.0,1.0,0.5825990720328792,1.0,9,1.0,0.5175469139283012,1.0
1971,0.07,28,1.0,0.9972245496439045,0.9545454545454546,0.6075338349484082,28,19,1.0,0.6038251192261078,0.9545454545454546,6.0,1.0,0.5743535025095878,1.0,3,1.0,0.6973830327339505,1.0
1972,0.07,26,1.0,0.9982517482517482,0.9545454545454546,0.5831313904827486,26,12,1.0,0.5646358247156091,0.9545454545454546,4.0,1.0,0.5200389341192984,1.0,10,1.0,0.630563051948696,1.0
1973,0.07,24,1.0,0.9967619745845552,0.9545454545454546,0.5799288532336394,24,14,1.0,0.5625151875350327,0.9545454545454546,6.0,1.0,0.5315398108015404,1.0,4,1.0,0.7134602468269107,1.0
1974,0.07,29,1.0,0.9984326018808777,0.9545454545454546,0.5341376453598107,29,14,1.0,0.5214303767173103,0.9545454545454546,8.0,1.0,0.6122539566179541,1.0,7,1.0,0.4702763983497903,1.0
1975,0.07,27,0.9629629629629629,0.9744763490081843,0.3333333333333333,0.5598493513030492,26,15,0.9333333333333333,0.579704772719739,0.3333333333333333,7.0,1.0,0.597604752104709,1.0,5,1.0,0.44742552593065676,0.9775280898876404
1976,0.03,29,1.0,1.0,1.0,0.8095331903593709,29,15,1.0,0.7856387389812779,1.0,5.0,1.0,0.8139209210586806,1.0,9,1.0,0.8469196478232426,1.0
1977,0.1,24,0.875,0.9605445506428653,0.3333333333333333,0.49675719703967564,21,12,0.75,0.4822758033230909,0.3333333333333333,3.0,1.0,0.5247685030727526,1.0,9,1.0,0.5067286199840962,0.9775280898876404
1978,0.07,26,1.0,0.9991356957649093,0.9775280898876404,0.635918942275305,26,14,1.0,0.6345164983883622,1.0,5.0,1.0,0.7550444612738352,1.0,7,1.0,0.553634173621669,0.9775280898876404
1979,0.07,24,1.0,0.9986559139784946,0.967741935483871,0.5816343656223236,24,10,1.0,0.5216298175757202,0.967741935483871,6.0,1.0,0.5914648680333985,1.0,8,1.0,0.6492671738722718,1.0
1980,0.07,23,1.0,0.998109640831758,0.9565217391304348,0.5790618551632104,23,9,1.0,0.636582870680861,0.9565217391304348,7.0,1.0,0.5914651389592402,1.0,7,1.0,0.49270297998734486,1.0
1981,0.07,28,0.9642857142857143,0.9761904761904762,0.3333333333333333,0.5348434956236111,27,15,0.9333333333333333,0.5277752568687244,0.3333333333333333,9.0,1.0,0.5832328419893865,1.0,4,1.0,0.45247336163144086,1.0
1982,0.07,24,1.0,0.9981060606060606,0.9545454545454546,0.5733771054952242,24,12,1.0,0.6104629695899554,0.9545454545454546,5.0,1.0,0.4262890265906233,1.0,7,1.0,0.6148642519789717,1.0
1983,0.07,23,0.9565217391304348,0.964768284886119,0.3333333333333333,0.6041439317718478,22,12,0.9166666666666666,0.6156038661434441,0.3333333333333333,5.0,1.0,0.5788790255003377,1.0,6,1.0,0.602278151588247,0.9775280898876404
1984,0.07,29,1.0,0.9965453613764471,0.9545454545454546,0.6025065732174513,29,16,1.0,0.6049468941502825,0.9545454545454546,5.0,1.0,0.6415238355270763,1.0,8,1.0,0.573240142408273,0.9775280898876404
1985,0.07,24,0.9583333333333334,0.9708781362007168,0.3333333333333333,0.5472226563881181,23,12,0.9166666666666666,0.5266983544065673,0.3333333333333333,7.0,1.0,0.4969239765164427,1.0,5,1.0,0.6668991329641852,1.0
1986,0.07,26,1.0,0.9983277591973244,0.9565217391304348,0.6046871786741727,26,9,1.0,0.5959121966014889,0.9565217391304348,7.0,1.0,0.4756472815941931,1.0,10,1.0,0.702912590495574,1.0
1987,0.07,23,1.0,0.9961333562467779,0.9545454545454546,0.5130548882698046,23,14,1.0,0.5035812922670843,0.9545454545454546,2.0,1.0,0.3810692961266505,1.0,7,1.0,0.5697122494590032,1.0
1988,0.07,28,0.9642857142857143,0.9761904761904762,0.3333333333333333,0.6150111183318916,27,13,0.9230769230769231,0.6204908610470914,0.3333333333333333,7.0,1.0,0.5904908370948595,1.0,8,1.0,0.6275617825020952,1.0
1989,0.07,25,1.0,0.9964426877470356,0.9545454545454546,0.5858503391075157,25,11,1.0,0.5955845384831686,0.9545454545454546,7.0,1.0,0.5772187121710972,1.0,7,1.0,0.5791853670250512,1.0
1990,0.07,29,1.0,0.9969333515060652,0.9545454545454546,0.5226251837731198,29,12,1.0,0.4939564989365837,0.9545454545454546,7.0,1.0,0.5142868971076152,1.0,10,1.0,0.5628644062428163,1.0
1991,0.07,23,1.0,0.998109640831758,0.9565217391304348,0.6281155783210095,23,9,1.0,0.5648363235456024,0.9565217391304348,7.0,1.0,0.6156418706938597,1.0,7,1.0,0.7219483278022542,1.0
1992,0.07,27,1.0,0.9983164983164983,0.9545454545454546,0.6242312852984467,27,12,1.0,0.519795182767338,0.9545454545454546,8.0,1.0,0.6509170887189952,1.0,7,1.0,0.7727665428711488,1.0
1993,0.07,28,1.0,0.9972951312362252,0.9565217391304348,0.5550802551763179,28,15,1.0,0.5520382242649507,0.9565217391304348,10.0,1.0,0.536108789273686,1.0,3,1.0,0.6335286294085939,1.0
1994,0.07,29,0.9655172413793104,0.974669202681601,0.3333333333333333,0.552575275775938,28,11,0.9090909090909091,0.5022712085688842,0.3333333333333333,7.0,1.0,0.5617149208648647,1.0,11,1.0,0.5970632051991297,0.9775280898876404
1995,0.07,21,1.0,0.9984639016897082,0.967741935483871,0.5549489891622785,21,11,1.0,0.5758976877753634,0.967741935483871,3.0,1.0,0.2899171262272703,1.0,7,1.0,0.6356146897424344,1.0
1996,0.07,23,1.0,0.9990229604298975,0.9775280898876404,0.6120432796569937,23,9,1.0,0.7016416296172012,1.0,5.0,1.0,0.4446486417317753,1.0,9,1.0,0.615441950766352,0.9775280898876404
1997,0.07,27,0.9629629629629629,0.973625140291807,0.3333333333333333,0.5752983849945872,26,13,0.9230769230769231,0.6098115353652745,0.3333333333333333,6.0,1.0,0.5350407971502004,1.0,8,1.0,0.5494077065255103,1.0
1998,0.1,27,0.8888888888888888,0.9604322270466003,0.3333333333333333,0.4691550518103246,24,13,0.7692307692307693,0.45171596372654926,0.3333333333333333,6.0,1.0,0.4866140964325946,0.9948453608247423,8,1.0,0.48439928647975683,0.9565217391304348
1999,0.07,23,1.0,0.998109640831758,0.9565217391304348,0.6335771457632378,23,14,1.0,0.6415686560936498,0.9565217391304348,3.0,1.0,0.44855669575346613,1.0,6,1.0,0.7074405133304956,1.0
2000,0.07,29,1.0,1.0,1.0,0.5822833995858803,29,10,1.0,0.6055619941806671,1.0,10.0,1.0,0.5231494103708146,1.0,9,1.0,0.6221227269417448,1.0
2001,0.07,22,1.0,0.9965574397551957,0.9565217391304348,0.6260674667108249,22,14,1.0,0.6389912505959965,0.9565217391304348,3.0,1.0,0.45869209850660103,1.0,5,1.0,0.6903060927548786,1.0
2002,0.07,29,1.0,0.9969333515060652,0.9545454545454546,0.5570671882603319,29,15,1.0,0.5331258448099963,0.9545454545454546,7.0,1.0,0.5641058085752754,1.0,7,1.0,0.601331446767536,1.0
2003,0.07,27,1.0,0.9979729639026487,0.967741935483871,0.6418928790743024,27,14,1.0,0.628323337547739,0.967741935483871,3.0,1.0,0.6798065555047845,1.0,10,1.0,0.6495161342823466,0.9775280898876404
2004,0.07,23,0.9565217391304348,0.9677216090412016,0.3333333333333333,0.6087126375926212,22,13,0.9230769230769231,0.5989980881421353,0.3333333333333333,5.0,1.0,0.5118267701890832,1.0,5,1.0,0.7308563335674229,1.0
2005,0.07,28,1.0,0.9975740551583249,0.9545454545454546,0.5925438553763288,28,14,1.0,0.5834902346827235,0.9545454545454546,4.0,1.0,0.6907871174982816,1.0,10,1.0,0.5659216194985952,0.9775280898876404
2006,0.07,25,0.96,0.9706162751106571,0.3333333333333333,0.5660817710017996,24,16,0.9375,0.5478468227126857,0.3333333333333333,4.0,1.0,0.5368691790638503,1.0,5,1.0,0.6478036790773236,0.9775280898876404
2007,0.07,27,0.9629629629629629,0.9753086419753086,0.3333333333333333,0.5571242233677812,26,14,0.9285714285714286,0.5379801391550371,0.3333333333333333,3.0,1.0,0.48426325407775667,1.0,10,1.0,0.6057842320526305,1.0
2008,0.07,22,1.0,0.9979338842975206,0.9545454545454546,0.585637828332252,22,11,1.0,0.6108049534065801,0.9545454545454546,6.0,1.0,0.5101495695335184,1.0,5,1.0,0.6208560637272103,1.0
2009,0.07,26,1.0,0.9991356957649093,0.9775280898876404,0.5499181078119311,26,8,1.0,0.564506811526361,1.0,8.0,1.0,0.5868874613370141,1.0,10,1.0,0.5086716620203205,0.9775280898876404
2010,0.07,28,0.9642857142857143,0.9745670995670996,0.3333333333333333,0.6014945027296658,27,15,0.9333333333333333,0.5813680652177098,0.3333333333333333,6.0,1.0,0.5676602748183981,1.0,7,1.0,0.6736233498935151,1.0
2011,0.1,24,0.875,0.979097807616529,0.8043478260869565,0.49479176978221245,21,14,0.7857142857142857,0.5053328973085678,0.8043478260869565,4.0,1.0,0.44505705249697686,1.0,6,1.0,0.5033522837442073,0.9565217391304348
2012,0.1,30,0.8666666666666667,0.9577095993905558,0.3333333333333333,0.46631989517045636,26,14,0.7142857142857143,0.4164082591286244,0.3333333333333333,6.0,1.0,0.5118585004239646,0.9948453608247423,10,1.0,0.5088730224769162,0.9565217391304348
2013,0.1,25,0.84,0.9543513656588359,0.3333333333333333,0.42885043754901664,21,14,0.7142857142857143,0.4712395135891479,0.3333333333333333,7.0,1.0,0.3957919113527645,0.9948453608247423,4,1.0,0.3383410922519986,0.9565217391304348
2014,0.07,33,0.9696969696969697,0.9761255291664573,0.3333333333333333,0.5880474257847728,32,18,0.9444444444444444,0.5550640486146365,0.3333333333333333,7.0,1.0,0.686940999766313,1.0,8,1.0,0.5757281471837316,1.0
2015,0.07,31,0.967741935483871,0.9759877652697633,0.3333333333333333,0.5546359612911995,30,14,0.9285714285714286,0.5669200258488173,0.3333333333333333,9.0,1.0,0.48331721204060546,1.0,8,1.0,0.6133724412222866,1.0
2016,0.07,28,1.0,0.9972245496439045,0.9545454545454546,0.5723486813830576,28,17,1.0,0.5761112031866007,0.9545454545454546,3.0,1.0,0.43173128837727925,1.0,8,1.0,0.6170848449276958,1.0
2017,0.07,28,0.9642857142857143,0.9742358342394587,0.3333333333333333,0.6349590410345284,27,14,0.9285714285714286,0.6393770851093794,0.3333333333333333,6.0,1.0,0.668105288107911,1.0,8,1.0,0.6023677785985027,0.9775280898876404
2018,0.07,23,1.0,0.998109640831758,0.9565217391304348,0.6135480470630009,23,11,1.0,0.5287935401454866,0.9565217391304348,7.0,1.0,0.6467145233581151,1.0,5,1.0,0.7535748954683729,1.0
2019,0.1,24,0.875,0.955640306336447,0.3333333333333333,0.4855942627795981,21,12,0.75,0.4407812054463068,0.3333333333333333,5.0,1.0,0.6768243712026581,1.0,7,1.0,0.4258237121916257,0.9565217391304348
2020,0.07,30,1.0,0.9967263921500649,0.9565217391304348,0.592932452909598,30,14,1.0,0.6173812531550977,0.9565217391304348,6.0,1.0,0.47873735238280785,1.0,10,1.0,0.6272211928819726,0.9775280898876404
2021,0.07,21,1.0,0.9973938107319769,0.967741935483871,0.5349837540141548,21,6,1.0,0.6412572851445996,0.967741935483871,5.0,1.0,0.49878217052701973,1.0,10,1.0,0.4893204270794552,0.9775280898876404
2022,0.07,28,1.0,0.9991974317817015,0.9775280898876404,0.5307246579461921,28,11,1.0,0.5679475560994653,1.0,10.0,1.0,0.5282263130799724,1.0,7,1.0,0.4758005963713625,0.9775280898876404
2023,0.07,25,0.96,0.9706953264940563,0.3333333333333333,0.5414470937159139,24,11,0.9090909090909091,0.4519678012369894,0.3333333333333333,6.0,1.0,0.5542798402832482,1.0,8,1.0,0.6548565609489343,0.9775280898876404
2024,0.07,25,0.96,0.9733333333333333,0.3333333333333333,0.5743737342572314,24,8,0.875,0.5081461483664266,0.3333333333333333,6.0,1.0,0.5534196976833737,1.0,11,1.0,0.6339687257635572,1.0
2025,0.07,21,1.0,0.9978354978354977,0.9545454545454546,0.495140045693801,21,7,1.0,0.45898598536182844,0.9545454545454546,4.0,1.0,0.29399286859389767,1.0,10,1.0,0.6009067587661432,1.0
2026,0.07,28,1.0,0.998447204968944,0.9565217391304348,0.5556178644722031,28,11,1.0,0.6107585484034811,0.9565217391304348,7.0,1.0,0.43539608853309303,1.0,10,1.0,0.5791183553051742,1.0
2027,0.07,28,0.9642857142857143,0.9761904761904762,0.3333333333333333,0.6378366708320806,27,12,0.9166666666666666,0.6080440674839362,0.3333333333333333,9.0,1.0,0.6587412427786862,1.0,7,1.0,0.6620323983546929,1.0
2028,0.07,26,0.9615384615384616,0.9743589743589743,0.3333333333333333,0.5657875171404771,25,13,0.9230769230769231,0.529347945107727,0.3333333333333333,5.0,1.0,0.4895753647908242,1.0,8,1.0,0.6726344169122295,1.0
2029,0.1,27,0.8518518518518519,0.9527691200957866,0.3333333333333333,0.4646874974352062,23,14,0.7142857142857143,0.45461186017513505,0.3333333333333333,4.0,1.0,0.43644728454468906,0.9948453608247423,9,1.0,0.4929119166799913,0.9775280898876404
2030,0.07,30,0.9666666666666667,0.9763285024154589,0.3333333333333333,0.6000596711608297,29,15,0.9333333333333333,0.5715308352301383,0.3333333333333333,10.0,1.0,0.6149523473430492,1.0,5,1.0,0.655860826588465,1.0
2031,0.07,30,1.0,0.9985507246376811,0.9565217391304348,0.6273723312785627,30,11,1.0,0.704151536159343,0.9565217391304348,10.0,1.0,0.6003746548489259,1.0,9,1.0,0.5635284991238722,1.0
2032,0.07,27,1.0,0.998389694041868,0.9565217391304348,0.6113406161057798,27,10,1.0,0.7179351853873148,0.9565217391304348,11.0,1.0,0.4900920562135061,1.0,6,1.0,0.6559720271057238,1.0
2033,0.1,27,0.8888888888888888,0.9609697397971076,0.3333333333333333,0.504427125666505,24,12,0.8333333333333334,0.4589487231281346,0.3333333333333333,8.0,1.0,0.5378454113229266,0.95,7,0.8571428571428571,0.5441977749820864,0.8571428571428571
2034,0.07,29,0.9655172413793104,0.9755122438780609,0.3333333333333333,0.5778568368958927,28,17,0.9411764705882353,0.547351608335579,0.3333333333333333,5.0,1.0,0.48645654836855207,1.0,7,1.0,0.7172268837761838,1.0
2035,0.07,28,1.0,0.9983766233766234,0.9545454545454546,0.6107236401673458,28,13,1.0,0.5517095497281231,0.9545454545454546,8.0,1.0,0.6623332346873471,1.0,7,1.0,0.6613388429601865,1.0
2036,0.07,25,1.0,1.0,1.0,0.6004082168734853,25,10,1.0,0.5118449214180028,1.0,7.0,1.0,0.6470425840378259,1.0,8,1.0,0.6703072649240405,1.0
2037,0.07,27,1.0,0.9974842053493739,0.9545454545454546,0.5852880407937726,27,11,1.0,0.5704423425623163,0.9545454545454546,7.0,1.0,0.6437498450390661,1.0,9,1.0,0.5579624908858797,0.9775280898876404
2038,0.1,29,0.8620689655172413,0.9628757050046405,0.3333333333333333,0.44431473270481514,25,10,0.7,0.44942909054525765,0.3333333333333333,8.0,1.0,0.4742778395225019,1.0,11,0.9090909090909091,0.4178739660733681,0.8571428571428571
2039,0.07,28,0.9642857142857143,0.9750384024577573,0.3333333333333333,0.5446416077876467,27,12,0.9166666666666666,0.5304917828357171,0.3333333333333333,7.0,1.0,0.5539176607012682,1.0,9,1.0,0.5562933332351805,1.0
2040,0.1,29,0.8620689655172413,0.9608757309656859,0.3333333333333333,0.43107024633515206,25,16,0.75,0.45035600747727234,0.3333333333333333,5.0,1.0,0.30313415360810053,1.0,8,1.0,0.4724587820053189,0.9565217391304348
2041,0.07,30,1.0,0.9984848484848484,0.9545454545454546,0.5588154160757756,30,20,1.0,0.5178152361708398,0.9545454545454546,5.0,1.0,0.7487002857594853,1.0,5,1.0,0.5329312660118096,1.0
2042,0.07,28,0.9642857142857143,0.9761904761904762,0.3333333333333333,0.5759225894650634,27,12,0.9166666666666666,0.5818033816489155,0.3333333333333333,9.0,1.0,0.5108452232532454,1.0,7,1.0,0.6495121308507968,1.0
2043,0.07,28,1.0,0.9964925630179267,0.9565217391304348,0.5687776936159219,28,13,1.0,0.5487561169469237,0.9565217391304348,7.0,1.0,0.589941460885191,1.0,8,1.0,0.5827944593424337,0.9775280898876404
2044,0.07,29,0.9655172413793104,0.9770114942528735,0.3333333333333333,0.5646256822971011,28,14,0.9285714285714286,0.609936774090938,0.3333333333333333,9.0,1.0,0.4468697793267979,1.0,6,1.0,0.6355336559002698,1.0
2045,0.1,30,0.8666666666666667,0.9610763749423543,0.3333333333333333,0.4570889099099737,26,16,0.8125,0.4883392960023071,0.3333333333333333,6.0,1.0,0.4011994986374155,0.9948453608247423,8,0.875,0.4365051961797257,0.8571428571428571
2046,0.07,27,0.9629629629629629,0.9711825413665504,0.3333333333333333,0.538550601928644,26,13,0.9230769230769231,0.5279404132833639,0.3333333333333333,7.0,1.0,0.5381998226991295,1.0,7,1.0,0.5586060172136784,0.9775280898876404
2047,0.07,31,1.0,0.9974931416138492,0.9545454545454546,0.577418988364051,31,12,1.0,0.6218400769485001,0.9545454545454546,9.0,1.0,0.5772831723798197,1.0,10,1.0,0.52423591644852,1.0
2048,0.07,26,1.0,0.9991356957649093,0.9775280898876404,0.6319994800788612,26,10,1.0,0.5817616487481604,1.0,7.0,1.0,0.6633204456978152,1.0,9,1.0,0.6634585416315643,0.9775280898876404
2049,0.07,25,1.0,1.0,1.0,0.5873960229667751,25,13,1.0,0.5833484456345963,1.0,5.0,1.0,0.6254715420249377,1.0,7,1.0,0.5677161529707052,1.0
2050,0.07,26,1.0,0.9987593052109182,0.967741935483871,0.6781199477602213,26,16,1.0,0.6650557635092436,0.967741935483871,5.0,1.0,0.6754401678737747,1.0,5,1.0,0.7226051172497976,1.0
2051,0.07,27,0.9629629629629629,0.9753086419753086,0.3333333333333333,0.5935343980419999,26,14,0.9285714285714286,0.6218129706045019,0.3333333333333333,6.0,1.0,0.492484940702647,1.0,7,1.0,0.623591073493584,1.0
2052,0.07,24,1.0,0.9981060606060606,0.9545454545454546,0.6485274560292625,24,14,1.0,0.6597037048216824,0.9545454545454546,4.0,1.0,0.6750236351583786,1.0,6,1.0,0.6047854227608714,1.0
2053,0.07,31,1.0,0.9975568927294938,0.9565217391304348,0.6203388250178756,31,15,1.0,0.6175512804649192,0.9565217391304348,8.0,1.0,0.5490294229818626,1.0,8,1.0,0.696874873090682,1.0
2054,0.07,26,0.9615384615384616,0.9743589743589743,0.3333333333333333,0.5943489108615306,25,13,0.9230769230769231,0.6569212229121599,0.3333333333333333,4.0,1.0,0.4530506134468542,1.0,9,1.0,0.5667659256393669,1.0
2055,0.07,29,1.0,1.0,1.0,0.6220100323159966,29,14,1.0,0.6026854033168222,1.0,6.0,1.0,0.7311372565727758,1.0,9,1.0,0.5793190834768593,1.0
2056,0.07,27,0.9629629629629629,0.9708200912034478,0.3333333333333333,0.5112025380753991,26,13,0.9230769230769231,0.5152142680593317,0.3333333333333333,5.0,1.0,0.30235956244949064,1.0,9,1.0,0.6214316923352231,1.0
2057,0.07,23,0.9565217391304348,0.9677216090412016,0.3333333333333333,0.6063728996876161,22,9,0.8888888888888888,0.5680101181089697,0.3333333333333333,5.0,1.0,0.6906827340380757,1.0,9,1.0,0.5978968844048957,1.0
2058,0.1,20,0.8,0.9462367156226413,0.3333333333333333,0.4812403621558793,16,14,0.7142857142857143,0.46154826586235814,0.3333333333333333,3.0,1.0,0.5833295114118388,0.9948453608247423,3,1.0,0.47104766226968503,1.0
2059,0.07,27,1.0,0.9988052568697731,0.967741935483871,0.5958132526555346,27,14,1.0,0.5449963079170432,0.967741935483871,5.0,1.0,0.6782530360583687,1.0,8,1.0,0.6332180413211235,1.0
2060,0.07,23,0.9565217391304348,0.9710144927536232,0.3333333333333333,0.547852343851459,22,11,0.9090909090909091,0.5207653409512039,0.3333333333333333,7.0,1.0,0.6142716422747068,1.0,5,1.0,0.5144567324394739,1.0
2061,0.07,28,1.0,0.9988479262672811,0.967741935483871,0.5598744860973032,28,14,1.0,0.5597114403924228,0.967741935483871,7.0,1.0,0.507054410713313,1.0,7,1.0,0.6130206528910539,1.0
2062,0.07,27,0.9629629629629629,0.9727928473246825,0.3333333333333333,0.5676176222737439,26,13,0.9230769230769231,0.5227964419166302,0.3333333333333333,5.0,1.0,0.621698350356445,1.0,9,1.0,0.6023144782991853,0.9775280898876404
2063,0.07,28,1.0,0.9975740551583249,0.9545454545454546,0.6437245086637973,28,14,1.0,0.6420026729098954,0.9545454545454546,8.0,1.0,0.611527425907987,1.0,6,1.0,0.6906715690973155,0.9775280898876404
2064,0.07,23,1.0,0.9970466758449171,0.9545454545454546,0.47415686910523314,23,10,1.0,0.4688475337244767,0.9545454545454546,6.0,1.0,0.44303311844272925,1.0,7,1.0,0.5084191345027458,0.9775280898876404
2065,0.07,25,0.96,0.9694050039134112,0.3333333333333333,0.5699658994389922,24,13,0.9230769230769231,0.5495090471427598,0.3333333333333333,6.0,1.0,0.6475991519915059,1.0,6,1.0,0.536655826861649,0.9775280898876404
2066,0.07,29,0.9655172413793104,0.9728324987066583,0.3333333333333333,0.5666045586781687,28,15,0.9333333333333333,0.4996014995668083,0.3333333333333333,6.0,1.0,0.5695498441645138,1.0,8,1.0,0.6900263303972107,1.0
2067,0.07,29,0.9655172413793104,0.9762366008007233,0.3333333333333333,0.5954114758128494,28,12,0.9166666666666666,0.5416426064616705,0.3333333333333333,5.0,1.0,0.5338285195582679,1.0,12,1.0,0.6748399102701041,0.9775280898876404
2068,0.1,27,0.8518518518518519,0.9567289154122233,0.3333333333333333,0.4923292311486125,23,12,0.6666666666666666,0.5016947860051951,0.3333333333333333,8.0,1.0,0.4638530821507083,1.0,7,1.0,0.5088181645349328,0.9565217391304348
2069,0.07,26,0.9615384615384616,0.9713700278216406,0.3333333333333333,0.5654535625939008,25,14,0.9285714285714286,0.5804526603783857,0.3333333333333333,5.0,1.0,0.3845575808898084,1.0,7,1.0,0.6646667825278542,1.0
2070,0.07,25,0.96,0.9733333333333333,0.3333333333333333,0.6199402263321199,24,6,0.8333333333333334,0.5366166952731933,0.3333333333333333,10.0,1.0,0.5794726480347373,1.0,9,1.0,0.7204532229240513,1.0
2071,0.07,20,1.0,0.9977272727272727,0.9545454545454546,0.6655162814702333,20,11,1.0,0.6420141563156663,0.9545454545454546,6.0,1.0,0.6998884544059231,1.0,3,1.0,0.6829463944989326,1.0
2072,0.1,25,0.84,0.9569119747552094,0.3333333333333333,0.49777766293541253,21,13,0.7692307692307693,0.4734902276981029,0.3333333333333333,4.0,1.0,0.5733377687789233,0.9948453608247423,8,0.875,0.4994646922742856,0.8571428571428571
2073,0.07,23,1.0,0.9990229604298975,0.9775280898876404,0.6307305579281379,23,10,1.0,0.6773195704159122,1.0,5.0,1.0,0.6746156788768112,1.0,8,1.0,0.5450660917254992,0.9775280898876404
2074,0.07,27,1.0,0.9955114492281392,0.9545454545454546,0.6348136080909436,27,14,1.0,0.5570438299289591,0.9545454545454546,5.0,1.0,0.8278751404222726,1.0,8,1.0,0.6502472621673356,1.0
2075,0.07,26,1.0,0.9982517482517482,0.9545454545454546,0.5104072680686499,26,13,1.0,0.5108573335392507,0.9545454545454546,7.0,1.0,0.4924848895467696,1.0,6,1.0,0.5303415678245421,1.0
2076,0.07,24,0.9583333333333334,0.9708781362007168,0.3333333333333333,0.5844285836965128,23,12,0.9166666666666666,0.6296085350692039,0.3333333333333333,8.0,1.0,0.5045667937688535,1.0,4,1.0,0.6086123094337579,1.0
2077,0.07,33,0.9696969696969697,0.9784205693296603,0.3333333333333333,0.5872747999698784,32,17,0.9411764705882353,0.5502479961431982,0.3333333333333333,7.0,1.0,0.5319081484205957,1.0,9,1.0,0.7002772695141609,1.0
2078,0.1,30,0.8666666666666667,0.9585518307628312,0.3333333333333333,0.4617184724221121,26,15,0.8,0.44086469266481093,0.3333333333333333,8.0,1.0,0.540397680741858,0.9948453608247423,7,0.8571428571428571,0.4164860481080478,0.8571428571428571
2079,0.07,27,0.9629629629629629,0.9732816058779572,0.3333333333333333,0.5730690487742296,26,13,0.9230769230769231,0.5734221881012174,0.3333333333333333,7.0,1.0,0.47618830894826186,1.0,7,1.0,0.6692939584215057,0.9775280898876404
2080,0.07,26,0.9615384615384616,0.9713700278216406,0.3333333333333333,0.5156699857945578,25,13,0.9230769230769231,0.521877265539245,0.3333333333333333,5.0,1.0,0.568868935300751,1.0,8,1.0,0.4723338127680704,1.0
2081,0.1,27,0.8518518518518519,0.9603662574677067,0.3333333333333333,0.4685607964593903,23,17,0.7647058823529411,0.4807567436437336,0.3333333333333333,2.0,1.0,0.397818368681678,1.0,8,1.0,0.46033001563708864,1.0
2082,0.07,25,1.0,0.9972829417773238,0.9545454545454546,0.5866713475642765,25,16,1.0,0.5697958488056899,0.9545454545454546,5.0,1.0,0.5108195955017015,1.0,4,1.0,0.7489880326768426,0.9775280898876404
2083,0.07,20,0.95,0.9655430711610486,0.3333333333333333,0.6435207338153246,19,9,0.8888888888888888,0.607198301078874,0.3333333333333333,2.0,1.0,0.6730809527135573,1.0,9,1.0,0.6732742290188346,0.9775280898876404
2084,0.07,27,1.0,0.9974842053493739,0.9545454545454546,0.5664583334229588,27,8,1.0,0.5768298949438289,0.9545454545454546,8.0,1.0,0.5419586352850465,1.0,11,1.0,0.5767333418717171,0.9775280898876404
2085,0.07,29,1.0,0.9973884025729071,0.9565217391304348,0.5559546728566336,29,14,1.0,0.5878158121786895,0.9565217391304348,8.0,1.0,0.46335035516634837,1.0,7,1.0,0.5980659001442765,1.0
2086,0.07,25,0.96,0.9733333333333333,0.3333333333333333,0.5708537065717156,24,14,0.9285714285714286,0.5560607361308375,0.3333333333333333,5.0,1.0,0.617120604530204,1.0,6,1.0,0.5668148893016904,1.0
2087,0.07,27,1.0,0.9955114492281394,0.9545454545454546,0.5469899889377468,27,17,1.0,0.553713652060102,0.9545454545454546,3.0,1.0,0.5314046178263542,1.0,7,1.0,0.5373405375454805,1.0
2088,0.07,24,0.9583333333333334,0.9690665419978183,0.3333333333333333,0.5763484073934092,23,15,0.9333333333333333,0.5964386310356793,0.3333333333333333,5.0,1.0,0.4445428242150122,1.0,4,1.0,0.6657670477078927,1.0
2089,0.07,27,0.9629629629629629,0.9727928473246825,0.3333333333333333,0.5744074691692782,26,12,0.9166666666666666,0.530380349495616,0.3333333333333333,7.0,1.0,0.48841103867451335,1.0,8,1.0,0.7156950253626908,0.9775280898876404
2090,0.07,21,0.9523809523809523,0.9682539682539681,0.3333333333333333,0.5495308406401487,20,7,0.8571428571428571,0.5237274523356247,0.3333333333333333,7.0,1.0,0.5191489569429745,1.0,7,1.0,0.6057161126418471,1.0
2091,0.07,26,1.0,0.9982517482517482,0.9545454545454546,0.5783153067657308,26,12,1.0,0.5078182849499979,0.9545454545454546,4.0,1.0,0.555298997580076,1.0,10,1.0,0.6721182566188723,1.0
2092,0.1,25,0.88,0.9601645021645021,0.3333333333333333,0.495421442799614,22,8,0.75,0.4155791702873505,0.3333333333333333,8.0,1.0,0.5836501082557023,0.95,9,0.8888888888888888,0.487966871293992,0.8571428571428571
2093,0.07,30,1.0,0.9989247311827957,0.967741935483871,0.6046791310445123,30,14,1.0,0.6535475913737255,0.967741935483871,7.0,1.0,0.5116514695237682,1.0,9,1.0,0.6010163739374259,1.0
2094,0.07,25,1.0,0.9981818181818182,0.9545454545454546,0.6005267470840728,25,13,1.0,0.6250599689490304,0.9545454545454546,6.0,1.0,0.5943470753834253,1.0,6,1.0,0.5535511047439791,1.0
2095,0.07,29,1.0,0.9988876529477198,0.967741935483871,0.6221889998806185,29,14,1.0,0.6395280169056272,0.967741935483871,5.0,1.0,0.595181779332191,1.0,10,1.0,0.6114179863198203,1.0
2096,0.1,26,0.8846153846153846,0.9833688539111107,0.8043478260869565,0.5213218172725833,23,11,0.8181818181818182,0.5342072187133331,0.8043478260869565,8.0,1.0,0.5116356454439427,1.0,7,0.8571428571428571,0.5121432399555659,0.8571428571428571
2097,0.07,26,1.0,0.9978950009758274,0.967741935483871,0.5458947790346623,26,13,1.0,0.5495856574038883,0.967741935483871,5.0,1.0,0.49720387122113807,1.0,8,1.0,0.5703289190681227,0.9775280898876404
2098,0.07,25,0.96,0.9706162751106571,0.3333333333333333,0.5095516431335689,24,10,0.9,0.5260323743440987,0.3333333333333333,6.0,1.0,0.463918362677123,1.0,9,1.0,0.5216619065372774,0.9775280898876404
2099,0.07,25,0.96,0.9733333333333333,0.3333333333333333,0.5851904574117036,24,11,0.9090909090909091,0.5380973100228181,0.3333333333333333,6.0,1.0,0.6279501851551414,1.0,8,1.0,0.6178737392638428,1.0
2100,0.1,23,0.8695652173913043,0.9807740890123963,0.8043478260869565,0.48503616566542046,20,15,0.8666666666666667,0.554580940396855,0.8043478260869565,3.0,1.0,0.3343895845232465,1.0,5,0.8,0.36678979015642127,0.8571428571428571
2101,0.07,29,0.9655172413793104,0.9762366008007233,0.3333333333333333,0.573566827740253,28,15,0.9333333333333333,0.5597164528653212,0.3333333333333333,7.0,1.0,0.6415932976052698,1.0,7,1.0,0.5352197326072328,0.9775280898876404
2102,0.07,29,1.0,1.0,1.0,0.5615031371196151,29,13,1.0,0.556556820045498,1.0,9.0,1.0,0.5559701468763864,1.0,7,1.0,0.5778029991414119,1.0
2103,0.07,26,1.0,0.9991356957649093,0.9775280898876404,0.5883109997081861,26,7,1.0,0.5786253238285285,1.0,6.0,1.0,0.5105228472175057,1.0,13,1.0,0.6294285878698542,0.9775280898876404
2104,0.1,25,0.88,0.9811535953720133,0.8043478260869565,0.5504288456118757,22,13,0.7692307692307693,0.5198268698777035,0.8043478260869565,4.0,1.0,0.6164187021863301,0.9948453608247423,8,1.0,0.5671621278926783,1.0
2105,0.07,30,1.0,0.9984848484848484,0.9545454545454546,0.6009433110392115,30,14,1.0,0.5729754193491653,0.9545454545454546,8.0,1.0,0.6275228665742384,1.0,8,1.0,0.6233075659617655,1.0
2106,0.07,22,1.0,0.998533724340176,0.967741935483871,0.5302586736211514,22,10,1.0,0.5599135895270267,0.967741935483871,4.0,1.0,0.45521702040891726,1.0,8,1.0,0.5307108553449246,1.0
2107,0.1,31,0.9032258064516129,0.9688385330153416,0.3333333333333333,0.4148037659565392,28,17,0.8235294117647058,0.4504767856302197,0.3333333333333333,6.0,1.0,0.32522175782428414,1.0,8,1.0,0.40618510524915963,1.0
2108,0.07,30,0.9666666666666667,0.9777777777777777,0.3333333333333333,0.5706223019370424,29,13,0.9230769230769231,0.5499746456010394,0.3333333333333333,9.0,1.0,0.49144841565601016,1.0,8,1.0,0.6932453655492081,1.0
2109,0.07,30,0.9666666666666667,0.9745041699278426,0.3333333333333333,0.5301164288622823,29,14,0.9285714285714286,0.4737010268473515,0.3333333333333333,6.0,1.0,0.5865212724690401,1.0,10,1.0,0.575255085519131,0.9775280898876404
2110,0.07,34,1.0,0.9977724610180679,0.9565217391304348,0.6059990396219002,34,20,1.0,0.6059069235466679,0.9565217391304348,5.0,1.0,0.6683017816571233,1.0,9,1.0,0.5715911075472924,1.0
2111,0.07,26,0.9615384615384616,0.9734946701238835,0.3333333333333333,0.6357813706797236,25,14,0.9285714285714286,0.6721505033697202,0.3333333333333333,3.0,1.0,0.42124699086995926,1.0,9,1.0,0.6507186242096509,0.9775280898876404
2112,0.07,30,1.0,0.9981756675123837,0.967741935483871,0.5679920889036745,30,15,1.0,0.5475403496483846,0.967741935483871,7.0,1.0,0.5765903182894352,1.0,8,1.0,0.5988156492948022,0.9775280898876404
2113,0.07,30,0.9666666666666667,0.9752532335982546,0.3333333333333333,0.576304529751327,29,18,0.9444444444444444,0.5089531790995485,0.3333333333333333,5.0,1.0,0.6409029948042526,1.0,7,1.0,0.7033519563895242,1.0
2114,0.07,25,0.96,0.9702248289345063,0.3333333333333333,0.5872400330382177,24,12,0.9166666666666666,0.616985590149397,0.3333333333333333,4.0,1.0,0.6828324802611713,1.0,9,1.0,0.5050937581242215,1.0
2115,0.07,26,0.9615384615384616,0.9709384818080469,0.3333333333333333,0.565912873327166,25,14,0.9285714285714286,0.5744867911587509,0.3333333333333333,7.0,1.0,0.5180322132096655,1.0,5,1.0,0.6089388275632291,1.0
2116,0.07,29,1.0,0.9984326018808777,0.9545454545454546,0.5482269790272499,29,16,1.0,0.5475212291828004,0.9545454545454546,4.0,1.0,0.2659328647411234,1.0,9,1.0,0.6749456962112164,1.0
2117,0.1,29,0.8620689655172413,0.9621972351620414,0.3333333333333333,0.46945447123164874,25,11,0.6363636363636364,0.4156612205021052,0.3333333333333333,8.0,1.0,0.5037633165679958,0.95,10,1.0,0.501179970765069,1.0
2118,0.07,23,1.0,1.0,1.0,0.573088891804773,23,10,1.0,0.5751134824237715,1.0,6.0,1.0,0.4756153855426907,1.0,7,1.0,0.6537453391451311,1.0
2119,0.07,28,0.9642857142857143,0.9745670995670996,0.3333333333333333,0.46637654466671036,27,13,0.9230769230769231,0.4716205642811543,0.3333333333333333,8.0,1.0,0.4567240678008093,1.0,7,1.0,0.467669053229487,1.0
2120,0.07,26,1.0,0.9983277591973244,0.9565217391304348,0.674277726967831,26,16,1.0,0.6804609850102774,0.9565217391304348,3.0,1.0,0.7961209174736714,1.0,7,1.0,0.6079260555111646,1.0
2121,0.07,26,1.0,0.9970870644082426,0.9565217391304348,0.5604444961410363,26,10,1.0,0.6097376426137291,0.9565217391304348,8.0,1.0,0.4841530967535761,1.0,8,1.0,0.5751194624376306,1.0
2122,0.07,26,1.0,0.9961467492275756,0.9545454545454546,0.6132852841684674,26,12,1.0,0.5614806211294062,0.9545454545454546,6.0,1.0,0.6534643678567217,1.0,8,1.0,0.6608579659608681,0.9775280898876404
2123,0.07,26,0.9615384615384616,0.9714460387672168,0.3333333333333333,0.5202425170560855,25,10,0.9,0.4864560668809532,0.3333333333333333,9.0,1.0,0.5731023812087622,1.0,7,1.0,0.5005461919671188,1.0
2124,0.1,29,0.8620689655172413,0.9600853878598861,0.3333333333333333,0.48594262698991736,25,13,0.6923076923076923,0.41398061690456767,0.3333333333333333,8.0,1.0,0.5652700776559778,0.95,8,1.0,0.5235534427125499,1.0
2125,0.1,25,0.88,0.9568405797101449,0.3333333333333333,0.5126019742505669,22,14,0.7857142857142857,0.5209773888688761,0.3333333333333333,6.0,1.0,0.4770854423834252,1.0,5,1.0,0.5317706515598702,1.0
2126,0.1,27,0.8888888888888888,0.981633798300465,0.8333333333333334,0.4970101771961947,24,14,0.8571428571428571,0.475810936399472,0.8333333333333334,8.0,1.0,0.5244230522686939,0.95,5,0.8,0.5125074513110199,0.8571428571428571
2127,0.07,26,1.0,0.9961467492275756,0.9545454545454546,0.6092219324403118,26,10,1.0,0.6524554244160377,0.9545454545454546,4.0,1.0,0.5677574528213141,1.0,12,1.0,0.5870155156668727,0.9775280898876404
2128,0.07,29,0.9655172413793104,0.9743998968257807,0.3333333333333333,0.5783557381735039,28,13,0.9230769230769231,0.5940972333667287,0.3333333333333333,11.0,1.0,0.5776628738785525,1.0,5,1.0,0.5389521521200126,1.0
2129,0.07,26,1.0,0.9987593052109182,0.967741935483871,0.5852798157090849,26,14,1.0,0.6368259169725077,0.967741935483871,3.0,1.0,0.3969791012666364,1.0,9,1.0,0.5678638963356881,1.0
2130,0.07,27,1.0,0.9971217551862713,0.9545454545454546,0.5693658673571677,27,17,1.0,0.5897167426772993,0.9545454545454546,4.0,1.0,0.39352087832211874,1.0,6,1.0,0.6289350466401605,1.0
2131,0.07,25,1.0,0.9987096774193549,0.967741935483871,0.5419731033133268,25,8,1.0,0.4648005430922352,0.967741935483871,11.0,1.0,0.5422505515486852,1.0,6,1.0,0.6443611951766252,1.0
2132,0.07,29,0.9655172413793104,0.9747373504259106,0.3333333333333333,0.5759389506218429,28,11,0.9090909090909091,0.5680135476091982,0.3333333333333333,12.0,1.0,0.5724714882015554,1.0,6,1.0,0.5974037809856,0.9775280898876404
2133,0.07,26,1.0,0.9991356957649093,0.9775280898876404,0.6222976444442531,26,13,1.0,0.5868049129193726,1.0,7.0,1.0,0.7542291479124715,1.0,6,1.0,0.5452784753685728,0.9775280898876404
2134,0.07,28,1.0,0.9991974317817015,0.9775280898876404,0.6042984994867501,28,9,1.0,0.6462821912662968,1.0,6.0,1.0,0.42212724525951656,1.0,13,1.0,0.6593119071288639,0.9775280898876404
2135,0.07,23,1.0,0.9985974754558206,0.967741935483871,0.623877075510021,23,11,1.0,0.6221514631429748,0.967741935483871,3.0,1.0,0.6934649320829495,1.0,9,1.0,0.6027902051009904,1.0
2136,0.1,29,0.896551724137931,0.979355776657126,0.8043478260869565,0.5117734963486437,26,17,0.8235294117647058,0.5198856963490204,0.8043478260869565,6.0,1.0,0.3534703518005651,0.95,6,1.0,0.6470920742289885,1.0
2137,0.07,21,1.0,0.9979296066252588,0.9565217391304348,0.5762731908842879,21,9,1.0,0.6153119511949824,0.9565217391304348,6.0,1.0,0.4701551134042136,1.0,6,1.0,0.6238331278983202,1.0
2138,0.07,25,0.96,0.9715151515151516,0.3333333333333333,0.5514427672967203,24,12,0.9166666666666666,0.5287046278647137,0.3333333333333333,6.0,1.0,0.5327901019513659,1.0,7,1.0,0.6064104337618923,1.0
2139,0.07,30,1.0,0.9974095796676442,0.9545454545454546,0.57507289547485,30,16,1.0,0.5324902386871863,0.9545454545454546,5.0,1.0,0.5414626245308198,1.0,9,1.0,0.66944776917738,1.0
2140,0.07,25,0.96,0.9706953264940563,0.3333333333333333,0.5828551005426454,24,10,0.9,0.5443975328962576,0.3333333333333333,5.0,1.0,0.4883527063342655,1.0,10,1.0,0.6685638652932233,0.9775280898876404
2141,0.07,24,1.0,0.9967619745845552,0.9545454545454546,0.5676074867318541,24,12,1.0,0.595037183051271,0.9545454545454546,6.0,1.0,0.49199006299486375,1.0,6,1.0,0.5883655178300103,1.0
2142,0.07,26,1.0,0.9970870644082426,0.9565217391304348,0.589451859904332,26,12,1.0,0.6238209338448435,0.9565217391304348,4.0,1.0,0.4586595755287559,1.0,10,1.0,0.6005258849259487,1.0
2143,0.1,26,0.8076923076923077,0.9715155869032047,0.8043478260869565,0.43287321220198116,21,8,0.5,0.4273911872786112,0.8043478260869565,10.0,1.0,0.41122672843776475,0.9948453608247423,8,0.875,0.4654133418306217,0.8571428571428571
2144,0.07,25,1.0,1.0,1.0,0.6626433371355966,25,11,1.0,0.7210634793699575,1.0,5.0,1.0,0.5788186191180454,1.0,9,1.0,0.6378102288589059,1.0
2145,0.1,29,0.8275862068965517,0.9718035115221536,0.8043478260869565,0.5148844263416185,24,12,0.6666666666666666,0.47444363365096615,0.8043478260869565,10.0,1.0,0.5526844347214924,0.95,7,0.8571428571428571,0.5302114875543452,0.8571428571428571
2146,0.07,27,1.0,1.0,1.0,0.6273558569597787,27,12,1.0,0.6750288469924927,1.0,6.0,1.0,0.5958656142074631,1.0,9,1.0,0.584785365417704,1.0
2147,0.07,29,0.9655172413793104,0.9728324987066583,0.3333333333333333,0.5691717854203727,28,17,0.9411764705882353,0.5160226520116601,0.3333333333333333,6.0,1.0,0.5982858420544618,1.0,6,1.0,0.6906469401109687,1.0
2148,0.07,24,1.0,0.9958256449965402,0.9545454545454546,0.5016113227714699,24,12,1.0,0.542776608677056,0.9545454545454546,6.0,1.0,0.38294186182997986,1.0,6,1.0,0.5379502119017877,0.9775280898876404
2149,0.1,31,0.8709677419354839,0.9807644669496002,0.8043478260869565,0.43713165269035115,27,12,0.75,0.4267499943820088,0.8043478260869565,10.0,1.0,0.41746347003722734,0.95,9,0.8888888888888888,0.4728274000493895,0.8571428571428571
2150,0.07,23,0.9565217391304348,0.9710144927536232,0.3333333333333333,0.5949096854939275,22,13,0.9230769230769231,0.5855025424097713,0.3333333333333333,4.0,1.0,0.7033293861161034,1.0,6,1.0,0.5430120284281489,1.0
2151,0.07,26,0.9615384615384616,0.9726867335562986,0.3333333333333333,0.5234539701638428,25,13,0.9230769230769231,0.5405904646255822,0.3333333333333333,7.0,1.0,0.37124195426317247,1.0,6,1.0,0.6639055840475226,1.0
2152,0.07,24,0.9583333333333334,0.9722222222222222,0.3333333333333333,0.6242638356337814,23,10,0.9,0.6357155038946204,0.3333333333333333,8.0,1.0,0.5792454944853659,1.0,6,1.0,0.6652021767302705,1.0
2153,0.1,30,0.8666666666666667,0.9781922965282319,0.8043478260869565,0.4520907428592679,26,18,0.8333333333333334,0.46970907961814795,0.8043478260869565,5.0,1.0,0.3856597941940172,0.9948453608247423,7,0.8571428571428571,0.4542371259544701,0.8571428571428571
2154,0.07,33,1.0,0.997305066475027,0.9545454545454546,0.571117129414132,33,16,1.0,0.5550074806079112,0.9545454545454546,8.0,1.0,0.5527265664409227,1.0,9,1.0,0.6161036721569327,1.0
2155,0.07,27,0.9629629629629629,0.9720148343336749,0.3333333333333333,0.5608989914779249,26,7,0.8571428571428571,0.4366872012968699,0.3333333333333333,8.0,1.0,0.4759899430355807,1.0,12,1.0,0.6899619013784365,1.0
2156,0.07,28,1.0,1.0,1.0,0.6163337032588787,28,12,1.0,0.6189947518546238,1.0,6.0,1.0,0.7166250920255978,1.0,10,1.0,0.5529656116839531,1.0
2157,0.07,25,1.0,1.0,1.0,0.5924558620499792,25,8,1.0,0.6107064112346035,1.0,5.0,1.0,0.485919041161439,1.0,12,1.0,0.6246791712971216,1.0
2158,0.07,25,1.0,0.9987096774193549,0.967741935483871,0.6099499968237414,25,12,1.0,0.6796887318054035,0.967741935483871,7.0,1.0,0.5661647254263723,1.0,6,1.0,0.5215553434906809,1.0
2159,0.07,25,1.0,1.0,1.0,0.6427982146210165,25,11,1.0,0.6977735391074193,1.0,9.0,1.0,0.5560714374948148,1.0,5,1.0,0.6779606995780927,1.0
2160,0.07,31,0.967741935483871,0.9759877652697633,0.3333333333333333,0.5687856692343953,30,15,0.9333333333333333,0.5092597403348342,0.3333333333333333,7.0,1.0,0.5610923353590762,1.0,9,1.0,0.6739792548589125,1.0
2161,0.1,28,0.8928571428571429,0.9649822060661571,0.3333333333333333,0.47809872233462886,25,16,0.8125,0.5059842522996931,0.3333333333333333,3.0,1.0,0.5550054103138976,1.0,9,1.0,0.4028888841814251,0.9565217391304348
2162,0.1,24,0.875,0.9593253968253967,0.3333333333333333,0.452024000511927,21,12,0.8333333333333334,0.3900868221916462,0.3333333333333333,5.0,1.0,0.5884173002793099,1.0,7,0.8571428571428571,0.4607782349414206,0.8571428571428571
2163,0.07,26,0.9615384615384616,0.9734946701238836,0.3333333333333333,0.6211448020116658,25,12,0.9166666666666666,0.6567935856682316,0.3333333333333333,8.0,1.0,0.5544300001783357,1.0,6,1.0,0.6388003038096407,0.9775280898876404
2164,0.07,26,1.0,0.9962227601731517,0.9565217391304348,0.6284042011739216,26,14,1.0,0.661066739359803,0.9565217391304348,6.0,1.0,0.46159964214254484,1.0,6,1.0,0.7189961711049082,0.9775280898876404
2165,0.07,27,1.0,0.9975574010747434,0.9565217391304348,0.5697775859558081,27,12,1.0,0.46265444683002505,0.9565217391304348,5.0,1.0,0.7150018054553028,1.0,10,1.0,0.6257132431570007,0.9775280898876404
2166,0.07,27,0.9629629629629629,0.9727928473246825,0.3333333333333333,0.6026691920721249,26,12,0.9166666666666666,0.5105264357241116,0.3333333333333333,7.0,1.0,0.673460633271908,1.0,8,1.0,0.6789408155443344,0.9775280898876404
2167,0.1,25,0.8,0.9469788285580713,0.3333333333333333,0.46686818119868695,20,16,0.75,0.44311044222951246,0.3333333333333333,1.0,1.0,0.18213058419243985,1.0,8,0.875,0.549975858762817,0.8571428571428571
2168,0.07,26,0.9615384615384616,0.9734946701238835,0.3333333333333333,0.4915965935173974,25,9,0.8888888888888888,0.38668365249155656,0.3333333333333333,6.0,1.0,0.4453563227826766,1.0,11,1.0,0.6026564202120238,0.9775280898876404
2169,0.07,22,1.0,1.0,1.0,0.5911139201418497,22,11,1.0,0.5695456411185101,1.0,4.0,1.0,0.6349285955410265,1.0,7,1.0,0.5999699726647106,1.0
2170,0.07,28,1.0,0.9991974317817015,0.9775280898876404,0.5941472840199671,28,11,1.0,0.629258726399099,1.0,9.0,1.0,0.5856078172173736,1.0,8,1.0,0.5554759509015783,0.9775280898876404
2171,0.07,28,1.0,1.0,1.0,0.5774815534229407,28,13,1.0,0.6028258996318496,1.0,8.0,1.0,0.4468920796163002,1.0,7,1.0,0.6796585948139849,1.0
2172,0.07,26,1.0,0.9970870644082426,0.9565217391304348,0.5234937386996859,26,13,1.0,0.5300781124584996,0.9565217391304348,6.0,1.0,0.5208828692839467,1.0,7,1.0,0.5135035040753796,1.0
2173,0.1,27,0.8518518518518519,0.9541558214412798,0.3333333333333333,0.41645570329412357,23,12,0.75,0.4081534862354299,0.3333333333333333,6.0,1.0,0.3737117615142435,1.0,9,0.8888888888888888,0.4560212872256353,0.8571428571428571
2174,0.1,30,0.8666666666666667,0.9583510266869621,0.3333333333333333,0.5661296817260456,26,17,0.8235294117647058,0.5818220501157771,0.3333333333333333,4.0,1.0,0.5480861929891989,0.9948453608247423,9,0.8888888888888888,0.5445078697618178,0.8571428571428571
2175,0.1,30,0.8666666666666667,0.9797937953877953,0.8043478260869565,0.5044545963597578,26,18,0.8333333333333334,0.5105718284439209,0.8043478260869565,4.0,1.0,0.5039682423861029,0.9948453608247423,8,0.875,0.4909340011572181,0.8571428571428571
2176,0.1,25,0.84,0.9560717207249213,0.3333333333333333,0.4292003449180304,21,12,0.75,0.43898574154224274,0.3333333333333333,8.0,1.0,0.45354528250655346,0.9948453608247423,5,0.8,0.3667634928782838,0.8571428571428571
2177,0.07,32,1.0,0.9962127852862425,0.9545454545454546,0.599455158531517,32,15,1.0,0.5612816823832122,0.9545454545454546,9.0,1.0,0.5913653724269875,1.0,8,1.0,0.6801314356771841,1.0
2178,0.07,30,1.0,0.9966605159972323,0.9545454545454546,0.6169096706301692,30,15,1.0,0.5882464273304585,0.9545454545454546,5.0,1.0,0.7647849720162866,1.0,10,1.0,0.5859668848866766,0.9775280898876404
2179,0.07,32,0.96875,0.9767999064983637,0.3333333333333333,0.5453139323451246,31,16,0.9375,0.5839251055304507,0.3333333333333333,6.0,1.0,0.45646720839570065,1.0,10,1.0,0.5368440896182574,1.0
2180,0.07,30,0.9666666666666667,0.9755794387450469,0.3333333333333333,0.6608141710193502,29,13,0.9230769230769231,0.6652804664264593,0.3333333333333333,6.0,1.0,0.6956461159846367,1.0,11,1.0,0.6365365791935194,0.9775280898876404
2181,0.07,22,1.0,0.9979338842975206,0.9545454545454546,0.5324438214521843,22,13,1.0,0.4817591290306274,0.9545454545454546,4.0,1.0,0.5326644135649419,1.0,5,1.0,0.6640475480580258,1.0
2182,0.07,28,1.0,0.9983766233766234,0.9545454545454546,0.6604208328912163,28,15,1.0,0.624924792562452,0.9545454545454546,7.0,1.0,0.6629071635979928,1.0,6,1.0,0.7462602145552211,1.0
2183,0.1,27,0.8888888888888888,0.9615378745690085,0.3333333333333333,0.5380336652231849,24,13,0.7692307692307693,0.5352990773820496,0.3333333333333333,7.0,1.0,0.48207241190155575,1.0,7,1.0,0.5990734388212078,0.9775280898876404
2184,0.07,27,0.9629629629629629,0.9753086419753086,0.3333333333333333,0.5911558992657941,26,14,0.9285714285714286,0.5797113149751361,0.3333333333333333,6.0,1.0,0.5112680806839268,1.0,7,1.0,0.6825203409172825,1.0
2185,0.1,29,0.896551724137931,0.9618247779051231,0.3333333333333333,0.469967120214183,26,14,0.8571428571428571,0.4815977593926387,0.3333333333333333,6.0,1.0,0.5457463332926147,0.95,9,0.8888888888888888,0.4013555394398532,0.8571428571428571
2186,0.07,30,1.0,0.9989247311827957,0.967741935483871,0.5883978191398754,30,12,1.0,0.5368746747248441,0.967741935483871,9.0,1.0,0.5877339739702929,1.0,9,1.0,0.6577591901961664,1.0
2187,0.07,28,1.0,0.9972951312362252,0.9565217391304348,0.5556742885567348,28,14,1.0,0.5649946192206733,0.9565217391304348,6.0,1.0,0.44696532984602544,1.0,8,1.0,0.6208954289278746,1.0
2188,0.1,28,0.8571428571428571,0.9797387136672853,0.8333333333333334,0.47756246208213626,24,12,0.75,0.41361439061038197,0.8333333333333334,8.0,1.0,0.5847309268991069,0.95,8,0.875,0.46631610447279687,0.8571428571428571
2189,0.07,32,0.96875,0.977043964930201,0.3333333333333333,0.5814793049091322,31,13,0.9230769230769231,0.5615306242487338,0.3333333333333333,5.0,1.0,0.5629034813317724,1.0,14,1.0,0.6066373025142735,0.9775280898876404
2190,0.07,26,0.9615384615384616,0.9734946701238836,0.3333333333333333,0.6037200497887286,25,12,0.9166666666666666,0.5953236386678622,0.3333333333333333,4.0,1.0,0.5837102997616237,1.0,10,1.0,0.6217996431446103,0.9775280898876404
2191,0.1,23,0.8695652173913043,0.9769737857494648,0.8043478260869565,0.38478161373699155,20,13,0.8461538461538461,0.3947549844052546,0.8043478260869565,2.0,1.0,0.17174798174798173,1.0,8,0.875,0.4218332943983166,0.8571428571428571
2192,0.07,28,1.0,0.9975740551583249,0.9545454545454546,0.5736944867866883,28,13,1.0,0.5968278826626896,0.9545454545454546,7.0,1.0,0.5555645388503324,1.0,8,1.0,0.551966422932498,0.9775280898876404
2193,0.07,23,0.9565217391304348,0.9681470940152785,0.3333333333333333,0.5669767855577157,22,9,0.8888888888888888,0.4713775343921577,0.3333333333333333,5.0,1.0,0.6014025458942879,1.0,9,1.0,0.6434506143140672,0.9775280898876404
2194,0.07,30,1.0,1.0,1.0,0.5883475061557154,30,17,1.0,0.6133764278084722,1.0,6.0,1.0,0.4973470129250777,1.0,7,1.0,0.6055634049109954,1.0
2195,0.07,22,1.0,0.9989785495403474,0.9775280898876404,0.603711371381942,22,10,1.0,0.5945059444999667,1.0,5.0,1.0,0.7774648012744291,1.0,7,1.0,0.4927523884329873,0.9775280898876404
2196,0.07,23,1.0,0.9971326012616555,0.9565217391304348,0.6159938077763594,23,12,1.0,0.6364356616886718,0.9565217391304348,3.0,1.0,0.5149789991715162,1.0,8,1.0,0.6232115801347071,0.9775280898876404
2197,0.07,26,1.0,1.0,1.0,0.6186987068902593,26,12,1.0,0.6589321354889636,1.0,7.0,1.0,0.5907600464957997,1.0,7,1.0,0.5776657754012261,1.0
2198,0.07,25,0.96,0.9715151515151516,0.3333333333333333,0.6267986474550767,24,12,0.9166666666666666,0.6570419434993003,0.3333333333333333,8.0,1.0,0.5978625857491546,1.0,5,1.0,0.6005124356784155,1.0
2199,0.07,33,0.9696969696969697,0.9791170128248778,0.3333333333333333,0.5899851125008161,32,16,0.9375,0.5833551476228616,0.3333333333333333,7.0,1.0,0.6157449788998791,1.0,10,1.0,0.5825611498261994,0.9775280898876404
2200,0.03,31,1.0,1.0,1.0,0.8550585763990004,31,11,1.0,0.8903268549033245,1.0,5.0,1.0,0.8555505690375588,1.0,15,1.0,0.8290311746163098,1.0
2201,0.07,27,1.0,0.9974842053493739,0.9545454545454546,0.5469252761293198,27,12,1.0,0.5104786011510524,0.9545454545454546,6.0,1.0,0.5666178020600957,1.0,9,1.0,0.5823924921464925,0.9775280898876404
2202,0.07,25,0.96,0.9715942028985506,0.3333333333333333,0.6350489640373129,24,14,0.9285714285714286,0.6065716728908308,0.3333333333333333,6.0,1.0,0.716266904085107,1.0,5,1.0,0.6173238511901102,1.0
2203,0.07,27,0.9629629629629629,0.9727928473246825,0.3333333333333333,0.5972147325092173,26,12,0.9166666666666666,0.5731519609360423,0.3333333333333333,6.0,1.0,0.5839566638538424,1.0,9,1.0,0.6381371403770338,0.9775280898876404
2204,0.07,24,1.0,1.0,1.0,0.599738223765086,24,12,1.0,0.6140580236248733,1.0,6.0,1.0,0.4622673937773585,1.0,6,1.0,0.7085694540332388,1.0
2205,0.07,23,0.9565217391304348,0.9691241335853811,0.3333333333333333,0.5432900816578631,22,12,0.9166666666666666,0.49026474508522977,0.3333333333333333,3.0,1.0,0.6849126047271072,1.0,8,1.0,0.5697196403658467,1.0
2206,0.1,31,0.8709677419354839,0.9599649848711062,0.3333333333333333,0.4531910202802734,27,14,0.7142857142857143,0.3878121874144561,0.3333333333333333,8.0,1.0,0.5375415356252458,1.0,9,1.0,0.479913191098236,0.9565217391304348
2207,0.03,23,1.0,1.0,1.0,0.8605635145527017,23,12,1.0,0.8831259714389939,1.0,2.0,1.0,0.8069618899475015,1.0,9,1.0,0.8423917108388013,1.0
2208,0.07,23,1.0,1.0,1.0,0.6373684574735801,23,10,1.0,0.634516505038881,1.0,5.0,1.0,0.6893595336897917,1.0,8,1.0,0.6084389753818216,1.0
2209,0.1,28,0.8214285714285714,0.9519562051519576,0.3333333333333333,0.40700770977151235,23,14,0.7142857142857143,0.33248690096999883,0.3333333333333333,7.0,1.0,0.45986006480867553,0.95,7,0.8571428571428571,0.5031969723373766,0.8571428571428571
2210,0.07,24,1.0,0.9990636704119851,0.9775280898876404,0.6290064941448862,24,12,1.0,0.6599290556942209,1.0,7.0,1.0,0.6107920164384969,1.0,5,1.0,0.5802926152154277,0.9775280898876404
2211,0.07,30,1.0,0.9970355731225297,0.9545454545454546,0.5679363037226692,30,13,1.0,0.5289401686056422,0.9545454545454546,7.0,1.0,0.6684721120866947,1.0,10,1.0,0.5482562135199863,1.0
2212,0.07,28,0.9642857142857143,0.9734150258343808,0.3333333333333333,0.5955677787399435,27,15,0.9333333333333333,0.5670457355481633,0.3333333333333333,6.0,1.0,0.5771283731692535,1.0,7,1.0,0.6724916474972069,1.0
2213,0.07,28,0.9642857142857143,0.9730143045360437,0.3333333333333333,0.5501944142382661,27,13,0.9230769230769231,0.48630306588876826,0.3333333333333333,5.0,1.0,0.5980652312550065,1.0,10,1.0,0.6093177585842432,1.0
2214,0.07,18,1.0,0.9987515605493135,0.9775280898876404,0.5763277145416609,18,6,1.0,0.5692821650712898,1.0,8.0,1.0,0.5538157018668197,1.0,4,1.0,0.6319200640969003,0.9775280898876404
2215,0.07,30,0.9666666666666667,0.9777777777777777,0.3333333333333333,0.5786820382220628,29,16,0.9375,0.528621098516078,0.3333333333333333,9.0,1.0,0.6473169531651006,1.0,5,1.0,0.6153341983837461,1.0
2216,0.07,25,1.0,0.9987096774193549,0.967741935483871,0.5511410068791328,25,10,1.0,0.5642283088839721,0.967741935483871,7.0,1.0,0.5828059346845648,1.0,8,1.0,0.5070750675433309,1.0
2217,0.07,27,1.0,0.9971949509116409,0.9565217391304348,0.5287726545916195,27,14,1.0,0.5029652163273036,0.9565217391304348,8.0,1.0,0.47708967371287087,1.0,5,1.0,0.683726251137701,1.0
2218,0.1,27,0.8148148148148148,0.9511963642274982,0.3333333333333333,0.4799516684507364,22,11,0.6363636363636364,0.40681476234082725,0.3333333333333333,6.0,1.0,0.5207205583121643,0.95,10,0.9,0.5359409312547795,0.8571428571428571
2219,0.07,25,1.0,0.9991011235955056,0.9775280898876404,0.5999565251689027,25,13,1.0,0.56788320630812,1.0,3.0,1.0,0.503733751289675,1.0,9,1.0,0.6783589103719981,0.9775280898876404
2220,0.07,22,1.0,0.9934698735930637,0.9545454545454546,0.5549392944950136,22,11,1.0,0.506966459917581,0.9545454545454546,4.0,1.0,0.48367512359166326,1.0,7,1.0,0.6710475607757503,0.9775280898876404
2221,0.07,27,1.0,0.9963626579445164,0.9565217391304348,0.6019387088495859,27,8,1.0,0.6227095726010171,0.9565217391304348,8.0,1.0,0.5562013249308532,1.0,11,1.0,0.6200961780621689,0.9775280898876404
2222,0.03,30,1.0,1.0,1.0,0.8540247610317674,30,16,1.0,0.859513207810081,1.0,7.0,1.0,0.7746057247512493,1.0,7,1.0,0.9208987761047114,1.0
2223,0.07,29,1.0,1.0,1.0,0.564875223208463,29,15,1.0,0.5897414516679328,1.0,9.0,1.0,0.49010377395557725,1.0,5,1.0,0.624865146485248,1.0
2224,0.07,24,1.0,0.9990636704119851,0.9775280898876404,0.5249449369945896,24,12,1.0,0.4621924737154138,1.0,8.0,1.0,0.5547687767733581,1.0,4,1.0,0.6535546472745797,0.9775280898876404
2225,0.07,25,1.0,0.9982608695652173,0.9565217391304348,0.5974182113699736,25,14,1.0,0.6523493931505971,0.9565217391304348,4.0,1.0,0.5382105164261678,1.0,7,1.0,0.5213888163480448,1.0
2226,0.07,25,0.96,0.9715151515151516,0.3333333333333333,0.5011434999211631,24,15,0.9333333333333333,0.5263576831855404,0.3333333333333333,5.0,1.0,0.46450141631470726,1.0,5,1.0,0.4621430337344867,1.0
2227,0.07,21,0.9523809523809523,0.9660894660894661,0.3333333333333333,0.6278710613514059,20,11,0.9090909090909091,0.6566946693147513,0.3333333333333333,2.0,1.0,0.5781100478468899,1.0,8,1.0,0.6006788537779348,1.0
2228,0.07,27,1.0,0.9946791562610149,0.9545454545454546,0.5708224999130882,27,14,1.0,0.5471967868903478,0.9545454545454546,4.0,1.0,0.5002883434083186,1.0,9,1.0,0.638922123061693,0.9775280898876404
2229,0.07,27,0.9629629629629629,0.9715981041944555,0.3333333333333333,0.5697050532243035,26,11,0.9090909090909091,0.4857734584402753,0.3333333333333333,7.0,1.0,0.6115880115279604,1.0,9,1.0,0.6397124792797162,0.9775280898876404
2230,0.1,28,0.8571428571428571,0.9545072255601207,0.3333333333333333,0.4699190160487439,24,14,0.7857142857142857,0.46249430736889785,0.3333333333333333,7.0,1.0,0.48917674866484157,0.95,7,0.8571428571428571,0.46551070079233814,0.8571428571428571
2231,0.03,26,1.0,1.0,1.0,0.8225969966226229,26,14,1.0,0.8203795362146277,1.0,5.0,1.0,0.859269085743286,1.0,7,1.0,0.8008375680667109,1.0
2232,0.07,26,1.0,1.0,1.0,0.5909517610135855,26,14,1.0,0.6033093980738882,1.0,4.0,1.0,0.5894545128742579,1.0,8,1.0,0.5700745202277199,1.0
2233,0.07,21,0.9523809523809523,0.965647778985945,0.3333333333333333,0.5951745399556797,20,10,0.9,0.6496412090032819,0.3333333333333333,7.0,1.0,0.5275688390591194,1.0,4,1.0,0.5773178439056541,0.9775280898876404
2234,0.07,25,0.96,0.9715151515151516,0.3333333333333333,0.5300657887646725,24,14,0.9285714285714286,0.48286205689322753,0.3333333333333333,4.0,1.0,0.5403839178878524,1.0,7,1.0,0.6185771787228883,1.0
2235,0.07,25,1.0,1.0,1.0,0.5379933473460149,25,12,1.0,0.5205734272077057,1.0,5.0,1.0,0.41943571755186115,1.0,8,1.0,0.6382217461748247,1.0
2236,0.07,25,1.0,0.9982608695652173,0.9565217391304348,0.626461690518346,25,12,1.0,0.6656635582729765,0.9565217391304348,7.0,1.0,0.5282442999972817,1.0,6,1.0,0.6626449106169939,1.0
2237,0.1,25,0.84,0.9723384152079805,0.8043478260869565,0.4314891646428352,21,13,0.7692307692307693,0.4149836452551473,0.8043478260869565,6.0,1.0,0.3287057025300071,1.0,6,0.8333333333333334,0.5700345854289872,0.8571428571428571
2238,0.07,26,1.0,1.0,1.0,0.627158903560452,26,12,1.0,0.6112951453808141,1.0,5.0,1.0,0.5632500594775015,1.0,9,1.0,0.6838154945127193,1.0
2239,0.07,26,1.0,0.9970870644082426,0.9565217391304348,0.6358080158528038,26,15,1.0,0.6222495467468505,0.9565217391304348,6.0,1.0,0.597920454345188,1.0,5,1.0,0.7219484969798023,1.0
2240,0.1,31,0.8709677419354839,0.959511482151502,0.3333333333333333,0.454281635429704,27,16,0.75,0.410736441918399,0.3333333333333333,7.0,1.0,0.4728507520315345,0.95,8,1.0,0.5251240454257124,0.9775280898876404
2241,0.07,24,0.9583333333333334,0.9704106280193235,0.3333333333333333,0.5815984535740286,23,11,0.9090909090909091,0.634548647584059,0.3333333333333333,5.0,1.0,0.4743151656085061,1.0,8,1.0,0.5758439917886884,1.0
2242,0.07,25,1.0,0.9978108010148604,0.967741935483871,0.6621669286436669,25,8,1.0,0.6925957821378596,0.967741935483871,7.0,1.0,0.68748320602953,1.0,10,1.0,0.6201024516782085,0.9775280898876404
2243,0.07,31,1.0,0.9964062994697912,0.9545454545454546,0.5040037051866795,31,14,1.0,0.5200951510569699,0.9545454545454546,8.0,1.0,0.47695943550428466,1.0,9,1.0,0.5030119179950231,0.9775280898876404
2244,0.07,29,1.0,0.9973202548285974,0.9545454545454546,0.6077052451822615,29,12,1.0,0.6442006612350917,0.9545454545454546,7.0,1.0,0.4814378907953891,1.0,10,1.0,0.6522978939896761,1.0
2245,0.07,27,0.9629629629629629,0.9728660430500521,0.3333333333333333,0.5667190757465803,26,15,0.9333333333333333,0.5812709046865819,0.3333333333333333,8.0,1.0,0.537269158802375,1.0,4,1.0,0.5710495511099846,0.9775280898876404
2246,0.07,32,0.96875,0.9784644194756554,0.3333333333333333,0.5544631398058324,31,14,0.9285714285714286,0.534105079800736,0.3333333333333333,7.0,1.0,0.5475127733638953,1.0,11,1.0,0.5847963584571878,0.9775280898876404
2247,0.07,26,0.9615384615384616,0.9726867335562986,0.3333333333333333,0.5718810063786276,25,13,0.9230769230769231,0.5444808892850697,0.3333333333333333,8.0,1.0,0.5097103264568708,1.0,5,1.0,0.7425943986966892,1.0
2248,0.07,27,0.9629629629629629,0.9736983360171765,0.3333333333333333,0.571296444905001,26,13,0.9230769230769231,0.6369281837004341,0.3333333333333333,7.0,1.0,0.5083102829556698,1.0,7,1.0,0.5123950919485278,1.0
2249,0.07,28,1.0,0.9972245496439045,0.9545454545454546,0.6226073151015664,28,15,1.0,0.6866362823896569,0.9545454545454546,5.0,1.0,0.39082832998623535,1.0,8,1.0,0.6474148671334785,1.0
2250,0.07,26,1.0,0.9965795074490728,0.9545454545454546,0.6192911966387435,26,14,1.0,0.5793220051398171,0.9545454545454546,5.0,1.0,0.701341298448714,1.0,7,1.0,0.6406223640580462,1.0
2251,0.1,23,0.782608695652174,0.9446004165769577,0.3333333333333333,0.4518488600697476,18,14,0.6428571428571429,0.45253173667309593,0.3333333333333333,3.0,1.0,0.5216446805058311,0.9948453608247423,6,1.0,0.41535757111055993,1.0
2252,0.07,27,1.0,1.0,1.0,0.5679050653889239,27,10,1.0,0.597711291475399,1.0,5.0,1.0,0.4824012509384753,1.0,12,1.0,0.5786931330045482,1.0
2253,0.07,32,0.96875,0.9763875164690382,0.3333333333333333,0.5969048333993019,31,13,0.9230769230769231,0.49636378592947256,0.3333333333333333,8.0,1.0,0.6383456955155529,1.0,11,1.0,0.6855872625063721,1.0
2254,0.07,24,1.0,0.9967619745845552,0.9545454545454546,0.5611385665520977,24,13,1.0,0.5938060729795068,0.9545454545454546,6.0,1.0,0.5410016616124186,1.0,5,1.0,0.5003673357684488,1.0
2255,0.07,28,1.0,0.9988479262672811,0.967741935483871,0.49940240680598763,28,12,1.0,0.4998479187188551,0.967741935483871,9.0,1.0,0.5119987826191846,1.0,7,1.0,0.4824433317669617,1.0
2256,0.07,26,0.9615384615384616,0.9731182795698925,0.3333333333333333,0.6247383146903213,25,14,0.9285714285714286,0.6048490565408391,0.3333333333333333,6.0,1.0,0.6231436828235578,1.0,6,1.0,0.6727412155725428,1.0
2257,0.07,28,1.0,0.9983766233766234,0.9545454545454546,0.5758242398455654,28,14,1.0,0.5007867049900777,0.9545454545454546,6.0,1.0,0.6845351988930671,1.0,8,1.0,0.6256067065570425,1.0
2258,0.07,29,1.0,0.9984326018808777,0.9545454545454546,0.6503563315644353,29,14,1.0,0.6263825923116958,0.9545454545454546,5.0,1.0,0.7206233304366214,1.0,10,1.0,0.6487860670821781,1.0
2259,0.07,23,0.9565217391304348,0.9680611685985404,0.3333333333333333,0.5283622801862667,22,11,0.9090909090909091,0.5311587407836563,0.3333333333333333,4.0,1.0,0.5071059402511691,1.0,8,1.0,0.5351453168324048,0.9775280898876404
2260,0.07,29,1.0,0.9973884025729071,0.9565217391304348,0.5586147667480131,29,12,1.0,0.5648903489492219,0.9565217391304348,8.0,1.0,0.5738768748447307,1.0,9,1.0,0.5366810055048746,1.0
2261,0.07,24,0.9583333333333334,0.9722222222222222,0.3333333333333333,0.5887587288012605,23,10,0.9,0.6741219960732258,0.3333333333333333,10.0,1.0,0.4826449752018654,1.0,4,1.0,0.6406349446198348,1.0
2262,0.07,21,1.0,0.9968595156675274,0.9565217391304348,0.6122276604447242,21,10,1.0,0.6212350604142066,0.9565217391304348,5.0,1.0,0.6111630686469277,1.0,6,1.0,0.5981024869937505,0.9775280898876404
2263,0.07,25,1.0,0.9982608695652173,0.9565217391304348,0.602239642871939,25,10,1.0,0.6451968122215659,0.9565217391304348,5.0,1.0,0.5266207162860718,1.0,10,1.0,0.5970919368152455,1.0
2264,0.07,28,0.9642857142857143,0.9737645313488009,0.3333333333333333,0.5670319652145701,27,14,0.9285714285714286,0.531657660342807,0.3333333333333333,7.0,1.0,0.5350592768525,1.0,7,1.0,0.669753263320166,0.9775280898876404
2265,0.07,27,0.9629629629629629,0.9736983360171765,0.3333333333333333,0.6124775409336392,26,15,0.9333333333333333,0.5518262123962033,0.3333333333333333,5.0,1.0,0.7024221810832051,1.0,7,1.0,0.6781985019784538,1.0
2266,0.07,20,1.0,0.9978260869565216,0.9565217391304348,0.6446968359738212,20,12,1.0,0.612384875542444,0.9565217391304348,6.0,1.0,0.6911626450868433,1.0,2,1.0,0.6991711712230189,1.0
2267,0.07,26,0.9615384615384616,0.969697787018965,0.3333333333333333,0.5773660734389664,25,14,0.9285714285714286,0.5373065758976806,0.3333333333333333,6.0,1.0,0.5879020610731716,1.0,6,1.0,0.6603022467344282,1.0
2268,0.07,26,1.0,0.9991356957649093,0.9775280898876404,0.5366544608609377,26,8,1.0,0.651636958325485,1.0,6.0,1.0,0.39802548124318743,1.0,12,1.0,0.5293139523601148,0.9775280898876404
2269,0.07,24,0.9583333333333334,0.9708781362007168,0.3333333333333333,0.580892680407859,23,15,0.9333333333333333,0.5829906963134467,0.3333333333333333,3.0,1.0,0.5059292814399865,1.0,6,1.0,0.6131293401278259,1.0
2270,0.07,27,1.0,0.9958738993912418,0.9545454545454546,0.552873850763993,27,13,1.0,0.4574029286984682,0.9545454545454546,8.0,1.0,0.6264206057990152,1.0,6,1.0,0.6616651751926003,0.9775280898876404
2271,0.07,27,0.9629629629629629,0.973625140291807,0.3333333333333333,0.5979273292803142,26,15,0.9333333333333333,0.5422332962215287,0.3333333333333333,1.0,1.0,0.24283305227655985,1.0,11,1.0,0.7061550359062722,1.0
2272,0.07,26,1.0,0.995715203213982,0.9545454545454546,0.507607529214417,26,12,1.0,0.493900358232999,0.9545454545454546,8.0,1.0,0.557445476009148,1.0,6,1.0,0.46857127545094507,0.9775280898876404
2273,0.1,27,0.8888888888888888,0.9604817682946434,0.3333333333333333,0.4247842585001858,24,10,0.8,0.32463368724446806,0.3333333333333333,8.0,1.0,0.4855656191184493,0.95,9,0.8888888888888888,0.4820347949014158,0.8571428571428571
2274,0.07,24,1.0,0.9986559139784946,0.967741935483871,0.5061275557128647,24,15,1.0,0.5060153629693771,0.967741935483871,2.0,1.0,0.34873788183647336,1.0,7,1.0,0.5513364469850212,1.0
2275,0.07,20,1.0,1.0,1.0,0.609067998469978,20,8,1.0,0.5793952163895522,1.0,5.0,1.0,0.5546223403137809,1.0,7,1.0,0.6818695052448909,1.0
2276,0.07,29,1.0,0.9961584580539148,0.9545454545454546,0.5899330436191363,29,16,1.0,0.6421719621728836,0.9545454545454546,6.0,1.0,0.5257957738338193,1.0,7,1.0,0.5255046038837002,0.9775280898876404
2277,0.07,20,1.0,1.0,1.0,0.6056928048587674,20,5,1.0,0.6178173315653395,1.0,6.0,1.0,0.5635411620934866,1.0,9,1.0,0.6270580518653035,1.0
2278,0.1,22,0.8636363636363636,0.9830399426926495,0.8571428571428571,0.3999515497029627,19,9,0.7777777777777778,0.42461116561567663,0.8636363636363636,4.0,1.0,0.17064215736305421,1.0,9,0.8888888888888888,0.4772072192746526,0.8571428571428571
2279,0.07,28,1.0,0.9991974317817015,0.9775280898876404,0.6264526382539193,28,12,1.0,0.6031225905151248,1.0,8.0,1.0,0.5886485093863324,1.0,8,1.0,0.6992518387296975,0.9775280898876404
2280,0.07,26,1.0,1.0,1.0,0.6349491481929632,26,12,1.0,0.6328890371171787,1.0,7.0,1.0,0.5994920712656123,1.0,7,1.0,0.6739378441073732,1.0
2281,0.07,29,0.9655172413793104,0.9758991472005932,0.3333333333333333,0.5391620828922403,28,14,0.9285714285714286,0.5038376063641029,0.3333333333333333,8.0,1.0,0.4717136894161247,1.0,7,1.0,0.686894914206933,1.0
2282,0.07,25,1.0,0.996891495601173,0.9545454545454546,0.5226989486561833,25,10,1.0,0.5452299346996241,0.9545454545454546,6.0,1.0,0.5325806556706788,1.0,9,1.0,0.4910767150426963,1.0
2283,0.07,29,0.9655172413793104,0.9758991472005932,0.3333333333333333,0.5881400576653717,28,16,0.9375,0.5587236234881121,0.3333333333333333,5.0,1.0,0.5390203223540655,1.0,8,1.0,0.6776727605894572,1.0
2284,0.07,26,1.0,1.0,1.0,0.6015661073328752,26,10,1.0,0.6509073897192181,1.0,8.0,1.0,0.47759465366779774,1.0,8,1.0,0.6638609580150241,1.0
2285,0.07,32,1.0,1.0,1.0,0.6238071709591613,32,12,1.0,0.7049049523719088,1.0,12.0,1.0,0.6134465169739051,1.0,8,1.0,0.5177014798179245,1.0
2286,0.07,24,1.0,1.0,1.0,0.6305892545933501,24,8,1.0,0.5889332945120815,1.0,6.0,1.0,0.6287062002987913,1.0,10,1.0,0.6650438552351002,1.0
2287,0.07,27,0.9629629629629629,0.9753086419753086,0.3333333333333333,0.6186133137336994,26,14,0.9285714285714286,0.5940783871551246,0.3333333333333333,6.0,1.0,0.6640247889749585,1.0,7,1.0,0.628759045255484,1.0
2288,0.07,28,0.9642857142857143,0.9753879079721776,0.3333333333333333,0.5604232980211398,27,11,0.9090909090909091,0.48930914576141826,0.3333333333333333,10.0,1.0,0.5888850973877935,1.0,7,1.0,0.6315143953340537,0.9775280898876404
2289,0.1,24,0.875,0.9790801132604136,0.8043478260869565,0.4817686471574249,21,12,0.75,0.46130815142668563,0.8043478260869565,4.0,1.0,0.636620431277756,0.9948453608247423,8,1.0,0.4350334986933684,0.9565217391304348
2290,0.07,24,1.0,0.9958256449965402,0.9545454545454546,0.5514867114140388,24,14,1.0,0.548833175453182,0.9545454545454546,4.0,1.0,0.5179090475521723,1.0,6,1.0,0.5800634045639489,0.9775280898876404
2291,0.07,25,1.0,0.9955438113425413,0.9545454545454546,0.5813885153779021,25,12,1.0,0.5891924791316512,0.9545454545454546,5.0,1.0,0.5093907781601713,1.0,8,1.0,0.6146811555083604,0.9775280898876404
2292,0.1,31,0.8709677419354839,0.9615632380709519,0.3333333333333333,0.48507737732117007,27,15,0.8,0.4805953521073207,0.3333333333333333,6.0,1.0,0.4071849755747707,1.0,10,0.9,0.5385358561897837,0.8571428571428571
2293,0.07,26,0.9615384615384616,0.9717464183756319,0.3333333333333333,0.5874767449927195,25,11,0.9090909090909091,0.5616945464122064,0.3333333333333333,9.0,1.0,0.5655246526562988,1.0,6,1.0,0.6676722475616249,0.9775280898876404
2294,0.07,26,1.0,0.9982517482517482,0.9545454545454546,0.5433728606650975,26,14,1.0,0.5545167127480581,0.9545454545454546,6.0,1.0,0.531833653532369,1.0,6,1.0,0.5289097462709177,1.0
2295,0.07,26,1.0,0.9982517482517482,0.9545454545454546,0.5589384357098207,26,11,1.0,0.6294217150104017,0.9545454545454546,6.0,1.0,0.48727904396745175,1.0,9,1.0,0.5205651332818012,1.0
2296,0.1,28,0.8571428571428571,0.9569964030492982,0.3333333333333333,0.4710338117323683,24,16,0.8125,0.40727944036174135,0.3333333333333333,5.0,1.0,0.4818138481075819,1.0,7,0.8571428571428571,0.6090580631686484,0.8571428571428571
2297,0.07,23,1.0,0.9966211908708402,0.9545454545454546,0.4771723794831768,23,12,1.0,0.5058169314975022,0.9545454545454546,8.0,1.0,0.40339619728651765,1.0,3,1.0,0.559330657283633,1.0
2298,0.07,28,1.0,0.9972245496439045,0.9545454545454546,0.609691732531749,28,14,1.0,0.5754180784239548,0.9545454545454546,7.0,1.0,0.7143773644052228,1.0,7,1.0,0.5735534088738642,1.0
2299,0.07,29,1.0,1.0,1.0,0.5301955586886937,29,13,1.0,0.5056123672899271,1.0,6.0,1.0,0.5265494587675961,1.0,10,1.0,0.5643413674597492,1.0
2300,0.07,24,1.0,0.9971697310180456,0.9545454545454546,0.5984558371817071,24,8,1.0,0.5854411122020493,0.9545454545454546,9.0,1.0,0.6016719259556386,1.0,7,1.0,0.6091948373062613,0.9775280898876404
2301,0.07,24,0.9583333333333334,0.9694742984313086,0.3333333333333333,0.5407546778049999,23,13,0.9230769230769231,0.5688025991542752,0.3333333333333333,4.0,1.0,0.39460927709377025,1.0,7,1.0,0.5721773385627626,0.9775280898876404
2302,0.1,28,0.8571428571428571,0.9620143767415035,0.3333333333333333,0.4848081805931619,24,14,0.7142857142857143,0.4112216741912485,0.3333333333333333,6.0,1.0,0.5588218857505848,1.0,8,1.0,0.5580742879284433,0.9775280898876404
2303,0.07,24,0.9583333333333334,0.9708781362007168,0.3333333333333333,0.577767944030145,23,13,0.9230769230769231,0.6001629450410507,0.3333333333333333,7.0,1.0,0.45779893967547214,1.0,4,1.0,0.7149299483653782,1.0
2304,0.07,24,1.0,1.0,1.0,0.6057642573593734,24,10,1.0,0.5709535175342464,1.0,5.0,1.0,0.6797501183930985,1.0,9,1.0,0.603339601035223,1.0
2305,0.07,28,1.0,0.9975740551583249,0.9545454545454546,0.5795957291881848,28,16,1.0,0.58830514660363,0.9545454545454546,6.0,1.0,0.6713452407044177,1.0,6,1.0,0.46462110456409783,0.9775280898876404
2306,0.07,24,1.0,0.9990636704119851,0.9775280898876404,0.5915040610521339,24,11,1.0,0.6180020294516757,1.0,4.0,1.0,0.5054822700165384,1.0,9,1.0,0.5973495623574031,0.9775280898876404
2307,0.1,28,0.8928571428571429,0.9810704431318186,0.8043478260869565,0.5350797731815853,25,16,0.875,0.5054745602732373,0.8043478260869565,4.0,1.0,0.5981921228676327,0.9948453608247423,8,0.875,0.5627340241552574,0.8571428571428571
2308,0.07,28,0.9642857142857143,0.9742358342394587,0.3333333333333333,0.5773835934105991,27,13,0.9230769230769231,0.5370730487493105,0.3333333333333333,6.0,1.0,0.6161708010201242,1.0,9,1.0,0.6097517972927766,0.9775280898876404
2309,0.07,30,1.0,0.9970355731225297,0.9545454545454546,0.5933669792174899,30,15,1.0,0.5597770433526267,0.9545454545454546,5.0,1.0,0.5576888375354074,1.0,10,1.0,0.6615909538558259,1.0
2310,0.07,25,1.0,0.9969705469845722,0.9565217391304348,0.6068382109228107,25,11,1.0,0.670945380935708,0.9565217391304348,6.0,1.0,0.41486528569001657,1.0,8,1.0,0.6626705460796725,1.0
2311,0.07,28,1.0,0.9976446367506454,0.9565217391304348,0.5653525973768695,28,15,1.0,0.5180125661572695,0.9565217391304348,6.0,1.0,0.6252850819049766,1.0,7,1.0,0.6154248203947781,0.9775280898876404
2312,0.1,31,0.8387096774193549,0.959063361949848,0.3333333333333333,0.5053027880249121,26,15,0.6666666666666666,0.46514479467700315,0.3333333333333333,5.0,1.0,0.43406745719377965,1.0,11,1.0,0.5924433838771207,1.0
2313,0.07,28,1.0,0.9968238283455675,0.9545454545454546,0.6038095492083222,28,16,1.0,0.6070350648401397,0.9545454545454546,6.0,1.0,0.6166950642022454,1.0,6,1.0,0.582322659196219,1.0
2314,0.07,27,1.0,0.9983164983164983,0.9545454545454546,0.6052065846934468,27,14,1.0,0.5627174843871346,0.9545454545454546,6.0,1.0,0.6675320001966871,1.0,7,1.0,0.6367630005890079,1.0
2315,0.07,26,1.0,0.9970870644082426,0.9565217391304348,0.5561659072524011,26,13,1.0,0.6472133815961697,0.9565217391304348,4.0,1.0,0.36259680909437664,1.0,9,1.0,0.5106835990483021,1.0
2316,0.07,30,1.0,0.9977357848144365,0.9545454545454546,0.5106779466035147,30,18,1.0,0.5443322709166724,0.9545454545454546,6.0,1.0,0.4501263382110004,1.0,6,1.0,0.47026658205655614,0.9775280898876404
2317,0.07,27,0.9629629629629629,0.9725035928869495,0.3333333333333333,0.579932889143584,26,15,0.9333333333333333,0.5855496536259197,0.3333333333333333,7.0,1.0,0.5505729268941725,1.0,5,1.0,0.6041865428457532,1.0
2318,0.07,30,1.0,0.9984848484848484,0.9545454545454546,0.5575469905737008,30,13,1.0,0.5388031038161749,0.9545454545454546,8.0,1.0,0.5621535389271275,1.0,9,1.0,0.5805267840204142,1.0
2319,0.07,28,1.0,0.998447204968944,0.9565217391304348,0.509805700837881,28,13,1.0,0.5383710679098944,0.9565217391304348,8.0,1.0,0.44511674570002446,1.0,7,1.0,0.5306859678616928,1.0
2320,0.1,28,0.8571428571428571,0.9580272337532054,0.3333333333333333,0.4946491723781864,24,14,0.7857142857142857,0.4536228841275886,0.3333333333333333,6.0,1.0,0.6380123788909459,0.9948453608247423,8,0.875,0.4589227719321632,0.8571428571428571
2321,0.07,28,1.0,0.9975740551583249,0.9545454545454546,0.578851980568215,28,12,1.0,0.5980801088992777,0.9545454545454546,6.0,1.0,0.5065147313991819,1.0,10,1.0,0.5991805760723597,0.9775280898876404
2322,0.07,29,0.9655172413793104,0.9747373504259106,0.3333333333333333,0.6083350389921972,28,17,0.9411764705882353,0.6378640289635218,0.3333333333333333,4.0,1.0,0.41177627400557193,1.0,8,1.0,0.6438653177964452,0.9775280898876404
2323,0.07,26,1.0,0.9978950009758274,0.967741935483871,0.6378480124148188,26,11,1.0,0.6457857484627503,0.967741935483871,5.0,1.0,0.691571131939684,1.0,10,1.0,0.6022549429996618,0.9775280898876404
2324,0.07,25,1.0,0.9955438113425413,0.9545454545454546,0.5422014253639394,25,13,1.0,0.587989588655053,0.9545454545454546,4.0,1.0,0.3674567379891366,1.0,8,1.0,0.5551680037032813,0.9775280898876404
2325,0.07,30,1.0,0.9978016609672691,0.9565217391304348,0.6119563802880771,30,13,1.0,0.6505940910100922,0.9565217391304348,9.0,1.0,0.6724348234332739,1.0,8,1.0,0.48113185182645635,0.9775280898876404
2326,0.07,31,1.0,0.9968319924032885,0.9565217391304348,0.5631321230353533,31,12,1.0,0.5331539244637263,0.9565217391304348,9.0,1.0,0.5366478386858959,1.0,10,1.0,0.6229418172358178,0.9775280898876404
2327,0.07,25,1.0,0.9991011235955056,0.9775280898876404,0.5739684806112755,25,11,1.0,0.6092471248298059,1.0,6.0,1.0,0.6092965771094191,1.0,8,1.0,0.4989642724371881,0.9775280898876404
2328,0.07,26,1.0,0.9970110534626664,0.9545454545454546,0.5756369254130588,26,14,1.0,0.5304728071673821,0.9545454545454546,6.0,1.0,0.6838387370269857,1.0,6,1.0,0.5728180563723771,1.0
2329,0.1,23,0.8695652173913043,0.9569387371547479,0.3333333333333333,0.38500641881418923,20,11,0.7272727272727273,0.4170561653476026,0.3333333333333333,4.0,1.0,0.1908165252793576,1.0,8,1.0,0.4380329640981616,0.9565217391304348
2330,0.07,28,0.9642857142857143,0.9753879079721776,0.3333333333333333,0.5333845425327021,27,11,0.9090909090909091,0.4933801323658544,0.3333333333333333,9.0,1.0,0.5189440024625821,1.0,8,1.0,0.6046362140910028,0.9775280898876404
2331,0.07,26,1.0,0.9978950009758274,0.967741935483871,0.5743764829192485,26,12,1.0,0.5592223273493356,0.967741935483871,7.0,1.0,0.5932607693739851,1.0,7,1.0,0.5814707488700765,0.9775280898876404
2332,0.07,24,1.0,0.9986559139784946,0.967741935483871,0.5848507296043263,24,10,1.0,0.4772712832897942,0.967741935483871,6.0,1.0,0.6389723069951526,1.0,8,1.0,0.6787338544543717,1.0
2333,0.07,23,1.0,0.9985974754558206,0.967741935483871,0.5949011810689998,23,12,1.0,0.5746156007513927,0.967741935483871,5.0,1.0,0.4554828551784146,1.0,6,1.0,0.7516542799463682,1.0
2334,0.07,25,0.96,0.9694050039134112,0.3333333333333333,0.5590988039808066,24,12,0.9166666666666666,0.5418056660613485,0.3333333333333333,5.0,1.0,0.4856324068987231,1.0,8,1.0,0.6309550090362961,0.9775280898876404
2335,0.07,32,0.96875,0.9763875164690382,0.3333333333333333,0.5679022202462318,31,15,0.9333333333333333,0.5605251723848454,0.3333333333333333,6.0,1.0,0.4934426016137121,1.0,11,1.0,0.618576168402224,1.0
2336,0.07,28,1.0,0.9988479262672811,0.967741935483871,0.608083999199079,28,16,1.0,0.6227251131405993,0.967741935483871,6.0,1.0,0.6424740563101131,1.0,6,1.0,0.5346509715773239,1.0
2337,0.07,27,1.0,0.9971949509116409,0.9565217391304348,0.6224010632006797,27,11,1.0,0.5866541504014239,0.9565217391304348,5.0,1.0,0.5528911790229689,1.0,11,1.0,0.6897433778988952,1.0
2338,0.07,28,0.9642857142857143,0.9734856074267013,0.3333333333333333,0.5479678208383888,27,15,0.9333333333333333,0.5284557851991097,0.3333333333333333,4.0,1.0,0.4306078770747002,1.0,9,1.0,0.632647855243271,1.0
2339,0.07,26,0.9615384615384616,0.9743589743589743,0.3333333333333333,0.6231989315801345,25,10,0.9,0.6278755596254324,0.3333333333333333,9.0,1.0,0.6370040599973356,1.0,7,1.0,0.5987685835504504,1.0
2340,0.07,23,1.0,0.9971326012616555,0.9565217391304348,0.5612462314737503,23,6,1.0,0.5780959966825542,0.9565217391304348,9.0,1.0,0.5393920822184463,1.0,8,1.0,0.5731948254793648,0.9775280898876404
2341,0.07,27,0.9629629629629629,0.9720148343336749,0.3333333333333333,0.5543632569227516,26,11,0.9090909090909091,0.5843700014298422,0.3333333333333333,10.0,1.0,0.5168139127745478,1.0,6,1.0,0.5619331322400913,1.0
2342,0.07,29,0.9655172413793104,0.9770114942528735,0.3333333333333333,0.5978746738892344,28,18,0.9444444444444444,0.5871018954934221,0.3333333333333333,6.0,1.0,0.6198055653360212,1.0,5,1.0,0.6103396063780147,1.0
2343,0.07,23,1.0,0.9990229604298975,0.9775280898876404,0.5480073416373902,23,8,1.0,0.4891714293868684,1.0,4.0,1.0,0.5544055584668791,1.0,11,1.0,0.5884704716997737,0.9775280898876404
2344,0.07,28,0.9642857142857143,0.9761904761904762,0.3333333333333333,0.5685851766250035,27,16,0.9375,0.5360080297325458,0.3333333333333333,7.0,1.0,0.5670052020370859,1.0,5,1.0,0.6750440111039528,1.0
2345,0.07,25,0.96,0.9706162751106572,0.3333333333333333,0.6224147407763201,24,15,0.9333333333333333,0.608347203964888,0.3333333333333333,3.0,1.0,0.6591979288208972,1.0,7,1.0,0.6367952390674271,0.9775280898876404
2346,0.07,29,1.0,0.9973202548285974,0.9545454545454546,0.5731077394643592,29,12,1.0,0.6065667808053811,0.9545454545454546,8.0,1.0,0.5236476686127849,1.0,9,1.0,0.5724601917666186,1.0
2347,0.07,20,1.0,0.9972635012685757,0.967741935483871,0.6136086797819168,20,10,1.0,0.602744663334339,0.967741935483871,4.0,1.0,0.5899364255808134,1.0,6,1.0,0.6474968766619486,0.9775280898876404
2348,0.1,27,0.8518518518518519,0.9743874214888707,0.8043478260869565,0.5207666729074122,23,13,0.7692307692307693,0.5215693609103593,0.8043478260869565,9.0,1.0,0.506168234451253,0.95,5,0.8,0.544956873320836,0.8571428571428571
2349,0.07,30,0.9666666666666667,0.9763285024154589,0.3333333333333333,0.6111606281586833,29,20,0.95,0.5644906281653286,0.3333333333333333,3.0,1.0,0.6441147206231753,1.0,7,1.0,0.7303803027977719,1.0
2350,0.07,24,1.0,1.0,1.0,0.5450349999229239,24,10,1.0,0.5618380240442267,1.0,5.0,1.0,0.5144192509584931,1.0,9,1.0,0.5433737225461602,1.0
2351,0.07,28,0.9642857142857143,0.9734150258343808,0.3333333333333333,0.5388682589664381,27,17,0.9411764705882353,0.5514818812541832,0.3333333333333333,8.0,1.0,0.5447440237427525,1.0,3,1.0,0.45172235993237814,1.0
2352,0.07,27,1.0,0.9991677070328756,0.9775280898876404,0.5899992582505548,27,10,1.0,0.5562753497156824,1.0,8.0,1.0,0.49412223411591516,1.0,9,1.0,0.7126942891867593,0.9775280898876404
2353,0.07,31,1.0,0.9964062994697913,0.9545454545454546,0.6223127245361125,31,17,1.0,0.6163312538621445,0.9545454545454546,4.0,1.0,0.47987805189534793,1.0,10,1.0,0.6894550937381643,0.9775280898876404
2354,0.07,33,0.9696969696969697,0.9791170128248778,0.3333333333333333,0.6249781439127888,32,13,0.9230769230769231,0.6379557913302812,0.3333333333333333,8.0,1.0,0.6058644724575155,1.0,12,1.0,0.623661473514021,0.9775280898876404
2355,0.07,29,1.0,0.9976577084287274,0.9545454545454546,0.5903917744970888,29,14,1.0,0.5597953121223039,0.9545454545454546,5.0,1.0,0.5407583436023702,1.0,10,1.0,0.6580435372691468,0.9775280898876404
2356,0.07,28,0.9642857142857143,0.9738351129411217,0.3333333333333333,0.5505287384956933,27,10,0.9,0.49451026250766716,0.3333333333333333,8.0,1.0,0.5293615770808444,1.0,10,1.0,0.6234809436155985,0.9775280898876404
2357,0.07,28,1.0,1.0,1.0,0.5752115583354053,28,10,1.0,0.5586999339256165,1.0,9.0,1.0,0.5718864903047852,1.0,9,1.0,0.5968828757102352,1.0
2358,0.07,21,1.0,0.9957651044607567,0.9545454545454546,0.5704065674381996,21,9,1.0,0.5148452576644247,0.9545454545454546,6.0,1.0,0.6230396108151419,1.0,6,1.0,0.6011154887219198,1.0
2359,0.07,28,0.9642857142857143,0.9737645313488009,0.3333333333333333,0.6110356969679017,27,13,0.9230769230769231,0.6236330707714703,0.3333333333333333,5.0,1.0,0.547315119152351,1.0,10,1.0,0.626519399931038,0.9775280898876404
2360,0.07,28,1.0,1.0,1.0,0.5969885947657054,28,15,1.0,0.5787083188941656,1.0,7.0,1.0,0.5208890164638187,1.0,6,1.0,0.7314721257967564,1.0
2361,0.07,34,1.0,0.9990512333965844,0.967741935483871,0.5984154905702407,34,16,1.0,0.6121449118858244,0.967741935483871,8.0,1.0,0.5669736374163961,1.0,10,1.0,0.6016018989883825,1.0
2362,0.1,23,0.8260869565217391,0.9775079992471297,0.8333333333333334,0.42661269408761465,19,13,0.7692307692307693,0.3791715341632732,0.8333333333333334,4.0,1.0,0.4562315153164208,1.0,6,0.8333333333333334,0.5096559931044834,0.8571428571428571
2363,0.07,24,1.0,1.0,1.0,0.5913852965151024,24,16,1.0,0.6033837059478091,1.0,4.0,1.0,0.5725771407737485,1.0,4,1.0,0.5621998145256294,1.0
2364,0.07,25,1.0,0.9964426877470356,0.9545454545454546,0.5904655609444955,25,13,1.0,0.6050005575205712,0.9545454545454546,5.0,1.0,0.5593086128039572,1.0,7,1.0,0.5857269588321682,1.0
2365,0.07,27,1.0,0.9991677070328756,0.9775280898876404,0.5704600824723405,27,11,1.0,0.5899799045519788,1.0,6.0,1.0,0.5454847759354238,1.0,10,1.0,0.5639734621068883,0.9775280898876404
2366,0.07,26,1.0,0.9983277591973244,0.9565217391304348,0.555723183802671,26,11,1.0,0.4835458684854375,0.9565217391304348,9.0,1.0,0.5685733104529205,1.0,6,1.0,0.6687730719088917,1.0
2367,0.07,23,1.0,1.0,1.0,0.6372917723755431,23,8,1.0,0.6713254131342619,1.0,5.0,1.0,0.6569744221811604,1.0,10,1.0,0.6002235348657595,1.0
2368,0.07,29,1.0,0.9981127594955693,0.967741935483871,0.5716015992078257,29,13,1.0,0.5524824378442255,0.967741935483871,8.0,1.0,0.5122354919326947,1.0,8,1.0,0.6620363436988073,0.9775280898876404
2369,0.07,25,1.0,0.9987096774193549,0.967741935483871,0.6152738478911429,25,11,1.0,0.6619518405307145,0.967741935483871,7.0,1.0,0.5862155571121129,1.0,7,1.0,0.5709810073794175,1.0
2370,0.07,31,1.0,0.9978725751296154,0.9565217391304348,0.5979297418186734,31,15,1.0,0.5934548492447171,0.9565217391304348,7.0,1.0,0.5996341884357824,1.0,9,1.0,0.6040622154064045,0.9775280898876404
2371,0.07,26,1.0,1.0,1.0,0.5944395229084543,26,15,1.0,0.6028623006487375,1.0,3.0,1.0,0.3986597360470541,1.0,8,1.0,0.6520642347184482,1.0
2372,0.07,27,1.0,0.9971949509116409,0.9565217391304348,0.5608597403132025,27,15,1.0,0.5670259723296621,0.9565217391304348,6.0,1.0,0.5494823059223864,1.0,6,1.0,0.5568215946628695,1.0
2373,0.07,26,1.0,1.0,1.0,0.554741396457,26,10,1.0,0.5638670105397973,1.0,7.0,1.0,0.5023301348707828,1.0,9,1.0,0.58536613982095,1.0
2374,0.07,26,1.0,0.9987593052109182,0.967741935483871,0.5935688262333068,26,14,1.0,0.6101293248168098,0.967741935483871,5.0,1.0,0.596864154459312,1.0,7,1.0,0.5580940231905824,1.0
2375,0.07,25,1.0,0.9969705469845722,0.9565217391304348,0.6650214664730405,25,16,1.0,0.6439868301634011,0.9565217391304348,3.0,1.0,0.7957932546670706,1.0,6,1.0,0.6557279358683968,1.0
2376,0.07,24,1.0,0.9953581368151471,0.9545454545454546,0.5623799553780411,24,12,1.0,0.6583709864933041,0.9545454545454546,5.0,1.0,0.32507905799931786,1.0,7,1.0,0.5673245430223925,0.9775280898876404
2377,0.07,31,1.0,0.9978088240139708,0.9545454545454546,0.5999982317711383,31,13,1.0,0.5857032215107498,0.9545454545454546,9.0,1.0,0.6564336254117534,1.0,9,1.0,0.5642111862844177,0.9775280898876404
2378,0.07,27,1.0,0.9971949509116409,0.9565217391304348,0.5943801729153579,27,10,1.0,0.6404655959529808,0.9565217391304348,6.0,1.0,0.6371601248559396,1.0,11,1.0,0.5291498145499293,1.0
2379,0.07,29,1.0,0.9988876529477198,0.967741935483871,0.6076753176252738,29,13,1.0,0.6348995556846971,0.967741935483871,8.0,1.0,0.614094271153369,1.0,8,1.0,0.5570169772506164,1.0
2380,0.07,27,0.9629629629629629,0.9741138988450816,0.3333333333333333,0.6030220819407739,26,15,0.9333333333333333,0.5754853406673579,0.3333333333333333,3.0,1.0,0.5834527015309615,1.0,9,1.0,0.655439777533071,1.0
2381,0.07,29,0.9655172413793104,0.9746692026816011,0.3333333333333333,0.5694154677610677,28,18,0.9444444444444444,0.569051410324303,0.3333333333333333,4.0,1.0,0.3911855431320674,1.0,7,1.0,0.672197286672178,0.9775280898876404
2382,0.07,28,0.9642857142857143,0.9746376811594202,0.3333333333333333,0.6278806550659823,27,15,0.9333333333333333,0.6376794172342869,0.3333333333333333,5.0,1.0,0.6084120996763911,1.0,8,1.0,0.6216758231189059,1.0
2383,0.07,24,1.0,0.9990636704119851,0.9775280898876404,0.5764251123164151,24,11,1.0,0.619075555552671,1.0,4.0,1.0,0.40687758957449727,1.0,9,1.0,0.599651247357399,0.9775280898876404
2384,0.07,27,0.9629629629629629,0.9724303971615799,0.3333333333333333,0.47628587596053507,26,17,0.9411764705882353,0.49958634425177306,0.3333333333333333,5.0,1.0,0.2848046844855078,1.0,5,1.0,0.5885454752453533,1.0
2385,0.07,24,1.0,0.9986559139784946,0.967741935483871,0.6348679995982044,24,9,1.0,0.6354769784364361,0.967741935483871,5.0,1.0,0.5947088231347489,1.0,10,1.0,0.6543995068755235,1.0
2386,0.03,29,1.0,1.0,1.0,0.8469040010718736,29,14,1.0,0.8629890347220025,1.0,8.0,1.0,0.7995605753767804,1.0,7,1.0,0.8688407059945794,1.0
2387,0.07,24,0.9583333333333334,0.9685166886253843,0.3333333333333333,0.6122984471864718,23,13,0.9230769230769231,0.5621647800963328,0.3333333333333333,5.0,1.0,0.6725084724749831,1.0,6,1.0,0.6707463714746796,1.0
2388,0.07,32,1.0,1.0,1.0,0.611157272017787,32,15,1.0,0.566304185078758,1.0,6.0,1.0,0.639775842906637,1.0,11,1.0,0.6567104428134537,1.0
2389,0.07,23,1.0,0.9966211908708402,0.9545454545454546,0.6654099858463443,23,13,1.0,0.6192212967925462,0.9545454545454546,7.0,1.0,0.7179182134336511,1.0,3,1.0,0.7430417740424198,1.0
2390,0.07,27,1.0,0.9988052568697731,0.967741935483871,0.5773743684636239,27,10,1.0,0.6401207511535381,0.967741935483871,6.0,1.0,0.4987070042098489,1.0,11,1.0,0.5632416737930335,1.0
2391,0.07,27,1.0,0.9962894622191469,0.9545454545454546,0.626769030085883,27,11,1.0,0.6497069110869643,0.9545454545454546,7.0,1.0,0.5911739774926065,1.0,9,1.0,0.6264188831015541,0.9775280898876404
2392,0.07,27,1.0,0.9967061923583663,0.9545454545454546,0.5472590551442787,27,10,1.0,0.4947180137554407,0.9545454545454546,5.0,1.0,0.5152850848379831,1.0,12,1.0,0.604365743929267,1.0
2393,0.07,28,0.9642857142857143,0.9734150258343808,0.3333333333333333,0.5406502072912577,27,14,0.9285714285714286,0.5426843122692168,0.3333333333333333,6.0,1.0,0.43158346091277133,1.0,8,1.0,0.6188905833636943,1.0
2394,0.07,33,1.0,0.9970239928636955,0.9565217391304348,0.5641590152831367,33,16,1.0,0.6106092582510949,0.9565217391304348,9.0,1.0,0.44513555117885617,1.0,8,1.0,0.605159926464536,0.9775280898876404
2395,0.07,24,1.0,0.9981060606060606,0.9545454545454546,0.5718202947898932,24,12,1.0,0.5844498633320206,0.9545454545454546,5.0,1.0,0.5558938991435545,1.0,7,1.0,0.5615456027507735,1.0
2396,0.07,23,0.9565217391304348,0.9691241335853811,0.3333333333333333,0.5707136777970419,22,12,0.9166666666666666,0.5776661371217175,0.3333333333333333,6.0,1.0,0.5008348839823618,1.0,5,1.0,0.6378823279954364,1.0
2397,0.07,28,0.9642857142857143,0.9750384024577573,0.3333333333333333,0.5965501507673914,27,14,0.9285714285714286,0.5595848797424151,0.3333333333333333,7.0,1.0,0.6754812088905398,1.0,7,1.0,0.5915496346941959,1.0
2398,0.1,22,0.8181818181818182,0.951063429324299,0.3333333333333333,0.4378077192372159,18,13,0.7692307692307693,0.5038554555661592,0.3333333333333333,4.0,1.0,0.2939267336014457,1.0,5,0.8,0.3811883932905797,0.8571428571428571
2399,0.07,31,1.0,0.9967682412876441,0.9545454545454546,0.4691197007738807,31,13,1.0,0.40738186366816276,0.9545454545454546,7.0,1.0,0.4964377227472178,1.0,11,1.0,0.5246984033703329,0.9775280898876404
2400,0.03,25,1.0,1.0,1.0,0.7843418868045012,25,12,1.0,0.7926347902031496,1.0,6.0,1.0,0.8054982666660172,1.0,7,1.0,0.7519914410969477,1.0
2401,0.07,29,0.9655172413793104,0.9770114942528735,0.3333333333333333,0.6286516773979195,28,13,0.9230769230769231,0.6638336827132183,0.3333333333333333,10.0,1.0,0.5916699907173026,1.0,6,1.0,0.614060143682467,1.0
2402,0.07,24,1.0,1.0,1.0,0.6527010814716935,24,9,1.0,0.7061503103262203,1.0,6.0,1.0,0.552273225527453,1.0,9,1.0,0.6662037565799936,1.0
2403,0.07,25,1.0,0.9982608695652173,0.9565217391304348,0.5874056977921963,25,15,1.0,0.580515456096041,0.9565217391304348,5.0,1.0,0.5930825549511257,1.0,5,1.0,0.6023995657217325,1.0
2404,0.1,25,0.88,0.9823121618914046,0.8043478260869565,0.48189421225450246,22,13,0.8461538461538461,0.5145277370017376,0.8043478260869565,8.0,1.0,0.3677903658838742,1.0,4,0.75,0.6040429495672444,0.8571428571428571
2405,0.07,27,1.0,0.9971949509116409,0.9565217391304348,0.5762065989428548,27,11,1.0,0.5481804259362587,0.9565217391304348,8.0,1.0,0.631784516281285,1.0,8,1.0,0.5591646694884946,1.0
2406,0.07,25,0.96,0.9694050039134112,0.3333333333333333,0.5454950808590988,24,11,0.9090909090909091,0.5213979149246751,0.3333333333333333,6.0,1.0,0.6027489372613708,1.0,8,1.0,0.5356882917172273,0.9775280898876404
2407,0.07,26,1.0,0.9991356957649093,0.9775280898876404,0.5647959508476472,26,11,1.0,0.5465975472552966,1.0,9.0,1.0,0.5667243073569629,1.0,6,1.0,0.5952671560029827,0.9775280898876404
2408,0.07,25,1.0,0.9987096774193549,0.967741935483871,0.6309455558780043,25,12,1.0,0.6505964670639234,0.967741935483871,6.0,1.0,0.6128336105844676,1.0,7,1.0,0.6127828040966031,1.0
2409,0.07,29,1.0,0.9988876529477198,0.967741935483871,0.6576723705891351,29,14,1.0,0.6279040638430095,0.967741935483871,6.0,1.0,0.7681263646637979,1.0,9,1.0,0.630342629477777,1.0
2410,0.07,25,0.96,0.9720430107526882,0.3333333333333333,0.5864491449122694,24,12,0.9166666666666666,0.5512685834405354,0.3333333333333333,5.0,1.0,0.6926208530743504,1.0,8,1.0,0.5728626695185701,1.0
2411,0.07,21,0.9523809523809523,0.965647778985945,0.3333333333333333,0.5287203383967679,20,6,0.8333333333333334,0.5263460436697777,0.3333333333333333,6.0,1.0,0.5093203109032743,1.0,9,1.0,0.5432365532104239,0.9775280898876404
2412,0.07,26,1.0,0.9962227601731518,0.9565217391304348,0.6254341206841486,26,13,1.0,0.6430081772014227,0.9565217391304348,5.0,1.0,0.5336142051357649,1.0,8,1.0,0.6542637260613184,0.9775280898876404
2413,0.1,27,0.8148148148148148,0.9501622596237577,0.3333333333333333,0.4399753666914179,22,13,0.6923076923076923,0.4063122116025028,0.3333333333333333,7.0,1.0,0.49752037072828675,0.9948453608247423,7,0.8571428571428571,0.44494765067681996,0.8571428571428571
2414,0.07,30,1.0,0.9984848484848484,0.9545454545454546,0.6195051474461962,30,13,1.0,0.6106567495293059,0.9545454545454546,9.0,1.0,0.5902181956150747,1.0,8,1.0,0.6668316148711553,1.0
2415,0.07,24,1.0,0.9971697310180456,0.9545454545454546,0.5189946522127228,24,11,1.0,0.5293261922737034,0.9545454545454546,5.0,1.0,0.3681419752461361,1.0,8,1.0,0.5990717077329915,0.9775280898876404
2416,0.1,26,0.8461538461538461,0.9542238206983952,0.3333333333333333,0.4513474209270431,22,16,0.8125,0.5163592013117646,0.3333333333333333,7.0,1.0,0.32469636513865346,0.9948453608247423,3,0.6666666666666666,0.40013705571477126,0.8571428571428571
2417,0.07,27,1.0,0.9967061923583663,0.9545454545454546,0.5477767457043761,27,11,1.0,0.5455346813781973,0.9545454545454546,10.0,1.0,0.5453419254958943,1.0,6,1.0,0.5559452306498404,1.0
2418,0.07,26,0.9615384615384616,0.9734946701238836,0.3333333333333333,0.588151851748678,25,13,0.9230769230769231,0.6018608909078359,0.3333333333333333,3.0,1.0,0.40805831878902904,1.0,10,1.0,0.6243581607296673,0.9775280898876404
2419,0.07,25,1.0,0.9959926191966787,0.9545454545454546,0.5314259764349487,25,10,1.0,0.5318374035062253,0.9545454545454546,6.0,1.0,0.563948808838127,1.0,9,1.0,0.5092869469758559,0.9775280898876404
2420,0.07,29,1.0,1.0,1.0,0.620355193570965,29,14,1.0,0.615849556038226,1.0,6.0,1.0,0.6493861972604552,1.0,9,1.0,0.6080099606066761,1.0
2421,0.07,29,1.0,0.9969333515060652,0.9545454545454546,0.5369829050528194,29,15,1.0,0.5555376043824356,0.9545454545454546,7.0,1.0,0.5378363790780771,1.0,7,1.0,0.49636936103552715,1.0
2422,0.07,25,1.0,0.9987096774193549,0.967741935483871,0.5625059370874685,25,11,1.0,0.5472333904297323,0.967741935483871,8.0,1.0,0.5166478076813996,1.0,6,1.0,0.6516497785014101,1.0
2423,0.07,29,1.0,0.9981127594955694,0.967741935483871,0.5941411339129465,29,14,1.0,0.550457553962745,0.967741935483871,5.0,1.0,0.5047871980631543,1.0,10,1.0,0.6999751137681252,0.9775280898876404
2424,0.07,25,1.0,0.997361993160723,0.9565217391304348,0.670518984938468,25,13,1.0,0.6486641352910507,0.9565217391304348,3.0,1.0,0.7530504228459511,1.0,9,1.0,0.6745766217933542,0.9775280898876404
2425,0.03,29,1.0,1.0,1.0,0.8533436599698799,29,15,1.0,0.84068655032798,1.0,7.0,1.0,0.8401940992087787,1.0,7,1.0,0.8936155985350528,1.0
2426,0.07,27,1.0,0.9963626579445164,0.9565217391304348,0.650689685999688,27,12,1.0,0.6190065565536683,0.9565217391304348,5.0,1.0,0.700479445544535,1.0,10,1.0,0.6638145615624883,0.9775280898876404
2427,0.07,28,1.0,0.9975740551583249,0.9545454545454546,0.6163012780756219,28,14,1.0,0.6417713063796218,0.9545454545454546,9.0,1.0,0.5068403344157583,1.0,5,1.0,0.7420148974121762,0.9775280898876404
2428,0.1,29,0.8275862068965517,0.9546295471846742,0.3333333333333333,0.43541991918768164,24,12,0.6666666666666666,0.3977106039834211,0.3333333333333333,7.0,1.0,0.43585440585173163,0.95,10,0.9,0.4803669567679595,0.8571428571428571
2429,0.07,24,1.0,0.9986559139784946,0.967741935483871,0.6205871849544214,24,15,1.0,0.6249472704321959,0.967741935483871,6.0,1.0,0.5206561571497045,1.0,3,1.0,0.7986488131749842,1.0
2430,0.07,28,0.9642857142857143,0.9750384024577573,0.3333333333333333,0.6163838152693956,27,17,0.9411764705882353,0.6085071124474312,0.3333333333333333,6.0,1.0,0.5918064723845372,1.0,5,1.0,0.6726574163259048,1.0
2431,0.07,27,1.0,0.9991677070328756,0.9775280898876404,0.5782677668950589,27,14,1.0,0.6401726864246371,1.0,5.0,1.0,0.43487881801563955,1.0,8,1.0,0.5595522507679342,0.9775280898876404
2432,0.03,22,1.0,1.0,1.0,0.8860814605116274,22,13,1.0,0.8903147822334225,1.0,3.0,1.0,0.8707788261025672,1.0,6,1.0,0.8845605806522675,1.0
2433,0.07,27,1.0,0.9974842053493739,0.9545454545454546,0.5943109349950121,27,12,1.0,0.6476747615293232,0.9545454545454546,6.0,1.0,0.551013153058038,1.0,9,1.0,0.5520243542405798,0.9775280898876404
2434,0.07,24,1.0,0.9977195843904796,0.967741935483871,0.6324336311551443,24,9,1.0,0.6798281883045756,0.967741935483871,6.0,1.0,0.5507324172133785,1.0,9,1.0,0.6395065499668904,0.9775280898876404
2435,0.07,25,0.96,0.9720430107526882,0.3333333333333333,0.6052208402930872,24,13,0.9230769230769231,0.593046751180976,0.3333333333333333,5.0,1.0,0.5689902978876168,1.0,7,1.0,0.6537088217909154,1.0
2436,0.07,26,1.0,0.9962227601731517,0.9565217391304348,0.57202511113864,26,15,1.0,0.5815767880432947,0.9565217391304348,7.0,1.0,0.5281231969730408,1.0,4,1.0,0.6130346725359831,0.9775280898876404
2437,0.07,25,1.0,0.9969705469845722,0.9565217391304348,0.590576911063764,25,12,1.0,0.6423983648948185,0.9565217391304348,7.0,1.0,0.5406744877549362,1.0,6,1.0,0.545153497261954,1.0
2438,0.07,27,1.0,0.9946791562610149,0.9545454545454546,0.5748622136883111,27,12,1.0,0.5944538583843187,0.9545454545454546,6.0,1.0,0.4817398976976725,1.0,9,1.0,0.6108215647540596,0.9775280898876404
2439,0.07,23,0.9565217391304348,0.9686349286393411,0.3333333333333333,0.5395029223271431,22,11,0.9090909090909091,0.5144085116794886,0.3333333333333333,2.0,1.0,0.5603648502240052,1.0,10,1.0,0.5629343884601907,0.9775280898876404
2440,0.1,28,0.8928571428571429,0.9668845066116335,0.3333333333333333,0.46448092058262175,25,13,0.7692307692307693,0.3810336872265567,0.3333333333333333,6.0,1.0,0.4873388572561563,1.0,9,1.0,0.5697771887590259,0.9775280898876404
2441,0.07,26,1.0,1.0,1.0,0.6133662639785155,26,13,1.0,0.5208187140513716,1.0,5.0,1.0,0.7346676739630077,1.0,8,1.0,0.6879426513698168,1.0
2442,0.03,28,1.0,1.0,1.0,0.8273830398004745,28,16,1.0,0.8385565010151412,1.0,6.0,1.0,0.7978465059475993,1.0,6,1.0,0.827123677080906,1.0
2443,0.07,26,1.0,0.9991356957649093,0.9775280898876404,0.5340962221840897,26,15,1.0,0.6222821200687902,1.0,4.0,1.0,0.4490443469602285,1.0,7,1.0,0.39372751255908095,0.9775280898876404
2444,0.07,26,0.9615384615384616,0.9726867335562986,0.3333333333333333,0.5954538813722454,25,12,0.9166666666666666,0.6488251819368359,0.3333333333333333,6.0,1.0,0.6129458733238587,1.0,8,1.0,0.5022779365616497,1.0
2445,0.07,28,1.0,0.9988479262672811,0.967741935483871,0.6027872669915499,28,13,1.0,0.5425013431164358,0.967741935483871,7.0,1.0,0.6615821134315105,1.0,8,1.0,0.6493064026536454,1.0
2446,0.03,21,1.0,1.0,1.0,0.8656790130429457,21,9,1.0,0.8775493864403356,1.0,5.0,1.0,0.7919621378520052,1.0,7,1.0,0.9030720152398306,1.0
2447,0.07,28,0.9642857142857143,0.9726830392084028,0.3333333333333333,0.6324229867113754,27,15,0.9333333333333333,0.6613011309748524,0.3333333333333333,7.0,1.0,0.593382403776716,1.0,6,1.0,0.6057749728097853,0.9775280898876404
2448,0.1,24,0.8333333333333334,0.9447261406361663,0.3333333333333333,0.5128960107459632,20,11,0.7272727272727273,0.5044840445628167,0.3333333333333333,3.0,1.0,0.5171589035860477,0.95,10,0.9,0.5208703056953993,0.8571428571428571
2449,0.07,28,0.9642857142857143,0.9726124576160821,0.3333333333333333,0.5704271542934928,27,13,0.9230769230769231,0.5871507360414928,0.3333333333333333,8.0,1.0,0.5036910688427004,1.0,7,1.0,0.6156388858481121,0.9775280898876404
2450,0.07,27,0.9629629629629629,0.9741138988450816,0.3333333333333333,0.538776145184927,26,15,0.9333333333333333,0.6160521548419897,0.3333333333333333,6.0,1.0,0.37417801272521006,1.0,6,1.0,0.5101842535019869,1.0
2451,0.07,29,1.0,0.9984326018808777,0.9545454545454546,0.5539950417098558,29,14,1.0,0.5037751764336422,0.9545454545454546,8.0,1.0,0.620426695670539,1.0,7,1.0,0.5785128820215023,1.0
2452,0.07,27,1.0,0.9963626579445164,0.9565217391304348,0.5563543133557626,27,14,1.0,0.5446173592062425,0.9565217391304348,8.0,1.0,0.5449499344224966,1.0,5,1.0,0.6074647912676447,0.9775280898876404
2453,0.07,28,1.0,0.9988479262672811,0.967741935483871,0.6414220978515809,28,14,1.0,0.7004942911562975,0.967741935483871,8.0,1.0,0.5562904299389768,1.0,6,1.0,0.6170958706907147,1.0
2454,0.07,23,1.0,1.0,1.0,0.6369996554324744,23,13,1.0,0.7341505921300389,1.0,2.0,1.0,0.25733915549707687,1.0,8,1.0,0.5740445082827818,1.0
2455,0.07,33,0.9696969696969697,0.9797979797979797,0.3333333333333333,0.5339478470265789,32,16,0.9375,0.5266718016299885,0.3333333333333333,7.0,1.0,0.5285099811816181,1.0,10,1.0,0.5493960257525964,1.0
2456,0.07,27,1.0,1.0,1.0,0.6465628027661332,27,14,1.0,0.6416186145182579,1.0,7.0,1.0,0.6652263271573997,1.0,6,1.0,0.6363251302213646,1.0
2457,0.03,27,1.0,1.0,1.0,0.8233424103095227,27,11,1.0,0.8036169166292015,1.0,8.0,1.0,0.8300640727749279,1.0,8,1.0,0.843743301654559,1.0
2458,0.07,26,0.9615384615384616,0.9726867335562986,0.3333333333333333,0.6101415692761069,25,13,0.9230769230769231,0.572354103976957,0.3333333333333333,6.0,1.0,0.6404276370631593,1.0,7,1.0,0.6543588038713402,1.0
2459,0.07,29,1.0,0.9984326018808777,0.9545454545454546,0.607208586391798,29,15,1.0,0.5665521123918145,0.9545454545454546,7.0,1.0,0.6424455252273708,1.0,7,1.0,0.6590926632704758,1.0
2460,0.07,30,1.0,0.9989247311827957,0.967741935483871,0.5847774600964685,30,13,1.0,0.5984713988509579,0.967741935483871,4.0,1.0,0.41265547988438733,1.0,13,1.0,0.6240441306380039,1.0
2461,0.07,25,1.0,0.9964426877470356,0.9545454545454546,0.5921015381416673,25,14,1.0,0.6619463149387562,0.9545454545454546,3.0,1.0,0.25033889411073035,1.0,8,1.0,0.5980341702583634,1.0
2462,0.07,25,1.0,0.9991011235955056,0.9775280898876404,0.5895574983145235,25,10,1.0,0.5377306093229122,1.0,5.0,1.0,0.6311477507897421,1.0,10,1.0,0.6205892610685255,0.9775280898876404
2463,0.07,28,1.0,1.0,1.0,0.6078941728511671,28,13,1.0,0.6199867783961003,1.0,9.0,1.0,0.5500745884307657,1.0,6,1.0,0.6684229041344145,1.0
2464,0.07,28,1.0,0.9972951312362252,0.9565217391304348,0.5573450970661196,28,14,1.0,0.5428077518242849,0.9565217391304348,5.0,1.0,0.551128240489624,1.0,9,1.0,0.5834125544292492,1.0
2465,0.07,28,1.0,1.0,1.0,0.6525660403502471,28,13,1.0,0.6662960665267706,1.0,4.0,1.0,0.5806657274393991,1.0,11,1.0,0.6624852141092098,1.0
2466,0.07,24,0.9583333333333334,0.9690665419978183,0.3333333333333333,0.5941351747269686,23,14,0.9285714285714286,0.6081791089955283,0.3333333333333333,3.0,1.0,0.44763655090556903,1.0,7,1.0,0.6288324306847348,1.0
2467,0.07,32,0.96875,0.9777462121212122,0.3333333333333333,0.5450275070608935,31,15,0.9333333333333333,0.5372949978408645,0.3333333333333333,9.0,1.0,0.5689982011705333,1.0,8,1.0,0.5325589309751031,1.0
2468,0.07,27,0.9629629629629629,0.9741138988450816,0.3333333333333333,0.5993527999493524,26,13,0.9230769230769231,0.6096844171724258,0.3333333333333333,5.0,1.0,0.41996586983892403,1.0,9,1.0,0.6840887584662623,1.0
2469,0.07,26,1.0,0.9978950009758274,0.967741935483871,0.5574217482498053,26,13,1.0,0.5832301431178806,0.967741935483871,6.0,1.0,0.4061186597241202,1.0,7,1.0,0.6391802336596815,0.9775280898876404
2470,0.07,24,1.0,0.9962944664031621,0.9545454545454546,0.5799927420595857,24,16,1.0,0.5791724710894885,0.9545454545454546,1.0,1.0,0.28324324324324324,1.0,7,1.0,0.6242604326792855,1.0
2471,0.07,29,1.0,0.9992251065478497,0.9775280898876404,0.5990651405465994,29,15,1.0,0.6480739893769256,1.0,8.0,1.0,0.5256114513050422,1.0,6,1.0,0.5744812707928597,0.9775280898876404
2472,0.07,30,0.9666666666666667,0.9767025089605734,0.3333333333333333,0.61476225001918,29,14,0.9285714285714286,0.5952095206957653,0.3333333333333333,9.0,1.0,0.5137057468383571,1.0,7,1.0,0.7837974984699241,1.0
2473,0.07,23,1.0,0.9956441513007377,0.9545454545454546,0.5130410665117573,23,12,1.0,0.4605122992229867,0.9545454545454546,6.0,1.0,0.46533812436107197,1.0,5,1.0,0.6963536385856293,0.9775280898876404
2474,0.07,29,1.0,0.9984326018808777,0.9545454545454546,0.6124338827442157,29,14,1.0,0.5974049933237104,0.9545454545454546,9.0,1.0,0.6126906606734711,1.0,6,1.0,0.6471161244981783,1.0
2475,0.07,27,0.9629629629629629,0.9744763490081841,0.3333333333333333,0.565240939255242,26,12,0.9166666666666666,0.52628373620728,0.3333333333333333,8.0,1.0,0.5525680015574338,1.0,7,1.0,0.6465080732778147,0.9775280898876404
2476,0.07,30,1.0,0.9984848484848484,0.9545454545454546,0.6157261009478849,30,18,1.0,0.59304649752746,0.9545454545454546,6.0,1.0,0.6515317422258927,1.0,6,1.0,0.6479592699311525,1.0
2477,0.07,22,1.0,0.9934698735930637,0.9545454545454546,0.5703814446455708,22,10,1.0,0.5472281210202129,0.9545454545454546,4.0,1.0,0.5616401969269142,1.0,8,1.0,0.6036937230365965,0.9775280898876404
2478,0.07,26,0.9615384615384616,0.9743589743589743,0.3333333333333333,0.5527513095424003,25,10,0.9,0.5604233087422901,0.3333333333333333,6.0,1.0,0.3711822889520306,1.0,10,1.0,0.6540207226967321,1.0
2479,0.07,25,1.0,1.0,1.0,0.606205958172572,25,11,1.0,0.6205999368959697,1.0,5.0,1.0,0.4953060965037208,1.0,9,1.0,0.6502243517711142,1.0
2480,0.1,23,0.8695652173913043,0.9590940437062554,0.3333333333333333,0.4743249471601771,20,14,0.8571428571428571,0.42131559926810036,0.3333333333333333,4.0,1.0,0.6924001824767968,0.9948453608247423,5,0.8,0.44829093300469636,0.8571428571428571
2481,0.07,24,1.0,1.0,1.0,0.5993055350911836,24,9,1.0,0.6303009274479491,1.0,8.0,1.0,0.47451994605442777,1.0,7,1.0,0.702066418103063,1.0
2482,0.07,32,1.0,0.998641304347826,0.9565217391304348,0.5943896876005499,32,13,1.0,0.5933568657334862,0.9565217391304348,10.0,1.0,0.6093119671736058,1.0,9,1.0,0.5793012307718015,1.0
2483,0.07,26,1.0,0.9978950009758274,0.967741935483871,0.6257521922830851,26,10,1.0,0.62248564570312,0.967741935483871,6.0,1.0,0.6675551003223749,1.0,10,1.0,0.6039369940394759,0.9775280898876404
2484,0.07,25,1.0,0.9978108010148605,0.967741935483871,0.6184957433354076,25,13,1.0,0.6464981314666705,0.967741935483871,6.0,1.0,0.5879508605303937,1.0,6,1.0,0.588368785189352,0.9775280898876404
2485,0.07,28,1.0,0.9983766233766234,0.9545454545454546,0.518416699066542,28,13,1.0,0.5350487159270585,0.9545454545454546,7.0,1.0,0.5622792888064584,1.0,8,1.0,0.4530099056457758,1.0
2486,0.1,24,0.875,0.9815751686368798,0.8043478260869565,0.493125495452196,21,16,0.875,0.44832666669070287,0.8043478260869565,6.0,1.0,0.6242196682818735,1.0,2,0.5,0.4582336070551087,0.8571428571428571
2487,0.07,28,0.9642857142857143,0.9734150258343808,0.3333333333333333,0.5604854055602806,27,13,0.9230769230769231,0.49953793164122196,0.3333333333333333,3.0,1.0,0.6817010916215763,1.0,12,1.0,0.5962079141239366,1.0
2488,0.1,24,0.875,0.9806995647721455,0.8333333333333334,0.4509868052169636,21,13,0.8461538461538461,0.49378543314241885,0.8333333333333334,6.0,1.0,0.4164879707211928,1.0,5,0.8,0.3811089740057044,0.8571428571428571
2489,0.07,30,1.0,0.9974095796676442,0.9545454545454546,0.5963159290828582,30,14,1.0,0.551634385821435,0.9545454545454546,7.0,1.0,0.5981024353481115,1.0,9,1.0,0.6644310470609865,1.0
2490,0.07,27,1.0,0.9991677070328756,0.9775280898876404,0.6421890949389001,27,14,1.0,0.7306038671053441,1.0,7.0,1.0,0.5659233253270982,1.0,6,1.0,0.5248646910976333,0.9775280898876404
2491,0.1,24,0.875,0.981163446593747,0.8043478260869565,0.43682724531106415,21,10,0.7,0.44965946632334974,0.8043478260869565,7.0,1.0,0.45185722769197467,0.9948453608247423,7,1.0,0.40346551862688823,0.9565217391304348
2492,0.07,26,1.0,0.9974634549622335,0.9565217391304348,0.6023813695286074,26,11,1.0,0.563607885409611,0.9565217391304348,5.0,1.0,0.4620528064084534,1.0,10,1.0,0.7151964836195807,0.9775280898876404
2493,0.07,31,0.967741935483871,0.9767291406033821,0.3333333333333333,0.6411746288921322,30,14,0.9285714285714286,0.6267014840201147,0.3333333333333333,7.0,1.0,0.7564568739283801,1.0,10,1.0,0.5807394601875835,0.9775280898876404
2494,0.07,25,1.0,0.9978108010148605,0.967741935483871,0.6091713418311488,25,11,1.0,0.6217357720759789,0.967741935483871,6.0,1.0,0.5694621865742491,1.0,8,1.0,0.6216771166871823,0.9775280898876404
2495,0.07,27,0.9629629629629629,0.9732816058779571,0.3333333333333333,0.564093655718745,26,11,0.9090909090909091,0.5947422148556913,0.3333333333333333,10.0,1.0,0.4696617483981048,1.0,6,1.0,0.6652911428354106,0.9775280898876404
2496,0.07,26,1.0,0.9982517482517482,0.9545454545454546,0.5621226173612611,26,12,1.0,0.5319463934901274,0.9545454545454546,6.0,1.0,0.5471622380947218,1.0,8,1.0,0.6186072376178664,1.0
2497,0.07,24,0.9583333333333334,0.9703282828282829,0.3333333333333333,0.5143064465500259,23,11,0.9090909090909091,0.4875640259423902,0.3333333333333333,3.0,1.0,0.44696166677616933,1.0,10,1.0,0.5639265431505824,1.0
2498,0.1,26,0.8461538461538461,0.9569188058318493,0.3333333333333333,0.4823208266430851,22,15,0.7333333333333333,0.501548012896793,0.3333333333333333,4.0,1.0,0.48462433925905024,0.95,7,1.0,0.43980342031887404,1.0
2499,0.07,26,1.0,0.9987593052109182,0.967741935483871,0.5670417508051074,26,9,1.0,0.6380895124332663,0.967741935483871,7.0,1.0,0.41866647103954335,1.0,10,1.0,0.6069614611756594,1.0
2500,0.07,22,1.0,0.9964676086376966,0.9545454545454546,0.5706164462325133,22,13,1.0,0.6260751001776838,0.9545454545454546,4.0,1.0,0.4541783232484737,1.0,5,1.0,0.5195744443623018,1.0
2501,0.07,28,1.0,1.0,1.0,0.6182469402259617,28,12,1.0,0.6179126369102111,1.0,7.0,1.0,0.5886104732732441,1.0,9,1.0,0.6417432633879648,1.0
2502,0.07,25,1.0,0.9981818181818182,0.9545454545454546,0.6211589651297609,25,14,1.0,0.5810476865893089,0.9545454545454546,6.0,1.0,0.6950997061292705,1.0,5,1.0,0.6447416558436152,1.0
2503,0.07,29,1.0,0.9966135091207566,0.9565217391304348,0.5590311906469672,29,10,1.0,0.5342248804883682,0.9565217391304348,8.0,1.0,0.5745341843714699,1.0,11,1.0,0.5703074771733279,0.9775280898876404
2504,0.07,28,1.0,0.9975740551583249,0.9545454545454546,0.6368342310960896,28,13,1.0,0.6687037006090356,0.9545454545454546,9.0,1.0,0.620217746196753,1.0,6,1.0,0.592708441167045,0.9775280898876404
2505,0.07,22,1.0,0.9989785495403474,0.9775280898876404,0.6117426753771776,22,10,1.0,0.7322743108837697,1.0,4.0,1.0,0.6229022836196103,1.0,8,1.0,0.4554983268727215,0.9775280898876404
2506,0.07,28,0.9642857142857143,0.9738351129411217,0.3333333333333333,0.576249424982704,27,12,0.9166666666666666,0.5500710976916472,0.3333333333333333,4.0,1.0,0.5899113690326072,1.0,12,1.0,0.5978737709237931,0.9775280898876404
2507,0.07,23,1.0,1.0,1.0,0.5162705650836631,23,8,1.0,0.5369867748594332,1.0,8.0,1.0,0.3998563188247528,1.0,7,1.0,0.6256397496358233,1.0
2508,0.07,28,1.0,1.0,1.0,0.6669583131952939,28,12,1.0,0.6976561658617108,1.0,8.0,1.0,0.6719762381521759,1.0,8,1.0,0.6158936092387866,1.0
2509,0.07,32,0.96875,0.9760976593073525,0.3333333333333333,0.5300766809150288,31,13,0.9230769230769231,0.5461217947371655,0.3333333333333333,10.0,1.0,0.5085411380302288,1.0,9,1.0,0.530828786377276,0.9775280898876404
2510,0.07,21,1.0,0.9989299090422686,0.9775280898876404,0.5567652135613602,21,11,1.0,0.5625183562164696,1.0,4.0,1.0,0.5461030744522805,1.0,6,1.0,0.5533258780997125,0.9775280898876404
2511,0.07,30,0.9666666666666667,0.9770287141073657,0.3333333333333333,0.6409403555450731,29,13,0.9230769230769231,0.6004751127490617,0.3333333333333333,5.0,1.0,0.8129797135663555,1.0,12,1.0,0.6130946360652179,0.9775280898876404
2512,0.07,24,0.9583333333333334,0.9722222222222222,0.3333333333333333,0.5352979449431033,23,12,0.9166666666666666,0.5289766095454677,0.3333333333333333,6.0,1.0,0.5374283909907751,1.0,6,1.0,0.5458101696907031,1.0
2513,0.07,27,1.0,0.998389694041868,0.9565217391304348,0.5774625259429675,27,15,1.0,0.5987638394839492,0.9565217391304348,3.0,1.0,0.35878071400874983,1.0,9,1.0,0.614854274019404,1.0
2514,0.07,27,1.0,0.9991677070328756,0.9775280898876404,0.5670908975751312,27,14,1.0,0.5753644288819723,1.0,8.0,1.0,0.5725801769640135,1.0,5,1.0,0.5351421628937651,0.9775280898876404
2515,0.1,22,0.8636363636363636,0.9763111642247408,0.8043478260869565,0.350851673790071,19,11,0.7272727272727273,0.3468825045556773,0.8043478260869565,6.0,1.0,0.3543855195990009,1.0,5,1.0,0.3553432311350215,0.9775280898876404
2516,0.07,30,0.9666666666666667,0.9744382937750101,0.3333333333333333,0.5523656314888038,29,16,0.9375,0.5221976137300437,0.3333333333333333,6.0,1.0,0.5494584422755341,1.0,8,1.0,0.6148820589162758,0.9775280898876404
2517,0.07,25,1.0,0.9973619931607228,0.9565217391304348,0.5885697844842493,25,11,1.0,0.5615613076775733,0.9565217391304348,5.0,1.0,0.7276456744209645,1.0,9,1.0,0.5443157617275669,0.9775280898876404
2518,0.07,26,0.9615384615384616,0.9726107226107227,0.3333333333333333,0.616102671996625,25,12,0.9166666666666666,0.5666512968468365,0.3333333333333333,10.0,1.0,0.6564544503555044,1.0,4,1.0,0.6635773515487915,1.0
2519,0.1,25,0.84,0.9524869287053466,0.3333333333333333,0.4804140506552257,21,14,0.7142857142857143,0.4253197908261773,0.3333333333333333,6.0,1.0,0.49591017978008756,0.9948453608247423,5,1.0,0.6160826232267272,1.0
2520,0.1,24,0.875,0.9566332591727437,0.3333333333333333,0.4642518426402571,21,12,0.75,0.4984389731070267,0.3333333333333333,6.0,1.0,0.43518921348414374,0.9948453608247423,6,1.0,0.4249402108628311,0.9565217391304348
2521,0.07,26,1.0,0.9970870644082426,0.9565217391304348,0.6034518507464101,26,12,1.0,0.6776000787184847,0.9565217391304348,4.0,1.0,0.472516908055582,1.0,10,1.0,0.5668479542562515,1.0
2522,0.07,27,0.9629629629629629,0.9725035928869495,0.3333333333333333,0.5707137247239279,26,16,0.9375,0.5597088569958002,0.3333333333333333,7.0,1.0,0.5875711104816969,1.0,4,1.0,0.5852327705603428,1.0
2523,0.07,26,1.0,0.9987593052109182,0.967741935483871,0.6276120497879015,26,13,1.0,0.618181080052906,0.967741935483871,6.0,1.0,0.6156688204337726,1.0,7,1.0,0.6553637615992894,1.0
2524,0.07,25,1.0,1.0,1.0,0.6510299458366222,25,11,1.0,0.7518332924931809,1.0,5.0,1.0,0.45675407121529377,1.0,9,1.0,0.6357568969348996,1.0
2525,0.07,26,1.0,0.9987593052109182,0.967741935483871,0.5667529251431416,26,13,1.0,0.6420106334465863,0.967741935483871,6.0,1.0,0.4154758053628152,1.0,7,1.0,0.5566547123913093,1.0
2526,0.07,28,0.9642857142857143,0.9761904761904762,0.3333333333333333,0.5979996481176136,27,14,0.9285714285714286,0.534052290543179,0.3333333333333333,5.0,1.0,0.6451240956608907,1.0,9,1.0,0.6712930668204694,1.0
2527,0.07,28,1.0,0.9988479262672811,0.967741935483871,0.5851185784326411,28,14,1.0,0.577797385881155,0.967741935483871,7.0,1.0,0.5637124056364612,1.0,7,1.0,0.6211671363317934,1.0
2528,0.07,25,1.0,0.9987096774193549,0.967741935483871,0.6040832028589199,25,11,1.0,0.7131821098313885,0.967741935483871,6.0,1.0,0.43152561336648404,1.0,8,1.0,0.5834903978911027,1.0
2529,0.07,27,1.0,0.9988052568697731,0.967741935483871,0.6071820117273183,27,15,1.0,0.597822658194053,0.967741935483871,3.0,1.0,0.6208660400013274,1.0,9,1.0,0.6182195915247575,1.0
2530,0.07,24,1.0,0.9981060606060606,0.9545454545454546,0.5602589832332162,24,12,1.0,0.5492140934690425,0.9545454545454546,6.0,1.0,0.5434535008382938,1.0,6,1.0,0.5991542451564856,1.0
2531,0.07,25,0.96,0.9715942028985506,0.3333333333333333,0.5759194858292177,24,10,0.9,0.5344118638762791,0.3333333333333333,7.0,1.0,0.5807237140528726,1.0,8,1.0,0.6236003135746929,1.0
2532,0.07,28,0.9642857142857143,0.9726830392084028,0.3333333333333333,0.5641301700554487,27,13,0.9230769230769231,0.5166887705059021,0.3333333333333333,8.0,1.0,0.5774495980987676,1.0,7,1.0,0.637013422883671,0.9775280898876404
2533,0.07,26,1.0,0.9957152032139819,0.9545454545454546,0.5397839388871257,26,11,1.0,0.5191542545488966,0.9545454545454546,7.0,1.0,0.5495896583900999,1.0,8,1.0,0.5595697502870883,0.9775280898876404
2534,0.1,29,0.896551724137931,0.9616146472218435,0.3333333333333333,0.5328402098187236,26,15,0.8,0.5550616219271464,0.3333333333333333,6.0,1.0,0.5309700052063562,0.95,8,1.0,0.49257771557470664,0.9565217391304348
2535,0.03,25,1.0,1.0,1.0,0.8634679516371392,25,7,1.0,0.8628581050268215,1.0,9.0,1.0,0.8528486217731391,1.0,9,1.0,0.8745616066424973,1.0
2536,0.03,23,1.0,1.0,1.0,0.8529307673517923,23,11,1.0,0.8589782260738171,1.0,7.0,1.0,0.8805187981683719,1.0,5,1.0,0.8010031150201261,1.0
2537,0.07,24,1.0,1.0,1.0,0.6040297112710267,24,10,1.0,0.6234651685257252,1.0,5.0,1.0,0.603056215765253,1.0,9,1.0,0.5829755896023469,1.0
2538,0.07,26,1.0,0.9982517482517482,0.9545454545454546,0.6057040980088122,26,11,1.0,0.5499864512738502,0.9545454545454546,5.0,1.0,0.6710699176584497,1.0,10,1.0,0.6343105995924518,1.0
2539,0.07,27,1.0,0.998389694041868,0.9565217391304348,0.6021047831709497,27,12,1.0,0.6330901824854175,0.9565217391304348,9.0,1.0,0.5850168234892009,1.0,6,1.0,0.5657659240646378,1.0
2540,0.07,27,1.0,0.9979729639026487,0.967741935483871,0.6274169230320324,27,13,1.0,0.655073887238692,0.967741935483871,7.0,1.0,0.5019572056786187,1.0,7,1.0,0.7015137068587923,0.9775280898876404
2541,0.1,28,0.8571428571428571,0.9758843766103482,0.8043478260869565,0.48989326771349523,24,15,0.8,0.5166568109717943,0.8043478260869565,6.0,1.0,0.4340856528954415,0.9948453608247423,7,0.8571428571428571,0.48037791628975723,0.8571428571428571
2542,0.07,27,1.0,0.9991677070328756,0.9775280898876404,0.5991004944907461,27,11,1.0,0.5780350384932684,1.0,6.0,1.0,0.6513850957395741,1.0,10,1.0,0.5909017353386747,0.9775280898876404
2543,0.07,23,1.0,1.0,1.0,0.6580145522614299,23,9,1.0,0.6239178344743539,1.0,8.0,1.0,0.7514834126588874,1.0,6,1.0,0.584534481745434,1.0
2544,0.07,24,1.0,0.9958256449965402,0.9545454545454546,0.5956145700369895,24,12,1.0,0.6424585388842071,0.9545454545454546,6.0,1.0,0.5226267542264972,1.0,6,1.0,0.5749144481530463,0.9775280898876404
2545,0.07,25,1.0,0.9972829417773238,0.9545454545454546,0.5896631933253142,25,11,1.0,0.5761583608028968,0.9545454545454546,6.0,1.0,0.6173755018026689,1.0,8,1.0,0.587448106685622,0.9775280898876404
2546,0.07,32,1.0,0.9975714809384164,0.9545454545454546,0.6043388507997656,32,16,1.0,0.6170975086979912,0.9545454545454546,4.0,1.0,0.5888185753811817,1.0,12,1.0,0.5925007320749925,1.0
2547,0.07,28,1.0,1.0,1.0,0.6319008842654883,28,15,1.0,0.6465583667124721,1.0,5.0,1.0,0.5841584030969593,1.0,8,1.0,0.6342571554077246,1.0
2548,0.07,24,1.0,0.9981060606060606,0.9545454545454546,0.5974601233337022,24,11,1.0,0.6214370428185966,0.9545454545454546,5.0,1.0,0.43437106478395987,1.0,8,1.0,0.6664225206355612,1.0
2549,0.07,28,0.9642857142857143,0.9718622308033248,0.3333333333333333,0.5369333574248822,27,16,0.9375,0.5224349527945397,0.3333333333333333,5.0,1.0,0.5664352701279247,1.0,7,1.0,0.5489997732206351,1.0
2550,0.07,26,0.9615384615384616,0.9734946701238836,0.3333333333333333,0.5695925891322129,25,8,0.875,0.5071218262935292,0.3333333333333333,11.0,1.0,0.5442552820244063,1.0,7,1.0,0.6808035149744043,0.9775280898876404
2551,0.07,22,1.0,0.996912433837868,0.9545454545454546,0.6353602499450708,22,8,1.0,0.6984321621753781,0.9545454545454546,8.0,1.0,0.5662299628980187,1.0,6,1.0,0.6434380830340639,0.9775280898876404
2552,0.1,22,0.8636363636363636,0.9546254470167512,0.3333333333333333,0.49138128578621426,19,12,0.75,0.43358036903848185,0.3333333333333333,6.0,1.0,0.6514119951799662,1.0,4,1.0,0.4247379719387833,0.9565217391304348
2553,0.07,28,1.0,1.0,1.0,0.5399746835253524,28,10,1.0,0.6161931933622978,1.0,9.0,1.0,0.4639557148342059,1.0,9,1.0,0.5313064190643373,1.0
2554,0.07,25,1.0,0.997361993160723,0.9565217391304348,0.7108365387393492,25,11,1.0,0.712561803452709,0.9565217391304348,5.0,1.0,0.737190427760619,1.0,9,1.0,0.6940868324112042,0.9775280898876404
2555,0.07,26,1.0,0.9953388126599907,0.9545454545454546,0.5905767034015938,26,14,1.0,0.579502216593489,0.9545454545454546,6.0,1.0,0.5683456472794881,1.0,6,1.0,0.6386482287426106,1.0
2556,0.07,25,1.0,0.9972829417773238,0.9545454545454546,0.5823623887474809,25,11,1.0,0.6333275528999974,0.9545454545454546,6.0,1.0,0.6260300866633639,1.0,8,1.0,0.47953451460085844,0.9775280898876404
2557,0.07,29,1.0,0.9965453613764471,0.9545454545454546,0.5226214426172318,29,15,1.0,0.5602665580905624,0.9545454545454546,7.0,1.0,0.365171558827545,1.0,7,1.0,0.5994032218212102,0.9775280898876404
2558,0.1,29,0.8275862068965517,0.9541752288892764,0.3333333333333333,0.448254882120532,24,13,0.6923076923076923,0.5018425769691928,0.3333333333333333,5.0,1.0,0.43019726356413573,1.0,11,0.9090909090909091,0.39313197846138587,0.8571428571428571
2559,0.07,27,0.9629629629629629,0.9711825413665504,0.3333333333333333,0.6049045472805132,26,14,0.9285714285714286,0.5566982068252228,0.3333333333333333,7.0,1.0,0.6630635987957093,1.0,6,1.0,0.6495337815751293,0.9775280898876404
2560,0.07,22,1.0,0.9979338842975206,0.9545454545454546,0.5477358884805619,22,8,1.0,0.5408610153856797,0.9545454545454546,6.0,1.0,0.49743792396895053,1.0,8,1.0,0.5923342349591525,1.0
2561,0.07,26,1.0,1.0,1.0,0.5771644605001381,26,12,1.0,0.5455014149675343,1.0,7.0,1.0,0.5959074991248711,1.0,7,1.0,0.6127009285027257,1.0
2562,0.1,27,0.8148148148148148,0.9542969376302709,0.3333333333333333,0.4813973149512653,22,15,0.7333333333333333,0.43585849901275175,0.3333333333333333,6.0,1.0,0.6319423373623437,0.95,6,0.8333333333333334,0.44469933238647114,0.8571428571428571
2563,0.07,24,1.0,0.9977195843904796,0.967741935483871,0.6258697168263775,24,11,1.0,0.6532163909417806,0.967741935483871,3.0,1.0,0.5078409758027093,1.0,10,1.0,0.6311969976065345,0.9775280898876404
2564,0.07,28,1.0,0.9964925630179267,0.9565217391304348,0.5852204145142013,28,14,1.0,0.6401924643280965,0.9565217391304348,4.0,1.0,0.38982647234805595,1.0,10,1.0,0.5864171216412064,0.9775280898876404
2565,0.07,25,0.96,0.9733333333333333,0.3333333333333333,0.5925412939866657,24,13,0.9230769230769231,0.6449246185846682,0.3333333333333333,6.0,1.0,0.4772207855206682,1.0,6,1.0,0.5943645991569909,1.0
2566,0.1,28,0.8214285714285714,0.951153636933659,0.3333333333333333,0.4737955570733489,23,16,0.75,0.45927649014949096,0.3333333333333333,5.0,1.0,0.5908125691467729,0.95,7,0.8571428571428571,0.42339841570400694,0.8571428571428571
2567,0.07,26,1.0,0.9983277591973244,0.9565217391304348,0.6041708047749174,26,15,1.0,0.6072423065304781,0.9565217391304348,6.0,1.0,0.5569749151247497,1.0,5,1.0,0.6515913670884369,1.0
2568,0.1,23,0.8260869565217391,0.9514210427253905,0.3333333333333333,0.44444335494306464,19,11,0.7272727272727273,0.45703249491922443,0.3333333333333333,8.0,1.0,0.4766981043771716,0.95,4,0.75,0.345313721140411,0.8571428571428571
2569,0.07,24,1.0,0.9990636704119851,0.9775280898876404,0.6764251762617591,24,13,1.0,0.7185882758316353,1.0,7.0,1.0,0.5734190099514713,1.0,4,1.0,0.719655893702666,0.9775280898876404
2570,0.07,24,1.0,0.9967619745845552,0.9545454545454546,0.5550559033288035,24,10,1.0,0.5168265306369578,0.9545454545454546,6.0,1.0,0.7115599265680151,1.0,8,1.0,0.4854646017642016,1.0
2571,0.07,28,0.9642857142857143,0.9761904761904762,0.3333333333333333,0.6279258594071518,27,11,0.9090909090909091,0.5880333771826558,0.3333333333333333,8.0,1.0,0.6186235968116865,1.0,9,1.0,0.6849520155441722,1.0
2572,0.07,30,1.0,0.9974754558204768,0.9565217391304348,0.5766155650007796,30,15,1.0,0.5478203478852479,0.9565217391304348,9.0,1.0,0.6544016182682697,1.0,6,1.0,0.5319245278883734,1.0
2573,0.07,23,0.9565217391304348,0.9667445694710991,0.3333333333333333,0.6748917795740886,22,9,0.8888888888888888,0.7018333482290117,0.3333333333333333,4.0,1.0,0.6726155351914123,1.0,10,1.0,0.6515548655377286,0.9775280898876404
2574,0.07,31,1.0,0.9953657167434645,0.9545454545454546,0.5684034341213026,31,17,1.0,0.5348104317844122,0.9545454545454546,6.0,1.0,0.542377726364403,1.0,8,1.0,0.6593078449048687,0.9775280898876404
2575,0.07,28,1.0,0.9988479262672811,0.967741935483871,0.5940160597495724,28,13,1.0,0.5716865529085917,0.967741935483871,6.0,1.0,0.5594654493173608,1.0,9,1.0,0.6493035321413521,1.0
2576,0.1,26,0.8846153846153846,0.9748698377332727,0.8043478260869565,0.4523592957395145,23,13,0.8461538461538461,0.4573495310720902,0.8043478260869565,8.0,1.0,0.5090314235282178,1.0,5,0.8,0.3487092794128922,0.8571428571428571
2577,0.07,27,1.0,1.0,1.0,0.6103101579418342,27,13,1.0,0.567334734004302,1.0,7.0,1.0,0.6756579818336587,1.0,7,1.0,0.6247738356482834,1.0
2578,0.07,30,0.9666666666666667,0.9777777777777777,0.3333333333333333,0.5274402029758251,29,16,0.9375,0.5523378463060167,0.3333333333333333,11.0,1.0,0.5186674467557617,1.0,3,1.0,0.42681954468836886,1.0
2579,0.07,27,1.0,0.9988052568697731,0.967741935483871,0.6290899473348472,27,15,1.0,0.6452540862572447,0.967741935483871,5.0,1.0,0.5863177815581546,1.0,7,1.0,0.6250040537702047,1.0
2580,0.07,26,0.9615384615384616,0.9714460387672168,0.3333333333333333,0.5794043318279197,25,13,0.9230769230769231,0.5834776785459327,0.3333333333333333,6.0,1.0,0.5861130753875371,1.0,7,1.0,0.5660891934433666,1.0
2581,0.07,30,1.0,0.9984848484848484,0.9545454545454546,0.5542194648331098,30,17,1.0,0.539896594445484,0.9545454545454546,5.0,1.0,0.6328209566109161,1.0,8,1.0,0.5355296320456859,1.0
2582,0.07,25,1.0,0.9982608695652173,0.9565217391304348,0.5656988734108915,25,16,1.0,0.6114114514735987,0.9565217391304348,5.0,1.0,0.46850094087052163,1.0,4,1.0,0.5043459768355252,1.0
2583,0.07,25,1.0,0.9982608695652173,0.9565217391304348,0.6646645707746999,25,12,1.0,0.6910602265094298,0.9565217391304348,4.0,1.0,0.7253282651318986,1.0,9,1.0,0.6025087211918605,1.0
2584,0.07,28,0.9642857142857143,0.9730143045360437,0.3333333333333333,0.5989369421666935,27,11,0.9090909090909091,0.538018826334593,0.3333333333333333,8.0,1.0,0.5788198909555726,1.0,9,1.0,0.6912742403713685,1.0
2585,0.07,29,0.9655172413793104,0.9770114942528735,0.3333333333333333,0.5638254697461252,28,16,0.9375,0.5414915529024822,0.3333333333333333,7.0,1.0,0.48859562730143286,1.0,6,1.0,0.7111507308479812,1.0
2586,0.07,25,1.0,0.9972829417773238,0.9545454545454546,0.577296643882488,25,10,1.0,0.47541604454932374,0.9545454545454546,8.0,1.0,0.72600112206711,1.0,7,1.0,0.5528923821474406,0.9775280898876404
2587,0.07,24,1.0,0.9990636704119851,0.9775280898876404,0.6106751037566442,24,10,1.0,0.5811301214770166,1.0,3.0,1.0,0.680741423795363,1.0,11,1.0,0.6184251821821095,0.9775280898876404
2588,0.07,25,1.0,0.9973619931607228,0.9565217391304348,0.6250966254066599,25,16,1.0,0.5902771702689853,0.9565217391304348,5.0,1.0,0.6916535802337892,1.0,4,1.0,0.6811782524234462,0.9775280898876404
2589,0.07,25,0.96,0.9720430107526882,0.3333333333333333,0.6393721830606021,24,13,0.9230769230769231,0.6449895185922716,0.3333333333333333,4.0,1.0,0.562341348144848,1.0,8,1.0,0.6687594302795161,1.0
2590,0.07,28,1.0,0.9983766233766234,0.9545454545454546,0.6060822864062528,28,11,1.0,0.5905944727971942,0.9545454545454546,7.0,1.0,0.5764701935448348,1.0,10,1.0,0.64384734637921,1.0
2591,0.07,26,0.9615384615384616,0.9713700278216408,0.3333333333333333,0.5442918463849413,25,13,0.9230769230769231,0.5013103268647431,0.3333333333333333,3.0,1.0,0.4483402271637566,1.0,10,1.0,0.6289533075275545,1.0
2592,0.07,27,1.0,0.998389694041868,0.9565217391304348,0.6319929521327708,27,10,1.0,0.6704324900765011,0.9565217391304348,9.0,1.0,0.5899849832023027,1.0,8,1.0,0.6312024947498847,1.0
2593,0.07,27,1.0,0.9971217551862713,0.9545454545454546,0.6005073931253208,27,16,1.0,0.6094221559870778,0.9545454545454546,6.0,1.0,0.5646563174064325,1.0,5,1.0,0.6150014428303636,1.0
2594,0.07,27,0.9629629629629629,0.9715981041944554,0.3333333333333333,0.5032434321198652,26,13,0.9230769230769231,0.4536124302325064,0.3333333333333333,6.0,1.0,0.5613039112840977,1.0,8,1.0,0.5403484508136489,0.9775280898876404
2595,0.07,27,1.0,0.9988052568697731,0.967741935483871,0.5621111336493753,27,14,1.0,0.5227366032921503,0.967741935483871,7.0,1.0,0.5512570865933976,1.0,6,1.0,0.6666480927148747,1.0
2596,0.07,24,1.0,0.9968443197755961,0.9565217391304348,0.5649131224138864,24,13,1.0,0.5693299668200171,0.9565217391304348,5.0,1.0,0.4968010078473023,1.0,6,1.0,0.612103388339423,1.0
2597,0.07,29,1.0,0.9965453613764471,0.9545454545454546,0.5561025482932691,29,14,1.0,0.5276339295050392,0.9545454545454546,6.0,1.0,0.45705000316912203,1.0,9,1.0,0.6664220964910581,0.9775280898876404
2598,0.07,30,0.9666666666666667,0.9762626262626263,0.3333333333333333,0.5291988698688308,29,15,0.9333333333333333,0.5168232114759405,0.3333333333333333,5.0,1.0,0.48353284834652543,1.0,10,1.0,0.5705953682193188,1.0
2599,0.07,28,1.0,0.9964925630179265,0.9565217391304348,0.551864194499392,28,15,1.0,0.553755082371925,0.9565217391304348,5.0,1.0,0.3832823177162967,1.0,8,1.0,0.6536824527278269,0.9775280898876404
2600,0.07,25,1.0,0.9964426877470356,0.9545454545454546,0.5922377043630773,25,13,1.0,0.5921233357925392,0.9545454545454546,6.0,1.0,0.5507516154083658,1.0,6,1.0,0.6339715918872882,1.0
2601,0.07,27,0.9629629629629629,0.9699877982363234,0.3333333333333333,0.5348244433449184,26,12,0.9166666666666666,0.5156882467334362,0.3333333333333333,7.0,1.0,0.5532822317084622,1.0,8,1.0,0.5473781734440408,0.9775280898876404
2602,0.07,25,1.0,1.0,1.0,0.6580152887285188,25,12,1.0,0.7045612114477775,1.0,6.0,1.0,0.6039404171861987,1.0,7,1.0,0.6245721682460639,1.0
2603,0.03,28,1.0,1.0,1.0,0.8487484034557332,28,17,1.0,0.8381622467852154,1.0,5.0,1.0,0.8651979078141607,1.0,6,1.0,0.865034593723511,1.0
2604,0.07,24,1.0,0.9986559139784946,0.967741935483871,0.6345900555433722,24,10,1.0,0.6693096774645065,0.967741935483871,6.0,1.0,0.5511471124016519,1.0,8,1.0,0.6537727354982448,1.0
2605,0.07,25,1.0,0.9981818181818182,0.9545454545454546,0.5852158348661534,25,13,1.0,0.5273697014794959,0.9545454545454546,8.0,1.0,0.6144867534506278,1.0,4,1.0,0.7146739312038416,1.0
2606,0.07,27,1.0,0.9988052568697731,0.967741935483871,0.6210354289516685,27,13,1.0,0.5886427754693395,0.967741935483871,7.0,1.0,0.6799911354760312,1.0,7,1.0,0.6222375074659168,1.0
2607,0.07,28,1.0,0.9975740551583249,0.9545454545454546,0.5972316861969983,28,14,1.0,0.6419173590006423,0.9545454545454546,4.0,1.0,0.43527013597033487,1.0,10,1.0,0.5994563643625621,0.9775280898876404
2608,0.07,31,0.967741935483871,0.9774540409295872,0.3333333333333333,0.6227217103366861,30,15,0.9333333333333333,0.6213062159137366,0.3333333333333333,4.0,1.0,0.5469362854876094,1.0,12,1.0,0.6497528866483986,1.0
2609,0.07,26,1.0,0.9970870644082426,0.9565217391304348,0.6155206611967,26,12,1.0,0.6046927218979833,0.9565217391304348,9.0,1.0,0.5818120183401663,1.0,5,1.0,0.7021832726553814,1.0
2610,0.07,28,1.0,1.0,1.0,0.6207096455171912,28,10,1.0,0.6326594927634852,1.0,8.0,1.0,0.570957374783409,1.0,10,1.0,0.6485616148579232,1.0
2611,0.07,27,0.9629629629629629,0.9715981041944555,0.3333333333333333,0.5191646012456944,26,19,0.9473684210526315,0.5428131892201038,0.3333333333333333,4.0,1.0,0.38102864855023216,1.0,4,1.0,0.5449697610627121,0.9775280898876404
2612,0.07,25,1.0,0.9987096774193549,0.967741935483871,0.5719609954803067,25,15,1.0,0.538566551440597,0.967741935483871,4.0,1.0,0.5544514161714191,1.0,6,1.0,0.6671201584521724,1.0
2613,0.07,26,1.0,0.9953388126599907,0.9545454545454546,0.5506279511289773,26,12,1.0,0.5076734963602033,0.9545454545454546,8.0,1.0,0.5172738314491933,1.0,6,1.0,0.6810090202395703,1.0
2614,0.07,26,1.0,0.9970110534626664,0.9545454545454546,0.5753279596712062,26,17,1.0,0.5848902871826414,0.9545454545454546,2.0,1.0,0.6186123653468532,1.0,7,1.0,0.5397381912361076,1.0
2615,0.1,25,0.88,0.9819583165974919,0.8333333333333334,0.47617433029164546,22,13,0.8461538461538461,0.5085711542675517,0.8333333333333334,6.0,1.0,0.5257720321085791,0.9948453608247423,6,0.8333333333333334,0.35638350986024814,0.8571428571428571
2616,0.07,28,1.0,0.9991974317817015,0.9775280898876404,0.6842596572096253,28,11,1.0,0.710927200921481,1.0,9.0,1.0,0.673505327801784,1.0,8,1.0,0.6596904051896453,0.9775280898876404
2617,0.07,25,1.0,0.9969705469845722,0.9565217391304348,0.6376097316499727,25,14,1.0,0.6902606053491913,0.9565217391304348,8.0,1.0,0.5164763784866302,1.0,3,1.0,0.7149279294891997,1.0
2618,0.07,26,1.0,0.9965795074490728,0.9545454545454546,0.5765361078057419,26,11,1.0,0.4893444214213568,0.9545454545454546,8.0,1.0,0.6241549750156783,1.0,7,1.0,0.6591300524555629,1.0
2619,0.07,28,0.9642857142857143,0.9726830392084028,0.3333333333333333,0.5356349112178602,27,18,0.9444444444444444,0.5446572767236385,0.3333333333333333,5.0,1.0,0.44708583994155615,1.0,5,1.0,0.5917034666733623,0.9775280898876404
2620,0.1,28,0.8214285714285714,0.9524755740991615,0.3333333333333333,0.4407760928713878,23,18,0.7777777777777778,0.4248415634193356,0.3333333333333333,5.0,1.0,0.4857225100721598,0.95,5,0.8,0.4531939816980035,0.8571428571428571
2621,0.07,27,0.9629629629629629,0.9741138988450816,0.3333333333333333,0.5952485650349634,26,16,0.9375,0.5634071279932119,0.3333333333333333,3.0,1.0,0.6712894320888712,1.0,8,1.0,0.6304161139732509,1.0
2622,0.07,26,0.9615384615384616,0.971822429321208,0.3333333333333333,0.5782368836048392,25,11,0.9090909090909091,0.4839807286083069,0.3333333333333333,7.0,1.0,0.6064441001056614,1.0,8,1.0,0.6831577822868518,0.9775280898876404
2623,0.07,28,0.9642857142857143,0.9753879079721777,0.3333333333333333,0.5797518203504765,27,15,0.9333333333333333,0.5573803199496499,0.3333333333333333,5.0,1.0,0.5671309140524464,1.0,8,1.0,0.6295864500382948,0.9775280898876404
2624,0.07,23,1.0,0.9990229604298975,0.9775280898876404,0.5603046391078687,23,9,1.0,0.49840065667415634,1.0,5.0,1.0,0.5977914178702566,1.0,9,1.0,0.6013826333402545,0.9775280898876404
2625,0.07,31,1.0,0.9960906170696697,0.9545454545454546,0.627928039315741,31,17,1.0,0.6243179897742658,0.9545454545454546,9.0,1.0,0.6209183556584906,1.0,5,1.0,0.6528196383398078,1.0
2626,0.07,26,1.0,0.9983277591973244,0.9565217391304348,0.6751583565730249,26,10,1.0,0.6489369164351702,0.9565217391304348,5.0,1.0,0.7142431946297908,1.0,11,1.0,0.6812301939452717,1.0
2627,0.1,27,0.8518518518518519,0.9576647280480848,0.3333333333333333,0.42821068346609187,23,17,0.8235294117647058,0.43646057408722216,0.3333333333333333,5.0,1.0,0.4784793487689611,1.0,5,0.8,0.34989239005137995,0.8571428571428571
2628,0.07,25,1.0,0.9987096774193549,0.967741935483871,0.5131120392832531,25,9,1.0,0.5063552872015248,0.967741935483871,7.0,1.0,0.4703033463815167,1.0,9,1.0,0.553164441399665,1.0
2629,0.1,23,0.8260869565217391,0.9493326459299994,0.3333333333333333,0.4835889197123517,19,11,0.6363636363636364,0.4304255672626585,0.3333333333333333,5.0,1.0,0.46393398178544054,1.0,7,1.0,0.5811705720810918,1.0
2630,0.07,23,1.0,0.998109640831758,0.9565217391304348,0.5693158103311362,23,13,1.0,0.5799037898876812,0.9565217391304348,6.0,1.0,0.5494584422755341,1.0,4,1.0,0.5646909288557671,1.0
2631,0.07,25,1.0,0.996891495601173,0.9545454545454546,0.5884096731899402,25,9,1.0,0.590547085413561,0.9545454545454546,6.0,1.0,0.43147111031400504,1.0,10,1.0,0.6806491399142426,1.0
2632,0.07,28,1.0,0.996021260127269,0.9545454545454546,0.5882859448311174,28,12,1.0,0.4914803500793637,0.9545454545454546,8.0,1.0,0.6784596507497745,1.0,8,1.0,0.643320631040091,0.9775280898876404
2633,0.07,26,0.9615384615384616,0.9734946701238835,0.3333333333333333,0.6074834559753225,25,11,0.9090909090909091,0.60801719092503,0.3333333333333333,7.0,1.0,0.5655516913458503,1.0,8,1.0,0.6434398644702627,0.9775280898876404
2634,0.1,25,0.84,0.9571181603222197,0.3333333333333333,0.49220194050966987,21,11,0.7272727272727273,0.4495521620179829,0.3333333333333333,5.0,1.0,0.6349897773269463,1.0,9,0.8888888888888888,0.46500287154546693,0.8571428571428571
2635,0.07,24,1.0,0.9967619745845552,0.9545454545454546,0.5658928925749237,24,10,1.0,0.5309171546507504,0.9545454545454546,7.0,1.0,0.4754542886500993,1.0,7,1.0,0.7062968363914245,1.0
2636,0.07,24,0.9583333333333334,0.9722222222222222,0.3333333333333333,0.6063718569545289,23,15,0.9333333333333333,0.5453164133484328,0.3333333333333333,5.0,1.0,0.6917226236200095,1.0,4,1.0,0.728641312145538,1.0
2637,0.07,28,0.9642857142857143,0.9734856074267013,0.3333333333333333,0.5927312025653526,27,14,0.9285714285714286,0.562619901982898,0.3333333333333333,6.0,1.0,0.7141813136192349,1.0,8,1.0,0.5543383952942365,1.0
2638,0.07,27,1.0,1.0,1.0,0.5244701306734997,27,14,1.0,0.527257064673556,1.0,7.0,1.0,0.45022640244180767,1.0,6,1.0,0.604584967610342,1.0
2639,0.07,27,0.9629629629629629,0.9727928473246825,0.3333333333333333,0.5556278957834416,26,14,0.9285714285714286,0.5026607094367277,0.3333333333333333,6.0,1.0,0.5953443216233668,1.0,7,1.0,0.6275196177569333,0.9775280898876404
2640,0.07,24,1.0,0.9958256449965402,0.9545454545454546,0.5628752533393415,24,11,1.0,0.5591726705065256,0.9545454545454546,5.0,1.0,0.6265153211800153,1.0,8,1.0,0.5281912623340422,0.9775280898876404
2641,0.07,26,1.0,0.9982517482517482,0.9545454545454546,0.5872005284843622,26,11,1.0,0.5110131942689695,0.9545454545454546,7.0,1.0,0.5946907349798197,1.0,8,1.0,0.6854041823470018,1.0
2642,0.07,27,0.9629629629629629,0.9753086419753086,0.3333333333333333,0.619387708631996,26,15,0.9333333333333333,0.6433983081412701,0.3333333333333333,5.0,1.0,0.6238677532593087,1.0,7,1.0,0.5647363920926141,1.0
2643,0.07,29,0.9655172413793104,0.9770114942528735,0.3333333333333333,0.6238610797105474,28,13,0.9230769230769231,0.6139348144372575,0.3333333333333333,9.0,1.0,0.582936398830612,1.0,7,1.0,0.694913019206574,1.0
2644,0.07,28,0.9642857142857143,0.9745670995670996,0.3333333333333333,0.5893459190574138,27,14,0.9285714285714286,0.5071302744175209,0.3333333333333333,5.0,1.0,0.6349469749617948,1.0,9,1.0,0.6919030018837025,1.0
2645,0.07,29,1.0,0.9961584580539149,0.9545454545454546,0.5589639349536178,29,11,1.0,0.5600892060064253,0.9545454545454546,9.0,1.0,0.5581203699319186,1.0,9,1.0,0.5584321686885524,0.9775280898876404
2646,0.07,28,0.9642857142857143,0.9734150258343808,0.3333333333333333,0.5940149156965262,27,14,0.9285714285714286,0.5501685332212215,0.3333333333333333,7.0,1.0,0.6628211000624038,1.0,7,1.0,0.6129014962812579,1.0
2647,0.07,29,1.0,0.9950461110016345,0.9545454545454546,0.6061723403355411,29,12,1.0,0.5976416223539457,0.9545454545454546,7.0,1.0,0.5721329373108965,1.0,10,1.0,0.640236784030707,0.9775280898876404
2648,0.07,31,1.0,0.9968319924032885,0.9565217391304348,0.5374392563021677,31,13,1.0,0.543536978043578,0.9565217391304348,8.0,1.0,0.4306062538357362,1.0,10,1.0,0.6149786200114795,0.9775280898876404
2649,0.07,27,1.0,0.9975574010747436,0.9565217391304348,0.5894502296573673,27,12,1.0,0.5992591566661375,0.9565217391304348,7.0,1.0,0.6068450773112911,1.0,8,1.0,0.5595163474470286,0.9775280898876404
2650,0.1,24,0.8333333333333334,0.953329543427858,0.3333333333333333,0.43519185805074745,20,11,0.7272727272727273,0.44088914910591376,0.3333333333333333,7.0,1.0,0.429997376193698,0.95,6,0.8333333333333334,0.43080705328283364,0.8571428571428571
2651,0.07,21,1.0,0.9979296066252588,0.9565217391304348,0.5781597520331752,21,8,1.0,0.46488402391850636,0.9565217391304348,5.0,1.0,0.5652548146812999,1.0,8,1.0,0.6995010659927658,1.0
2652,0.07,23,1.0,0.9990229604298975,0.9775280898876404,0.6176032037420618,23,8,1.0,0.5536108831539295,1.0,7.0,1.0,0.5987934025258126,1.0,8,1.0,0.6980541003944122,0.9775280898876404
2653,0.07,27,0.9629629629629629,0.9741138988450816,0.3333333333333333,0.581656799918856,26,10,0.9,0.5400439827369397,0.3333333333333333,11.0,1.0,0.544784858920427,1.0,6,1.0,0.7186100537191694,1.0
2654,0.07,26,1.0,1.0,1.0,0.5192909271120463,26,14,1.0,0.5478256988989092,1.0,7.0,1.0,0.4181865089689653,1.0,5,1.0,0.580939751509143,1.0
2655,0.07,22,0.9545454545454546,0.9672092435774929,0.3333333333333333,0.5041501103568363,21,12,0.9166666666666666,0.44718261581064556,0.3333333333333333,4.0,1.0,0.5923693108004559,1.0,6,1.0,0.5592722991534714,0.9775280898876404
2656,0.07,28,1.0,0.9972951312362252,0.9565217391304348,0.6132383870373909,28,12,1.0,0.6516180486173967,0.9565217391304348,6.0,1.0,0.466780758770082,1.0,10,1.0,0.6550573701017692,1.0
2657,0.07,25,0.96,0.9724344569288388,0.3333333333333333,0.6130051762122455,24,15,0.9333333333333333,0.641869868469954,0.3333333333333333,4.0,1.0,0.46801658288831405,1.0,6,1.0,0.6375025077839286,0.9775280898876404
2658,0.07,29,1.0,0.9992251065478497,0.9775280898876404,0.6050455297558766,29,16,1.0,0.6399211342885073,1.0,8.0,1.0,0.556571633630063,1.0,5,1.0,0.5710018290527594,0.9775280898876404
2659,0.07,29,1.0,0.9988876529477198,0.967741935483871,0.5833474151917304,29,10,1.0,0.6304537884221513,0.967741935483871,8.0,1.0,0.5455385337658021,1.0,11,1.0,0.5680208078374779,1.0
2660,0.07,29,1.0,0.9988876529477198,0.967741935483871,0.6246015480674365,29,11,1.0,0.6987495327317816,0.967741935483871,9.0,1.0,0.546034265822972,1.0,9,1.0,0.6125435157221459,1.0
2661,0.07,31,0.967741935483871,0.9777697233297088,0.3333333333333333,0.6100499302990886,30,14,0.9285714285714286,0.5434846499169514,0.3333333333333333,9.0,1.0,0.5956633422449467,1.0,8,1.0,0.7427240825287384,0.9775280898876404
2662,0.07,27,1.0,1.0,1.0,0.5589812013312528,27,11,1.0,0.5368817213346513,1.0,6.0,1.0,0.5532204935858488,1.0,10,1.0,0.5867470539747571,1.0
2663,0.07,32,1.0,0.9982896882928597,0.967741935483871,0.623561147224075,32,16,1.0,0.6836623140781712,0.967741935483871,6.0,1.0,0.5317108397081142,1.0,10,1.0,0.5825094647670974,0.9775280898876404
2664,0.07,29,0.9655172413793104,0.9743317490814709,0.3333333333333333,0.5890655421649726,28,14,0.9285714285714286,0.5702659253431415,0.3333333333333333,4.0,1.0,0.44246934608173416,1.0,11,1.0,0.6663000348775715,1.0
2665,0.07,28,0.9642857142857143,0.9737645313488011,0.3333333333333333,0.5851213448943849,27,15,0.9333333333333333,0.5027827211330439,0.3333333333333333,3.0,1.0,0.8337373158002818,1.0,10,1.0,0.6340444892646273,0.9775280898876404
2666,0.07,31,1.0,0.9964062994697913,0.9545454545454546,0.5717008307175098,31,14,1.0,0.530982716397386,0.9545454545454546,5.0,1.0,0.5125945837949493,1.0,12,1.0,0.6438329003087209,0.9775280898876404
2667,0.07,23,1.0,0.9985974754558206,0.967741935483871,0.6496815293081201,23,10,1.0,0.65805255910554,0.967741935483871,4.0,1.0,0.5304997746893643,1.0,9,1.0,0.6933500538082117,1.0
2668,0.07,25,0.96,0.9720430107526882,0.3333333333333333,0.6206588724334818,24,12,0.9166666666666666,0.5902937166072456,0.3333333333333333,4.0,1.0,0.6279610673076927,1.0,9,1.0,0.6579003269243695,1.0
2669,0.07,26,1.0,0.9983277591973244,0.9565217391304348,0.6192681196301137,26,11,1.0,0.590524426330708,0.9565217391304348,8.0,1.0,0.6700016902008692,1.0,7,1.0,0.6064555570197451,1.0
2670,0.07,30,0.9666666666666667,0.9755794387450469,0.3333333333333333,0.6192934279980583,29,15,0.9333333333333333,0.5839983503712128,0.3333333333333333,6.0,1.0,0.6554879794746561,1.0,9,1.0,0.6539888563917353,0.9775280898876404
2671,0.07,28,1.0,0.9968238283455675,0.9545454545454546,0.5737660072298895,28,13,1.0,0.5423293741939978,0.9545454545454546,7.0,1.0,0.6293521320805938,1.0,8,1.0,0.5762126766688475,1.0
2672,0.07,25,1.0,0.9964426877470356,0.9545454545454546,0.6089972902183591,25,14,1.0,0.6345564396314468,0.9545454545454546,5.0,1.0,0.39088841255376805,1.0,6,1.0,0.73111667297498,1.0
2673,0.07,27,1.0,1.0,1.0,0.6233781152270486,27,14,1.0,0.6472218897475283,1.0,7.0,1.0,0.5352066126406684,1.0,6,1.0,0.6706093943633725,1.0
2674,0.1,30,0.8666666666666667,0.9582074348883913,0.3333333333333333,0.4776073104777042,26,12,0.6666666666666666,0.5059211375013274,0.3333333333333333,9.0,1.0,0.3894092706075063,0.9948453608247423,9,1.0,0.5280535809830713,0.9565217391304348
2675,0.07,26,1.0,0.9983277591973244,0.9565217391304348,0.6446704572619629,26,12,1.0,0.6058781385088939,0.9565217391304348,4.0,1.0,0.6750236351583786,1.0,10,1.0,0.6790799686070794,1.0
2676,0.07,24,0.9583333333333334,0.9699418066127018,0.3333333333333333,0.5629355771402259,23,9,0.8888888888888888,0.5904522391778865,0.3333333333333333,5.0,1.0,0.43341206242300967,1.0,10,1.0,0.6029323386649396,0.9775280898876404
2677,0.07,27,1.0,0.9991677070328756,0.9775280898876404,0.6143547776910729,27,9,1.0,0.623824168651669,1.0,8.0,1.0,0.6428440770467476,1.0,10,1.0,0.5830408863419969,0.9775280898876404
2678,0.07,24,1.0,0.9981060606060606,0.9545454545454546,0.5906438570452525,24,13,1.0,0.5711344101179969,0.9545454545454546,5.0,1.0,0.5057743275119713,1.0,6,1.0,0.7036389333320406,1.0
2679,0.07,29,1.0,1.0,1.0,0.5703590315898169,29,14,1.0,0.5867027248114857,1.0,6.0,1.0,0.4596788450185312,1.0,9,1.0,0.6187222998480781,1.0
2680,0.07,32,1.0,0.9962127852862425,0.9545454545454546,0.5679212186483624,32,15,1.0,0.551058953460514,0.9545454545454546,7.0,1.0,0.4924448508267894,1.0,10,1.0,0.646048073905236,1.0
2681,0.07,22,0.9545454545454546,0.9652329589925127,0.3333333333333333,0.5720745935073197,21,11,0.9090909090909091,0.5010637078447423,0.3333333333333333,3.0,1.0,0.4480156123752383,1.0,8,1.0,0.7162366792178941,0.9775280898876404
2682,0.07,25,0.96,0.9733333333333333,0.3333333333333333,0.5421536510290323,24,15,0.9333333333333333,0.4983095055856596,0.3333333333333333,5.0,1.0,0.593380561881417,1.0,5,1.0,0.6224591765067655,1.0
2683,0.07,29,0.9655172413793104,0.9762366008007233,0.3333333333333333,0.5851644250666136,28,17,0.9411764705882353,0.6067991169489764,0.3333333333333333,5.0,1.0,0.46866269599809607,1.0,7,1.0,0.6158385512583886,0.9775280898876404
2684,0.07,27,1.0,0.9967061923583663,0.9545454545454546,0.5461780145678761,27,14,1.0,0.5066466631442194,0.9545454545454546,7.0,1.0,0.5838514340030105,1.0,6,1.0,0.594465511882085,1.0
2685,0.07,26,1.0,0.9970110534626664,0.9545454545454546,0.6394967883953012,26,16,1.0,0.6128221537543195,0.9545454545454546,2.0,1.0,0.522313789199035,1.0,8,1.0,0.7221418074763317,1.0
2686,0.07,25,1.0,0.9972829417773238,0.9545454545454546,0.5912319427110689,25,13,1.0,0.5770661196192735,0.9545454545454546,3.0,1.0,0.6357092144383553,1.0,9,1.0,0.5968679299345668,0.9775280898876404
2687,0.07,28,0.9642857142857143,0.9718622308033248,0.3333333333333333,0.5508112104009021,27,17,0.9411764705882353,0.5686484367045054,0.3333333333333333,7.0,1.0,0.4467456770510441,1.0,4,1.0,0.6571176819728388,1.0
2688,0.07,23,0.9565217391304348,0.9700374531835206,0.3333333333333333,0.6117285887400693,22,9,0.8888888888888888,0.5847015766770841,0.3333333333333333,7.0,1.0,0.6492854136191142,1.0,7,1.0,0.6089207793705768,0.9775280898876404
2689,0.07,25,1.0,0.9987096774193549,0.967741935483871,0.6063434197901095,25,9,1.0,0.5371058794187592,0.967741935483871,10.0,1.0,0.6161827144092908,1.0,6,1.0,0.6938009059818327,1.0
2690,0.07,30,1.0,0.9974754558204768,0.9565217391304348,0.5911044609839586,30,15,1.0,0.5751020660896022,0.9565217391304348,6.0,1.0,0.5795468598973458,1.0,9,1.0,0.6254801865322942,1.0
2691,0.07,26,0.9615384615384616,0.9726107226107227,0.3333333333333333,0.545918745124268,25,10,0.9,0.4837982400951456,0.3333333333333333,6.0,1.0,0.599649197169074,1.0,10,1.0,0.5758009789265067,1.0
2692,0.07,33,0.9696969696969697,0.9784205693296603,0.3333333333333333,0.5786496309040308,32,14,0.9285714285714286,0.5246419238443664,0.3333333333333333,8.0,1.0,0.6147602638938194,1.0,11,1.0,0.6211244340783026,1.0
2693,0.07,22,0.9545454545454546,0.9666992346523368,0.3333333333333333,0.5217604741757685,21,12,0.9166666666666666,0.5540146494309098,0.3333333333333333,4.0,1.0,0.5306731687136572,1.0,6,1.0,0.45131032730689374,0.9775280898876404
2694,0.07,22,1.0,1.0,1.0,0.5632625883211967,22,11,1.0,0.5845123363235872,1.0,5.0,1.0,0.46138259989243513,1.0,6,1.0,0.609204707340782,1.0
2695,0.07,30,1.0,0.9978016609672692,0.9565217391304348,0.5777400168712082,30,13,1.0,0.6142312233039449,0.9565217391304348,4.0,1.0,0.4041419521888155,1.0,13,1.0,0.5946635995715153,0.9775280898876404
2696,0.07,21,1.0,0.9957651044607567,0.9545454545454546,0.5773771532320063,21,10,1.0,0.5871501672873362,0.9545454545454546,6.0,1.0,0.6081515802739504,1.0,5,1.0,0.5209018126710142,1.0
2697,0.07,28,1.0,0.9988479262672811,0.967741935483871,0.6229011831107326,28,13,1.0,0.6314121474139822,0.967741935483871,9.0,1.0,0.6493102153912195,1.0,6,1.0,0.5648472120329623,1.0
2698,0.07,29,1.0,1.0,1.0,0.5672072404373621,29,16,1.0,0.561349600360659,1.0,6.0,1.0,0.5915409906851999,1.0,7,1.0,0.5597386318288229,1.0
2699,0.07,30,1.0,0.9967263921500649,0.9565217391304348,0.5738248025244715,30,17,1.0,0.6200125205586483,0.9565217391304348,7.0,1.0,0.5432107827135141,1.0,6,1.0,0.4786759578737538,0.9775280898876404
2700,0.1,24,0.875,0.9536981845098955,0.3333333333333333,0.4834467691433823,21,11,0.7272727272727273,0.45237146387671584,0.3333333333333333,6.0,1.0,0.42656324000493334,0.95,7,1.0,0.5810367023953856,1.0
2701,0.07,28,1.0,0.9980453580489826,0.967741935483871,0.5818833378960289,28,12,1.0,0.6248094492309476,0.967741935483871,7.0,1.0,0.49810376622510477,1.0,9,1.0,0.5898104118601893,0.9775280898876404
2702,0.07,31,1.0,0.9960906170696697,0.9545454545454546,0.5778307818776218,31,16,1.0,0.5317009088401542,0.9545454545454546,8.0,1.0,0.6353952915349851,1.0,7,1.0,0.6174824806405613,1.0
2703,0.07,25,0.96,0.9720430107526882,0.3333333333333333,0.5925072440807689,24,13,0.9230769230769231,0.5529909568920173,0.3333333333333333,3.0,1.0,0.8041987608518908,1.0,9,1.0,0.5790224866519251,1.0
2704,0.07,24,1.0,0.9990636704119851,0.9775280898876404,0.5266012989187351,24,7,1.0,0.5495107306227683,1.0,6.0,1.0,0.517556424242209,1.0,11,1.0,0.51695613765791,0.9775280898876404
2705,0.07,27,0.9629629629629629,0.9720148343336747,0.3333333333333333,0.570269607427634,26,14,0.9285714285714286,0.5359123743740616,0.3333333333333333,7.0,1.0,0.5765903182894352,1.0,6,1.0,0.6430623218805344,1.0
2706,0.07,24,0.9583333333333334,0.9722222222222222,0.3333333333333333,0.584980389189399,23,13,0.9230769230769231,0.6389962563598854,0.3333333333333333,4.0,1.0,0.48367512359166326,1.0,7,1.0,0.5425539305000587,1.0
2707,0.1,24,0.875,0.9833062770562769,0.8571428571428571,0.48383121851513894,21,11,0.8181818181818182,0.42474390477482094,0.8636363636363636,3.0,1.0,0.4994594615434063,0.95,10,0.9,0.5441387907210083,0.8571428571428571
2708,0.07,24,1.0,0.9986559139784946,0.967741935483871,0.6058061175872846,24,10,1.0,0.5582520223240136,0.967741935483871,7.0,1.0,0.5973095427961896,1.0,7,1.0,0.6822371141830523,1.0
2709,0.07,24,0.9583333333333334,0.9708781362007168,0.3333333333333333,0.60044608765563,23,10,0.9,0.5627079679681091,0.3333333333333333,5.0,1.0,0.6683296174014175,1.0,9,1.0,0.6046642596718823,1.0
2710,0.07,28,1.0,0.9980453580489826,0.967741935483871,0.5627446462105282,28,10,1.0,0.6609666179122294,0.967741935483871,10.0,1.0,0.4704640518498742,1.0,8,1.0,0.555317924534219,0.9775280898876404
2711,0.07,24,1.0,0.9972520762090865,0.9565217391304348,0.5919679162518484,24,8,1.0,0.49519563867823935,0.9565217391304348,6.0,1.0,0.6973947428758297,1.0,10,1.0,0.6061296423363467,0.9775280898876404
2712,0.1,34,0.8823529411764706,0.9786819767540154,0.8043478260869565,0.46609642733915946,30,15,0.8,0.4729275655218102,0.8043478260869565,10.0,1.0,0.5051050268677398,0.95,9,0.8888888888888888,0.4113683086696521,0.8571428571428571
2713,0.07,28,0.9642857142857143,0.9746376811594202,0.3333333333333333,0.568892380450922,27,11,0.9090909090909091,0.5664084362986884,0.3333333333333333,9.0,1.0,0.5780316818250396,1.0,8,1.0,0.5620260896143611,1.0
2714,0.07,27,0.9629629629629629,0.9728660430500521,0.3333333333333333,0.5792066120769344,26,12,0.9166666666666666,0.6090647964000019,0.3333333333333333,7.0,1.0,0.5225099166371947,1.0,8,1.0,0.5840289441021054,0.9775280898876404
2715,0.03,24,1.0,1.0,1.0,0.8804404192999057,24,14,1.0,0.8843924885525472,1.0,4.0,1.0,0.8664644735681151,1.0,6,1.0,0.8805362215316025,1.0
2716,0.07,29,1.0,0.9984326018808777,0.9545454545454546,0.5797945069506735,29,13,1.0,0.6141125092640386,0.9545454545454546,7.0,1.0,0.5373722801542701,1.0,9,1.0,0.5632191244507935,1.0
2717,0.07,25,1.0,0.9955438113425411,0.9545454545454546,0.5812278099833752,25,9,1.0,0.5212478687810991,0.9545454545454546,10.0,1.0,0.5938511597489141,1.0,6,1.0,0.6501588055108906,0.9775280898876404
2718,0.1,28,0.8571428571428571,0.9616974765538829,0.3333333333333333,0.48130697686479934,24,12,0.75,0.42157911215515936,0.3333333333333333,9.0,1.0,0.5663459488591138,0.95,7,0.8571428571428571,0.4743617809457779,0.8571428571428571
2719,0.07,28,1.0,0.9988479262672811,0.967741935483871,0.6261278724196743,28,14,1.0,0.6244384428567538,0.967741935483871,5.0,1.0,0.6298004337883466,1.0,9,1.0,0.6267155620905102,1.0
2720,0.07,25,1.0,0.9991011235955056,0.9775280898876404,0.5355635928093645,25,10,1.0,0.4370940556513359,1.0,4.0,1.0,0.688354671023642,1.0,11,1.0,0.5695209617841989,0.9775280898876404
2721,0.07,25,0.96,0.9733333333333333,0.3333333333333333,0.5666808583266822,24,9,0.8888888888888888,0.5378655461358907,0.3333333333333333,8.0,1.0,0.668703854659098,1.0,8,1.0,0.49707508820890695,1.0
2722,0.07,27,1.0,0.9988052568697731,0.967741935483871,0.5626900001135989,27,11,1.0,0.635554867080338,0.967741935483871,5.0,1.0,0.4940920291848201,1.0,11,1.0,0.5210060290235773,1.0
2723,0.07,28,1.0,0.9976446367506455,0.9565217391304348,0.6042346233921654,28,13,1.0,0.5681620060994735,0.9565217391304348,4.0,1.0,0.6292064132582253,1.0,11,1.0,0.6377852475140523,0.9775280898876404
2724,0.07,27,1.0,0.9974842053493739,0.9545454545454546,0.5630905723088854,27,12,1.0,0.5286701385321789,0.9545454545454546,6.0,1.0,0.6492538984876355,1.0,9,1.0,0.5515422665586606,0.9775280898876404
2725,0.1,21,0.8571428571428571,0.9499720031305751,0.3333333333333333,0.4820228867825251,18,11,0.7272727272727273,0.42214524069343456,0.3333333333333333,4.0,1.0,0.6744870372648111,0.9948453608247423,6,1.0,0.46348913762433425,0.9565217391304348
2726,0.07,23,0.9565217391304348,0.9700374531835206,0.3333333333333333,0.6067450650171216,22,8,0.875,0.5050418701305126,0.3333333333333333,9.0,1.0,0.6529810276943799,1.0,6,1.0,0.6729953808500463,0.9775280898876404
2727,0.07,28,0.9642857142857143,0.9738351129411217,0.3333333333333333,0.5574755336885816,27,10,0.9,0.5236308360211336,0.3333333333333333,8.0,1.0,0.5206274627309453,1.0,10,1.0,0.6207986881221385,0.9775280898876404
2728,0.07,23,1.0,0.998109640831758,0.9565217391304348,0.6072798657936529,23,12,1.0,0.5502096407216891,0.9565217391304348,3.0,1.0,0.6139012815453847,1.0,8,1.0,0.6904021724946995,1.0
2729,0.07,20,1.0,0.9977272727272727,0.9545454545454546,0.6037482703849512,20,10,1.0,0.5291039469527834,0.9545454545454546,6.0,1.0,0.707293070043927,1.0,4,1.0,0.6350418794769068,1.0
2730,0.1,26,0.8846153846153846,0.9630801329254938,0.3333333333333333,0.505753860706097,23,12,0.75,0.47561579360152867,0.3333333333333333,7.0,1.0,0.5156285747376416,0.95,7,1.0,0.5475444045680978,1.0
2731,0.07,28,0.9642857142857143,0.9738351129411217,0.3333333333333333,0.6239216121570983,27,11,0.9090909090909091,0.6616863081551839,0.3333333333333333,6.0,1.0,0.595988347487762,1.0,11,1.0,0.6013932423422873,0.9775280898876404
2732,0.07,27,0.9629629629629629,0.9715981041944555,0.3333333333333333,0.5412159200861708,26,12,0.9166666666666666,0.47789398093498153,0.3333333333333333,8.0,1.0,0.6004592532239639,1.0,7,1.0,0.5820611493307315,0.9775280898876404
2733,0.07,27,1.0,0.9988052568697731,0.967741935483871,0.5539949834109884,27,10,1.0,0.5765056593674169,0.967741935483871,11.0,1.0,0.5308027941865433,1.0,6,1.0,0.5589962037284233,1.0
2734,0.07,27,1.0,0.9958738993912418,0.9545454545454546,0.6055834234841526,27,15,1.0,0.6158346849857504,0.9545454545454546,6.0,1.0,0.5151080159138616,1.0,6,1.0,0.6704306773004488,0.9775280898876404
2735,0.07,24,1.0,0.9990636704119851,0.9775280898876404,0.5622726006428552,24,13,1.0,0.550914939960519,1.0,7.0,1.0,0.565110043949347,1.0,4,1.0,0.5942194720740871,0.9775280898876404
2736,0.07,25,1.0,0.997361993160723,0.9565217391304348,0.646183488608574,25,13,1.0,0.6701129174633559,0.9565217391304348,6.0,1.0,0.5747242863640585,1.0,6,1.0,0.6657955950010617,0.9775280898876404
2737,0.07,27,1.0,0.9983164983164983,0.9545454545454546,0.5834875668672057,27,9,1.0,0.6087864411454773,0.9545454545454546,8.0,1.0,0.5379151473964606,1.0,10,1.0,0.5971765155933573,1.0
2738,0.07,29,0.9655172413793104,0.9770114942528735,0.3333333333333333,0.6417994719192819,28,12,0.9166666666666666,0.6755280876990497,0.3333333333333333,7.0,1.0,0.6661993362665317,1.0,10,1.0,0.5842452279404855,1.0
2739,0.1,28,0.8928571428571429,0.9814874566427362,0.8043478260869565,0.45830697021844485,25,13,0.8461538461538461,0.5371837756982348,0.8043478260869565,6.0,1.0,0.3679716172325272,1.0,9,0.8888888888888888,0.4045973754049159,0.8571428571428571
2740,0.07,25,1.0,0.9964426877470356,0.9545454545454546,0.6242956804627705,25,15,1.0,0.627095786468995,0.9545454545454546,5.0,1.0,0.5664352701279247,1.0,5,1.0,0.6737557727789435,1.0
2741,0.1,27,0.8518518518518519,0.9569040996577228,0.3333333333333333,0.44522167769349563,23,17,0.7647058823529411,0.4375215112701966,0.3333333333333333,2.0,1.0,0.5009171686159211,1.0,8,1.0,0.4476606586123998,0.9565217391304348
2742,0.07,27,0.9629629629629629,0.9724303971615799,0.3333333333333333,0.5153271765924096,26,16,0.9375,0.4908857576714206,0.3333333333333333,5.0,1.0,0.5210444529271026,1.0,6,1.0,0.5757398967694694,1.0
2743,0.07,21,1.0,0.9984639016897082,0.967741935483871,0.6169582464380605,21,12,1.0,0.5817212475463486,0.967741935483871,4.0,1.0,0.716748912489534,1.0,5,1.0,0.6216945109369909,1.0
2744,0.07,25,1.0,0.9987096774193549,0.967741935483871,0.5628785280430911,25,11,1.0,0.6685604735205323,0.967741935483871,5.0,1.0,0.39521229057626756,1.0,9,1.0,0.5268596154966759,1.0
2745,0.07,31,1.0,0.998533724340176,0.9545454545454546,0.6261347946708247,31,18,1.0,0.6112839637381712,0.9545454545454546,5.0,1.0,0.6510800614339705,1.0,8,1.0,0.6439583725423286,1.0
2746,0.07,21,1.0,0.9957651044607567,0.9545454545454546,0.5084996586916868,21,12,1.0,0.4355750682746036,0.9545454545454546,4.0,1.0,0.6796208160479611,1.0,5,1.0,0.5466217498076672,1.0
2747,0.07,27,1.0,0.998389694041868,0.9565217391304348,0.5980514158072694,27,10,1.0,0.5983180444304577,0.9565217391304348,10.0,1.0,0.590486779704308,1.0,7,1.0,0.6084771407783737,1.0
2748,0.07,25,1.0,0.9991011235955056,0.9775280898876404,0.5641088001467021,25,11,1.0,0.5483884569314349,1.0,5.0,1.0,0.4980722238841816,1.0,9,1.0,0.6200095397778731,0.9775280898876404
2749,0.07,24,0.9583333333333334,0.9689841968067775,0.3333333333333333,0.5488861574689728,23,14,0.9285714285714286,0.5268278649635523,0.3333333333333333,6.0,1.0,0.522343686289337,1.0,4,1.0,0.6659038880073982,1.0
2750,0.1,23,0.7391304347826086,0.9347504492150908,0.3333333333333333,0.3919541011927761,17,11,0.5454545454545454,0.3454285630709881,0.3333333333333333,3.0,1.0,0.4134970364589065,0.9948453608247423,9,0.8888888888888888,0.441637669364029,0.8571428571428571
2751,0.07,26,1.0,0.9987593052109182,0.967741935483871,0.5698791951015824,26,13,1.0,0.6540131245858055,0.967741935483871,6.0,1.0,0.478112804559291,1.0,7,1.0,0.49228737509570347,1.0
2752,0.07,32,1.0,0.9975714809384164,0.9545454545454546,0.6127309548753719,32,15,1.0,0.5522731755569915,0.9545454545454546,8.0,1.0,0.6566322132508057,1.0,9,1.0,0.6744705796278423,1.0
2753,0.07,24,1.0,1.0,1.0,0.5324949250439927,24,10,1.0,0.5059908161934581,1.0,5.0,1.0,0.48823665383078974,1.0,9,1.0,0.5865318633296996,1.0
2754,0.07,27,0.9629629629629629,0.9753086419753086,0.3333333333333333,0.5987035006943806,26,13,0.9230769230769231,0.5784307327187233,0.3333333333333333,5.0,1.0,0.6286310445833354,1.0,9,1.0,0.6113599744986885,1.0
2755,0.07,26,1.0,0.9961467492275756,0.9545454545454546,0.6204555574958464,26,11,1.0,0.5702629905814304,0.9545454545454546,5.0,1.0,0.7681234348146309,1.0,10,1.0,0.6018334424423111,0.9775280898876404
2756,0.1,28,0.8928571428571429,0.9784495553010059,0.8043478260869565,0.501563317890479,25,17,0.8235294117647058,0.5235305127157188,0.8043478260869565,4.0,1.0,0.4761233892310858,1.0,7,1.0,0.46275151826312166,0.9775280898876404
2757,0.07,28,1.0,0.9991974317817015,0.9775280898876404,0.6346540583432834,28,13,1.0,0.5663427281047952,1.0,5.0,1.0,0.7153747920378409,1.0,10,1.0,0.6830984208060393,0.9775280898876404
2758,0.07,28,1.0,0.9972245496439045,0.9545454545454546,0.5980879763503645,28,14,1.0,0.596548898964612,0.9545454545454546,3.0,1.0,0.7737049533407349,1.0,11,1.0,0.5521512629348577,1.0
2759,0.03,30,1.0,1.0,1.0,0.8444081398673464,30,14,1.0,0.8571653998100331,1.0,8.0,1.0,0.7806618820166393,1.0,8,1.0,0.8858291928183515,1.0
2760,0.07,28,1.0,0.9968238283455675,0.9545454545454546,0.5856531426306596,28,14,1.0,0.5794427330632016,0.9545454545454546,7.0,1.0,0.5249633158507429,1.0,7,1.0,0.6587637885454918,1.0
2761,0.07,26,0.9615384615384616,0.9743589743589743,0.3333333333333333,0.5624729426626153,25,14,0.9285714285714286,0.5947756707388826,0.3333333333333333,6.0,1.0,0.5705340371287885,1.0,6,1.0,0.4790388160184853,1.0
2762,0.03,22,1.0,1.0,1.0,0.8846223164441702,22,9,1.0,0.8865111158537206,1.0,6.0,1.0,0.8741261276574522,1.0,7,1.0,0.8911905933062202,1.0
2763,0.07,24,1.0,0.9986559139784946,0.967741935483871,0.5870315530034094,24,14,1.0,0.5951234545217312,0.967741935483871,5.0,1.0,0.6068824595618244,1.0,5,1.0,0.5445233221936931,1.0
2764,0.1,30,0.8666666666666667,0.9607319790679144,0.3333333333333333,0.45648213152434836,26,16,0.75,0.4503221443112583,0.3333333333333333,6.0,1.0,0.44449827052647545,0.95,8,1.0,0.4777900016989335,0.9775280898876404
2765,0.07,31,0.967741935483871,0.9749009231257052,0.3333333333333333,0.5400034563546756,30,17,0.9411764705882353,0.5197020833227664,0.3333333333333333,4.0,1.0,0.4911748748149426,1.0,10,1.0,0.5940472231248146,0.9775280898876404
2766,0.07,29,1.0,0.9985007496251874,0.9565217391304348,0.6720401350496267,29,12,1.0,0.7014433392490166,0.9565217391304348,6.0,1.0,0.5608401906621628,1.0,11,1.0,0.7006184274070906,1.0
2767,0.07,28,0.9642857142857143,0.9761904761904762,0.3333333333333333,0.5905694462354856,27,13,0.9230769230769231,0.6255820129406794,0.3333333333333333,9.0,1.0,0.5294451008343525,1.0,6,1.0,0.6063954031425983,1.0
2768,0.07,25,1.0,0.9981818181818182,0.9545454545454546,0.5445391899076405,25,14,1.0,0.5658471685868248,0.9545454545454546,5.0,1.0,0.48478339661675635,1.0,6,1.0,0.5446170673986136,1.0
2769,0.07,29,0.9655172413793104,0.9754440961337514,0.3333333333333333,0.5432953978997195,28,15,0.9333333333333333,0.5629871789101017,0.3333333333333333,7.0,1.0,0.5732110740163611,1.0,7,1.0,0.47118304818940143,1.0
2770,0.07,23,1.0,0.9971326012616555,0.9565217391304348,0.5979082178816315,23,9,1.0,0.7199371515290165,0.9565217391304348,4.0,1.0,0.39874945511887017,1.0,10,1.0,0.5677456827040898,0.9775280898876404
2771,0.1,26,0.8846153846153846,0.960741843240622,0.3333333333333333,0.4741051170916254,23,14,0.7857142857142857,0.4951927192932587,0.3333333333333333,6.0,1.0,0.5501847459844603,1.0,6,1.0,0.3488210830616462,0.9565217391304348
2772,0.07,29,0.9655172413793104,0.9747373504259106,0.3333333333333333,0.6096303748973474,28,16,0.9375,0.5826224436279981,0.3333333333333333,5.0,1.0,0.5717532263003584,1.0,8,1.0,0.6873194553091644,0.9775280898876404
2773,0.07,29,0.9655172413793104,0.9758991472005932,0.3333333333333333,0.5972952641789286,28,14,0.9285714285714286,0.5525880333952996,0.3333333333333333,5.0,1.0,0.628310675369875,1.0,10,1.0,0.6443776816805362,1.0
2774,0.07,28,1.0,0.996021260127269,0.9545454545454546,0.5457496011188913,28,13,1.0,0.5152275299874494,0.9545454545454546,5.0,1.0,0.521342887152515,1.0,10,1.0,0.5976316505729539,0.9775280898876404
2775,0.1,29,0.8620689655172413,0.9778429404880223,0.8043478260869565,0.47705596260213246,25,17,0.8235294117647058,0.5199970493512291,0.8043478260869565,4.0,1.0,0.43515766949630247,1.0,8,0.875,0.40675529981321706,0.8571428571428571
2776,0.07,24,1.0,0.9971697310180456,0.9545454545454546,0.5878183887999958,24,11,1.0,0.6298948631514802,0.9545454545454546,7.0,1.0,0.5058562973996359,1.0,6,1.0,0.6063006257893606,0.9775280898876404
2777,0.07,29,1.0,0.9985007496251874,0.9565217391304348,0.5520351392115326,29,12,1.0,0.6012880795817559,0.9565217391304348,8.0,1.0,0.5329034767426302,1.0,9,1.0,0.5033704742458149,1.0
2778,0.07,24,0.9583333333333334,0.9704106280193235,0.3333333333333333,0.5705601991819619,23,14,0.9285714285714286,0.5743331396203183,0.3333333333333333,3.0,1.0,0.46043173043173047,1.0,7,1.0,0.6102122334839197,1.0
2779,0.07,24,0.9583333333333334,0.9722222222222222,0.3333333333333333,0.5787092895781707,23,15,0.9333333333333333,0.5822042278474827,0.3333333333333333,3.0,1.0,0.6465643979661632,1.0,6,1.0,0.5360443897108936,1.0
2780,0.07,24,1.0,0.9958256449965402,0.9545454545454546,0.5554772498305269,24,10,1.0,0.553424629048267,0.9545454545454546,5.0,1.0,0.4662024578801753,1.0,9,1.0,0.6073550462276779,0.9775280898876404
2781,0.07,25,1.0,0.9969705469845722,0.9565217391304348,0.6117091651780256,25,12,1.0,0.6478701635320948,0.9565217391304348,7.0,1.0,0.5514321098555615,1.0,6,1.0,0.609710399679429,1.0
2782,0.07,29,0.9655172413793104,0.9735568556293207,0.3333333333333333,0.53129494418999,28,15,0.9333333333333333,0.5436617607348636,0.3333333333333333,7.0,1.0,0.4602162324179851,1.0,7,1.0,0.5758733347944084,0.9775280898876404
2783,0.07,28,1.0,0.9983766233766234,0.9545454545454546,0.6049737642401557,28,14,1.0,0.6408000868894537,0.9545454545454546,7.0,1.0,0.5620024839218208,1.0,7,1.0,0.5762923992598944,1.0
2784,0.1,28,0.8571428571428571,0.9793371575329101,0.8043478260869565,0.4451341670773427,24,14,0.7857142857142857,0.43699598570197595,0.8043478260869565,7.0,1.0,0.4649174892435058,1.0,7,0.8571428571428571,0.4416272076619131,0.8571428571428571
2785,0.07,25,1.0,0.9981818181818182,0.9545454545454546,0.5775304220909809,25,14,1.0,0.6087728103323312,0.9545454545454546,2.0,1.0,0.5484843667196608,1.0,9,1.0,0.5353858304647294,1.0
2786,0.07,27,1.0,1.0,1.0,0.5992140519052831,27,9,1.0,0.6362104298563801,1.0,10.0,1.0,0.5303164735833304,1.0,8,1.0,0.6437150996127395,1.0
2787,0.1,26,0.8461538461538461,0.955805885433855,0.3333333333333333,0.4608484767113617,22,12,0.6666666666666666,0.47677100347944545,0.3333333333333333,5.0,1.0,0.4753683666444438,0.9948453608247423,9,1.0,0.43155183550220444,0.9565217391304348
2788,0.07,28,1.0,0.9980453580489826,0.967741935483871,0.5561268455829601,28,15,1.0,0.6013775574497845,0.967741935483871,7.0,1.0,0.4614134799283559,1.0,6,1.0,0.5534989925129373,0.9775280898876404
2789,0.1,27,0.8518518518518519,0.9539638632260138,0.3333333333333333,0.4388614113273459,23,16,0.75,0.3640679512354117,0.3333333333333333,8.0,1.0,0.5416328643495019,0.95,3,1.0,0.5637026570919138,0.9775280898876404
2790,0.1,28,0.8571428571428571,0.9528543172057679,0.3333333333333333,0.4256903379853842,24,13,0.6923076923076923,0.332488061917172,0.3333333333333333,8.0,1.0,0.5885941390735471,0.95,7,1.0,0.412604506582735,0.9775280898876404
2791,0.07,25,0.96,0.9733333333333333,0.3333333333333333,0.5725130639044941,24,15,0.9333333333333333,0.5709099693478418,0.3333333333333333,5.0,1.0,0.44168673470960973,1.0,5,1.0,0.7081486767693352,1.0
2792,0.07,22,0.9545454545454546,0.9696969696969696,0.3333333333333333,0.6124830895368955,21,9,0.8888888888888888,0.5125805065813288,0.3333333333333333,4.0,1.0,0.7037700609168647,1.0,9,1.0,0.6718136852124761,1.0
2793,0.1,29,0.896551724137931,0.9859752779663793,0.8333333333333334,0.4232466424993423,26,18,0.8333333333333334,0.41424715804818546,0.8333333333333334,5.0,1.0,0.18992087894156331,1.0,6,1.0,0.6446832321509618,1.0
2794,0.07,28,1.0,0.9976446367506454,0.9565217391304348,0.6058527765268547,28,14,1.0,0.6014841104888522,0.9565217391304348,6.0,1.0,0.5671813385097851,1.0,8,1.0,0.6425015206061607,0.9775280898876404
2795,0.07,24,0.9583333333333334,0.9722222222222222,0.3333333333333333,0.626815053291319,23,13,0.9230769230769231,0.6188219859918239,0.3333333333333333,2.0,1.0,0.5813573883161511,1.0,9,1.0,0.6484622982739602,1.0
2796,0.07,26,1.0,0.9983277591973244,0.9565217391304348,0.6047736989028136,26,14,1.0,0.6147229301163805,0.9565217391304348,5.0,1.0,0.5642110355262224,1.0,7,1.0,0.6138485674589595,1.0
2797,0.07,30,1.0,0.9992509363295881,0.9775280898876404,0.6274410633311871,30,14,1.0,0.6755450759291447,1.0,6.0,1.0,0.5794520097569412,1.0,10,1.0,0.5888888778385947,0.9775280898876404
2798,0.07,25,0.96,0.972434456928839,0.3333333333333333,0.5774700796188682,24,12,0.9166666666666666,0.5764817663327929,0.3333333333333333,6.0,1.0,0.5409458529968718,1.0,7,1.0,0.6104708109281374,0.9775280898876404
2799,0.07,30,1.0,0.9959603043053253,0.9545454545454546,0.5741623220572475,30,13,1.0,0.5396737569644902,0.9545454545454546,8.0,1.0,0.5748715890084701,1.0,9,1.0,0.6233486787901433,1.0
2800,0.07,29,1.0,0.9981127594955694,0.967741935483871,0.6371138948627079,29,13,1.0,0.7251357694579015,0.967741935483871,7.0,1.0,0.5800922031330985,1.0,9,1.0,0.5543213917926804,0.9775280898876404
2801,0.1,23,0.8695652173913043,0.9534076621185592,0.3333333333333333,0.463296806749408,20,13,0.8461538461538461,0.45371545767243515,0.3333333333333333,4.0,1.0,0.5268431171657431,1.0,6,0.8333333333333334,0.44169218947195904,0.8571428571428571
2802,0.07,27,0.9629629629629629,0.9744763490081841,0.3333333333333333,0.5504625921196277,26,14,0.9285714285714286,0.5195824269998185,0.3333333333333333,5.0,1.0,0.5437922911558385,1.0,8,1.0,0.6086718191816624,0.9775280898876404
2803,0.07,26,1.0,1.0,1.0,0.5657005238210457,26,14,1.0,0.534745416052805,1.0,6.0,1.0,0.5363713728300619,1.0,6,1.0,0.6672582596045916,1.0
2804,0.07,24,1.0,1.0,1.0,0.6102988582831994,24,12,1.0,0.6249207869902519,1.0,4.0,1.0,0.5915442014126224,1.0,8,1.0,0.5977432936579091,1.0
2805,0.07,23,1.0,1.0,1.0,0.6219187450514435,23,11,1.0,0.6162185209073736,1.0,6.0,1.0,0.6409896002643624,1.0,6,1.0,0.6132983007693195,1.0
2806,0.1,31,0.8709677419354839,0.9814430423371879,0.8043478260869565,0.47006881699911574,27,20,0.8,0.4765900261007907,0.8043478260869565,5.0,1.0,0.31087471927685695,0.9948453608247423,6,1.0,0.5809932014287486,1.0
2807,0.1,26,0.8846153846153846,0.9575621454255804,0.3333333333333333,0.38575124079218476,23,15,0.8666666666666667,0.34251615582207917,0.3333333333333333,4.0,1.0,0.6648113301788656,1.0,7,0.8571428571428571,0.31893494322145083,0.8571428571428571
2808,0.07,23,0.9565217391304348,0.9691241335853811,0.3333333333333333,0.5555020512281537,22,10,0.9,0.47503816408532423,0.3333333333333333,5.0,1.0,0.7668522187777516,1.0,8,1.0,0.523988055438192,1.0
2809,0.07,25,1.0,0.9981818181818182,0.9545454545454546,0.6276485363194051,25,15,1.0,0.6510997775941125,0.9545454545454546,4.0,1.0,0.4634239648416817,1.0,6,1.0,0.6785034807844514,1.0
2810,0.07,23,1.0,1.0,1.0,0.658910675689319,23,9,1.0,0.6888509459921746,1.0,8.0,1.0,0.68156166435669,1.0,6,1.0,0.5837989520118748,1.0
2811,0.07,25,1.0,1.0,1.0,0.6049164732037786,25,13,1.0,0.5950775841369991,1.0,5.0,1.0,0.6299016785659496,1.0,7,1.0,0.6053421204976759,1.0
2812,0.07,22,1.0,0.9980237154150197,0.9565217391304348,0.5717382668431372,22,14,1.0,0.5852475708808607,0.9565217391304348,2.0,1.0,0.6373097692685321,1.0,6,1.0,0.5183593899466512,1.0
2813,0.07,27,0.9629629629629629,0.973625140291807,0.3333333333333333,0.5052369753390572,26,12,0.9166666666666666,0.4797640588683034,0.3333333333333333,6.0,1.0,0.4188254468581314,1.0,9,1.0,0.5968085496206793,1.0
2814,0.07,25,0.96,0.9724344569288388,0.3333333333333333,0.5600107043573999,24,9,0.8888888888888888,0.5911776202267836,0.3333333333333333,5.0,1.0,0.37919470045786896,1.0,11,1.0,0.6166995931458726,0.9775280898876404
2815,0.07,30,1.0,0.9952112406349134,0.9545454545454546,0.5796068475784464,30,18,1.0,0.5861878337065031,0.9545454545454546,4.0,1.0,0.4957043934559268,1.0,8,1.0,0.6067508558515786,0.9775280898876404
2816,0.07,24,1.0,0.9986559139784946,0.967741935483871,0.6185153433938313,24,7,1.0,0.6712821205963333,0.967741935483871,7.0,1.0,0.565366396733294,1.0,10,1.0,0.618782862014456,1.0
2817,0.07,28,1.0,0.9972245496439045,0.9545454545454546,0.607202619770023,28,13,1.0,0.54082066572606,0.9545454545454546,8.0,1.0,0.6956153157559375,1.0,7,1.0,0.6294403104391945,1.0
2818,0.07,23,1.0,0.9951563166766754,0.9545454545454546,0.6200871747523695,23,10,1.0,0.5923182298804097,0.9545454545454546,5.0,1.0,0.7203356474546279,1.0,8,1.0,0.5921430604034077,0.9775280898876404
2819,0.07,23,1.0,0.9985974754558206,0.967741935483871,0.604238941091638,23,11,1.0,0.554853761687524,0.967741935483871,6.0,1.0,0.6484924839228561,1.0,6,1.0,0.6505248938346292,1.0
2820,0.07,26,0.9615384615384616,0.9726107226107227,0.3333333333333333,0.511299616475424,25,15,0.9333333333333333,0.5372802132951359,0.3333333333333333,3.0,1.0,0.3741435185721154,1.0,8,1.0,0.514019534152205,1.0
2821,0.1,28,0.8928571428571429,0.9814874566427362,0.8043478260869565,0.45811754841210783,25,15,0.8666666666666667,0.4711092271216142,0.8043478260869565,4.0,1.0,0.31542147357795997,1.0,9,0.8888888888888888,0.49988522826699644,0.8571428571428571
2822,0.1,27,0.8888888888888888,0.9660023283211688,0.3333333333333333,0.4464758414342341,24,10,0.7,0.37784905492491716,0.3333333333333333,8.0,1.0,0.4950654246545705,1.0,9,1.0,0.47953708580428717,0.9565217391304348
2823,0.07,24,1.0,0.9968443197755961,0.9565217391304348,0.5639400276962516,24,15,1.0,0.6175130116541026,0.9565217391304348,2.0,1.0,0.49130884462683083,1.0,7,1.0,0.4698925429492628,1.0
2824,0.07,30,1.0,0.9985507246376811,0.9565217391304348,0.567848699805633,30,16,1.0,0.564501649814413,0.9565217391304348,9.0,1.0,0.5394880315176249,1.0,5,1.0,0.6296084626959515,1.0
2825,0.07,31,1.0,0.9968319924032885,0.9565217391304348,0.571835810760893,31,16,1.0,0.584115764297971,0.9565217391304348,7.0,1.0,0.4831243888277211,1.0,8,1.0,0.6248983978782627,0.9775280898876404
2826,0.1,27,0.8518518518518519,0.9546741598401253,0.3333333333333333,0.4632910131367377,23,16,0.8125,0.4546661411421328,0.3333333333333333,5.0,1.0,0.38621862989892536,1.0,6,0.8333333333333334,0.5505176578205276,0.8571428571428571
2827,0.07,26,1.0,0.995715203213982,0.9545454545454546,0.5554669887874945,26,14,1.0,0.579330634528736,0.9545454545454546,5.0,1.0,0.49212774339244725,1.0,7,1.0,0.5529820154443307,0.9775280898876404
2828,0.1,31,0.8387096774193549,0.9554619936587254,0.3333333333333333,0.4350889383539149,26,17,0.7647058823529411,0.48094124023604257,0.3333333333333333,5.0,1.0,0.3012712015214058,1.0,9,0.8888888888888888,0.42282222192795665,0.8571428571428571
2829,0.07,24,1.0,0.9986559139784946,0.967741935483871,0.6138004878251588,24,12,1.0,0.6154408571405825,0.967741935483871,5.0,1.0,0.6337329076428939,1.0,7,1.0,0.5967509834146218,1.0
2830,0.1,30,0.9,0.9677998174491863,0.3333333333333333,0.48965311591687294,27,15,0.8,0.4253600739116176,0.3333333333333333,5.0,1.0,0.49126339049900275,1.0,10,1.0,0.5852875416336913,1.0
2831,0.07,20,0.95,0.9633691581175704,0.3333333333333333,0.6539614880593445,19,7,0.8571428571428571,0.567583988925709,0.3333333333333333,7.0,1.0,0.6635607553240396,1.0,6,1.0,0.7435360919064414,0.9775280898876404
2832,0.07,31,1.0,0.9989594172736733,0.967741935483871,0.599976106290016,31,13,1.0,0.6044904154394796,0.967741935483871,9.0,1.0,0.5877085656651649,1.0,9,1.0,0.6057229781434196,1.0
2833,0.07,26,0.9615384615384616,0.9722539753348016,0.3333333333333333,0.5869892954769728,25,14,0.9285714285714286,0.5713024934596833,0.3333333333333333,2.0,1.0,0.48806150415756955,1.0,10,1.0,0.6287363765650587,0.9775280898876404
2834,0.07,31,1.0,0.9989594172736733,0.967741935483871,0.6050512755335289,31,16,1.0,0.5930673628656233,0.967741935483871,8.0,1.0,0.6039618936522383,1.0,7,1.0,0.633688083781645,1.0
2835,0.07,30,1.0,0.9992509363295881,0.9775280898876404,0.6246550714659647,30,14,1.0,0.6317652963542659,1.0,7.0,1.0,0.5148500893037672,1.0,9,1.0,0.698998596654761,0.9775280898876404
2836,0.07,28,0.9642857142857143,0.9742358342394588,0.3333333333333333,0.5759958010064111,27,14,0.9285714285714286,0.5314587832015744,0.3333333333333333,5.0,1.0,0.572638030379344,1.0,9,1.0,0.6471410346067501,0.9775280898876404
2837,0.07,19,0.9473684210526315,0.9637295485905776,0.3333333333333333,0.6483436356626313,18,12,0.9166666666666666,0.6356897561798521,0.3333333333333333,5.0,1.0,0.7298410131746408,1.0,2,1.0,0.5205234687792828,0.9775280898876404
2838,0.1,28,0.8928571428571429,0.9637140901241281,0.3333333333333333,0.4717964862662746,25,16,0.8125,0.5231166463638744,0.3333333333333333,6.0,1.0,0.3817724865852778,1.0,6,1.0,0.42496672568700516,1.0
2839,0.07,28,0.9642857142857143,0.9742358342394588,0.3333333333333333,0.5428569178190761,27,10,0.9,0.5858889279451649,0.3333333333333333,9.0,1.0,0.5168575177877173,1.0,9,1.0,0.5210429732658918,0.9775280898876404
2840,0.07,23,1.0,0.998109640831758,0.9565217391304348,0.5856565913805234,23,10,1.0,0.5983080691411746,0.9565217391304348,5.0,1.0,0.5090326975123609,1.0,8,1.0,0.6177321778473108,1.0
2841,0.07,24,1.0,1.0,1.0,0.591126943288346,24,8,1.0,0.5953618292451002,1.0,9.0,1.0,0.6032905824747407,1.0,7,1.0,0.5706481089552624,1.0
2842,0.1,29,0.896551724137931,0.9633387851528781,0.3333333333333333,0.42487924542221917,26,14,0.7857142857142857,0.38089414213690553,0.3333333333333333,5.0,1.0,0.3956990670310736,0.95,10,1.0,0.5010484792172312,0.9565217391304348
2843,0.07,28,1.0,0.9980453580489825,0.967741935483871,0.5713175679475834,28,16,1.0,0.5561267598481354,0.967741935483871,4.0,1.0,0.5499454800534709,1.0,8,1.0,0.6123852280935353,0.9775280898876404
2844,0.07,23,1.0,0.997620435885718,0.967741935483871,0.6103757934884793,23,13,1.0,0.6230357174833276,0.967741935483871,2.0,1.0,0.5624923576413046,1.0,8,1.0,0.6017742759586443,0.9775280898876404
2845,0.07,25,1.0,0.9981818181818182,0.9545454545454546,0.5968862391100614,25,9,1.0,0.6169330684949824,0.9545454545454546,5.0,1.0,0.5887251372108439,1.0,11,1.0,0.5841938795674977,1.0
2846,0.07,29,0.9655172413793104,0.9762366008007233,0.3333333333333333,0.5528770391546599,28,9,0.8888888888888888,0.6013301731186964,0.3333333333333333,9.0,1.0,0.511292551487585,1.0,11,1.0,0.5472572376389642,0.9775280898876404
2847,0.07,23,1.0,0.9985974754558206,0.967741935483871,0.5928272442082624,23,9,1.0,0.5466252518452686,0.967741935483871,6.0,1.0,0.6401603416341183,1.0,8,1.0,0.6093046625472385,1.0
2848,0.07,29,0.9655172413793104,0.9770114942528735,0.3333333333333333,0.5827773478451792,28,11,0.9090909090909091,0.5859737290784559,0.3333333333333333,9.0,1.0,0.525007932478764,1.0,9,1.0,0.6366400750375899,1.0
2849,0.07,24,1.0,0.9967619745845552,0.9545454545454546,0.517355990181275,24,9,1.0,0.5431243468869194,0.9545454545454546,6.0,1.0,0.337434778547612,1.0,9,1.0,0.6115351078980727,1.0
2850,0.07,26,1.0,0.9962227601731518,0.9565217391304348,0.5936478752818918,26,11,1.0,0.6097713209816367,0.9565217391304348,7.0,1.0,0.5734345420172147,1.0,8,1.0,0.5891648040513352,0.9775280898876404
2851,0.07,25,0.96,0.9733333333333333,0.3333333333333333,0.6305711348137343,24,13,0.9230769230769231,0.5890764216803922,0.3333333333333333,8.0,1.0,0.6832143465233862,1.0,4,1.0,0.6601425290777925,1.0
2852,0.07,24,1.0,0.9959079901875811,0.9565217391304348,0.5586639930338915,24,10,1.0,0.5237072312265422,0.9565217391304348,5.0,1.0,0.6308987816071955,1.0,9,1.0,0.5573744013902217,0.9775280898876404
2853,0.1,27,0.8888888888888888,0.9646879892198243,0.3333333333333333,0.47978567334231786,24,13,0.8461538461538461,0.4656443733039938,0.3333333333333333,4.0,1.0,0.626917363016688,1.0,10,0.9,0.4393166875223913,0.8571428571428571
2854,0.07,28,1.0,0.9975740551583249,0.9545454545454546,0.6088501852114131,28,17,1.0,0.6077224123948134,0.9545454545454546,6.0,1.0,0.6514717877263273,1.0,5,1.0,0.5615386897699554,0.9775280898876404
2855,0.07,32,0.96875,0.977043964930201,0.3333333333333333,0.5899347176009333,31,16,0.9375,0.6206863096592132,0.3333333333333333,8.0,1.0,0.49527998932754413,1.0,8,1.0,0.6230862617577626,0.9775280898876404
2856,0.03,29,1.0,1.0,1.0,0.8991619856251866,29,12,1.0,0.8969563583655146,1.0,7.0,1.0,0.8744455409703242,1.0,10,1.0,0.9191102495951965,1.0
2857,0.07,28,1.0,0.9975740551583249,0.9545454545454546,0.5573885588332493,28,13,1.0,0.5536721964890057,0.9545454545454546,5.0,1.0,0.44768168587584906,1.0,10,1.0,0.6170732663594661,0.9775280898876404
2858,0.07,29,1.0,1.0,1.0,0.6285451568786321,29,13,1.0,0.6222444429527781,1.0,5.0,1.0,0.6099563840427767,1.0,11,1.0,0.6444408973527572,1.0
2859,0.07,30,1.0,0.9985507246376811,0.9565217391304348,0.5536491264047565,30,17,1.0,0.5201724745412014,0.9565217391304348,6.0,1.0,0.5256282251839575,1.0,7,1.0,0.658967481976932,1.0
2860,0.07,24,1.0,0.9981060606060606,0.9545454545454546,0.5276969663586032,24,13,1.0,0.5322169977217427,0.9545454545454546,6.0,1.0,0.4828494494785652,1.0,5,1.0,0.5697619050704862,1.0
2861,0.07,32,1.0,0.9972208498023716,0.9545454545454546,0.5422669033850698,32,19,1.0,0.524309677506946,0.9545454545454546,8.0,1.0,0.5516430777749786,1.0,5,1.0,0.5955024826980856,1.0
2862,0.07,23,1.0,0.9990229604298975,0.9775280898876404,0.622997223485951,23,10,1.0,0.6323962182593579,1.0,4.0,1.0,0.4478741936098586,1.0,9,1.0,0.690386353682651,0.9775280898876404
2863,0.07,26,1.0,0.9978950009758273,0.967741935483871,0.6277693099134349,26,10,1.0,0.6799974277695259,0.967741935483871,6.0,1.0,0.6450183893476998,1.0,10,1.0,0.5651917443967851,0.9775280898876404
2864,0.07,27,0.9629629629629629,0.9741138988450816,0.3333333333333333,0.5710594984780369,26,13,0.9230769230769231,0.5882063680677775,0.3333333333333333,7.0,1.0,0.5248633661997666,1.0,7,1.0,0.5854114443753605,1.0
2865,0.07,29,1.0,0.9969333515060652,0.9545454545454546,0.5932417498355167,29,14,1.0,0.5444279847250867,0.9545454545454546,7.0,1.0,0.663715447460886,1.0,8,1.0,0.6170013533565715,1.0
2866,0.07,24,1.0,0.9981884057971014,0.9565217391304348,0.5838885858902508,24,10,1.0,0.6510388790058547,0.9565217391304348,8.0,1.0,0.46409310057580727,1.0,6,1.0,0.6316987444501688,1.0
2867,0.07,25,0.96,0.9711441343481937,0.3333333333333333,0.6077240107881312,24,13,0.9230769230769231,0.6268103267609154,0.3333333333333333,5.0,1.0,0.6171677032187922,1.0,7,1.0,0.5655325008167738,0.9775280898876404
2868,0.07,28,1.0,0.9988479262672811,0.967741935483871,0.6166390219351482,28,13,1.0,0.7083018350274739,0.967741935483871,6.0,1.0,0.5954431801268116,1.0,9,1.0,0.4983677420073465,1.0
2869,0.07,28,1.0,0.9983766233766234,0.9545454545454546,0.6081658714482832,28,14,1.0,0.5875477802473378,0.9545454545454546,4.0,1.0,0.6869520859767555,1.0,10,1.0,0.6055167133182181,1.0
2870,0.07,29,1.0,0.9976577084287274,0.9545454545454546,0.5832304301108256,29,14,1.0,0.5983656911900418,0.9545454545454546,9.0,1.0,0.5739207042258685,1.0,6,1.0,0.5618794097534234,0.9775280898876404
2871,0.07,28,1.0,0.9975740551583249,0.9545454545454546,0.639671101204217,28,14,1.0,0.5997182350480526,0.9545454545454546,7.0,1.0,0.6694526958030776,1.0,7,1.0,0.6897952389176851,0.9775280898876404
2872,0.07,26,1.0,1.0,1.0,0.5376421414797261,26,9,1.0,0.5135954412059566,1.0,8.0,1.0,0.4919639483571444,1.0,9,1.0,0.6022916800846793,1.0
2873,0.07,24,1.0,1.0,1.0,0.6038360082766794,24,13,1.0,0.6090281523208946,1.0,5.0,1.0,0.5925447272795082,1.0,6,1.0,0.6019957636785225,1.0
2874,0.1,30,0.8666666666666667,0.9751384208747461,0.8043478260869565,0.433766839238557,26,18,0.7777777777777778,0.48156606005140795,0.8043478260869565,5.0,1.0,0.35363948219776276,0.95,7,1.0,0.36808838360607904,0.9565217391304348
2875,0.1,29,0.896551724137931,0.9827226867219757,0.8333333333333334,0.5025174694197876,26,18,0.8888888888888888,0.49262329733302557,0.8333333333333334,7.0,1.0,0.5450355656888215,0.9948453608247423,4,0.75,0.47263457533940717,0.8571428571428571
2876,0.03,29,1.0,1.0,1.0,0.8109988815535978,29,11,1.0,0.8505451623151031,1.0,8.0,1.0,0.7631040311669779,1.0,10,1.0,0.8058138530252377,1.0
2877,0.07,28,1.0,1.0,1.0,0.5787004514677816,28,8,1.0,0.6591680585311689,1.0,10.0,1.0,0.48916164241173005,1.0,10,1.0,0.6038651748731234,1.0
2878,0.07,27,0.9629629629629629,0.9744763490081841,0.3333333333333333,0.6238464192428717,26,11,0.9090909090909091,0.6465660605782254,0.3333333333333333,4.0,1.0,0.5918631477034061,1.0,12,1.0,0.6136811718652859,0.9775280898876404
2879,0.1,30,0.8666666666666667,0.9608254181696584,0.3333333333333333,0.49063267725434623,26,13,0.7692307692307693,0.4847869650954196,0.3333333333333333,6.0,1.0,0.5473619608201391,0.95,11,0.9090909090909091,0.46659800058809997,0.8571428571428571
2880,0.07,30,1.0,0.9989247311827957,0.967741935483871,0.591188237089851,30,13,1.0,0.5553768154029697,0.967741935483871,5.0,1.0,0.7372191046106601,1.0,12,1.0,0.5691377491169687,1.0
2881,0.07,26,0.9615384615384616,0.9722539753348017,0.3333333333333333,0.6074292188608648,25,9,0.8888888888888888,0.538080275437623,0.3333333333333333,9.0,1.0,0.5790932379426552,1.0,8,1.0,0.7173247587449978,0.9775280898876404
2882,0.07,29,0.9655172413793104,0.9746692026816011,0.3333333333333333,0.5590587628908061,28,13,0.9230769230769231,0.5444289429932222,0.3333333333333333,8.0,1.0,0.5694629396856132,1.0,8,1.0,0.5724280434295734,0.9775280898876404
2883,0.07,29,1.0,0.9992251065478497,0.9775280898876404,0.590046826420913,29,13,1.0,0.6130582827385528,1.0,8.0,1.0,0.5467104186496043,1.0,8,1.0,0.5959896176760571,0.9775280898876404
2884,0.07,24,1.0,0.9986559139784946,0.967741935483871,0.6176529731394433,24,14,1.0,0.6009253593097038,0.967741935483871,3.0,1.0,0.5053922685501633,1.0,7,1.0,0.6992199313371851,1.0
2885,0.07,23,0.9565217391304348,0.9691241335853811,0.3333333333333333,0.5800259737353501,22,15,0.9333333333333333,0.5863491153452551,0.3333333333333333,3.0,1.0,0.6339877108495987,1.0,5,1.0,0.5286795066370864,1.0
2886,0.07,26,1.0,1.0,1.0,0.5740437677988569,26,13,1.0,0.6120034800654803,1.0,7.0,1.0,0.4403649333651467,1.0,6,1.0,0.647756364727168,1.0
2887,0.07,29,1.0,0.9984326018808777,0.9545454545454546,0.5715657304198009,29,13,1.0,0.5307153619687006,0.9545454545454546,10.0,1.0,0.6084380743566624,1.0,6,1.0,0.5986209555024152,1.0
2888,0.07,32,0.96875,0.9760359004140718,0.3333333333333333,0.5999870488614633,31,13,0.9230769230769231,0.627439354775584,0.3333333333333333,7.0,1.0,0.4964172681927729,1.0,12,1.0,0.6306627561779018,0.9775280898876404
2889,0.07,28,0.9642857142857143,0.9753879079721776,0.3333333333333333,0.5706424257714553,27,13,0.9230769230769231,0.589306646350416,0.3333333333333333,6.0,1.0,0.5446909914854741,1.0,9,1.0,0.5609839522369443,0.9775280898876404
2890,0.07,25,0.96,0.9733333333333333,0.3333333333333333,0.6059148335837582,24,13,0.9230769230769231,0.6502049381528193,0.3333333333333333,4.0,1.0,0.5603458002190513,1.0,8,1.0,0.5567279303413872,1.0
2891,0.07,29,1.0,0.9977258561730371,0.9565217391304348,0.5694226671527015,29,14,1.0,0.5568558036344433,0.9565217391304348,5.0,1.0,0.6929938396568887,1.0,10,1.0,0.5252306898261694,0.9775280898876404
2892,0.07,28,1.0,0.9968238283455675,0.9545454545454546,0.5660062988416822,28,15,1.0,0.5095175266771561,0.9545454545454546,2.0,1.0,0.5415992564799835,1.0,11,1.0,0.6474740867681633,1.0
2893,0.1,30,0.9,0.9659613294766777,0.3333333333333333,0.5568809965363221,27,17,0.8235294117647058,0.5506547204541926,0.3333333333333333,8.0,1.0,0.536824715285001,0.95,5,1.0,0.6101403852176757,1.0
2894,0.07,27,0.9629629629629629,0.9724303971615801,0.3333333333333333,0.5511294111341181,26,12,0.9166666666666666,0.5506779783769333,0.3333333333333333,9.0,1.0,0.6245418436326161,1.0,6,1.0,0.4419136279007409,1.0
2895,0.07,28,1.0,1.0,1.0,0.5287059430147908,28,15,1.0,0.5354679833265342,1.0,6.0,1.0,0.45912406962721475,1.0,7,1.0,0.5738574623932627,1.0
2896,0.07,29,0.9655172413793104,0.9758991472005932,0.3333333333333333,0.5823050228890779,28,17,0.9411764705882353,0.5914692551468432,0.3333333333333333,6.0,1.0,0.5333011949608473,1.0,6,1.0,0.6053435260869736,1.0
2897,0.07,26,0.9615384615384616,0.9731182795698925,0.3333333333333333,0.5683347894863484,25,12,0.9166666666666666,0.616776565227516,0.3333333333333333,6.0,1.0,0.4418105260842749,1.0,8,1.0,0.5905653234261522,1.0
2898,0.07,23,0.9565217391304348,0.9677216090412016,0.3333333333333333,0.5107694718842903,22,14,0.9285714285714286,0.5345027359782966,0.3333333333333333,5.0,1.0,0.4026915863160715,1.0,4,1.0,0.5628004045155415,1.0
2899,0.07,24,1.0,0.9990636704119851,0.9775280898876404,0.5874403228129595,24,11,1.0,0.5130945595577234,1.0,5.0,1.0,0.6595395255926393,1.0,8,1.0,0.6446037455516093,0.9775280898876404
2900,0.07,30,1.0,0.9984848484848484,0.9545454545454546,0.5532333634118446,30,16,1.0,0.5291983157543535,0.9545454545454546,7.0,1.0,0.5552733773836986,1.0,7,1.0,0.6061306012285417,1.0
2901,0.07,25,1.0,0.9982608695652173,0.9565217391304348,0.5809812009142147,25,16,1.0,0.6011061522774594,0.9565217391304348,3.0,1.0,0.30527993079063587,1.0,6,1.0,0.6651652990073512,1.0
2902,0.07,27,0.9629629629629629,0.9744763490081841,0.3333333333333333,0.6246027335433353,26,13,0.9230769230769231,0.6591715551673393,0.3333333333333333,4.0,1.0,0.6181505430638738,1.0,10,1.0,0.582244141623915,0.9775280898876404
2903,0.07,24,0.9583333333333334,0.9699418066127019,0.3333333333333333,0.6079443865779557,23,16,0.9375,0.602050015538331,0.3333333333333333,5.0,1.0,0.6635774239996798,1.0,3,1.0,0.5466593030864138,0.9775280898876404
2904,0.1,25,0.84,0.9546931142723569,0.3333333333333333,0.47011326396171726,21,15,0.7333333333333333,0.40048087471316124,0.3333333333333333,4.0,1.0,0.6338948189415123,1.0,6,1.0,0.5350065337632441,1.0
2905,0.07,30,1.0,0.9989247311827957,0.967741935483871,0.5777063914789129,30,16,1.0,0.6141639318879526,0.967741935483871,7.0,1.0,0.5305248451044616,1.0,7,1.0,0.5415564169184166,1.0
2906,0.07,30,1.0,0.9984848484848484,0.9545454545454546,0.5797093734991989,30,15,1.0,0.575829612252271,0.9545454545454546,5.0,1.0,0.6078483110138112,1.0,10,1.0,0.5714595466122849,1.0
2907,0.1,27,0.8518518518518519,0.9614397947731281,0.3333333333333333,0.5307736069484664,23,13,0.6923076923076923,0.5121249872706715,0.3333333333333333,4.0,1.0,0.42825788311198,1.0,10,1.0,0.5960231020641944,1.0
2908,0.07,30,0.9666666666666667,0.9770287141073657,0.3333333333333333,0.49276935470767314,29,13,0.9230769230769231,0.4533169787580675,0.3333333333333333,5.0,1.0,0.45218364256790106,1.0,12,1.0,0.5524201420446512,0.9775280898876404
2909,0.07,29,1.0,1.0,1.0,0.6713007119448409,29,14,1.0,0.7146114247499662,1.0,8.0,1.0,0.5729511814676471,1.0,7,1.0,0.6970787497370969,1.0
2910,0.1,28,0.8571428571428571,0.9590103798206212,0.3333333333333333,0.4392960758247152,24,9,0.6666666666666666,0.42486154951449095,0.3333333333333333,9.0,1.0,0.49469041155548665,0.9948453608247423,10,0.9,0.4024322473462226,0.8571428571428571
2911,0.07,30,1.0,0.9970355731225297,0.9545454545454546,0.5503406737041975,30,16,1.0,0.5633988706088835,0.9545454545454546,6.0,1.0,0.43846688029457,1.0,8,1.0,0.6081296249520459,1.0
2912,0.1,27,0.8888888888888888,0.9606898532853371,0.3333333333333333,0.4955255725740315,24,12,0.75,0.4812464575047836,0.3333333333333333,7.0,1.0,0.47443349016550007,0.95,8,1.0,0.5353998172853687,0.9775280898876404
2913,0.07,23,1.0,1.0,1.0,0.5686107151097723,23,13,1.0,0.6435695955800261,1.0,3.0,1.0,0.46148567603079943,1.0,7,1.0,0.47531209669886143,1.0
2914,0.1,25,0.88,0.9597929606625258,0.3333333333333333,0.43030171364482106,22,12,0.8333333333333334,0.42017799653435395,0.3333333333333333,6.0,1.0,0.40744106530164687,1.0,7,0.8571428571428571,0.4672514986997712,0.8571428571428571
2915,0.07,21,1.0,0.9978354978354977,0.9545454545454546,0.6451695451928516,21,10,1.0,0.6389550467442374,0.9545454545454546,6.0,1.0,0.5547095752436325,1.0,5,1.0,0.766150506029143,1.0
2916,0.07,28,0.9642857142857143,0.9738351129411217,0.3333333333333333,0.5904653138252745,27,12,0.9166666666666666,0.5909515702463205,0.3333333333333333,5.0,1.0,0.545510817885419,1.0,11,1.0,0.6103687140658858,0.9775280898876404
2917,0.07,27,1.0,0.9963626579445166,0.9565217391304348,0.5822805393015694,27,15,1.0,0.5362731198774525,0.9565217391304348,4.0,1.0,0.5929808813706803,1.0,8,1.0,0.663194279687233,0.9775280898876404
2918,0.03,26,1.0,1.0,1.0,0.8602977440622303,26,9,1.0,0.8552371719722328,1.0,7.0,1.0,0.8638184374303864,1.0,10,1.0,0.8623877735855187,1.0
2919,0.07,28,1.0,0.998447204968944,0.9565217391304348,0.6092348605136124,28,13,1.0,0.6484092317921082,0.9565217391304348,7.0,1.0,0.5151381544920394,1.0,8,1.0,0.6279111249549336,1.0
2920,0.07,27,1.0,0.9975574010747434,0.9565217391304348,0.5572867711855745,27,10,1.0,0.6025913705647066,0.9565217391304348,7.0,1.0,0.5189009428922636,1.0,10,1.0,0.5388522516117602,0.9775280898876404
2921,0.07,26,1.0,0.9978950009758273,0.967741935483871,0.6890129239815272,26,15,1.0,0.6980043575159554,0.967741935483871,5.0,1.0,0.6564656011116871,1.0,6,1.0,0.6936571092036569,0.9775280898876404
2922,0.07,24,1.0,0.9972520762090863,0.9565217391304348,0.6287397409725913,24,12,1.0,0.5664923600256109,0.9565217391304348,5.0,1.0,0.7474984490038965,1.0,7,1.0,0.6506218882879116,0.9775280898876404
2923,0.07,25,0.96,0.9724344569288388,0.3333333333333333,0.527592623059153,24,11,0.9090909090909091,0.5418073926116683,0.3333333333333333,6.0,1.0,0.4783794166046739,1.0,8,1.0,0.5449572197653036,0.9775280898876404
2924,0.07,27,1.0,0.9962894622191469,0.9545454545454546,0.6090515033840339,27,13,1.0,0.6608902687824325,0.9545454545454546,4.0,1.0,0.556047545742217,1.0,10,1.0,0.5628626914228423,0.9775280898876404
2925,0.07,22,1.0,0.9980237154150197,0.9565217391304348,0.6449206322760458,22,15,1.0,0.6454979648694912,0.9565217391304348,4.0,1.0,0.7094466420105032,1.0,3,1.0,0.5559992896628758,1.0
2926,0.07,26,1.0,0.9991356957649093,0.9775280898876404,0.5885395781343917,26,11,1.0,0.5403052374479506,1.0,5.0,1.0,0.4959049350334336,1.0,10,1.0,0.6879146744399562,0.9775280898876404
2927,0.07,25,1.0,1.0,1.0,0.5905943926187318,25,10,1.0,0.6581762044468423,1.0,7.0,1.0,0.4212257632818811,1.0,8,1.0,0.654314678503338,1.0
2928,0.07,29,0.9655172413793104,0.9747373504259106,0.3333333333333333,0.5672192515954818,28,16,0.9375,0.5401429446229548,0.3333333333333333,8.0,1.0,0.5718759415010567,1.0,5,1.0,0.6464127300586486,0.9775280898876404
2929,0.07,25,1.0,0.9982608695652173,0.9565217391304348,0.5986147376953248,25,13,1.0,0.6104785446145674,0.9565217391304348,6.0,1.0,0.6113044754918822,1.0,6,1.0,0.5602200849070753,1.0
2930,0.07,29,1.0,1.0,1.0,0.511263652034844,29,14,1.0,0.5409221069381442,1.0,5.0,1.0,0.40027671665111686,1.0,10,1.0,0.5252352828620873,1.0
2931,0.1,26,0.8461538461538461,0.9524993122819209,0.3333333333333333,0.43454980988436415,22,9,0.6666666666666666,0.4625390873234047,0.3333333333333333,6.0,1.0,0.3914293213993152,1.0,11,0.9090909090909091,0.4351697584260848,0.8571428571428571
2932,0.07,24,1.0,0.995907990187581,0.9565217391304348,0.6521250697445061,24,9,1.0,0.7610760187797787,0.9565217391304348,7.0,1.0,0.5629612844501705,1.0,8,1.0,0.6075735642123681,0.9775280898876404
2933,0.07,20,0.95,0.9650537634408602,0.3333333333333333,0.4907224134866248,19,10,0.9,0.45258193867900803,0.3333333333333333,6.0,1.0,0.5004689797651949,1.0,4,1.0,0.5714537510878119,1.0
2934,0.07,28,1.0,0.9983766233766234,0.9545454545454546,0.5969775674268575,28,8,1.0,0.618086049925985,0.9545454545454546,10.0,1.0,0.5664262669725859,1.0,10,1.0,0.6106420818818272,1.0
2935,0.07,22,0.9545454545454546,0.9696969696969696,0.3333333333333333,0.6074183703359195,21,10,0.9,0.5631147652459315,0.3333333333333333,7.0,1.0,0.5651202993913511,1.0,5,1.0,0.7552428798382913,1.0
2936,0.1,28,0.8571428571428571,0.9580262254447438,0.3333333333333333,0.4776607410807074,24,15,0.7333333333333333,0.4469976828591047,0.3333333333333333,8.0,1.0,0.5108115115156427,0.95,5,1.0,0.5166086830496193,1.0
2937,0.07,29,1.0,1.0,1.0,0.581614307624622,29,14,1.0,0.6078804980831258,1.0,9.0,1.0,0.49636792313221334,1.0,6,1.0,0.6481961066267262,1.0
2938,0.07,25,0.96,0.9733333333333333,0.3333333333333333,0.6346215260637513,24,12,0.9166666666666666,0.6359674515831445,0.3333333333333333,5.0,1.0,0.5554733432807006,1.0,8,1.0,0.6820702520240678,1.0
2939,0.1,25,0.88,0.9614715821812596,0.3333333333333333,0.49144819756666414,22,14,0.8571428571428571,0.49426936801782356,0.3333333333333333,5.0,1.0,0.5704824930967461,1.0,6,0.8333333333333334,0.4190035535722238,0.8571428571428571
2940,0.07,28,1.0,0.9972951312362252,0.9565217391304348,0.5353370657947789,28,15,1.0,0.5753532702804306,0.9565217391304348,9.0,1.0,0.5155337209167806,1.0,4,1.0,0.4298338249490815,1.0
2941,0.07,28,1.0,0.9976446367506455,0.9565217391304348,0.582077441790359,28,14,1.0,0.5562955899823528,0.9565217391304348,5.0,1.0,0.5775417154614071,1.0,9,1.0,0.6247023925633421,0.9775280898876404
2942,0.07,30,0.9666666666666667,0.9763285024154589,0.3333333333333333,0.5798834592981057,29,13,0.9230769230769231,0.528415781466734,0.3333333333333333,6.0,1.0,0.6731227981552995,1.0,11,1.0,0.5898510755403489,1.0
2943,0.07,28,0.9642857142857143,0.9726830392084028,0.3333333333333333,0.5143780908673027,27,12,0.9166666666666666,0.47927772389012224,0.3333333333333333,6.0,1.0,0.5285239483010681,1.0,10,1.0,0.5480110167796599,0.9775280898876404
2944,0.1,30,0.8666666666666667,0.9754994039776648,0.8043478260869565,0.4327463435006277,26,17,0.8235294117647058,0.3898340161666227,0.8043478260869565,6.0,1.0,0.5257431262647746,0.95,7,0.8571428571428571,0.4572504675139427,0.8571428571428571
2945,0.07,27,1.0,0.9988052568697731,0.967741935483871,0.6172431597513706,27,15,1.0,0.5992722035215448,0.967741935483871,5.0,1.0,0.5285977891132994,1.0,7,1.0,0.7190704735567625,1.0
2946,0.07,26,0.9615384615384616,0.9734946701238835,0.3333333333333333,0.56948062214773,25,13,0.9230769230769231,0.5774384213636459,0.3333333333333333,6.0,1.0,0.5919987256569224,1.0,7,1.0,0.5354006205960072,0.9775280898876404
2947,0.07,26,1.0,1.0,1.0,0.6174277120934063,26,13,1.0,0.6076567922995403,1.0,7.0,1.0,0.5869017908192288,1.0,6,1.0,0.6742116131333233,1.0
2948,0.1,25,0.8,0.9505288913984566,0.3333333333333333,0.4916382339817625,20,15,0.6666666666666666,0.45093717386701243,0.3333333333333333,4.0,1.0,0.4612629849144921,1.0,6,1.0,0.6136410503134846,1.0
2949,0.07,28,1.0,1.0,1.0,0.5780053438628656,28,12,1.0,0.5749837521559649,1.0,7.0,1.0,0.579958357405799,1.0,9,1.0,0.5805151222720073,1.0
2950,0.07,25,1.0,0.996891495601173,0.9545454545454546,0.6110471925823869,25,12,1.0,0.5670483602638029,0.9545454545454546,7.0,1.0,0.64540597525213,1.0,6,1.0,0.6589596107715215,1.0
2951,0.07,25,1.0,0.9991011235955056,0.9775280898876404,0.5954682155273302,25,12,1.0,0.5512769924176101,1.0,5.0,1.0,0.6461192060171836,1.0,8,1.0,0.630098181135752,0.9775280898876404
2952,0.07,24,1.0,0.9981060606060606,0.9545454545454546,0.5420550437896591,24,10,1.0,0.5743059460992306,0.9545454545454546,6.0,1.0,0.5078265742307148,1.0,8,1.0,0.5274127680719027,1.0
2953,0.07,27,1.0,0.9971949509116409,0.9565217391304348,0.5711892204618422,27,13,1.0,0.5847497582297381,0.9565217391304348,5.0,1.0,0.396527562198953,1.0,9,1.0,0.64863603160982,1.0
2954,0.07,27,1.0,0.9983164983164983,0.9545454545454546,0.6096745668012262,27,14,1.0,0.5526671725588713,0.9545454545454546,4.0,1.0,0.8412196520043336,1.0,9,1.0,0.5954438088657306,1.0
2955,0.07,27,1.0,0.998389694041868,0.9565217391304348,0.5729583101861541,27,12,1.0,0.6019528777948344,0.9565217391304348,6.0,1.0,0.49777733812141745,1.0,9,1.0,0.5844195347510713,1.0
2956,0.07,24,1.0,0.9986559139784946,0.967741935483871,0.5308105758231324,24,11,1.0,0.5630630909574614,0.967741935483871,8.0,1.0,0.4076618899506837,1.0,5,1.0,0.6568929399235262,1.0
2957,0.07,28,0.9642857142857143,0.9742358342394588,0.3333333333333333,0.5972865328016841,27,15,0.9333333333333333,0.6086326310253924,0.3333333333333333,6.0,1.0,0.5546184933638184,1.0,7,1.0,0.6095460704119086,0.9775280898876404
2958,0.07,24,1.0,0.9981884057971014,0.9565217391304348,0.5632843252581273,24,10,1.0,0.5097862887467742,0.9565217391304348,5.0,1.0,0.6184182514890232,1.0,9,1.0,0.5920966290313552,1.0
2959,0.07,29,0.9655172413793104,0.9758991472005932,0.3333333333333333,0.5844187990633392,28,15,0.9333333333333333,0.5408729740913049,0.3333333333333333,7.0,1.0,0.6746011267117892,1.0,7,1.0,0.5875489534978195,1.0
2960,0.07,25,0.96,0.9694050039134112,0.3333333333333333,0.5418392849142256,24,12,0.9166666666666666,0.5940167449634501,0.3333333333333333,7.0,1.0,0.5057947973870215,1.0,6,1.0,0.47953626693084844,0.9775280898876404
2961,0.07,27,0.9629629629629629,0.9716712999198251,0.3333333333333333,0.5935615947075538,26,11,0.9090909090909091,0.5691021192015917,0.3333333333333333,5.0,1.0,0.5656661434343887,1.0,11,1.0,0.6307008207922272,0.9775280898876404
2962,0.07,30,0.9666666666666667,0.9777777777777777,0.3333333333333333,0.601852407031813,29,15,0.9333333333333333,0.6289216924937849,0.3333333333333333,8.0,1.0,0.5077610661929508,1.0,7,1.0,0.6513797562862867,1.0
2963,0.07,28,1.0,0.998447204968944,0.9565217391304348,0.5292877608570768,28,11,1.0,0.5325794032921272,0.9565217391304348,5.0,1.0,0.46353717322092597,1.0,12,1.0,0.5536665001400103,1.0
2964,0.07,32,1.0,0.9979390571568147,0.9565217391304348,0.5596747787130059,32,12,1.0,0.6081397607202743,0.9565217391304348,9.0,1.0,0.5147147881590697,1.0,11,1.0,0.5435893360673879,0.9775280898876404
2965,0.07,30,1.0,0.9985507246376811,0.9565217391304348,0.6036447387049559,30,12,1.0,0.6255040794112252,0.9565217391304348,9.0,1.0,0.5560543089210116,1.0,9,1.0,0.6220893808805417,1.0
2966,0.07,26,0.9615384615384616,0.9688334827838744,0.3333333333333333,0.5390515568537648,25,14,0.9285714285714286,0.5120600815270869,0.3333333333333333,5.0,1.0,0.46956097952181536,1.0,7,1.0,0.6426706341727992,0.9775280898876404
2967,0.07,25,0.96,0.9733333333333333,0.3333333333333333,0.6452644447328051,24,10,0.9,0.630748694259554,0.3333333333333333,8.0,1.0,0.6774047847980251,1.0,7,1.0,0.6292694139057692,1.0
2968,0.07,29,1.0,0.9973884025729071,0.9565217391304348,0.5430465887121246,29,15,1.0,0.5347900670655249,0.9565217391304348,6.0,1.0,0.5268084243388017,1.0,8,1.0,0.5707061900794913,1.0
2969,0.1,30,0.8666666666666667,0.9774269170292218,0.8043478260869565,0.49761199300823,26,14,0.7857142857142857,0.5091481012214255,0.8043478260869565,8.0,1.0,0.4688038758211626,0.9948453608247423,8,0.875,0.5062319208222053,0.8571428571428571
2970,0.07,29,1.0,0.9965453613764471,0.9545454545454546,0.6132865285407947,29,14,1.0,0.6174536665943712,0.9545454545454546,5.0,1.0,0.8051087037423459,1.0,10,1.0,0.5115414476650119,0.9775280898876404
2971,0.07,27,1.0,0.9962894622191469,0.9545454545454546,0.6164560092632333,27,14,1.0,0.5519791426829197,0.9545454545454546,7.0,1.0,0.6918310084484309,1.0,6,1.0,0.678964532234568,0.9775280898876404
2972,0.07,22,1.0,1.0,1.0,0.5910716753059754,22,12,1.0,0.5236279689655856,1.0,3.0,1.0,0.8629610597236498,1.0,7,1.0,0.5901654357104974,1.0
2973,0.07,29,1.0,0.9992251065478497,0.9775280898876404,0.5524948675099539,29,12,1.0,0.56187255016286,1.0,7.0,1.0,0.48278047205037955,1.0,10,1.0,0.5900417251481687,0.9775280898876404
2974,0.07,27,0.9629629629629629,0.9744763490081841,0.3333333333333333,0.5881229294199382,26,12,0.9166666666666666,0.5738816580382862,0.3333333333333333,5.0,1.0,0.5623999720701425,1.0,10,1.0,0.6180739337528183,0.9775280898876404
2975,0.07,27,0.9629629629629629,0.9753086419753086,0.3333333333333333,0.58196478888144,26,13,0.9230769230769231,0.6138561089686042,0.3333333333333333,6.0,1.0,0.5008348839823618,1.0,8,1.0,0.5909888224141069,1.0
2976,0.07,26,1.0,0.9970110534626664,0.9545454545454546,0.6052764315735493,26,14,1.0,0.5788471011367015,0.9545454545454546,6.0,1.0,0.6651027427930465,1.0,6,1.0,0.6071185580400305,1.0
2977,0.07,27,1.0,0.9979729639026486,0.967741935483871,0.5615993362253572,27,10,1.0,0.5153158890618265,0.967741935483871,7.0,1.0,0.6368080044771999,1.0,10,1.0,0.5552367156125981,0.9775280898876404
2978,0.1,28,0.8928571428571429,0.9617975451049985,0.3333333333333333,0.4385073033999895,25,11,0.8181818181818182,0.45002896728881914,0.3333333333333333,6.0,1.0,0.37044549234253094,0.95,11,0.9090909090909091,0.46411026372431935,0.8571428571428571
2979,0.07,22,1.0,0.996912433837868,0.9545454545454546,0.5851926017475026,22,13,1.0,0.5393144768965448,0.9545454545454546,4.0,1.0,0.7659096892017419,1.0,5,1.0,0.5599020563966014,0.9775280898876404
2980,0.1,27,0.8518518518518519,0.9584116300449145,0.3333333333333333,0.4525862197198883,23,16,0.75,0.45463554344508283,0.3333333333333333,6.0,1.0,0.4449353463620332,1.0,5,1.0,0.45520943182869217,0.9775280898876404
2981,0.07,26,1.0,0.9982517482517482,0.9545454545454546,0.597397878161704,26,12,1.0,0.6090931307281197,0.9545454545454546,7.0,1.0,0.546382507946325,1.0,7,1.0,0.6283642439775132,1.0
2982,0.07,26,0.9615384615384616,0.971822429321208,0.3333333333333333,0.5769689204441428,25,13,0.9230769230769231,0.5880086121501693,0.3333333333333333,7.0,1.0,0.6442853123402358,1.0,6,1.0,0.4745137978689775,0.9775280898876404
2983,0.07,24,1.0,0.9990636704119851,0.9775280898876404,0.6332286671476087,24,10,1.0,0.6716842006049004,1.0,4.0,1.0,0.4199887130431205,1.0,10,1.0,0.6800691153321123,0.9775280898876404
2984,0.07,26,0.9615384615384616,0.9713700278216408,0.3333333333333333,0.5511768126517889,25,13,0.9230769230769231,0.5175133809489831,0.3333333333333333,5.0,1.0,0.5700340770426944,1.0,8,1.0,0.5940940989245324,1.0
2985,0.07,31,1.0,0.9978088240139708,0.9545454545454546,0.5102010305357634,31,18,1.0,0.5130419718644972,0.9545454545454546,8.0,1.0,0.4620192789310307,1.0,5,1.0,0.577064444319894,0.9775280898876404
2986,0.07,27,0.9629629629629629,0.9753086419753086,0.3333333333333333,0.5807642661565645,26,11,0.9090909090909091,0.5831752986948241,0.3333333333333333,9.0,1.0,0.5565322723491885,1.0,7,1.0,0.6081309213487828,1.0
2987,0.07,27,1.0,0.9962894622191469,0.9545454545454546,0.555151417062727,27,13,1.0,0.5399824630291797,0.9545454545454546,6.0,1.0,0.5712994762913451,1.0,8,1.0,0.5676899229457777,0.9775280898876404
2988,0.07,25,0.96,0.9733333333333333,0.3333333333333333,0.5754015897633064,24,15,0.9333333333333333,0.5735146686464306,0.3333333333333333,2.0,1.0,0.5301609433511274,1.0,8,1.0,0.5902497284604931,1.0
2989,0.07,31,1.0,0.9968319924032886,0.9565217391304348,0.6157978200528506,31,15,1.0,0.6231745290005418,0.9565217391304348,6.0,1.0,0.6655014880658577,1.0,10,1.0,0.5749105558235093,0.9775280898876404
2990,0.07,29,1.0,0.9973202548285974,0.9545454545454546,0.5827060893276983,29,13,1.0,0.5209337553559419,0.9545454545454546,7.0,1.0,0.6055797432111475,1.0,9,1.0,0.6541421742664415,1.0
2991,0.1,29,0.896551724137931,0.9663382594417078,0.3333333333333333,0.48488294723564923,26,12,0.8333333333333334,0.4842066095659366,0.3333333333333333,5.0,1.0,0.3745199690924322,1.0,12,0.9166666666666666,0.5315438591317022,0.8571428571428571
2992,0.07,23,1.0,0.9937537921324957,0.9545454545454546,0.562982802801965,23,14,1.0,0.5622728340476555,0.9545454545454546,4.0,1.0,0.49938731385249113,1.0,5,1.0,0.6158471064736102,0.9775280898876404
2993,0.07,27,1.0,0.9988052568697731,0.967741935483871,0.6005204094070888,27,12,1.0,0.6220800449514675,0.967741935483871,6.0,1.0,0.5888518817198816,1.0,9,1.0,0.5795532471393887,1.0
2994,0.07,27,0.9629629629629629,0.9741138988450816,0.3333333333333333,0.562436184599577,26,12,0.9166666666666666,0.5330737362282938,0.3333333333333333,9.0,1.0,0.5888302220769664,1.0,6,1.0,0.5815700251260596,1.0
2995,0.07,26,0.9615384615384616,0.971822429321208,0.3333333333333333,0.5746575665649305,25,12,0.9166666666666666,0.5393404443046473,0.3333333333333333,6.0,1.0,0.4688037992235725,1.0,8,1.0,0.7070235754613741,0.9775280898876404
2996,0.07,22,1.0,0.996912433837868,0.9545454545454546,0.5844651181175915,22,13,1.0,0.5663708481945833,0.9545454545454546,3.0,1.0,0.7840294142056976,1.0,6,1.0,0.5238872215733896,0.9775280898876404
2997,0.07,25,1.0,0.9991011235955056,0.9775280898876404,0.6015757788848964,25,10,1.0,0.7098930017967219,1.0,5.0,1.0,0.39781562138483373,1.0,10,1.0,0.5951386347231024,0.9775280898876404
2998,0.07,27,1.0,1.0,1.0,0.6187271734402487,27,10,1.0,0.6483031889021484,1.0,8.0,1.0,0.5319144945022563,1.0,9,1.0,0.6630317597607983,1.0
2999,0.07,25,1.0,1.0,1.0,0.6343466755634775,25,11,1.0,0.6382011681883745,1.0,7.0,1.0,0.5057947973870215,1.0,7,1.0,0.7568414939008091,1.0
3000,0.1,27,0.8888888888888888,0.9858182438827602,0.8571428571428571,0.4762693774473541,24,14,0.8571428571428571,0.4799511859011981,0.8636363636363636,6.0,1.0,0.37160497819492716,1.0,7,0.8571428571428571,0.5586181027560324,0.8571428571428571
3001,0.1,22,0.8181818181818182,0.9725349498112255,0.8043478260869565,0.45432198298659665,18,12,0.75,0.4187625640035635,0.8043478260869565,5.0,1.0,0.4920429276082731,0.9948453608247423,5,0.8,0.5019436439241997,0.8571428571428571
3002,0.1,28,0.8928571428571429,0.9616124425402776,0.3333333333333333,0.4338115651317004,25,12,0.75,0.4084731965794151,0.3333333333333333,10.0,1.0,0.41053648849438557,0.95,6,1.0,0.5232800966317958,1.0
3003,0.07,27,1.0,0.9975574010747434,0.9565217391304348,0.5888348344787817,27,13,1.0,0.587287071438858,0.9565217391304348,7.0,1.0,0.598015100396179,1.0,7,1.0,0.5825289856355281,0.9775280898876404
3004,0.07,25,0.96,0.9703038803179055,0.3333333333333333,0.6236941825550503,24,17,0.9411764705882353,0.6304280729502796,0.3333333333333333,4.0,1.0,0.6600464292097259,1.0,4,1.0,0.5587229017206506,1.0
3005,0.07,27,0.9629629629629629,0.9728660430500521,0.3333333333333333,0.5681173772436203,26,11,0.9090909090909091,0.6032587697103027,0.3333333333333333,6.0,1.0,0.5130028406206973,1.0,10,1.0,0.5625305675040235,0.9775280898876404
3006,0.07,27,0.9629629629629629,0.9753086419753086,0.3333333333333333,0.5645873072123928,26,11,0.9090909090909091,0.5109667410012858,0.3333333333333333,8.0,1.0,0.6345193577518742,1.0,8,1.0,0.5683835352131835,1.0
3007,0.07,21,0.9523809523809523,0.9682539682539681,0.3333333333333333,0.5400037133011428,20,11,0.9090909090909091,0.5371085159493045,0.3333333333333333,6.0,1.0,0.5822107617657096,1.0,4,1.0,0.48465493332184834,1.0
3008,0.07,26,1.0,0.9973874440166575,0.9545454545454546,0.5539426487510609,26,6,1.0,0.4897642735003575,0.9545454545454546,7.0,1.0,0.618931124500569,1.0,13,1.0,0.5485696426939579,0.9775280898876404
3009,0.07,31,1.0,0.9989594172736733,0.967741935483871,0.6067725177231584,31,15,1.0,0.6117490983779955,0.967741935483871,7.0,1.0,0.6040373300245793,1.0,9,1.0,0.6006055848417691,1.0
3010,0.1,31,0.8709677419354839,0.9652515925445238,0.3333333333333333,0.450438754119365,27,13,0.7692307692307693,0.41847541679063566,0.3333333333333333,5.0,1.0,0.38235522215196804,0.9948453608247423,13,0.9230769230769231,0.5085880652817086,0.8571428571428571
3011,0.07,25,0.96,0.9703038803179055,0.3333333333333333,0.5978328439650161,24,12,0.9166666666666666,0.5947944900765304,0.3333333333333333,3.0,1.0,0.5760741757225355,1.0,10,1.0,0.6080064691039435,1.0
3012,0.07,25,0.96,0.9715151515151516,0.3333333333333333,0.5932406727598453,24,14,0.9285714285714286,0.5254931561003257,0.3333333333333333,6.0,1.0,0.7042092169264847,1.0,5,1.0,0.6497714664065323,1.0
3013,0.07,29,0.9655172413793104,0.9751242537484429,0.3333333333333333,0.5690893355029591,28,17,0.9411764705882353,0.5386760326056621,0.3333333333333333,3.0,1.0,0.7040353319139437,1.0,9,1.0,0.581554686616414,0.9775280898876404
3014,0.07,28,0.9642857142857143,0.9753879079721777,0.3333333333333333,0.5902577117141385,27,13,0.9230769230769231,0.5910898890938171,0.3333333333333333,6.0,1.0,0.5052295776910702,1.0,9,1.0,0.6457411004033151,0.9775280898876404
3015,0.07,29,0.9655172413793104,0.9755122438780609,0.3333333333333333,0.6100950874207244,28,15,0.9333333333333333,0.5571171340867541,0.3333333333333333,6.0,1.0,0.6663182428389619,1.0,8,1.0,0.6672613833582408,1.0
3016,0.07,23,1.0,0.9980237154150197,0.9545454545454546,0.5790221045929146,23,12,1.0,0.5545476261168006,0.9545454545454546,6.0,1.0,0.6043384785124382,1.0,5,1.0,0.60738120423216,1.0
3017,0.1,27,0.8888888888888888,0.9788287492121058,0.8333333333333334,0.5253187917629886,24,9,0.7777777777777778,0.545388374548952,0.8333333333333334,9.0,1.0,0.48381144464266274,1.0,9,0.8888888888888888,0.5467565560973513,0.8571428571428571
3018,0.07,29,0.9655172413793104,0.9770114942528735,0.3333333333333333,0.613785015625117,28,16,0.9375,0.5686991377183427,0.3333333333333333,8.0,1.0,0.6422315832128376,1.0,5,1.0,0.7125453167864417,1.0
3019,0.07,28,0.9642857142857143,0.9750384024577573,0.3333333333333333,0.5919179112892856,27,14,0.9285714285714286,0.5848527140356176,0.3333333333333333,6.0,1.0,0.6623034897131256,1.0,8,1.0,0.5514928226653251,1.0
3020,0.07,28,1.0,0.9972245496439045,0.9545454545454546,0.5562547250098135,28,15,1.0,0.5686179771243142,0.9545454545454546,5.0,1.0,0.4814812433128976,1.0,8,1.0,0.5798070533556973,1.0
3021,0.1,22,0.8636363636363636,0.9815128664102272,0.8333333333333334,0.4939449728917466,19,11,0.7272727272727273,0.4917799763744432,0.8333333333333334,6.0,1.0,0.4269337299070432,1.0,5,1.0,0.579121456811458,1.0
3022,0.07,29,1.0,0.9969333515060652,0.9545454545454546,0.5565881403050592,29,17,1.0,0.536873771371016,0.9545454545454546,6.0,1.0,0.4816774849673604,1.0,6,1.0,0.6873561742892133,1.0
3023,0.07,28,1.0,0.9960212601272689,0.9545454545454546,0.5395428790456096,28,11,1.0,0.5791446473053038,0.9545454545454546,7.0,1.0,0.4596083731558995,1.0,10,1.0,0.551935088082743,0.9775280898876404
3024,0.07,29,1.0,0.9984326018808777,0.9545454545454546,0.5864393169908513,29,16,1.0,0.5858863477109639,0.9545454545454546,5.0,1.0,0.5539694118549343,1.0,8,1.0,0.6078389462605742,1.0
3025,0.07,26,0.9615384615384616,0.9734946701238835,0.3333333333333333,0.5273790094835863,25,15,0.9333333333333333,0.5218106032382808,0.3333333333333333,6.0,1.0,0.5005712271172372,1.0,5,1.0,0.5762535670591212,0.9775280898876404
3026,0.07,29,1.0,0.9965453613764471,0.9545454545454546,0.5794265496591788,29,10,1.0,0.5725250597310269,0.9545454545454546,8.0,1.0,0.5692225545719345,1.0,11,1.0,0.5931217187482223,0.9775280898876404
3027,0.07,28,1.0,0.996421981425606,0.9545454545454546,0.5626423257831564,28,16,1.0,0.5666864636911143,0.9545454545454546,5.0,1.0,0.6315553768430294,1.0,7,1.0,0.5041749740936294,0.9775280898876404
3028,0.1,32,0.90625,0.9657677095286668,0.3333333333333333,0.42118553849854523,29,15,0.8,0.33405808358435807,0.3333333333333333,9.0,1.0,0.4549434667098134,0.95,8,1.0,0.5465718472249697,0.9565217391304348
3029,0.07,26,1.0,0.9983277591973244,0.9565217391304348,0.6613118707627426,26,13,1.0,0.6295315022154857,0.9565217391304348,2.0,1.0,0.8437432286023836,1.0,11,1.0,0.665701150347748,1.0
3030,0.1,28,0.8571428571428571,0.9583803877282138,0.3333333333333333,0.47219838130191627,24,18,0.7777777777777778,0.46574708277001076,0.3333333333333333,4.0,1.0,0.2644462196519496,1.0,6,1.0,0.6300537179976106,1.0
3031,0.1,28,0.8928571428571429,0.9623781267295773,0.3333333333333333,0.4216093044104749,25,14,0.7857142857142857,0.3984656826703688,0.3333333333333333,6.0,1.0,0.43283803679428084,1.0,8,1.0,0.4536890931678063,0.9775280898876404
3032,0.07,27,1.0,1.0,1.0,0.5416074770866963,27,14,1.0,0.5441424089686515,1.0,7.0,1.0,0.5272190366652694,1.0,6,1.0,0.5524791498537993,1.0
3033,0.07,28,1.0,0.9980453580489826,0.967741935483871,0.5878804042370815,28,15,1.0,0.569159298392279,0.967741935483871,5.0,1.0,0.6675691580497649,1.0,8,1.0,0.5731770065631594,0.9775280898876404
3034,0.07,30,1.0,0.9974095796676442,0.9545454545454546,0.5700739032889787,30,14,1.0,0.5642601083900383,0.9545454545454546,7.0,1.0,0.5302586063327642,1.0,9,1.0,0.6100850374310525,1.0
3035,0.07,24,0.9583333333333334,0.9708781362007168,0.3333333333333333,0.5625853467120665,23,11,0.9090909090909091,0.6035556263915608,0.3333333333333333,7.0,1.0,0.5240236806512162,1.0,6,1.0,0.5324617777039854,1.0
3036,0.07,29,1.0,0.9976577084287274,0.9545454545454546,0.5816129801502372,29,15,1.0,0.5835760923365224,0.9545454545454546,6.0,1.0,0.5335222583261626,1.0,8,1.0,0.6140001861690088,0.9775280898876404
3037,0.07,26,0.9615384615384616,0.9743589743589743,0.3333333333333333,0.62411403049597,25,15,0.9333333333333333,0.6332334553156301,0.3333333333333333,5.0,1.0,0.816135693377143,1.0,6,1.0,0.44129741604584166,1.0
3038,0.07,29,0.9655172413793104,0.9755122438780609,0.3333333333333333,0.6149352593857965,28,13,0.9230769230769231,0.5537469680125283,0.3333333333333333,8.0,1.0,0.6457311468801767,1.0,8,1.0,0.6835703453729771,1.0
3039,0.07,27,0.9629629629629629,0.9744763490081843,0.3333333333333333,0.5846296489336905,26,11,0.9090909090909091,0.5579356458214472,0.3333333333333333,5.0,1.0,0.5176115315729424,1.0,11,1.0,0.6417864326644559,0.9775280898876404
3040,0.07,26,1.0,0.9973874440166575,0.9545454545454546,0.5787600286796419,26,11,1.0,0.5508732827453406,0.9545454545454546,7.0,1.0,0.5476139947131878,1.0,8,1.0,0.6443570840599536,0.9775280898876404
3041,0.07,28,0.9642857142857143,0.9750384024577573,0.3333333333333333,0.569515131198355,27,14,0.9285714285714286,0.5486876344782857,0.3333333333333333,7.0,1.0,0.5964862811168603,1.0,7,1.0,0.5841989747199875,1.0
3042,0.07,27,1.0,0.9979729639026486,0.967741935483871,0.6326114223580016,27,15,1.0,0.6166881527769872,0.967741935483871,6.0,1.0,0.6550081455615494,1.0,6,1.0,0.6500228731069903,0.9775280898876404
3043,0.07,30,1.0,0.9959603043053253,0.9545454545454546,0.5309187304700234,30,15,1.0,0.5259492467104017,0.9545454545454546,8.0,1.0,0.5490830306557365,1.0,7,1.0,0.5208084240283979,1.0
3044,0.07,20,1.0,1.0,1.0,0.5113497507451221,20,10,1.0,0.4171553005089397,1.0,6.0,1.0,0.6125318097989788,1.0,4,1.0,0.5950627877547929,1.0
3045,0.07,26,1.0,1.0,1.0,0.6050791431672834,26,12,1.0,0.5737059419822238,1.0,5.0,1.0,0.633477750610267,1.0,9,1.0,0.6311330739457055,1.0
3046,0.1,26,0.8846153846153846,0.9619073444061231,0.3333333333333333,0.521399346901701,23,14,0.7857142857142857,0.5056777904824948,0.3333333333333333,6.0,1.0,0.5789489987033468,0.95,6,1.0,0.50053332674487,0.9565217391304348
3047,0.07,26,1.0,0.9983277591973244,0.9565217391304348,0.5592640996666666,26,15,1.0,0.5489984549970309,0.9565217391304348,4.0,1.0,0.4129871729308465,1.0,7,1.0,0.6648487249506401,1.0
3048,0.07,24,1.0,0.9981884057971014,0.9565217391304348,0.6513528398841384,24,10,1.0,0.64409172774415,0.9565217391304348,6.0,1.0,0.6232836756106214,1.0,8,1.0,0.6814811032642617,1.0
3049,0.07,31,1.0,0.9967682412876441,0.9545454545454546,0.6277497451957073,31,11,1.0,0.6096937982755576,0.9545454545454546,7.0,1.0,0.7278445628425533,1.0,13,1.0,0.5891306446259941,0.9775280898876404
3050,0.07,29,1.0,1.0,1.0,0.5842264088830793,29,14,1.0,0.6111460132446715,1.0,8.0,1.0,0.571386988618243,1.0,7,1.0,0.5450608233197081,1.0
3051,0.07,25,0.96,0.9733333333333333,0.3333333333333333,0.5547264023977818,24,8,0.875,0.5665963005453181,0.3333333333333333,10.0,1.0,0.5440348215906994,1.0,7,1.0,0.5564344913821443,1.0
3052,0.07,24,1.0,0.9968443197755961,0.9565217391304348,0.6121990319076093,24,14,1.0,0.5785758042647264,0.9565217391304348,6.0,1.0,0.7212745333875062,1.0,4,1.0,0.5662670764378541,1.0
3053,0.07,24,0.9583333333333334,0.9680478672187625,0.3333333333333333,0.5163653088666512,23,9,0.8888888888888888,0.5311579346762776,0.3333333333333333,8.0,1.0,0.45116402937742195,1.0,7,1.0,0.5718619665276793,0.9775280898876404
3054,0.07,24,1.0,1.0,1.0,0.5883042752308189,24,10,1.0,0.5851687295216187,1.0,8.0,1.0,0.617472654460623,1.0,6,1.0,0.554639012439747,1.0
3055,0.07,29,0.9655172413793104,0.9755122438780609,0.3333333333333333,0.6157219962355934,28,15,0.9333333333333333,0.5889239161676638,0.3333333333333333,6.0,1.0,0.6354539393995903,1.0,8,1.0,0.651169438989964,1.0
3056,0.07,27,0.9629629629629629,0.9753086419753086,0.3333333333333333,0.5581337642833663,26,14,0.9285714285714286,0.6128314283516075,0.3333333333333333,8.0,1.0,0.5031179224827418,1.0,5,1.0,0.4930056517732907,1.0
3057,0.07,25,1.0,1.0,1.0,0.6859369149443567,25,11,1.0,0.720347729429596,1.0,7.0,1.0,0.7408115496599869,1.0,7,1.0,0.5769881431804936,1.0
3058,0.07,25,1.0,0.9951523651663904,0.9545454545454546,0.5891931069464685,25,14,1.0,0.5694184094218409,0.9545454545454546,4.0,1.0,0.5038932499704394,1.0,7,1.0,0.6774852774105976,1.0
3059,0.07,25,0.96,0.9724344569288388,0.3333333333333333,0.5802289900475859,24,7,0.8571428571428571,0.5786887373665556,0.3333333333333333,7.0,1.0,0.5150934300242408,1.0,11,1.0,0.6226590526776429,0.9775280898876404
3060,0.07,25,0.96,0.9733333333333333,0.3333333333333333,0.5809203140713443,24,11,0.9090909090909091,0.5254318798762477,0.3333333333333333,4.0,1.0,0.6398382260469945,1.0,10,1.0,0.6183904268956899,1.0
3061,0.1,29,0.896551724137931,0.963436875082341,0.3333333333333333,0.5102782333393168,26,11,0.8181818181818182,0.5028176985538663,0.3333333333333333,10.0,1.0,0.5579061959662565,0.95,8,0.875,0.4610015153856366,0.8571428571428571
3062,0.07,26,1.0,0.9982517482517482,0.9545454545454546,0.587134034279586,26,16,1.0,0.576176260131019,0.9545454545454546,4.0,1.0,0.4342211115739072,1.0,6,1.0,0.7182967138128843,1.0
3063,0.07,24,1.0,0.9977195843904796,0.967741935483871,0.628888395634016,24,9,1.0,0.6665629521536414,0.967741935483871,6.0,1.0,0.6524614083143242,1.0,9,1.0,0.5754984973275187,0.9775280898876404
3064,0.07,27,0.9629629629629629,0.973625140291807,0.3333333333333333,0.5690388343758269,26,13,0.9230769230769231,0.5408663298748068,0.3333333333333333,8.0,1.0,0.5572239956019864,1.0,6,1.0,0.6458323791598245,1.0
3065,0.07,30,1.0,0.9974095796676442,0.9545454545454546,0.5977876688446079,30,14,1.0,0.5908356401044886,0.9545454545454546,7.0,1.0,0.6220760723847546,1.0,9,1.0,0.5897109552424568,1.0
3066,0.07,29,1.0,0.9985007496251874,0.9565217391304348,0.5622237082191278,29,16,1.0,0.5407185715302797,0.9565217391304348,6.0,1.0,0.5281406605894574,1.0,7,1.0,0.6405923471904978,1.0
3067,0.07,24,1.0,0.9962944664031621,0.9545454545454546,0.605711304405575,24,16,1.0,0.6009482792138812,0.9545454545454546,3.0,1.0,0.6059809592091551,1.0,5,1.0,0.620791192136847,1.0
3068,0.07,23,1.0,1.0,1.0,0.5825674454314401,23,11,1.0,0.6364453437662392,1.0,5.0,1.0,0.5083469990050936,1.0,7,1.0,0.5509167812098602,1.0
3069,0.1,25,0.84,0.9560170367267142,0.3333333333333333,0.47624651885606667,21,15,0.8,0.48928303753319696,0.3333333333333333,5.0,1.0,0.3983980631481071,1.0,5,0.8,0.5149854185326357,0.8571428571428571
3070,0.07,27,1.0,1.0,1.0,0.5790759239753949,27,14,1.0,0.6055181673407898,1.0,7.0,1.0,0.5943827588694253,1.0,6,1.0,0.49951938207977187,1.0
3071,0.07,23,1.0,1.0,1.0,0.6171367829616754,23,9,1.0,0.6129392465032526,1.0,7.0,1.0,0.5357330301875615,1.0,7,1.0,0.7039373683251898,1.0
3072,0.07,29,0.9655172413793104,0.9755122438780609,0.3333333333333333,0.5635841769633742,28,16,0.9375,0.5510544568853695,0.3333333333333333,6.0,1.0,0.5655557328251458,1.0,7,1.0,0.5905336321172944,1.0
3073,0.07,24,1.0,0.9986559139784946,0.967741935483871,0.5945889108010235,24,10,1.0,0.6542247840232417,0.967741935483871,6.0,1.0,0.6449546346840266,1.0,8,1.0,0.48226977636099855,1.0
3074,0.07,26,1.0,0.9991356957649093,0.9775280898876404,0.5727093892755724,26,12,1.0,0.5888185336959763,1.0,5.0,1.0,0.4005989243850109,1.0,9,1.0,0.6468474549875681,0.9775280898876404
3075,0.07,29,1.0,0.9976577084287274,0.9545454545454546,0.5848556177395889,29,12,1.0,0.605005523987948,0.9545454545454546,8.0,1.0,0.6257875119611559,1.0,9,1.0,0.5216051701003842,0.9775280898876404
3076,0.07,23,1.0,0.9966211908708402,0.9545454545454546,0.634901031814524,23,13,1.0,0.5846048621395957,0.9545454545454546,2.0,1.0,0.8190818773552586,1.0,8,1.0,0.6705870961510987,1.0
3077,0.07,30,0.9666666666666667,0.9752532335982546,0.3333333333333333,0.5505008979412982,29,17,0.9411764705882353,0.5484440964635893,0.3333333333333333,6.0,1.0,0.406277538107816,1.0,7,1.0,0.6791160099587193,1.0
3078,0.07,25,1.0,0.9987096774193549,0.967741935483871,0.5740979499164979,25,14,1.0,0.5357926044581406,0.967741935483871,2.0,1.0,0.4944868847190289,1.0,9,1.0,0.6513753906733799,1.0
3079,0.07,29,1.0,0.9988876529477198,0.967741935483871,0.5939179415647046,29,13,1.0,0.6448041325079205,0.967741935483871,10.0,1.0,0.4877442161459996,1.0,6,1.0,0.660620736885579,1.0
3080,0.07,29,0.9655172413793104,0.9751242537484429,0.3333333333333333,0.5791740865540547,28,14,0.9285714285714286,0.6171245720054452,0.3333333333333333,7.0,1.0,0.4887197996224249,1.0,8,1.0,0.5919082380792975,0.9775280898876404
3081,0.07,27,1.0,0.9974842053493739,0.9545454545454546,0.6228211229213768,27,11,1.0,0.6469363462915737,0.9545454545454546,7.0,1.0,0.5653073003567811,1.0,9,1.0,0.6380799341302663,0.9775280898876404
3082,0.07,25,1.0,0.9987096774193549,0.967741935483871,0.6263998329847454,25,11,1.0,0.6253936344524882,0.967741935483871,8.0,1.0,0.678714417033079,1.0,6,1.0,0.5584917515627722,1.0
3083,0.07,25,1.0,0.9987096774193549,0.967741935483871,0.6055966520024848,25,10,1.0,0.5874488826903662,0.967741935483871,5.0,1.0,0.7399458727775939,1.0,10,1.0,0.556569810927049,1.0
3084,0.07,23,1.0,0.9985974754558206,0.967741935483871,0.5618208479715165,23,9,1.0,0.5371661698491786,0.967741935483871,7.0,1.0,0.5608278086273126,1.0,7,1.0,0.5945127591872977,1.0
3085,0.1,31,0.9032258064516129,0.9707510664846772,0.3333333333333333,0.4632314312532487,28,17,0.8235294117647058,0.45527119302299957,0.3333333333333333,7.0,1.0,0.3372979506455908,1.0,7,1.0,0.6084969189915119,1.0
3086,0.07,31,1.0,0.9968319924032886,0.9565217391304348,0.6032097167498819,31,16,1.0,0.6408841742870819,0.9565217391304348,7.0,1.0,0.5027995278831464,1.0,8,1.0,0.6157197169338753,0.9775280898876404
3087,0.07,26,0.9615384615384616,0.9717464183756319,0.3333333333333333,0.5092908021325736,25,13,0.9230769230769231,0.5209973797046915,0.3333333333333333,8.0,1.0,0.46559025829263534,1.0,5,1.0,0.5487745705889682,0.9775280898876404
3088,0.07,27,0.9629629629629629,0.9753086419753086,0.3333333333333333,0.5956617964174414,26,14,0.9285714285714286,0.5616854785530018,0.3333333333333333,7.0,1.0,0.5980876726576484,1.0,6,1.0,0.6721096824875592,1.0
3089,0.07,30,1.0,0.9966605159972323,0.9545454545454546,0.5750961081929664,30,16,1.0,0.5985548879908633,0.9545454545454546,6.0,1.0,0.6021458211859644,1.0,8,1.0,0.5078912638524244,0.9775280898876404
3090,0.1,22,0.8636363636363636,0.9802842085450781,0.8043478260869565,0.47075897831058183,19,11,0.7272727272727273,0.4383199030955018,0.8043478260869565,5.0,1.0,0.4472404354091692,1.0,6,1.0,0.5498294019560723,1.0
3091,0.07,23,1.0,0.998109640831758,0.9565217391304348,0.6453864979267205,23,13,1.0,0.6692878440059793,0.9565217391304348,5.0,1.0,0.4953060965037208,1.0,5,1.0,0.7333233995436472,1.0
3092,0.1,30,0.8666666666666667,0.9607798481711526,0.3333333333333333,0.4660906652047387,26,12,0.75,0.4560739659412892,0.3333333333333333,8.0,1.0,0.4960286915903333,0.95,10,0.9,0.4541602832124023,0.8571428571428571
3093,0.07,32,1.0,1.0,1.0,0.6797657650715656,32,16,1.0,0.6902904670575754,1.0,9.0,1.0,0.7161157286168831,1.0,7,1.0,0.6089736359738496,1.0
3094,0.07,26,1.0,0.9987593052109182,0.967741935483871,0.5282049786074003,26,14,1.0,0.5728413664454364,0.967741935483871,5.0,1.0,0.5716498293582938,1.0,7,1.0,0.40790016668069,1.0
3095,0.07,26,1.0,0.9970110534626664,0.9545454545454546,0.5357365248248898,26,10,1.0,0.48674243187494104,0.9545454545454546,9.0,1.0,0.523300759860688,1.0,7,1.0,0.6217169268502187,1.0
3096,0.07,26,1.0,0.9991356957649093,0.9775280898876404,0.5945049743551937,26,10,1.0,0.639379400541866,1.0,8.0,1.0,0.4870861756398781,1.0,8,1.0,0.6458307403371687,0.9775280898876404
3097,0.07,28,1.0,0.9991974317817015,0.9775280898876404,0.5815706217391785,28,12,1.0,0.6572907270782414,1.0,6.0,1.0,0.5585931755346554,1.0,10,1.0,0.5044929630550169,0.9775280898876404
3098,0.07,21,0.9523809523809523,0.9646474765689351,0.3333333333333333,0.6161601210009637,20,13,0.9230769230769231,0.5621779854971312,0.3333333333333333,2.0,1.0,0.47657307793230125,1.0,6,1.0,0.779650428948822,1.0
3099,0.07,28,0.9642857142857143,0.9750384024577573,0.3333333333333333,0.5836283467775588,27,9,0.8888888888888888,0.5420575714588399,0.3333333333333333,8.0,1.0,0.6369755818043811,1.0,11,1.0,0.57884281020064,1.0
3100,0.07,26,1.0,0.9970110534626664,0.9545454545454546,0.5314500875341491,26,15,1.0,0.542283956492047,0.9545454545454546,6.0,1.0,0.4683339753380893,1.0,5,1.0,0.5746878152957278,1.0
3101,0.07,23,1.0,0.9985974754558206,0.967741935483871,0.5646743854074104,23,14,1.0,0.573735299974561,0.967741935483871,5.0,1.0,0.5462552249425551,1.0,4,1.0,0.5559851350034528,1.0
3102,0.07,28,0.9642857142857143,0.9738351129411217,0.3333333333333333,0.521523380487038,27,13,0.9230769230769231,0.5584596204353907,0.3333333333333333,8.0,1.0,0.3851459017197888,1.0,7,1.0,0.6087874820312394,0.9775280898876404
3103,0.07,30,1.0,0.9970355731225297,0.9545454545454546,0.5479752197194812,30,19,1.0,0.5299535557994615,0.9545454545454546,6.0,1.0,0.4390341539677595,1.0,5,1.0,0.7471868215176221,1.0
3104,0.07,28,1.0,0.9991974317817015,0.9775280898876404,0.5871886825554561,28,15,1.0,0.620668862320233,1.0,7.0,1.0,0.4916989282476331,1.0,6,1.0,0.6148929465026406,0.9775280898876404
3105,0.07,27,0.9629629629629629,0.9728660430500521,0.3333333333333333,0.5603026775400044,26,10,0.9,0.5375231020848775,0.3333333333333333,10.0,1.0,0.5171660532387726,1.0,7,1.0,0.654468677191945,0.9775280898876404
3106,0.1,23,0.8260869565217391,0.9557688688123471,0.3333333333333333,0.4852774928296119,19,14,0.7857142857142857,0.5418679234296431,0.3333333333333333,3.0,1.0,0.31209010489582434,1.0,6,0.8333333333333334,0.4398268487297663,0.8571428571428571
3107,0.07,26,0.9615384615384616,0.9743589743589743,0.3333333333333333,0.6190575411001085,25,10,0.9,0.614686265465686,0.3333333333333333,9.0,1.0,0.6293139053339524,1.0,7,1.0,0.6121154665629123,1.0
3108,0.07,24,1.0,0.9986559139784946,0.967741935483871,0.621831149808686,24,13,1.0,0.5830151911760248,0.967741935483871,4.0,1.0,0.7296794868379718,1.0,7,1.0,0.6322903089668934,1.0
3109,0.1,26,0.8461538461538461,0.9563613922309575,0.3333333333333333,0.463081592077752,22,14,0.7142857142857143,0.4555380275421914,0.3333333333333333,4.0,1.0,0.39697586984744887,1.0,8,1.0,0.5093356911301345,0.9565217391304348
3110,0.07,27,1.0,0.9983164983164983,0.9545454545454546,0.5422611369202669,27,12,1.0,0.5577013225013961,0.9545454545454546,7.0,1.0,0.4923040578698596,1.0,8,1.0,0.5628133027176796,1.0
3111,0.07,23,1.0,0.9957300767174759,0.9565217391304348,0.6747767980124644,23,7,1.0,0.6319893916607866,0.9565217391304348,8.0,1.0,0.6854784644475365,1.0,8,1.0,0.7015141121351105,0.9775280898876404
3112,0.07,26,1.0,0.9973874440166575,0.9545454545454546,0.6010236797628644,26,12,1.0,0.6113441733365619,0.9545454545454546,4.0,1.0,0.5387948978417534,1.0,10,1.0,0.6135306002428721,0.9775280898876404
3113,0.07,24,0.9583333333333334,0.9708781362007168,0.3333333333333333,0.5229044378707369,23,12,0.9166666666666666,0.4906288217994769,0.3333333333333333,5.0,1.0,0.5207684873778909,1.0,7,1.0,0.57975974434493,1.0
3114,0.07,28,1.0,1.0,1.0,0.5702852219931741,28,13,1.0,0.5867668865776301,1.0,5.0,1.0,0.6222343762798429,1.0,10,1.0,0.5228844808900468,1.0
3115,0.07,24,1.0,0.9981060606060606,0.9545454545454546,0.5635665274580332,24,11,1.0,0.5921089860719108,0.9545454545454546,2.0,1.0,0.3094674361630412,1.0,11,1.0,0.5812239036250629,1.0
3116,0.1,29,0.8620689655172413,0.96414524388178,0.3333333333333333,0.4289018448068016,25,10,0.7,0.39844121421371065,0.3333333333333333,10.0,1.0,0.44334828447749375,1.0,9,0.8888888888888888,0.44669539027613375,0.8571428571428571
3117,0.07,30,1.0,0.9977357848144365,0.9545454545454546,0.5901952119636434,30,15,1.0,0.6651492040335006,0.9545454545454546,6.0,1.0,0.3365649625850473,1.0,9,1.0,0.6343587247662793,0.9775280898876404
3118,0.07,24,1.0,0.9958256449965402,0.9545454545454546,0.6068378697010933,24,11,1.0,0.5522626264247905,0.9545454545454546,7.0,1.0,0.6827559164239528,1.0,6,1.0,0.6183214278643122,0.9775280898876404
3119,0.1,26,0.8461538461538461,0.9765822069468633,0.8043478260869565,0.4400697903566355,22,16,0.8125,0.47208529070015626,0.8043478260869565,3.0,1.0,0.489702853406693,1.0,7,0.8571428571428571,0.34562019112142073,0.8571428571428571
3120,0.07,24,1.0,1.0,1.0,0.601853315172634,24,12,1.0,0.628544607628463,1.0,8.0,1.0,0.5973654381156089,1.0,4,1.0,0.530755191919197,1.0
3121,0.07,25,1.0,0.9978108010148605,0.967741935483871,0.6411922808177672,25,13,1.0,0.6282945625840685,0.967741935483871,4.0,1.0,0.5896656219276568,1.0,8,1.0,0.6879144023925827,0.9775280898876404
3122,0.07,26,1.0,0.9983277591973244,0.9565217391304348,0.6217195692531051,26,12,1.0,0.6590358054561161,0.9565217391304348,5.0,1.0,0.6312569426176171,1.0,9,1.0,0.5666660468910285,1.0
3123,0.07,31,0.967741935483871,0.9738603403993785,0.3333333333333333,0.5679104056623042,30,17,0.9411764705882353,0.5409671339910688,0.3333333333333333,7.0,1.0,0.5812300573338326,1.0,7,1.0,0.6200244137637764,0.9775280898876404
3124,0.07,29,0.9655172413793104,0.9736250033736303,0.3333333333333333,0.49694559916755054,28,12,0.9166666666666666,0.5328606158202908,0.3333333333333333,7.0,1.0,0.3902436234565881,1.0,10,1.0,0.528538962181936,0.9775280898876404
3125,0.07,31,0.967741935483871,0.97702834799609,0.3333333333333333,0.5996813908822631,30,14,0.9285714285714286,0.5868949622202139,0.3333333333333333,8.0,1.0,0.4897995143108358,1.0,9,1.0,0.7172441701978306,1.0
3126,0.07,23,0.9565217391304348,0.9680611685985404,0.3333333333333333,0.5361874112730255,22,10,0.9,0.4289549627622005,0.3333333333333333,7.0,1.0,0.577988878479644,1.0,6,1.0,0.6661397803833452,0.9775280898876404
3127,0.07,31,0.967741935483871,0.9777697233297087,0.3333333333333333,0.5369599957720076,30,11,0.9090909090909091,0.5417261972974617,0.3333333333333333,11.0,1.0,0.5376059607624056,1.0,9,1.0,0.5303451255859658,0.9775280898876404
3128,0.1,24,0.875,0.9547460341402195,0.3333333333333333,0.3959674119873941,21,13,0.7692307692307693,0.31430886347077425,0.3333333333333333,4.0,1.0,0.5460335301038931,0.95,7,1.0,0.46186693459454575,1.0
3129,0.07,34,0.9705882352941176,0.9775036793480965,0.3333333333333333,0.5426028377584605,33,14,0.9285714285714286,0.5728968157878794,0.3333333333333333,10.0,1.0,0.49926303243964093,1.0,10,1.0,0.5435310738360937,0.9775280898876404
3130,0.07,25,1.0,0.9991011235955056,0.9775280898876404,0.5349964418308341,25,14,1.0,0.49300009455036375,1.0,6.0,1.0,0.5734293883792138,1.0,5,1.0,0.6064666783580952,0.9775280898876404
3131,0.07,24,1.0,0.9959079901875811,0.9565217391304348,0.5744256851424732,24,12,1.0,0.5738349949172892,0.9565217391304348,5.0,1.0,0.6005684131409342,1.0,7,1.0,0.5567649198153164,0.9775280898876404
3132,0.07,27,1.0,0.9975574010747434,0.9565217391304348,0.6099765815259649,27,10,1.0,0.632775115335143,0.9565217391304348,9.0,1.0,0.5942823050179658,1.0,8,1.0,0.5991344753359913,0.9775280898876404
3133,0.07,24,0.9583333333333334,0.9712858926342073,0.3333333333333333,0.566881731921374,23,11,0.9090909090909091,0.6121536442288886,0.3333333333333333,4.0,1.0,0.51897767126684,1.0,9,1.0,0.532840088280871,0.9775280898876404
3134,0.03,25,1.0,1.0,1.0,0.8241395855319144,25,11,1.0,0.8274791645151471,1.0,6.0,1.0,0.8087317616710878,1.0,8,1.0,0.8311035323255891,1.0
3135,0.03,29,1.0,1.0,1.0,0.8900810856576648,29,14,1.0,0.8987330688421442,1.0,5.0,1.0,0.8509935555692746,1.0,10,1.0,0.8975120742435884,1.0
3136,0.07,27,0.9629629629629629,0.9753086419753086,0.3333333333333333,0.5926391186843837,26,13,0.9230769230769231,0.5406125766220513,0.3333333333333333,7.0,1.0,0.5819408504454705,1.0,7,1.0,0.6999581078961995,1.0
3137,0.07,27,1.0,0.998389694041868,0.9565217391304348,0.5930399178603385,27,14,1.0,0.5915944730172423,0.9565217391304348,5.0,1.0,0.6117568857395814,1.0,8,1.0,0.5838713414112295,1.0
3138,0.07,28,0.9642857142857143,0.9746376811594202,0.3333333333333333,0.6178992201694163,27,15,0.9333333333333333,0.5818200034004575,0.3333333333333333,5.0,1.0,0.5754213333795211,1.0,8,1.0,0.7120964308548987,1.0
3139,0.07,26,1.0,0.9991356957649093,0.9775280898876404,0.6371655563058455,26,12,1.0,0.6183199690837932,1.0,8.0,1.0,0.6341678980996647,1.0,6,1.0,0.6788536083581912,0.9775280898876404
3140,0.07,29,0.9655172413793104,0.9746692026816011,0.3333333333333333,0.5425073207655007,28,12,0.9166666666666666,0.49963324583021523,0.3333333333333333,8.0,1.0,0.6209438172076956,1.0,9,1.0,0.5299514238417085,0.9775280898876404
3141,0.1,30,0.8666666666666667,0.9610763749423544,0.3333333333333333,0.4699995513470412,26,13,0.7692307692307693,0.4446240776514096,0.3333333333333333,5.0,1.0,0.4537850478946862,0.9948453608247423,12,0.9166666666666666,0.5042456909557899,0.8571428571428571
3142,0.1,28,0.8571428571428571,0.954470971772733,0.3333333333333333,0.4518525213226578,24,13,0.7692307692307693,0.4461536244187225,0.3333333333333333,6.0,1.0,0.5676958091353029,0.95,9,0.8888888888888888,0.3828554027532453,0.8571428571428571
3143,0.07,24,0.9583333333333334,0.9704106280193235,0.3333333333333333,0.5924366357816689,23,11,0.9090909090909091,0.5826548212121373,0.3333333333333333,6.0,1.0,0.5201531988567493,1.0,7,1.0,0.6697652903265784,1.0
3144,0.07,21,1.0,0.9979296066252588,0.9565217391304348,0.5278174410478962,21,10,1.0,0.5777239681440878,0.9565217391304348,8.0,1.0,0.48001945449718564,1.0,3,1.0,0.48892364819581885,1.0
3145,0.07,23,0.9565217391304348,0.9686349286393411,0.3333333333333333,0.5293134724071716,22,12,0.9166666666666666,0.460132259523868,0.3333333333333333,6.0,1.0,0.5813478306271344,1.0,5,1.0,0.6329071534631446,0.9775280898876404
3146,0.07,25,1.0,0.9982608695652173,0.9565217391304348,0.5201593447451978,25,9,1.0,0.5617329951430685,0.9565217391304348,7.0,1.0,0.4280108029762885,1.0,9,1.0,0.5502567823898118,1.0
3147,0.1,26,0.8461538461538461,0.9579775785198354,0.3333333333333333,0.42411831722912824,22,12,0.6666666666666666,0.4516343293501741,0.3333333333333333,8.0,1.0,0.3415024282711658,1.0,6,1.0,0.479240811597653,0.9775280898876404
3148,0.07,20,0.95,0.9655430711610486,0.3333333333333333,0.6079184947935306,19,10,0.9,0.6037569076264053,0.3333333333333333,2.0,1.0,0.5021086937156934,1.0,8,1.0,0.6395729290218963,0.9775280898876404
3149,0.07,25,1.0,1.0,1.0,0.5949053321402171,25,11,1.0,0.6035176281196761,1.0,7.0,1.0,0.53053645903033,1.0,7,1.0,0.6457405972823829,1.0
3150,0.07,27,1.0,0.9955114492281392,0.9545454545454546,0.6329861380193997,27,14,1.0,0.6273947982461211,0.9545454545454546,6.0,1.0,0.720730140677722,1.0,7,1.0,0.5689596724302523,1.0
3151,0.07,27,0.9629629629629629,0.9720148343336749,0.3333333333333333,0.5371621708308845,26,17,0.9411764705882353,0.5465469785628333,0.3333333333333333,6.0,1.0,0.45791031226948925,1.0,4,1.0,0.6161545258121949,1.0
3152,0.03,27,1.0,1.0,1.0,0.8613154199717575,27,15,1.0,0.821900791032073,1.0,5.0,1.0,0.8840655401898575,1.0,7,1.0,0.9295252532581525,1.0
3153,0.07,29,1.0,0.9984326018808777,0.9545454545454546,0.5920742706556406,29,14,1.0,0.5109279732266584,0.9545454545454546,6.0,1.0,0.6634538296004207,1.0,9,1.0,0.6707154718042044,1.0
3154,0.07,22,0.9545454545454546,0.9682306940371457,0.3333333333333333,0.5209484920602411,21,10,0.9,0.5689326585077682,0.3333333333333333,8.0,1.0,0.452306554640751,1.0,4,1.0,0.5382719507804037,1.0
3155,0.07,25,1.0,1.0,1.0,0.6447551788426074,25,10,1.0,0.6697938882406744,1.0,9.0,1.0,0.6457513866807653,1.0,6,1.0,0.6015296847552584,1.0
3156,0.07,22,1.0,0.9975122738805233,0.967741935483871,0.6162605893044881,22,10,1.0,0.5136424738876713,0.967741935483871,6.0,1.0,0.7113960951647148,1.0,6,1.0,0.6921552758056225,0.9775280898876404
3157,0.07,27,0.9629629629629629,0.9725035928869495,0.3333333333333333,0.5701911674270703,26,14,0.9285714285714286,0.5630193420241905,0.3333333333333333,7.0,1.0,0.5378363790780771,1.0,6,1.0,0.624672679774282,1.0
3158,0.07,33,1.0,0.9980015099702448,0.9565217391304348,0.5729429868205524,33,16,1.0,0.5453221824341179,0.9565217391304348,7.0,1.0,0.6011570809719985,1.0,10,1.0,0.5973864079328357,0.9775280898876404
3159,0.07,29,0.9655172413793104,0.9743998968257807,0.3333333333333333,0.6180807480281107,28,13,0.9230769230769231,0.565466864557412,0.3333333333333333,8.0,1.0,0.574888986348654,1.0,8,1.0,0.7467700703474528,1.0
3160,0.07,25,0.96,0.9715942028985506,0.3333333333333333,0.5603319119754675,24,14,0.9285714285714286,0.4957730578116615,0.3333333333333333,6.0,1.0,0.5946850024933461,1.0,5,1.0,0.6998729950126696,1.0
3161,0.1,28,0.8571428571428571,0.9778531768438601,0.8043478260869565,0.4434019181585329,24,19,0.7894736842105263,0.42049973363703935,0.8043478260869565,3.0,1.0,0.5175791618017791,0.95,6,1.0,0.47883688065497293,1.0
3162,0.1,27,0.8148148148148148,0.951491888541912,0.3333333333333333,0.37132469731601453,22,15,0.7333333333333333,0.3926027641139339,0.3333333333333333,5.0,1.0,0.23795080921694986,1.0,7,0.8571428571428571,0.4209959028198047,0.8571428571428571
3163,0.07,22,1.0,0.9949361492528879,0.9545454545454546,0.5477325497446505,22,10,1.0,0.5109269711481237,0.9545454545454546,7.0,1.0,0.5315505721253555,1.0,5,1.0,0.6439984756047171,0.9775280898876404
3164,0.1,27,0.8888888888888888,0.9638064565600798,0.3333333333333333,0.41675320954036094,24,14,0.7857142857142857,0.46521607310621127,0.3333333333333333,7.0,1.0,0.36235058082023225,1.0,6,1.0,0.3671429280601939,0.9565217391304348
3165,0.07,26,1.0,0.9983277591973244,0.9565217391304348,0.6027139376369445,26,11,1.0,0.7004348460415428,0.9565217391304348,5.0,1.0,0.48940449457273594,1.0,10,1.0,0.5518756599239908,1.0
3166,0.07,23,0.9565217391304348,0.9686349286393411,0.3333333333333333,0.541071817413794,22,11,0.9090909090909091,0.49881833383721125,0.3333333333333333,5.0,1.0,0.5595458007958791,1.0,7,1.0,0.5942744463326488,0.9775280898876404
3167,0.07,29,1.0,0.9984326018808777,0.9545454545454546,0.6345594008603006,29,15,1.0,0.60698023749005,0.9545454545454546,3.0,1.0,0.6124334346561473,1.0,11,1.0,0.678201705329957,1.0
3168,0.07,29,0.9655172413793104,0.9747373504259106,0.3333333333333333,0.6169994892059695,28,12,0.9166666666666666,0.6381914672725338,0.3333333333333333,6.0,1.0,0.4528305457112413,1.0,11,1.0,0.6834276641304783,0.9775280898876404
3169,0.07,24,0.9583333333333334,0.9694742984313086,0.3333333333333333,0.5427117395334897,23,11,0.9090909090909091,0.5630350832721595,0.3333333333333333,6.0,1.0,0.5475533875784331,1.0,7,1.0,0.5066250724770571,0.9775280898876404
3170,0.07,28,1.0,0.9991974317817015,0.9775280898876404,0.6188000853535974,28,9,1.0,0.6435735112632592,1.0,10.0,1.0,0.589613638185762,1.0,9,1.0,0.626456045185975,0.9775280898876404
3171,0.07,29,1.0,1.0,1.0,0.6372426492310379,29,16,1.0,0.7074724447747923,1.0,6.0,1.0,0.43224137924533795,1.0,7,1.0,0.6524327765473428,1.0
3172,0.07,25,1.0,1.0,1.0,0.6534847435115776,25,12,1.0,0.7164540954614106,1.0,4.0,1.0,0.6152787007249261,1.0,9,1.0,0.5865060710392013,1.0
3173,0.07,25,1.0,0.9981818181818182,0.9545454545454546,0.6125772861437199,25,14,1.0,0.5940673919163223,0.9545454545454546,3.0,1.0,0.5377640372958706,1.0,8,1.0,0.6730245693596091,1.0
3174,0.07,29,0.9655172413793104,0.9762366008007232,0.3333333333333333,0.5206665926749574,28,10,0.9,0.45821468155861955,0.3333333333333333,8.0,1.0,0.5353745271985084,1.0,11,1.0,0.566744377672682,0.9775280898876404
3175,0.07,30,0.9666666666666667,0.9767025089605734,0.3333333333333333,0.53579025712656,29,15,0.9333333333333333,0.5332315420833122,0.3333333333333333,8.0,1.0,0.5411068154327732,1.0,7,1.0,0.5351971512978473,1.0
3176,0.07,23,0.9565217391304348,0.9691241335853811,0.3333333333333333,0.5298244942474084,22,13,0.9230769230769231,0.556032140455741,0.3333333333333333,7.0,1.0,0.40552712827679777,1.0,3,1.0,0.7062852146093919,1.0
3177,0.1,27,0.8518518518518519,0.9536014130629111,0.3333333333333333,0.435577353701166,23,16,0.75,0.3815872654901141,0.3333333333333333,5.0,1.0,0.4812351796504616,0.95,6,1.0,0.5415027339728916,1.0
3178,0.07,29,1.0,0.9973202548285974,0.9545454545454546,0.5606448230709307,29,15,1.0,0.5479365475367687,0.9545454545454546,4.0,1.0,0.6533154467088368,1.0,10,1.0,0.5426389869170111,1.0
3179,0.07,23,1.0,0.9951563166766751,0.9545454545454546,0.5184871882936709,23,13,1.0,0.517910972892422,0.9545454545454546,3.0,1.0,0.44660059523862716,1.0,7,1.0,0.5503658424910091,0.9775280898876404
3180,0.1,26,0.8461538461538461,0.9723397627273805,0.8043478260869565,0.4589897557004615,22,10,0.7,0.41123588769561203,0.8043478260869565,7.0,1.0,0.45920346592070543,0.9948453608247423,9,0.8888888888888888,0.5118833899789935,0.8571428571428571
3181,0.07,26,1.0,0.9983277591973244,0.9565217391304348,0.5806568835902037,26,17,1.0,0.5390537247589545,0.9565217391304348,2.0,1.0,0.5125151826590676,1.0,7,1.0,0.7011621838749907,1.0
3182,0.1,27,0.8148148148148148,0.9705471757131411,0.8043478260869565,0.446270870743541,22,15,0.7333333333333333,0.4539917742343195,0.8043478260869565,5.0,1.0,0.44192796409324925,0.95,7,0.8571428571428571,0.43282815372779526,0.8571428571428571
3183,0.07,32,0.96875,0.9767999064983637,0.3333333333333333,0.5757214354971321,31,16,0.9375,0.5220560322837687,0.3333333333333333,8.0,1.0,0.5726941009969667,1.0,8,1.0,0.686079576424024,1.0
3184,0.07,32,0.96875,0.9774563549595263,0.3333333333333333,0.563586236938946,31,16,0.9375,0.6320548680165571,0.3333333333333333,7.0,1.0,0.4702918356281466,1.0,9,1.0,0.514426538264926,0.9775280898876404
3185,0.07,26,1.0,0.9982517482517482,0.9545454545454546,0.6164533799981816,26,13,1.0,0.6157517071661671,0.9545454545454546,7.0,1.0,0.5927991715477815,1.0,6,1.0,0.64557024765968,1.0
3186,0.1,32,0.84375,0.958004146944174,0.3333333333333333,0.48227304456302245,27,15,0.7333333333333333,0.4214086953456891,0.3333333333333333,7.0,1.0,0.5050458035482381,0.95,10,0.9,0.5576286370993714,0.8571428571428571
3187,0.07,24,1.0,0.9968443197755961,0.9565217391304348,0.6326824477549041,24,13,1.0,0.6472985996530927,0.9565217391304348,6.0,1.0,0.5259305697734645,1.0,5,1.0,0.7227827063973415,1.0
3188,0.07,30,1.0,0.9974754558204768,0.9565217391304348,0.5807795608482617,30,12,1.0,0.5759991864741254,0.9565217391304348,10.0,1.0,0.5483646025640189,1.0,8,1.0,0.6284688202647698,1.0
3189,0.07,28,1.0,1.0,1.0,0.554900175997986,28,9,1.0,0.5586774052700341,1.0,6.0,1.0,0.5563513961237193,1.0,13,1.0,0.5516153772131529,1.0
3190,0.07,29,1.0,0.9988876529477198,0.967741935483871,0.5846641383699794,29,11,1.0,0.5767121765257971,0.967741935483871,7.0,1.0,0.5896584095804908,1.0,11,1.0,0.5894379276256545,1.0
3191,0.07,28,1.0,0.998447204968944,0.9565217391304348,0.5629810135966943,28,11,1.0,0.5858876997044256,0.9565217391304348,7.0,1.0,0.6063384296808331,1.0,10,1.0,0.5074334676192924,1.0
3192,0.07,24,1.0,0.9962944664031621,0.9545454545454546,0.5592608271052115,24,11,1.0,0.49160500296954057,0.9545454545454546,6.0,1.0,0.6604618805541037,1.0,7,1.0,0.5788333620765013,1.0
3193,0.1,33,0.8787878787878788,0.9649827661257514,0.3333333333333333,0.5035057188986829,29,16,0.75,0.44572548121454153,0.3333333333333333,8.0,1.0,0.5348910013280264,0.9948453608247423,9,1.0,0.5783281126221844,1.0
3194,0.07,27,1.0,0.998389694041868,0.9565217391304348,0.5814925845196077,27,16,1.0,0.5470754538571825,0.9565217391304348,6.0,1.0,0.5572800570614268,1.0,5,1.0,0.7206824355891852,1.0
3195,0.07,30,1.0,0.9959603043053255,0.9545454545454546,0.5621485419437857,30,12,1.0,0.564809098781043,0.9545454545454546,7.0,1.0,0.4965298405532379,1.0,11,1.0,0.6010034717334899,1.0
3196,0.07,26,1.0,1.0,1.0,0.628769486291139,26,12,1.0,0.6908220254169485,1.0,5.0,1.0,0.5076721022293884,1.0,9,1.0,0.6133090919354767,1.0
3197,0.07,28,1.0,1.0,1.0,0.5806758676133121,28,10,1.0,0.7111964358965888,1.0,10.0,1.0,0.49845842166650584,1.0,8,1.0,0.5202969646927241,1.0
3198,0.07,28,1.0,0.9972245496439045,0.9545454545454546,0.5716022321911097,28,14,1.0,0.607747991327474,0.9545454545454546,4.0,1.0,0.4109777131587747,1.0,10,1.0,0.5852479770131337,1.0
3199,0.07,28,1.0,0.9968238283455675,0.9545454545454546,0.608958794686732,28,16,1.0,0.6065953620461009,0.9545454545454546,4.0,1.0,0.5411086767123069,1.0,8,1.0,0.6476107189552073,1.0
3200,0.07,28,1.0,0.9991974317817015,0.9775280898876404,0.5559573635507685,28,9,1.0,0.4872470682121409,1.0,8.0,1.0,0.5526012250320144,1.0,11,1.0,0.6146157059323759,0.9775280898876404
3201,0.07,32,1.0,0.9975714809384164,0.9545454545454546,0.5643171384655437,32,19,1.0,0.5446580605069018,0.9545454545454546,4.0,1.0,0.6172316086574681,1.0,9,1.0,0.5823020940707102,1.0
3202,0.07,28,0.9642857142857143,0.9761904761904762,0.3333333333333333,0.6051336350589118,27,11,0.9090909090909091,0.6067242847083647,0.3333333333333333,6.0,1.0,0.6355658923109536,1.0,11,1.0,0.586943572362891,1.0
3203,0.07,29,1.0,0.9973202548285974,0.9545454545454546,0.5489008403740061,29,17,1.0,0.5353665760195553,0.9545454545454546,9.0,1.0,0.5164888038377051,1.0,3,1.0,0.7228311146581299,1.0
3204,0.07,26,1.0,0.9961467492275756,0.9545454545454546,0.5964490308760866,26,12,1.0,0.5818653047635384,0.9545454545454546,8.0,1.0,0.5859635103912288,1.0,6,1.0,0.6395971770809934,0.9775280898876404
3205,0.07,27,1.0,0.9975574010747434,0.9565217391304348,0.5683645036049905,27,14,1.0,0.5448916186372335,0.9565217391304348,7.0,1.0,0.6023580533710735,1.0,6,1.0,0.5834754271359933,0.9775280898876404
3206,0.07,26,0.9615384615384616,0.9713700278216406,0.3333333333333333,0.6168142792651378,25,14,0.9285714285714286,0.5662947203175225,0.3333333333333333,6.0,1.0,0.7270184842360042,1.0,6,1.0,0.6244890451720403,1.0
3207,0.07,27,0.9629629629629629,0.9744763490081843,0.3333333333333333,0.6014197267969644,26,15,0.9333333333333333,0.631228267588198,0.3333333333333333,5.0,1.0,0.42861902641114813,1.0,7,1.0,0.6609733539484755,0.9775280898876404
3208,0.1,24,0.8333333333333334,0.9720798826777087,0.8043478260869565,0.4787440492978367,20,11,0.7272727272727273,0.548346825132451,0.8043478260869565,6.0,1.0,0.44506639644857277,0.95,7,0.8571428571428571,0.3982348182856689,0.8571428571428571
3209,0.07,26,0.9615384615384616,0.9714460387672168,0.3333333333333333,0.5206514867661369,25,14,0.9285714285714286,0.5223152051459815,0.3333333333333333,7.0,1.0,0.4393245699156679,1.0,5,1.0,0.6298507588932294,1.0
3210,0.07,27,0.9629629629629629,0.9753086419753086,0.3333333333333333,0.5619314957019169,26,15,0.9333333333333333,0.5324718980623256,0.3333333333333333,5.0,1.0,0.5927461214744114,1.0,7,1.0,0.6030487579492593,1.0
3211,0.07,27,1.0,0.9988052568697731,0.967741935483871,0.6056862316500558,27,11,1.0,0.6011862712806052,0.967741935483871,8.0,1.0,0.6037355430631217,1.0,8,1.0,0.6138243657449846,1.0
3212,0.07,28,1.0,0.9980453580489826,0.967741935483871,0.6614410832681193,28,15,1.0,0.6653253258416552,0.967741935483871,8.0,1.0,0.6065887702693302,1.0,5,1.0,0.7375520563455742,0.9775280898876404
3213,0.07,26,0.9615384615384616,0.97050572358655,0.3333333333333333,0.5667376331850478,25,12,0.9166666666666666,0.5177354910732557,0.3333333333333333,5.0,1.0,0.5010176296576803,1.0,9,1.0,0.6685849357381972,0.9775280898876404
3214,0.07,32,1.0,0.9972208498023716,0.9545454545454546,0.573898626112199,32,14,1.0,0.5623359518176639,0.9545454545454546,8.0,1.0,0.5653164944984767,1.0,10,1.0,0.5969520754155261,1.0
3215,0.07,30,1.0,0.9984848484848484,0.9545454545454546,0.5894862015062583,30,16,1.0,0.6170691294772132,0.9545454545454546,5.0,1.0,0.6350505001827216,1.0,9,1.0,0.5151363858487483,1.0
3216,0.07,25,1.0,0.9964426877470356,0.9545454545454546,0.48791017238318446,25,14,1.0,0.5056731798124174,0.9545454545454546,8.0,1.0,0.5053364712066069,1.0,3,1.0,0.35854600751763765,1.0
3217,0.07,21,1.0,0.9968595156675274,0.9565217391304348,0.5690135079941219,21,11,1.0,0.5469147696514212,0.9565217391304348,4.0,1.0,0.40653822398998757,1.0,6,1.0,0.7178447176251628,0.9775280898876404
3218,0.07,28,0.9642857142857143,0.9761904761904762,0.3333333333333333,0.5383159855797569,27,16,0.9375,0.48398642247040197,0.3333333333333333,6.0,1.0,0.5098877822763318,1.0,6,1.0,0.7116230238414617,1.0
3219,0.07,27,0.9629629629629629,0.9711825413665504,0.3333333333333333,0.5867963488060381,26,13,0.9230769230769231,0.5756594124510876,0.3333333333333333,7.0,1.0,0.6211828236203039,1.0,7,1.0,0.5730927557938232,0.9775280898876404
3220,0.07,26,1.0,0.9991356957649093,0.9775280898876404,0.5940048943245068,26,9,1.0,0.6126374876473825,1.0,8.0,1.0,0.5517498716612836,1.0,9,1.0,0.612932321146718,0.9775280898876404
3221,0.07,27,1.0,0.9991677070328756,0.9775280898876404,0.6290043306765866,27,12,1.0,0.6308374613073814,1.0,5.0,1.0,0.6080023396814185,1.0,10,1.0,0.6373055694172169,0.9775280898876404
3222,0.1,29,0.8620689655172413,0.958831298636396,0.3333333333333333,0.4650514863002172,25,10,0.6,0.41796438190205165,0.3333333333333333,9.0,1.0,0.4978845860868396,0.95,10,1.0,0.48258880089042255,0.9565217391304348
3223,0.07,26,1.0,0.9978950009758274,0.967741935483871,0.582622672924082,26,12,1.0,0.5416406495200496,0.967741935483871,4.0,1.0,0.578188108999153,1.0,10,1.0,0.6335749265788921,0.9775280898876404
3224,0.1,25,0.88,0.9571715169702467,0.3333333333333333,0.5173388980259535,22,14,0.7857142857142857,0.5267467031211569,0.3333333333333333,4.0,1.0,0.6273086466135408,0.95,7,1.0,0.43568343149978217,0.9565217391304348
3225,0.1,29,0.8620689655172413,0.9611987084513708,0.3333333333333333,0.4435925337013506,25,16,0.8125,0.3876390697399221,0.3333333333333333,4.0,1.0,0.6231391273744631,0.9948453608247423,9,0.8888888888888888,0.46326687244472925,0.8571428571428571
3226,0.07,23,1.0,0.9985974754558206,0.967741935483871,0.5558994669054546,23,12,1.0,0.5501106178777752,0.967741935483871,6.0,1.0,0.48403925666377573,1.0,5,1.0,0.6560249568618994,1.0
3227,0.07,29,1.0,0.9985007496251874,0.9565217391304348,0.6228210079693263,29,15,1.0,0.5911530505785751,0.9565217391304348,6.0,1.0,0.6426615698993656,1.0,8,1.0,0.6673180066294548,1.0
3228,0.07,30,1.0,0.9984848484848484,0.9545454545454546,0.5547674352897078,30,16,1.0,0.6046196948269407,0.9545454545454546,7.0,1.0,0.46906234535377894,1.0,7,1.0,0.5265245034262477,1.0
3229,0.07,23,1.0,0.9970466758449171,0.9545454545454546,0.6153171223701456,23,16,1.0,0.5822954615817766,0.9545454545454546,3.0,1.0,0.6218963415193098,1.0,4,1.0,0.7424693511617484,0.9775280898876404
3230,0.1,32,0.90625,0.98273439054933,0.8043478260869565,0.5047913781510367,29,15,0.8666666666666667,0.4558471904689684,0.8043478260869565,6.0,1.0,0.532363184864773,0.9948453608247423,11,0.9090909090909091,0.5564942849645463,0.8571428571428571
3231,0.1,25,0.84,0.9743384152079804,0.8043478260869565,0.4362156397979271,21,14,0.7857142857142857,0.4288834705006579,0.8043478260869565,2.0,1.0,0.5295954941116232,1.0,9,0.8888888888888888,0.42687015774619125,0.8571428571428571
3232,0.07,26,0.9615384615384616,0.9714460387672168,0.3333333333333333,0.562724852288945,25,15,0.9333333333333333,0.531904989537108,0.3333333333333333,4.0,1.0,0.4297479452078642,1.0,7,1.0,0.7047542193749275,1.0
3233,0.07,30,1.0,0.9977357848144365,0.9545454545454546,0.6276486473098115,30,11,1.0,0.6403113981728158,0.9545454545454546,9.0,1.0,0.5902346710409516,1.0,10,1.0,0.6473922000024808,0.9775280898876404
3234,0.07,26,0.9615384615384616,0.9726107226107227,0.3333333333333333,0.49769182762534325,25,13,0.9230769230769231,0.46849262376767586,0.3333333333333333,7.0,1.0,0.4303846430192939,1.0,6,1.0,0.6394818180240135,1.0
3235,0.07,23,0.9565217391304348,0.9710144927536232,0.3333333333333333,0.6103621519304475,22,12,0.9166666666666666,0.5647081343328587,0.3333333333333333,7.0,1.0,0.6536740365508568,1.0,4,1.0,0.6715284066374985,1.0
3236,0.1,27,0.8518518518518519,0.9772028054513306,0.8333333333333334,0.40972732850881644,23,14,0.7857142857142857,0.4490999250862588,0.8333333333333334,6.0,1.0,0.28043403731245237,1.0,7,0.8571428571428571,0.44180495637938677,0.8571428571428571
3237,0.07,32,0.96875,0.9760976593073525,0.3333333333333333,0.6395485878338663,31,16,0.9375,0.6519695989097205,0.3333333333333333,5.0,1.0,0.7548704540188294,1.0,11,1.0,0.5690626325485494,0.9775280898876404
3238,0.07,28,1.0,0.9983766233766234,0.9545454545454546,0.6175795775103066,28,12,1.0,0.621072369579874,0.9545454545454546,6.0,1.0,0.6054621405900719,1.0,10,1.0,0.6206586891789666,1.0
3239,0.07,25,1.0,1.0,1.0,0.6481195907331823,25,12,1.0,0.623534230360539,1.0,7.0,1.0,0.6884667580066546,1.0,6,1.0,0.650218616326084,1.0
3240,0.03,30,1.0,1.0,1.0,0.8042992565071774,30,13,1.0,0.8023971819898865,1.0,7.0,1.0,0.7267026082272796,1.0,10,1.0,0.861089607175584,1.0
3241,0.07,24,1.0,0.9990636704119851,0.9775280898876404,0.58123015005912,24,9,1.0,0.6325156732932181,1.0,5.0,1.0,0.509520659313997,1.0,10,1.0,0.5709279245209932,0.9775280898876404
3242,0.1,27,0.8888888888888888,0.9794499176975754,0.8043478260869565,0.4923786015452186,24,13,0.7692307692307693,0.4757328988579863,0.8043478260869565,6.0,1.0,0.5891483192090479,0.95,8,1.0,0.44685058016409923,0.9565217391304348
3243,0.07,28,1.0,0.9972951312362252,0.9565217391304348,0.5314267419343665,28,13,1.0,0.552624838524708,0.9565217391304348,10.0,1.0,0.487659072064088,1.0,5,1.0,0.5638470305400356,1.0
3244,0.07,27,1.0,0.9967061923583663,0.9545454545454546,0.5656596379849238,27,13,1.0,0.5244348375201073,0.9545454545454546,5.0,1.0,0.5484507636970337,1.0,9,1.0,0.6347670577051534,1.0
3245,0.07,27,1.0,0.998389694041868,0.9565217391304348,0.5806222489097599,27,14,1.0,0.5391304017896646,0.9565217391304348,6.0,1.0,0.6365358903101304,1.0,7,1.0,0.6156799648067753,1.0
3246,0.07,29,1.0,1.0,1.0,0.5606378181435052,29,11,1.0,0.5530115969732842,1.0,10.0,1.0,0.5384219965861987,1.0,8,1.0,0.5988936491991923,1.0
3247,0.07,21,1.0,1.0,1.0,0.5862776513304342,21,11,1.0,0.6165453715746158,1.0,3.0,1.0,0.3462957181860073,1.0,7,1.0,0.6415634908657607,1.0
3248,0.07,29,1.0,0.9965453613764471,0.9545454545454546,0.5499366439982245,29,16,1.0,0.5890663709722468,0.9545454545454546,5.0,1.0,0.5156945141320047,1.0,8,1.0,0.4930785212165674,0.9775280898876404
3249,0.1,24,0.7916666666666666,0.9450782153998202,0.3333333333333333,0.5393765527545026,19,11,0.6363636363636364,0.49026491299282154,0.3333333333333333,5.0,1.0,0.600738742917634,0.95,8,0.875,0.5685536885748569,0.8571428571428571
3250,0.07,32,1.0,0.9965186026113603,0.9545454545454546,0.5437691193557109,32,13,1.0,0.551941740259806,0.9545454545454546,8.0,1.0,0.44149975513897477,1.0,11,1.0,0.6084882868084974,0.9775280898876404
3251,0.07,26,1.0,0.995715203213982,0.9545454545454546,0.5910873244848427,26,13,1.0,0.5919861568539043,0.9545454545454546,6.0,1.0,0.6159422287604318,1.0,7,1.0,0.5681138607060807,0.9775280898876404
3252,0.07,23,0.9565217391304348,0.9710144927536232,0.3333333333333333,0.6211294301888101,22,15,0.9333333333333333,0.5898205529452467,0.3333333333333333,3.0,1.0,0.6866522366522366,1.0,5,1.0,0.675742378041444,1.0
3253,0.07,28,0.9642857142857143,0.9730143045360437,0.3333333333333333,0.5618947931648942,27,17,0.9411764705882353,0.6072604204209958,0.3333333333333333,3.0,1.0,0.4102232124352032,1.0,8,1.0,0.5223696780193121,1.0
3254,0.07,28,1.0,0.996421981425606,0.9545454545454546,0.5421223755651424,28,11,1.0,0.5044629278817608,0.9545454545454546,8.0,1.0,0.5988411238938992,1.0,9,1.0,0.5377339242192696,0.9775280898876404
3255,0.07,27,1.0,0.9988052568697731,0.967741935483871,0.5969817147224887,27,10,1.0,0.5660773368930594,0.967741935483871,5.0,1.0,0.6744197037209343,1.0,12,1.0,0.5904695341643275,1.0
3256,0.07,27,1.0,0.9983164983164983,0.9545454545454546,0.6195612197080193,27,13,1.0,0.5618519836421182,0.9545454545454546,8.0,1.0,0.6609085962557341,1.0,6,1.0,0.6894680624538513,1.0
3257,0.03,30,1.0,1.0,1.0,0.85738270222758,30,13,1.0,0.9187549288281031,1.0,9.0,1.0,0.8495042107217246,1.0,8,1.0,0.7665161369458167,1.0
3258,0.07,26,0.9615384615384616,0.9726107226107227,0.3333333333333333,0.5959573739780878,25,10,0.9,0.4375810639954902,0.3333333333333333,7.0,1.0,0.6849212096855145,1.0,9,1.0,0.7027369572974195,1.0
3259,0.07,26,1.0,0.9982517482517482,0.9545454545454546,0.6387580856595113,26,14,1.0,0.6252930449600591,0.9545454545454546,6.0,1.0,0.566532615648312,1.0,6,1.0,0.7424019839694319,1.0
3260,0.07,25,0.96,0.9702248289345063,0.3333333333333333,0.5558539302112405,24,15,0.9333333333333333,0.5144491712510381,0.3333333333333333,5.0,1.0,0.5999460370650175,1.0,5,1.0,0.6359761002380705,1.0
3261,0.07,36,1.0,0.9972170966643602,0.9545454545454546,0.6222760073515988,36,18,1.0,0.5767305052256843,0.9545454545454546,7.0,1.0,0.5957357984195644,1.0,11,1.0,0.7136942346962081,0.9775280898876404
3262,0.07,23,0.9565217391304348,0.9696119682094436,0.3333333333333333,0.5958173932398284,22,12,0.9166666666666666,0.5267721718423802,0.3333333333333333,7.0,1.0,0.6887571339354547,1.0,4,1.0,0.6403085112148275,1.0
3263,0.07,25,0.96,0.9733333333333333,0.3333333333333333,0.5971632251991598,24,11,0.9090909090909091,0.5369555722237426,0.3333333333333333,6.0,1.0,0.6512214795253559,1.0,8,1.0,0.6394050572957115,1.0
3264,0.07,28,1.0,0.9972951312362252,0.9565217391304348,0.6324513267159361,28,12,1.0,0.6650832900506639,0.9565217391304348,7.0,1.0,0.5882215053802237,1.0,9,1.0,0.623343014419631,1.0
3265,0.07,27,0.9629629629629629,0.9725035928869495,0.3333333333333333,0.6086952233471024,26,18,0.9444444444444444,0.6031019755815596,0.3333333333333333,5.0,1.0,0.6056786871904823,1.0,4,1.0,0.6376355084878197,1.0
3266,0.07,24,1.0,0.9967619745845552,0.9545454545454546,0.5316717970768802,24,11,1.0,0.5122984999913416,0.9545454545454546,7.0,1.0,0.4490886048134884,1.0,6,1.0,0.6635365660409914,1.0
3267,0.07,29,0.9655172413793104,0.9770114942528735,0.3333333333333333,0.6226641058314576,28,12,0.9166666666666666,0.603846314017756,0.3333333333333333,7.0,1.0,0.6148811324698361,1.0,10,1.0,0.6506935373610349,1.0
3268,0.07,24,0.9583333333333334,0.9704106280193235,0.3333333333333333,0.5467020457022608,23,12,0.9166666666666666,0.5528519929009253,0.3333333333333333,6.0,1.0,0.5206595297635647,1.0,6,1.0,0.5604446672436277,1.0
3269,0.07,24,1.0,0.9949503803816567,0.9545454545454546,0.5647882323300513,24,11,1.0,0.5061254481751406,0.9545454545454546,6.0,1.0,0.43751067653842074,1.0,7,1.0,0.7660676552520224,1.0
3270,0.1,27,0.8518518518518519,0.9757692183647022,0.8043478260869565,0.4811893564013007,23,12,0.75,0.45687245131904114,0.8043478260869565,6.0,1.0,0.41288183147306,0.9948453608247423,9,0.8888888888888888,0.5591502464631407,0.8571428571428571
3271,0.07,22,0.9545454545454546,0.9676308539944904,0.3333333333333333,0.5734702691073186,21,11,0.9090909090909091,0.5608152766380065,0.3333333333333333,8.0,1.0,0.6113292905038652,1.0,3,1.0,0.5189145177706728,1.0
3272,0.07,25,0.96,0.9720430107526882,0.3333333333333333,0.5725549171797201,24,12,0.9166666666666666,0.5640670713055705,0.3333333333333333,8.0,1.0,0.5911528681906345,1.0,5,1.0,0.5631690256602159,1.0
3273,0.07,28,1.0,0.9991974317817015,0.9775280898876404,0.6308328950037784,28,8,1.0,0.6433523975711897,1.0,7.0,1.0,0.5736961586741433,1.0,13,1.0,0.6538945206782518,0.9775280898876404
3274,0.07,27,0.9629629629629629,0.973625140291807,0.3333333333333333,0.5423891973110768,26,12,0.9166666666666666,0.5577531604926885,0.3333333333333333,8.0,1.0,0.40262651446016307,1.0,7,1.0,0.6757797551150728,1.0
3275,0.07,26,0.9615384615384616,0.9731182795698925,0.3333333333333333,0.5405247505433682,25,12,0.9166666666666666,0.5517167056451197,0.3333333333333333,8.0,1.0,0.4772372334209092,1.0,6,1.0,0.6025241965031444,1.0
3276,0.1,29,0.8620689655172413,0.9563682444492039,0.3333333333333333,0.44989995816998724,25,14,0.7857142857142857,0.4726759786823753,0.3333333333333333,7.0,1.0,0.4114981036199978,0.95,8,0.875,0.44364354500454906,0.8571428571428571
3277,0.07,26,1.0,0.9982517482517482,0.9545454545454546,0.5898567030909697,26,15,1.0,0.5900169292905914,0.9545454545454546,6.0,1.0,0.5746167007300542,1.0,5,1.0,0.607664027325203,1.0
3278,0.07,23,1.0,0.9985974754558206,0.967741935483871,0.6200725456660143,23,10,1.0,0.6221107522149574,0.967741935483871,5.0,1.0,0.46949156246627044,1.0,8,1.0,0.7116379019796757,1.0
3279,0.07,29,1.0,0.9988876529477198,0.967741935483871,0.6067175244554573,29,17,1.0,0.5650241119830248,0.967741935483871,5.0,1.0,0.7628604847276665,1.0,7,1.0,0.5964422688369301,1.0
3280,0.07,30,1.0,0.9984848484848484,0.9545454545454546,0.5329605764933407,30,15,1.0,0.5568580296057607,0.9545454545454546,7.0,1.0,0.47767165273992723,1.0,8,1.0,0.5365306601917902,1.0
3281,0.1,26,0.8461538461538461,0.9588941503687247,0.3333333333333333,0.4400906652431334,22,14,0.7142857142857143,0.4192296880490452,0.3333333333333333,7.0,1.0,0.4322220673244961,0.9948453608247423,5,1.0,0.5095174384726728,0.9775280898876404
3282,0.07,23,1.0,0.9967071162875785,0.9565217391304348,0.5590112750077307,23,12,1.0,0.5642196823301985,0.9565217391304348,6.0,1.0,0.5494769153128937,1.0,5,1.0,0.5579523290676133,1.0
3283,0.1,30,0.8666666666666667,0.9599525255465254,0.3333333333333333,0.4310803735441599,26,14,0.7857142857142857,0.4438537768337033,0.3333333333333333,6.0,1.0,0.42865890267217616,0.9948453608247423,10,0.9,0.41465049146198946,0.8571428571428571
3284,0.07,23,0.9565217391304348,0.9696119682094436,0.3333333333333333,0.6452479516026266,22,12,0.9166666666666666,0.6443793415739808,0.3333333333333333,5.0,1.0,0.6402302909453709,1.0,6,1.0,0.6511665555409641,1.0
3285,0.1,27,0.8518518518518519,0.9529600326578332,0.3333333333333333,0.48677337704162277,23,17,0.7647058823529411,0.5117221052954218,0.3333333333333333,3.0,1.0,0.3574495638842598,0.95,7,1.0,0.4816080997784095,0.9775280898876404
3286,0.07,29,1.0,0.9984326018808777,0.9545454545454546,0.5682862211890382,29,14,1.0,0.6486332606988869,0.9545454545454546,7.0,1.0,0.42319664239568383,1.0,8,1.0,0.5546322834909879,1.0
3287,0.07,24,1.0,0.9981884057971014,0.9565217391304348,0.6218429825176308,24,8,1.0,0.6034010085047465,0.9565217391304348,5.0,1.0,0.5885269592333484,1.0,11,1.0,0.6503989742016748,1.0
3288,0.07,30,0.9666666666666667,0.9770287141073658,0.3333333333333333,0.5691505014946662,29,11,0.9090909090909091,0.6190296127624543,0.3333333333333333,9.0,1.0,0.5191487967259031,1.0,10,1.0,0.559285013391986,0.9775280898876404
3289,0.07,26,1.0,0.9978950009758274,0.967741935483871,0.5366902324434665,26,10,1.0,0.5299492686704453,0.967741935483871,3.0,1.0,0.5233845053563363,1.0,13,1.0,0.5449461415966664,0.9775280898876404
3290,0.07,32,0.96875,0.9777462121212122,0.3333333333333333,0.5855211568883072,31,15,0.9333333333333333,0.5217657997120174,0.3333333333333333,8.0,1.0,0.6282825185508739,1.0,9,1.0,0.6537699862598417,1.0
3291,0.07,27,0.9629629629629629,0.9741138988450816,0.3333333333333333,0.5838529847741812,26,14,0.9285714285714286,0.543484510297249,0.3333333333333333,7.0,1.0,0.6033520171952389,1.0,6,1.0,0.6552972207291224,1.0
3292,0.07,22,1.0,1.0,1.0,0.5955324541799851,22,10,1.0,0.5270228910059571,1.0,6.0,1.0,0.6664726534992879,1.0,6,1.0,0.6387748601507296,1.0
3293,0.07,24,1.0,0.9977195843904797,0.967741935483871,0.5943761694281898,24,12,1.0,0.5908805843531121,0.967741935483871,6.0,1.0,0.5386407468464879,1.0,6,1.0,0.657102762160047,0.9775280898876404
3294,0.1,28,0.8214285714285714,0.9732006823242697,0.8043478260869565,0.44102217136845356,23,15,0.7333333333333333,0.43759505715233005,0.8043478260869565,7.0,1.0,0.4488139649448363,0.9948453608247423,6,0.8333333333333334,0.44049953106964934,0.8571428571428571
3295,0.07,22,1.0,0.9979338842975206,0.9545454545454546,0.6517453784304857,22,12,1.0,0.6915852869464897,0.9545454545454546,5.0,1.0,0.5195296053706523,1.0,5,1.0,0.6883453710519098,1.0
3296,0.1,28,0.8571428571428571,0.9775514432471956,0.8043478260869565,0.4141061522616894,24,17,0.8235294117647058,0.4190160109128601,0.8043478260869565,8.0,1.0,0.369546380249963,0.95,3,0.6666666666666666,0.5051096786029928,0.8571428571428571
3297,0.07,28,1.0,0.998447204968944,0.9565217391304348,0.5823729550458419,28,17,1.0,0.5979374482187578,0.9565217391304348,7.0,1.0,0.5465815357220044,1.0,4,1.0,0.5788588428776644,1.0
3298,0.1,24,0.875,0.9809094018194275,0.8043478260869565,0.46521712537269533,21,15,0.8,0.4540174402879597,0.8043478260869565,1.0,1.0,0.1551433389544688,1.0,8,1.0,0.524975758208853,0.9775280898876404
3299,0.07,27,0.9629629629629629,0.9732816058779572,0.3333333333333333,0.6075546429709775,26,16,0.9375,0.5895304458972003,0.3333333333333333,5.0,1.0,0.5874831800782708,1.0,6,1.0,0.6723453875783055,0.9775280898876404
3300,0.1,30,0.8333333333333334,0.9545546358119196,0.3333333333333333,0.46168505244426894,25,18,0.7777777777777778,0.4619994798487361,0.3333333333333333,7.0,1.0,0.40215748603530843,0.95,5,0.8,0.5438917067607318,0.8571428571428571
3301,0.07,24,0.9583333333333334,0.9722222222222222,0.3333333333333333,0.5350385907994991,23,9,0.8888888888888888,0.48895851931357864,0.3333333333333333,7.0,1.0,0.502044038589488,1.0,8,1.0,0.6157489044049191,1.0
3302,0.07,24,1.0,0.9981060606060606,0.9545454545454546,0.5219732689159118,24,10,1.0,0.5389227781103569,0.9545454545454546,6.0,1.0,0.4555323619495779,1.0,8,1.0,0.5506170626476057,1.0
3303,0.07,31,1.0,0.9953657167434645,0.9545454545454546,0.579163426721481,31,18,1.0,0.5745028619434421,0.9545454545454546,6.0,1.0,0.5731968118422673,1.0,7,1.0,0.5962619774757638,0.9775280898876404
3304,0.07,26,0.9615384615384616,0.970938481808047,0.3333333333333333,0.5569770519603502,25,14,0.9285714285714286,0.477515594602723,0.3333333333333333,5.0,1.0,0.6608927969593538,1.0,7,1.0,0.641674434533459,1.0
3305,0.07,24,0.9583333333333334,0.9712858926342073,0.3333333333333333,0.5641217603668331,23,11,0.9090909090909091,0.5765607126061616,0.3333333333333333,5.0,1.0,0.4392575455832216,1.0,8,1.0,0.6250583352775136,0.9775280898876404
3306,0.1,28,0.8928571428571429,0.9785496686243029,0.8043478260869565,0.5304748066111822,25,12,0.8333333333333334,0.566993582163403,0.8043478260869565,7.0,1.0,0.5729958935407061,1.0,9,0.8888888888888888,0.44871114937414713,0.8571428571428571
3307,0.07,28,1.0,0.9988479262672811,0.967741935483871,0.631153436715092,28,10,1.0,0.5874527108012169,0.967741935483871,10.0,1.0,0.6388264640971183,1.0,8,1.0,0.6761880598799032,1.0
3308,0.07,25,1.0,1.0,1.0,0.5478616629989919,25,10,1.0,0.5359179643780113,1.0,5.0,1.0,0.5525075417576202,1.0,10,1.0,0.5574824222406581,1.0
3309,0.07,29,1.0,0.9985007496251874,0.9565217391304348,0.5466812479763488,29,16,1.0,0.5970196850698705,0.9565217391304348,7.0,1.0,0.43120886676127285,1.0,6,1.0,0.547163193811213,1.0
3310,0.1,29,0.8620689655172413,0.9785354946037493,0.8333333333333334,0.47646733458401497,25,14,0.7857142857142857,0.47212585326966316,0.8333333333333334,8.0,1.0,0.5047297573077463,0.95,7,0.8571428571428571,0.4528503855284544,0.8571428571428571
3311,0.1,22,0.8636363636363636,0.9535838914974679,0.3333333333333333,0.4133009366069341,19,11,0.7272727272727273,0.3670837193225353,0.3333333333333333,4.0,1.0,0.29091813230542507,1.0,7,1.0,0.5558610233689946,0.9775280898876404
3312,0.07,26,1.0,0.995715203213982,0.9545454545454546,0.603573489522813,26,17,1.0,0.5812134033118846,0.9545454545454546,3.0,1.0,0.6591979288208972,1.0,6,1.0,0.6391148474714013,0.9775280898876404
3313,0.1,26,0.8461538461538461,0.9740293286572983,0.8043478260869565,0.49836896956020293,22,12,0.75,0.4945747322438357,0.8043478260869565,6.0,1.0,0.5806407401564134,0.9948453608247423,8,0.875,0.442356497587596,0.8571428571428571
3314,0.07,29,1.0,0.9973884025729071,0.9565217391304348,0.6179644717907508,29,13,1.0,0.6300956356340213,0.9565217391304348,7.0,1.0,0.4866063482675454,1.0,9,1.0,0.7026091089796309,1.0
3315,0.07,27,0.9629629629629629,0.9753086419753086,0.3333333333333333,0.5519400002299446,26,14,0.9285714285714286,0.5360261718148311,0.3333333333333333,9.0,1.0,0.5716127410100006,1.0,4,1.0,0.5633747329277161,1.0
3316,0.07,30,1.0,0.9981756675123837,0.967741935483871,0.552864871514022,30,11,1.0,0.5834424240351254,0.967741935483871,7.0,1.0,0.508384380716312,1.0,12,1.0,0.5507824013350079,0.9775280898876404
3317,0.07,26,1.0,0.9974634549622335,0.9565217391304348,0.5922726717506319,26,12,1.0,0.5799630484288635,0.9565217391304348,8.0,1.0,0.5898706150446172,1.0,6,1.0,0.6200946606688554,0.9775280898876404
3318,0.07,29,1.0,0.9976577084287274,0.9545454545454546,0.5881042205756618,29,14,1.0,0.5719668544152009,0.9545454545454546,4.0,1.0,0.5785173825259207,1.0,11,1.0,0.6121288095252452,0.9775280898876404
3319,0.07,28,0.9642857142857143,0.9737645313488009,0.3333333333333333,0.6094179667485037,27,13,0.9230769230769231,0.5729475458247179,0.3333333333333333,7.0,1.0,0.6610811057560381,1.0,8,1.0,0.6234771541180626,0.9775280898876404
3320,0.07,26,0.9615384615384616,0.9731182795698925,0.3333333333333333,0.5260408458048604,25,13,0.9230769230769231,0.529641127037135,0.3333333333333333,4.0,1.0,0.3310985225195494,1.0,9,1.0,0.607481472151713,1.0
3321,0.07,30,0.9666666666666667,0.9767025089605734,0.3333333333333333,0.5281639867111788,29,13,0.9230769230769231,0.5418814656932021,0.3333333333333333,9.0,1.0,0.4565912490331323,1.0,8,1.0,0.5863924132531931,1.0
3322,0.07,27,1.0,0.998389694041868,0.9565217391304348,0.6819267023369228,27,14,1.0,0.6562257339387713,0.9565217391304348,6.0,1.0,0.6847777908173626,1.0,7,1.0,0.7308848490071344,1.0
3323,0.07,29,1.0,0.9988876529477198,0.967741935483871,0.5816629707288279,29,15,1.0,0.6089338436607387,0.967741935483871,6.0,1.0,0.5435672400480915,1.0,8,1.0,0.5591018819920477,1.0
3324,0.07,24,1.0,0.9971697310180456,0.9545454545454546,0.5522286777832499,24,13,1.0,0.5121262469372992,0.9545454545454546,5.0,1.0,0.5325543109259689,1.0,6,1.0,0.6555125836638772,0.9775280898876404
3325,0.07,29,0.9655172413793104,0.9770114942528735,0.3333333333333333,0.5495394504050539,28,15,0.9333333333333333,0.5459986893861115,0.3333333333333333,8.0,1.0,0.5567070354566412,1.0,6,1.0,0.5488345728836271,1.0
3326,0.07,27,1.0,0.9983164983164983,0.9545454545454546,0.5880095337162783,27,12,1.0,0.5504487576426592,0.9545454545454546,5.0,1.0,0.6025070068042984,1.0,10,1.0,0.6258337284606109,1.0
3327,0.07,32,0.96875,0.9746772047618979,0.3333333333333333,0.5694413841433383,31,15,0.9333333333333333,0.49684804228714813,0.3333333333333333,8.0,1.0,0.6109484724464774,1.0,9,1.0,0.6535350976341979,0.9775280898876404
3328,0.07,26,1.0,0.9961467492275756,0.9545454545454546,0.6126746469796024,26,10,1.0,0.6347928285299828,0.9545454545454546,7.0,1.0,0.6342578255623338,1.0,9,1.0,0.571311973025944,0.9775280898876404
3329,0.07,31,0.967741935483871,0.9752628649435581,0.3333333333333333,0.6094009084053499,30,14,0.9285714285714286,0.5184875119467872,0.3333333333333333,8.0,1.0,0.6722554425521232,1.0,9,1.0,0.694951050321538,0.9775280898876404
3330,0.07,26,1.0,0.9982517482517482,0.9545454545454546,0.6212724696098056,26,18,1.0,0.5988414594061034,0.9545454545454546,4.0,1.0,0.6521532795250118,1.0,4,1.0,0.6913312056112593,1.0
3331,0.07,25,0.96,0.9720430107526882,0.3333333333333333,0.609363292198378,24,11,0.9090909090909091,0.5872897777268306,0.3333333333333333,7.0,1.0,0.609612226729835,1.0,7,1.0,0.6438013089793528,1.0
3332,0.07,27,1.0,0.9988052568697731,0.967741935483871,0.5856362872752789,27,8,1.0,0.6567988815278926,0.967741935483871,11.0,1.0,0.5635942841598927,1.0,8,1.0,0.5447814473063215,1.0
3333,0.07,25,0.96,0.9706162751106571,0.3333333333333333,0.5442958948611242,24,10,0.9,0.49765047645958926,0.3333333333333333,7.0,1.0,0.42822535286283536,1.0,8,1.0,0.7041643921115455,0.9775280898876404
3334,0.07,27,1.0,0.9988052568697731,0.967741935483871,0.6255276610910271,27,11,1.0,0.6512052575798499,0.967741935483871,7.0,1.0,0.5391470663002932,1.0,9,1.0,0.6613288391085921,1.0
3335,0.07,28,1.0,1.0,1.0,0.5969148606898872,28,13,1.0,0.632209834550962,1.0,7.0,1.0,0.6075840044369586,1.0,8,1.0,0.5302250273869529,1.0
3336,0.1,27,0.8518518518518519,0.9773240112761363,0.8043478260869565,0.45926568223987935,23,11,0.7272727272727273,0.43716326305375547,0.8043478260869565,7.0,1.0,0.6017441521700001,1.0,9,0.8888888888888888,0.3754631624106036,0.8571428571428571
3337,0.07,27,1.0,0.9975574010747434,0.9565217391304348,0.6399115810645394,27,13,1.0,0.625033144021475,0.9565217391304348,7.0,1.0,0.6654537797271906,1.0,7,1.0,0.6420007654818651,0.9775280898876404
3338,0.07,26,1.0,0.9987593052109182,0.967741935483871,0.5820342435730124,26,15,1.0,0.5944064026741852,0.967741935483871,5.0,1.0,0.49797997230062807,1.0,6,1.0,0.6211490718804,1.0
3339,0.07,30,1.0,0.9984848484848484,0.9545454545454546,0.6458730822889596,30,17,1.0,0.6152332510179616,0.9545454545454546,5.0,1.0,0.6144902982254902,1.0,8,1.0,0.7305969637794983,1.0
3340,0.07,29,1.0,0.9961584580539148,0.9545454545454546,0.6041993429469595,29,15,1.0,0.569424736093848,0.9545454545454546,8.0,1.0,0.6994977412570493,1.0,6,1.0,0.564071328999619,0.9775280898876404
3341,0.07,22,0.9545454545454546,0.9676308539944904,0.3333333333333333,0.569022612761056,21,9,0.8888888888888888,0.5261457438401321,0.3333333333333333,5.0,1.0,0.5953943480535193,1.0,8,1.0,0.6007767557393063,1.0
3342,0.07,31,0.967741935483871,0.9784946236559139,0.3333333333333333,0.6099220085954368,30,20,0.95,0.5719756028282237,0.3333333333333333,5.0,1.0,0.5893181421893733,1.0,6,1.0,0.7535799164912002,1.0
3343,0.07,24,1.0,0.9953581368151471,0.9545454545454546,0.5962957911478588,24,11,1.0,0.5761015335615309,0.9545454545454546,5.0,1.0,0.6074433805361714,1.0,8,1.0,0.6170956519613643,0.9775280898876404
3344,0.07,22,1.0,0.996912433837868,0.9545454545454546,0.5431672362579666,22,10,1.0,0.5282012748793168,0.9545454545454546,5.0,1.0,0.5059159104196385,1.0,7,1.0,0.5911552709691291,0.9775280898876404
3345,0.07,21,1.0,0.9978354978354977,0.9545454545454546,0.556662709483139,21,10,1.0,0.5981242568809503,0.9545454545454546,5.0,1.0,0.4222808650308808,1.0,6,1.0,0.599545000863669,1.0
3346,0.07,29,0.9655172413793104,0.9747373504259106,0.3333333333333333,0.5524691214980005,28,11,0.9090909090909091,0.55593537563855,0.3333333333333333,6.0,1.0,0.4212049448588462,1.0,12,1.0,0.6149238101887404,0.9775280898876404
3347,0.07,26,1.0,0.9961467492275756,0.9545454545454546,0.5919600939741175,26,13,1.0,0.567160191255528,0.9545454545454546,6.0,1.0,0.5806624523640412,1.0,7,1.0,0.647700748974421,0.9775280898876404
3348,0.07,28,0.9642857142857143,0.9761904761904762,0.3333333333333333,0.5935514191332781,27,14,0.9285714285714286,0.6382353230293326,0.3333333333333333,5.0,1.0,0.44255028946234365,1.0,9,1.0,0.6079326406677129,1.0
3349,0.07,21,1.0,0.9973938107319769,0.967741935483871,0.6212290687250854,21,10,1.0,0.6237355697716502,0.967741935483871,4.0,1.0,0.5267666313221795,1.0,7,1.0,0.671626888603082,0.9775280898876404
3350,0.07,23,0.9565217391304348,0.9696119682094436,0.3333333333333333,0.5508535195305276,22,14,0.9285714285714286,0.5607107939750952,0.3333333333333333,4.0,1.0,0.5662649252208942,1.0,5,1.0,0.5109240265334449,1.0
3351,0.07,31,1.0,0.9985974754558204,0.9565217391304348,0.6068589721660261,31,13,1.0,0.6522601114101119,0.9565217391304348,7.0,1.0,0.6160007507911722,1.0,11,1.0,0.5473855848433774,1.0
3352,0.07,24,1.0,0.9949503803816566,0.9545454545454546,0.6155030751681678,24,14,1.0,0.6759807937031656,0.9545454545454546,5.0,1.0,0.5678753211095824,1.0,5,1.0,0.49379321732875975,1.0
3353,0.1,27,0.8888888888888888,0.9645844695510873,0.3333333333333333,0.4788394521964318,24,10,0.7,0.485506101081567,0.3333333333333333,9.0,1.0,0.4174249343503929,1.0,8,1.0,0.5395974736668068,0.9775280898876404
3354,0.07,27,1.0,1.0,1.0,0.5568942747374391,27,10,1.0,0.48066646556694204,1.0,7.0,1.0,0.6319130455383105,1.0,10,1.0,0.5806089443473264,1.0
3355,0.07,26,1.0,0.9991356957649093,0.9775280898876404,0.5748583162432703,26,9,1.0,0.5247126414479211,1.0,8.0,1.0,0.625818427612947,1.0,9,1.0,0.5797061142655733,0.9775280898876404
3356,0.07,26,1.0,1.0,1.0,0.6661681161256756,26,10,1.0,0.6933033488668938,1.0,8.0,1.0,0.6572005370564503,1.0,8,1.0,0.6412166542683779,1.0
3357,0.07,25,0.96,0.9720430107526882,0.3333333333333333,0.5508475560789361,24,11,0.9090909090909091,0.5548433054233523,0.3333333333333333,8.0,1.0,0.5208352718572229,1.0,6,1.0,0.5835383945764568,1.0
3358,0.07,28,1.0,0.998447204968944,0.9565217391304348,0.604551804789998,28,15,1.0,0.5773776720094976,0.9565217391304348,8.0,1.0,0.6285126026776556,1.0,5,1.0,0.6477369265112471,1.0
3359,0.07,24,1.0,1.0,1.0,0.5833208207847224,24,12,1.0,0.5965281489299162,1.0,5.0,1.0,0.7152929157644572,1.0,7,1.0,0.4664139046931507,1.0
3360,0.07,28,1.0,0.996421981425606,0.9545454545454546,0.5853027805479772,28,14,1.0,0.5685384582506297,0.9545454545454546,5.0,1.0,0.604885943833845,1.0,9,1.0,0.6005010800739251,0.9775280898876404
3361,0.07,29,1.0,0.9984326018808777,0.9545454545454546,0.568961964232724,29,15,1.0,0.5832254159076538,0.9545454545454546,7.0,1.0,0.5250094802268633,1.0,7,1.0,0.5823499089351636,1.0
3362,0.07,32,1.0,0.9965186026113603,0.9545454545454546,0.5687258586247854,32,16,1.0,0.5115252455929282,0.9545454545454546,6.0,1.0,0.6385982657900008,1.0,10,1.0,0.6183233951766277,0.9775280898876404
3363,0.07,28,0.9642857142857143,0.9726124576160821,0.3333333333333333,0.4943462817664119,27,11,0.9090909090909091,0.4669685677075595,0.3333333333333333,6.0,1.0,0.4248484290849908,1.0,11,1.0,0.5596319154696758,0.9775280898876404
3364,0.07,26,1.0,0.9983277591973244,0.9565217391304348,0.5688267284836317,26,13,1.0,0.5654443739587933,0.9565217391304348,4.0,1.0,0.6938785568561671,1.0,9,1.0,0.5181337612983827,1.0
3365,0.07,23,1.0,0.9957300767174759,0.9565217391304348,0.6192981078859109,23,12,1.0,0.5616474946283708,0.9565217391304348,5.0,1.0,0.7201940361408459,1.0,6,1.0,0.6505193941885458,0.9775280898876404
3366,0.07,25,0.96,0.9733333333333333,0.3333333333333333,0.6102614494717545,24,13,0.9230769230769231,0.5348606851247557,0.3333333333333333,4.0,1.0,0.6437484501686833,1.0,8,1.0,0.7160441911871631,1.0
3367,0.07,28,1.0,0.9972951312362252,0.9565217391304348,0.6103213652737015,28,19,1.0,0.6161183127483992,0.9565217391304348,4.0,1.0,0.5538968512781923,1.0,5,1.0,0.6334325760662574,1.0
3368,0.07,25,0.96,0.9720430107526882,0.3333333333333333,0.6140804612962888,24,17,0.9411764705882353,0.5804439923691606,0.3333333333333333,3.0,1.0,0.7483375793240882,1.0,5,1.0,0.647890184831845,1.0
3369,0.07,29,1.0,1.0,1.0,0.5833361394413407,29,12,1.0,0.5423598338073173,1.0,9.0,1.0,0.5709519966969476,1.0,8,1.0,0.6587327584798178,1.0
3370,0.07,25,1.0,0.996891495601173,0.9545454545454546,0.6079760863797136,25,11,1.0,0.5981576159111351,0.9545454545454546,8.0,1.0,0.5902946504187927,1.0,6,1.0,0.6495518635200016,1.0
3371,0.07,31,1.0,0.9992750996737949,0.9775280898876404,0.6234365219977138,31,16,1.0,0.6081337011201837,1.0,8.0,1.0,0.6398426423318271,1.0,7,1.0,0.6396645464787961,0.9775280898876404
3372,0.07,30,1.0,0.9984848484848484,0.9545454545454546,0.6424648568668515,30,15,1.0,0.6394520004952059,0.9545454545454546,8.0,1.0,0.6268577704851677,1.0,7,1.0,0.6667576478137306,1.0
3373,0.07,27,1.0,0.9963626579445166,0.9565217391304348,0.5931552183745331,27,16,1.0,0.564360026593119,0.9565217391304348,3.0,1.0,0.517122700280595,1.0,8,1.0,0.679257796222588,0.9775280898876404
3374,0.07,31,1.0,0.9985974754558204,0.9565217391304348,0.5858459040886919,31,14,1.0,0.6459578005485648,0.9565217391304348,8.0,1.0,0.45608851063415234,1.0,9,1.0,0.6076784148884802,1.0
3375,0.07,32,1.0,0.9965186026113603,0.9545454545454546,0.6040857841851182,32,18,1.0,0.6114009703482013,0.9545454545454546,6.0,1.0,0.5375039480532573,1.0,8,1.0,0.6375629924170769,0.9775280898876404
3376,0.07,25,1.0,0.9991011235955056,0.9775280898876404,0.5871087732913235,25,11,1.0,0.6230055190317021,1.0,6.0,1.0,0.47683229768570684,1.0,8,1.0,0.6204581046025154,0.9775280898876404
3377,0.07,24,1.0,0.9977195843904797,0.967741935483871,0.6426619166928388,24,10,1.0,0.7383706835205908,0.967741935483871,8.0,1.0,0.4716407987216517,1.0,6,1.0,0.7111754626081682,0.9775280898876404
3378,0.07,26,1.0,0.9983277591973244,0.9565217391304348,0.6406074578919048,26,15,1.0,0.6238051467214312,0.9565217391304348,5.0,1.0,0.6749292243980348,1.0,6,1.0,0.6540117637296464,1.0
3379,0.1,25,0.88,0.9827619047619048,0.8333333333333334,0.4416021889498497,22,12,0.8333333333333334,0.48338874109160823,0.8333333333333334,6.0,1.0,0.36790019761134696,1.0,7,0.8571428571428571,0.43314123499698026,0.8571428571428571
3380,0.07,30,0.9666666666666667,0.9777777777777777,0.3333333333333333,0.5373336430368053,29,16,0.9375,0.48357665222865054,0.3333333333333333,9.0,1.0,0.5043315375108632,1.0,5,1.0,0.7687598035695964,1.0
3381,0.07,25,1.0,0.9972829417773238,0.9545454545454546,0.6103228892447301,25,12,1.0,0.5909686081013868,0.9545454545454546,6.0,1.0,0.524312352615288,1.0,7,1.0,0.7172249740299834,0.9775280898876404
3382,0.1,29,0.896551724137931,0.9662348672728495,0.3333333333333333,0.4873679274976761,26,17,0.8235294117647058,0.4893490456265277,0.3333333333333333,3.0,1.0,0.36948972229776667,1.0,9,1.0,0.5229185505431486,0.9775280898876404
3383,0.07,27,1.0,1.0,1.0,0.58694197484594,27,10,1.0,0.5397683740935721,1.0,7.0,1.0,0.7407118220679662,1.0,10,1.0,0.5264766825428898,1.0
3384,0.1,24,0.875,0.9598662314388121,0.3333333333333333,0.4091325361653686,21,13,0.8461538461538461,0.3485163313124892,0.3333333333333333,6.0,1.0,0.6452634793294495,0.95,5,0.8,0.283377536985958,0.8571428571428571
3385,0.1,25,0.84,0.9773073593073593,0.8333333333333334,0.5209709490010819,21,12,0.75,0.5332671176273786,0.8333333333333334,4.0,1.0,0.46415690088935424,0.95,9,0.8888888888888888,0.5298267455490099,0.8571428571428571
3386,0.07,27,1.0,0.9983164983164983,0.9545454545454546,0.5533767075229987,27,14,1.0,0.5461088278597481,0.9545454545454546,9.0,1.0,0.5294142240932262,1.0,4,1.0,0.6327298740613642,1.0
3387,0.1,25,0.88,0.9818630283574104,0.8333333333333334,0.4817575916806392,22,10,0.8,0.47693008562817596,0.8333333333333334,7.0,1.0,0.4003819577390749,0.95,8,0.875,0.5589956539450871,0.8571428571428571
3388,0.07,19,1.0,1.0,1.0,0.5555674701467169,19,4,1.0,0.3397866608514209,1.0,7.0,1.0,0.632887021477077,1.0,8,1.0,0.5958032673803001,1.0
3389,0.07,25,0.96,0.9720430107526882,0.3333333333333333,0.649598126720257,24,11,0.9090909090909091,0.5581436095377632,0.3333333333333333,7.0,1.0,0.7125145980148425,1.0,7,1.0,0.7303958967124469,1.0
3390,0.07,28,1.0,0.9960212601272689,0.9545454545454546,0.565236759730966,28,14,1.0,0.5632052859646587,0.9545454545454546,7.0,1.0,0.4765512671426834,1.0,7,1.0,0.657985199851863,0.9775280898876404
3391,0.07,23,1.0,0.9980237154150197,0.9545454545454546,0.5684636815249585,23,7,1.0,0.6127504541108438,0.9545454545454546,5.0,1.0,0.560617415695251,1.0,11,1.0,0.543847674347444,1.0
3392,0.07,29,1.0,1.0,1.0,0.568945478194629,29,15,1.0,0.5640778537037477,1.0,8.0,1.0,0.5106538679497454,1.0,6,1.0,0.6588366864150099,1.0
3393,0.07,30,0.9666666666666667,0.975187357445422,0.3333333333333333,0.5968744200582328,29,16,0.9375,0.5416369488095139,0.3333333333333333,7.0,1.0,0.6541048055684746,1.0,7,1.0,0.6659011116879195,1.0
3394,0.07,28,1.0,0.9960212601272689,0.9545454545454546,0.5756593861966968,28,13,1.0,0.5927497565821968,0.9545454545454546,8.0,1.0,0.5204555906969228,1.0,7,1.0,0.6070101789090814,0.9775280898876404
3395,0.07,29,1.0,0.9984326018808777,0.9545454545454546,0.6203180222078009,29,16,1.0,0.6098961395452553,0.9545454545454546,7.0,1.0,0.6110827062606037,1.0,6,1.0,0.6588842445796516,1.0
3396,0.07,29,0.9655172413793104,0.9758991472005932,0.3333333333333333,0.5866729513242146,28,14,0.9285714285714286,0.5972874935669875,0.3333333333333333,5.0,1.0,0.5561105961354579,1.0,10,1.0,0.5870937697787112,1.0
3397,0.07,30,0.9666666666666667,0.9767025089605734,0.3333333333333333,0.5918620767772916,29,14,0.9285714285714286,0.6854157226958434,0.3333333333333333,6.0,1.0,0.4681141624549911,1.0,10,1.0,0.5351357210847001,1.0
3398,0.07,23,1.0,1.0,1.0,0.638904967336288,23,9,1.0,0.5588635120488331,1.0,7.0,1.0,0.6804715422095258,1.0,7,1.0,0.7002488349754918,1.0
3399,0.07,29,1.0,0.9988876529477198,0.967741935483871,0.5646962059886592,29,16,1.0,0.5152089872528468,0.967741935483871,5.0,1.0,0.631514969833032,1.0,8,1.0,0.6219089160575508,1.0
3400,0.1,31,0.8709677419354839,0.9807644669496002,0.8043478260869565,0.4161868676874446,27,18,0.8333333333333334,0.43074685324336215,0.8043478260869565,6.0,1.0,0.3069747939588729,1.0,7,0.8571428571428571,0.47235725373957527,0.8571428571428571
3401,0.07,31,1.0,0.9982345169474682,0.967741935483871,0.5316133824165095,31,16,1.0,0.544207584876945,0.967741935483871,8.0,1.0,0.49005629651596416,1.0,7,1.0,0.5503204463932808,0.9775280898876404
3402,0.07,27,1.0,1.0,1.0,0.5858562880371813,27,11,1.0,0.5964446149807672,1.0,8.0,1.0,0.5744060623476812,1.0,8,1.0,0.5827475641792508,1.0
3403,0.1,29,0.8275862068965517,0.9551592794855018,0.3333333333333333,0.44948450966589304,24,12,0.6666666666666666,0.40839038680020107,0.3333333333333333,8.0,1.0,0.5196529614399458,0.9948453608247423,9,0.8888888888888888,0.4419047163543244,0.8571428571428571
3404,0.07,24,1.0,0.9967619745845552,0.9545454545454546,0.5790772920200081,24,11,1.0,0.5537857629620319,0.9545454545454546,9.0,1.0,0.5686272755675704,1.0,4,1.0,0.6721415339474271,1.0
3405,0.07,25,1.0,0.9991011235955056,0.9775280898876404,0.5979347389022006,25,13,1.0,0.6327786742437606,1.0,5.0,1.0,0.47460627591766047,1.0,7,1.0,0.6213163325425468,0.9775280898876404
3406,0.07,26,1.0,0.9970110534626664,0.9545454545454546,0.5915906000482972,26,13,1.0,0.6120090964591115,0.9545454545454546,7.0,1.0,0.47282657987876137,1.0,6,1.0,0.6859085480226582,1.0
3407,0.07,27,0.9629629629629629,0.9716712999198251,0.3333333333333333,0.6206846060991486,26,12,0.9166666666666666,0.6102045828694481,0.3333333333333333,7.0,1.0,0.6163758909920224,1.0,8,1.0,0.6401747666624343,0.9775280898876404
3408,0.1,28,0.8571428571428571,0.9614329602808864,0.3333333333333333,0.5239066406762278,24,16,0.8125,0.5202607168517248,0.3333333333333333,4.0,1.0,0.4713028318030682,1.0,8,0.875,0.5575003927618137,0.8571428571428571
3409,0.07,25,0.96,0.9703038803179055,0.3333333333333333,0.6165608061501786,24,16,0.9375,0.5714678394799582,0.3333333333333333,6.0,1.0,0.7479238273161811,1.0,3,1.0,0.5943305860593494,1.0
3410,0.07,31,1.0,0.9960906170696696,0.9545454545454546,0.5863911752169052,31,15,1.0,0.6129043012152119,0.9545454545454546,7.0,1.0,0.49465007377647024,1.0,9,1.0,0.6135568218956208,1.0
3411,0.07,28,1.0,0.9991974317817015,0.9775280898876404,0.6585335878120022,28,11,1.0,0.5700967101006554,1.0,6.0,1.0,0.7523870639087962,1.0,11,1.0,0.6957776603796432,0.9775280898876404
3412,0.1,34,0.9117647058823529,0.9673557071157253,0.3333333333333333,0.46655359582117634,31,16,0.875,0.47840773302490425,0.3333333333333333,6.0,1.0,0.3532590265541103,1.0,12,0.9166666666666666,0.5073953641830721,0.8571428571428571
3413,0.07,30,0.9666666666666667,0.9763285024154589,0.3333333333333333,0.5606270540860809,29,14,0.9285714285714286,0.5206220009325797,0.3333333333333333,11.0,1.0,0.6590744984293692,1.0,5,1.0,0.4560568253606502,1.0
3414,0.07,32,0.96875,0.9784644194756554,0.3333333333333333,0.655578125571285,31,14,0.9285714285714286,0.5679904864013624,0.3333333333333333,7.0,1.0,0.8152391279617286,1.0,11,1.0,0.6654508466299952,0.9775280898876404
3415,0.07,27,1.0,1.0,1.0,0.5646668591270955,27,12,1.0,0.6072817886194483,1.0,7.0,1.0,0.4987890790544452,1.0,8,1.0,0.5583875224521355,1.0
3416,0.07,27,0.9629629629629629,0.9732816058779572,0.3333333333333333,0.5683865983513282,26,14,0.9285714285714286,0.550387895853941,0.3333333333333333,7.0,1.0,0.5246011196909456,1.0,6,1.0,0.6614666292823446,0.9775280898876404
3417,0.07,33,0.9696969696969697,0.9797979797979797,0.3333333333333333,0.5580568251336521,32,13,0.9230769230769231,0.5497854225306447,0.3333333333333333,10.0,1.0,0.5477865432174921,1.0,10,1.0,0.579079930433722,1.0
3418,0.07,34,0.9705882352941176,0.97711554755579,0.3333333333333333,0.5952905459983133,33,16,0.9375,0.5617108254514975,0.3333333333333333,8.0,1.0,0.6883991837088166,1.0,10,1.0,0.5745311887048162,0.9775280898876404
3419,0.07,26,1.0,0.9991356957649093,0.9775280898876404,0.5481342321102932,26,13,1.0,0.5341312280193182,1.0,7.0,1.0,0.5843359975191801,1.0,6,1.0,0.5362386813303711,0.9775280898876404
3420,0.07,26,0.9615384615384616,0.9734946701238835,0.3333333333333333,0.5564000142763909,25,14,0.9285714285714286,0.5416489165008997,0.3333333333333333,6.0,1.0,0.5680068565062424,1.0,6,1.0,0.5792124001893523,0.9775280898876404
3421,0.1,26,0.8846153846153846,0.9613393852524287,0.3333333333333333,0.5209259988824575,23,12,0.8333333333333334,0.5222647136958942,0.3333333333333333,8.0,1.0,0.4938228969994972,1.0,6,0.8333333333333334,0.5543860384328645,0.8571428571428571
3422,0.07,24,1.0,1.0,1.0,0.5750915448605074,24,10,1.0,0.5953366328528383,1.0,5.0,1.0,0.5951575922183202,1.0,9,1.0,0.5414491985591328,1.0
3423,0.07,29,1.0,0.9966135091207569,0.9565217391304348,0.5748156991544203,29,18,1.0,0.5518969127124914,0.9565217391304348,5.0,1.0,0.6244684490059857,1.0,6,1.0,0.6021947669372356,0.9775280898876404
3424,0.07,33,1.0,0.9980015099702446,0.9565217391304348,0.5530301055465816,33,14,1.0,0.570156826119659,0.9565217391304348,8.0,1.0,0.5049075114525217,1.0,11,1.0,0.5662307114310725,0.9775280898876404
3425,0.07,23,1.0,0.9990229604298975,0.9775280898876404,0.6414389716462103,23,10,1.0,0.6777578239660836,1.0,4.0,1.0,0.6078717830865579,1.0,9,1.0,0.616003441761752,0.9775280898876404
3426,0.07,25,1.0,0.9972829417773238,0.9545454545454546,0.6176347518611962,25,9,1.0,0.6329903965588577,0.9545454545454546,3.0,1.0,0.6746085281343314,1.0,13,1.0,0.5938561263920918,0.9775280898876404
3427,0.07,32,0.96875,0.9784644194756554,0.3333333333333333,0.5763092143169952,31,17,0.9411764705882353,0.6237302313301457,0.3333333333333333,6.0,1.0,0.5373202011041047,1.0,9,1.0,0.5127288576563047,0.9775280898876404
3428,0.07,26,1.0,0.9991356957649093,0.9775280898876404,0.5519532468031679,26,14,1.0,0.5154795929153984,1.0,7.0,1.0,0.6121799899639887,1.0,5,1.0,0.5697620372637734,0.9775280898876404
3429,0.07,29,0.9655172413793104,0.974669202681601,0.3333333333333333,0.5796081943816569,28,14,0.9285714285714286,0.5522943408710776,0.3333333333333333,7.0,1.0,0.5813527912911172,1.0,8,1.0,0.625880915729393,0.9775280898876404
3430,0.07,25,0.96,0.9706953264940563,0.3333333333333333,0.6248348875645121,24,11,0.9090909090909091,0.6664134260280213,0.3333333333333333,6.0,1.0,0.6183884577445822,1.0,8,1.0,0.5724992195421342,0.9775280898876404
3431,0.07,31,0.967741935483871,0.9752628649435581,0.3333333333333333,0.5684615587564326,30,17,0.9411764705882353,0.5268002326322733,0.3333333333333333,4.0,1.0,0.610782659716609,1.0,10,1.0,0.6223573727834328,0.9775280898876404
3432,0.07,25,0.96,0.9703038803179055,0.3333333333333333,0.6379727833069436,24,14,0.9285714285714286,0.607644805257433,0.3333333333333333,4.0,1.0,0.6365176155871256,1.0,7,1.0,0.699460263817289,1.0
3433,0.07,23,1.0,0.9980237154150197,0.9545454545454546,0.5137933280014113,23,10,1.0,0.6079526925161196,0.9545454545454546,7.0,1.0,0.4045266170911144,1.0,6,1.0,0.4843388832055773,1.0
3434,0.07,23,1.0,1.0,1.0,0.5787091750664716,23,8,1.0,0.5886350689690789,1.0,9.0,1.0,0.5812037230404609,1.0,6,1.0,0.5617328279020112,1.0
3435,0.03,28,1.0,1.0,1.0,0.8120132929060453,28,15,1.0,0.8148268715071713,1.0,5.0,1.0,0.8256894569118705,1.0,8,1.0,0.7981902305252926,1.0
3436,0.07,24,1.0,1.0,1.0,0.6129756915519945,24,12,1.0,0.66856002426771,1.0,6.0,1.0,0.4640348244244712,1.0,6,1.0,0.6507478932480868,1.0
3437,0.1,30,0.8666666666666667,0.9606080268653105,0.3333333333333333,0.4820719514632589,26,17,0.8235294117647058,0.4676078714448555,0.3333333333333333,5.0,1.0,0.507443969145062,0.95,8,0.875,0.496950610451239,0.8571428571428571
3438,0.1,29,0.8275862068965517,0.9736907520265842,0.8043478260869565,0.49704995804740904,24,15,0.7333333333333333,0.5144928884626931,0.8043478260869565,8.0,1.0,0.4538203853933084,0.95,6,0.8333333333333334,0.5110820622146665,0.8571428571428571
3439,0.07,27,0.9629629629629629,0.9724303971615801,0.3333333333333333,0.5410380364265687,26,16,0.9375,0.4933795305051007,0.3333333333333333,7.0,1.0,0.48259233622300163,1.0,4,1.0,0.8339520354686836,1.0
3440,0.1,23,0.8260869565217391,0.9522774327122153,0.3333333333333333,0.45507127714424817,19,9,0.6666666666666666,0.4054287443870474,0.3333333333333333,7.0,1.0,0.43258611459306046,0.95,7,0.8571428571428571,0.5413825532404082,0.8571428571428571
3441,0.1,29,0.8620689655172413,0.9593104944077357,0.3333333333333333,0.476035090230058,25,13,0.6923076923076923,0.43596459108617364,0.3333333333333333,11.0,1.0,0.4916635364945487,0.9948453608247423,5,1.0,0.5458358062222783,0.9775280898876404
3442,0.07,23,1.0,0.9985974754558206,0.967741935483871,0.5633814695012574,23,11,1.0,0.5799775669370261,0.967741935483871,2.0,1.0,0.25409181502781564,1.0,10,1.0,0.6069836932166004,1.0
3443,0.07,30,0.9666666666666667,0.9777777777777777,0.3333333333333333,0.6478492063578801,29,17,0.9411764705882353,0.6049032235676947,0.3333333333333333,5.0,1.0,0.7672876805753333,1.0,8,1.0,0.6644603734011156,1.0
3444,0.1,25,0.84,0.9558890525282276,0.3333333333333333,0.47652546502821425,21,12,0.75,0.4807245685330104,0.3333333333333333,7.0,1.0,0.46098596357893673,0.9948453608247423,6,0.8333333333333334,0.4862566763761124,0.8571428571428571
3445,0.07,24,0.9583333333333334,0.9708781362007168,0.3333333333333333,0.6070410999848127,23,5,0.8,0.5539566477960346,0.3333333333333333,10.0,1.0,0.5534698963840335,1.0,9,1.0,0.6960560218683329,1.0
3446,0.07,27,1.0,1.0,1.0,0.7019789118572874,27,11,1.0,0.7370260877052797,1.0,6.0,1.0,0.7339788621822977,1.0,10,1.0,0.64422704822949,1.0
3447,0.07,23,0.9565217391304348,0.9680611685985404,0.3333333333333333,0.5986206415294941,22,13,0.9230769230769231,0.5440937704782197,0.3333333333333333,2.0,1.0,0.8129977144231926,1.0,8,1.0,0.6336325387643904,0.9775280898876404
3448,0.07,27,1.0,0.9962894622191469,0.9545454545454546,0.568678295234539,27,17,1.0,0.5377819308542311,0.9545454545454546,2.0,1.0,0.6023689070906609,1.0,8,1.0,0.6259104165786631,0.9775280898876404
3449,0.1,30,0.8666666666666667,0.9626629650542694,0.3333333333333333,0.40996772270095466,26,14,0.7142857142857143,0.327848799676988,0.3333333333333333,7.0,1.0,0.3343063205556453,0.95,9,1.0,0.5965560268512544,1.0
3450,0.07,26,0.9615384615384616,0.9743589743589743,0.3333333333333333,0.5541892200400821,25,10,0.9,0.5387124699210494,0.3333333333333333,9.0,1.0,0.6278490303138938,1.0,7,1.0,0.48159339271522805,1.0
3451,0.07,27,0.9629629629629629,0.9744763490081843,0.3333333333333333,0.5643378346154448,26,14,0.9285714285714286,0.5823835141240588,0.3333333333333333,8.0,1.0,0.6118462506492104,1.0,5,1.0,0.437796466337302,0.9775280898876404
3452,0.07,23,1.0,0.998109640831758,0.9565217391304348,0.5601166807573688,23,12,1.0,0.5724975539206656,0.9565217391304348,6.0,1.0,0.5689596227203616,1.0,5,1.0,0.5197910548098651,1.0
3453,0.07,26,1.0,1.0,1.0,0.5944455361906871,26,10,1.0,0.5853398877164707,1.0,5.0,1.0,0.6336504593487887,1.0,11,1.0,0.5849029788226559,1.0
3454,0.07,31,1.0,0.9982345169474682,0.967741935483871,0.5964034411729536,31,13,1.0,0.5971341609200411,0.967741935483871,8.0,1.0,0.621814745313686,1.0,10,1.0,0.5751244621891544,0.9775280898876404
3455,0.07,25,1.0,0.9982608695652173,0.9565217391304348,0.6055801029787143,25,13,1.0,0.5173849899952636,0.9565217391304348,2.0,1.0,0.6315746529085385,1.0,10,1.0,0.7150348398712353,1.0
3456,0.07,27,1.0,0.9988052568697731,0.967741935483871,0.4943203702933455,27,15,1.0,0.48851036523274466,0.967741935483871,6.0,1.0,0.3711822889520306,1.0,6,1.0,0.6319834642861623,1.0
3457,0.07,26,1.0,0.9965795074490728,0.9545454545454546,0.5708033861391244,26,10,1.0,0.5417588182662773,0.9545454545454546,8.0,1.0,0.5401010803228589,1.0,8,1.0,0.6378114017964491,1.0
3458,0.07,28,1.0,0.9968238283455675,0.9545454545454546,0.5537302976714196,28,19,1.0,0.5681399106381685,0.9545454545454546,5.0,1.0,0.5357376303204328,1.0,4,1.0,0.5077754702680953,1.0
3459,0.07,26,0.9615384615384616,0.9734946701238836,0.3333333333333333,0.5659684589809783,25,8,0.875,0.5012798489187033,0.3333333333333333,8.0,1.0,0.6249668101329935,1.0,10,1.0,0.5705206661091862,0.9775280898876404
3460,0.07,24,0.9583333333333334,0.9722222222222222,0.3333333333333333,0.5358382753590064,23,7,0.8571428571428571,0.447721087526305,0.3333333333333333,8.0,1.0,0.569438956028597,1.0,9,1.0,0.5745065941892495,1.0
3461,0.07,24,1.0,0.9972520762090863,0.9565217391304348,0.5650741053544143,24,12,1.0,0.533199651457177,0.9565217391304348,3.0,1.0,0.44506892586836483,1.0,9,1.0,0.6475751037127473,0.9775280898876404
3462,0.07,21,1.0,0.9984639016897082,0.967741935483871,0.6303133268047904,21,10,1.0,0.6311196407511915,0.967741935483871,3.0,1.0,0.7478523954754976,1.0,8,1.0,0.5852282836202738,1.0
3463,0.07,24,1.0,1.0,1.0,0.5713751791674103,24,7,1.0,0.5663322211754686,1.0,7.0,1.0,0.5742893366554747,1.0,10,1.0,0.5728653395201244,1.0
3464,0.07,26,1.0,0.9970870644082426,0.9565217391304348,0.6081719952854215,26,12,1.0,0.6013835361846575,0.9565217391304348,6.0,1.0,0.7034404945098166,1.0,8,1.0,0.5469033095182714,1.0
3465,0.07,30,1.0,0.9984848484848484,0.9545454545454546,0.557944571839679,30,12,1.0,0.5505082066423954,0.9545454545454546,11.0,1.0,0.49098422929406754,1.0,7,1.0,0.675916021892412,1.0
3466,0.07,29,1.0,0.9988876529477198,0.967741935483871,0.6374481388637833,29,14,1.0,0.6460903153546023,0.967741935483871,5.0,1.0,0.594204622988635,1.0,10,1.0,0.6469708497142105,1.0
3467,0.07,26,0.9615384615384616,0.9726867335562986,0.3333333333333333,0.6044602394259656,25,12,0.9166666666666666,0.5939804753629064,0.3333333333333333,5.0,1.0,0.4755990199196757,1.0,9,1.0,0.6900228245690945,1.0
3468,0.03,27,1.0,1.0,1.0,0.8321087226060266,27,11,1.0,0.8523971773915252,1.0,8.0,1.0,0.8416613864896204,1.0,8,1.0,0.7946594333923722,1.0
3469,0.07,26,1.0,0.9983277591973244,0.9565217391304348,0.5822995455033282,26,13,1.0,0.5823555125295986,0.9565217391304348,4.0,1.0,0.566841673312116,1.0,9,1.0,0.5890888696614766,1.0
3470,0.07,27,0.9629629629629629,0.973625140291807,0.3333333333333333,0.6069426657281459,26,15,0.9333333333333333,0.6251016409032383,0.3333333333333333,5.0,1.0,0.3936639028093078,1.0,7,1.0,0.7203725495806895,1.0
3471,0.07,28,1.0,1.0,1.0,0.6085839176512281,28,11,1.0,0.6290555453224824,1.0,10.0,1.0,0.5395815579955494,1.0,7,1.0,0.6749890165330835,1.0
3472,0.03,22,1.0,1.0,1.0,0.885153080253933,22,12,1.0,0.8612753019641407,1.0,4.0,1.0,0.9712375093550012,1.0,6,1.0,0.8755190174328056,1.0
3473,0.07,23,0.9565217391304348,0.9677216090412016,0.3333333333333333,0.5942113577427623,22,9,0.8888888888888888,0.6343936841308138,0.3333333333333333,5.0,1.0,0.6069842961032764,1.0,9,1.0,0.546932954487759,1.0
3474,0.07,33,1.0,0.9983415159203489,0.967741935483871,0.5916417833140737,33,15,1.0,0.6069043462217872,0.967741935483871,7.0,1.0,0.5064333017102416,1.0,11,1.0,0.6250527767332663,0.9775280898876404
3475,0.07,28,1.0,1.0,1.0,0.577022847678638,28,14,1.0,0.5554245613952796,1.0,7.0,1.0,0.5629298704165696,1.0,7,1.0,0.6343123975074229,1.0
3476,0.07,28,0.9642857142857143,0.9745670995670996,0.3333333333333333,0.5088982412976091,27,17,0.9411764705882353,0.5661664038927285,0.3333333333333333,4.0,1.0,0.3116322279108216,1.0,7,1.0,0.48254185407334055,1.0
3477,0.07,25,0.96,0.9684856984997237,0.3333333333333333,0.6086768923867647,24,13,0.9230769230769231,0.5910300455510114,0.3333333333333333,5.0,1.0,0.5537341865112266,1.0,7,1.0,0.6806943978499768,1.0
3478,0.07,29,0.9655172413793104,0.9770114942528735,0.3333333333333333,0.5078987848409253,28,13,0.9230769230769231,0.5255089871849793,0.3333333333333333,5.0,1.0,0.41624693972424004,1.0,11,1.0,0.5287466571237188,1.0
3479,0.07,31,1.0,0.9967682412876441,0.9545454545454546,0.574750361094359,31,15,1.0,0.55886041050752,0.9545454545454546,8.0,1.0,0.5417458762525306,1.0,8,1.0,0.6375485032865099,0.9775280898876404
3480,0.1,24,0.875,0.9792215634606939,0.8043478260869565,0.49824690704688823,21,12,0.75,0.4699644766859472,0.8043478260869565,4.0,1.0,0.4636582378135658,1.0,8,1.0,0.5579648872049608,1.0
3481,0.1,27,0.8148148148148148,0.9522001947956786,0.3333333333333333,0.49009339534812185,22,11,0.6363636363636364,0.44186334776408404,0.3333333333333333,6.0,1.0,0.4850402193366883,0.9948453608247423,10,0.9,0.5461783532974234,0.8571428571428571
3482,0.07,28,1.0,0.9988479262672811,0.967741935483871,0.6440472980001742,28,15,1.0,0.5976553957669116,0.967741935483871,5.0,1.0,0.7039935060031328,1.0,8,1.0,0.6935657346856925,1.0
3483,0.07,26,1.0,0.9982517482517482,0.9545454545454546,0.5676574517394612,26,10,1.0,0.51615588071536,0.9545454545454546,7.0,1.0,0.574112929752171,1.0,9,1.0,0.6198604922007995,1.0
3484,0.07,26,0.9615384615384616,0.9726867335562986,0.3333333333333333,0.5267176305106364,25,15,0.9333333333333333,0.5302341980288744,0.3333333333333333,8.0,1.0,0.5408864780323925,1.0,3,1.0,0.4713511995280963,1.0
3485,0.07,33,0.9696969696969697,0.9791170128248778,0.3333333333333333,0.6265846164893891,32,16,0.9375,0.622253494151626,0.3333333333333333,7.0,1.0,0.6155455701806315,1.0,10,1.0,0.6412417446459402,0.9775280898876404
3486,0.07,27,1.0,0.9971217551862713,0.9545454545454546,0.5755315142984831,27,15,1.0,0.5613658790415933,0.9545454545454546,5.0,1.0,0.44383118903234886,1.0,7,1.0,0.6999581078961995,1.0
3487,0.1,28,0.8214285714285714,0.954044661342798,0.3333333333333333,0.46977385143437883,23,15,0.7333333333333333,0.46612503470718164,0.3333333333333333,5.0,1.0,0.4379371016748913,1.0,8,0.875,0.4965133513975534,0.8571428571428571
3488,0.07,25,0.96,0.9715151515151516,0.3333333333333333,0.5583886057497065,24,12,0.9166666666666666,0.5750111685159779,0.3333333333333333,5.0,1.0,0.4192307223137993,1.0,8,1.0,0.6204284387477412,1.0
3489,0.07,26,0.9615384615384616,0.9726867335562986,0.3333333333333333,0.6169695092724342,25,14,0.9285714285714286,0.5649771685279342,0.3333333333333333,6.0,1.0,0.640192085775714,1.0,6,1.0,0.715062394506321,1.0
3490,0.07,21,0.9523809523809523,0.9682539682539681,0.3333333333333333,0.5630762578883971,20,11,0.9090909090909091,0.5887877927642176,0.3333333333333333,6.0,1.0,0.5206308848646212,1.0,4,1.0,0.5560375965155555,1.0
3491,0.07,29,0.9655172413793104,0.9731699523067884,0.3333333333333333,0.5702385784447299,28,12,0.9166666666666666,0.499908008128327,0.3333333333333333,8.0,1.0,0.6217756616309941,1.0,9,1.0,0.6182019315899214,0.9775280898876404
3492,0.07,26,1.0,0.9991356957649093,0.9775280898876404,0.5745502922795276,26,14,1.0,0.6079806773688475,1.0,7.0,1.0,0.5448763429075001,1.0,5,1.0,0.52248874315027,0.9775280898876404
3493,0.07,27,1.0,0.9963626579445166,0.9565217391304348,0.6398504687420231,27,12,1.0,0.6261298529691263,0.9565217391304348,7.0,1.0,0.674509355116988,1.0,8,1.0,0.6301048668232742,0.9775280898876404
3494,0.07,27,0.9629629629629629,0.9753086419753086,0.3333333333333333,0.5645429454954809,26,10,0.9,0.4858138411456207,0.3333333333333333,9.0,1.0,0.5713697054186111,1.0,8,1.0,0.6552742210192843,1.0
3495,0.07,26,0.9615384615384616,0.9734946701238836,0.3333333333333333,0.5157518059175407,25,9,0.8888888888888888,0.46178952676569146,0.3333333333333333,7.0,1.0,0.4324355719184153,1.0,10,1.0,0.6226392209535928,0.9775280898876404
3496,0.1,28,0.8214285714285714,0.9497069183404587,0.3333333333333333,0.43924031048706597,23,11,0.6363636363636364,0.4891839469564816,0.3333333333333333,9.0,1.0,0.38017483271072733,0.95,8,0.875,0.43701647284000067,0.8571428571428571
3497,0.07,32,0.96875,0.9753794519529091,0.3333333333333333,0.5592655601000212,31,18,0.9444444444444444,0.557020523255213,0.3333333333333333,6.0,1.0,0.4981244793596839,1.0,8,1.0,0.6101727035560925,1.0
3498,0.07,23,1.0,0.9961333562467779,0.9545454545454546,0.5372599470971601,23,12,1.0,0.5193987636180619,0.9545454545454546,7.0,1.0,0.5770305558700871,1.0,4,1.0,0.5212449321818319,1.0
3499,0.07,26,1.0,1.0,1.0,0.546951593467443,26,12,1.0,0.573750325643244,1.0,7.0,1.0,0.5193532326909241,1.0,7,1.0,0.5286092705140176,1.0
3500,0.1,23,0.8695652173913043,0.9793725807903502,0.8333333333333334,0.5094256851129058,20,12,0.8333333333333334,0.5876207600963804,0.8333333333333334,6.0,1.0,0.48726815782227045,0.95,5,0.8,0.34834653790132897,0.8571428571428571
3501,0.07,25,1.0,1.0,1.0,0.5271798672180833,25,9,1.0,0.5973366901601854,1.0,6.0,1.0,0.407389945994676,1.0,10,1.0,0.5359126793042359,1.0
3502,0.07,25,1.0,0.9972829417773238,0.9545454545454546,0.6061731464821016,25,12,1.0,0.6156591429363757,0.9545454545454546,4.0,1.0,0.5170043734390626,1.0,9,1.0,0.6331557170066425,0.9775280898876404
3503,0.07,22,0.9545454545454546,0.9696969696969696,0.3333333333333333,0.6295317577478422,21,10,0.9,0.6220443165667041,0.3333333333333333,6.0,1.0,0.5881594169462524,1.0,6,1.0,0.6833831671846614,1.0
3504,0.07,31,1.0,1.0,1.0,0.6070119911744706,31,15,1.0,0.6615447060589665,1.0,6.0,1.0,0.5204223284487624,1.0,10,1.0,0.5771667164831518,1.0
3505,0.07,23,1.0,0.9980237154150197,0.9545454545454546,0.5057662496482448,23,10,1.0,0.5070240418740452,0.9545454545454546,7.0,1.0,0.4163027925933576,1.0,6,1.0,0.6080439625026123,1.0
3506,0.07,24,1.0,1.0,1.0,0.5546080935617124,24,14,1.0,0.6229773681861441,1.0,4.0,1.0,0.36695611671468903,1.0,6,1.0,0.5201811040027202,1.0
3507,0.07,27,0.9629629629629629,0.9727928473246826,0.3333333333333333,0.553973871849106,26,10,0.9,0.5742369191711958,0.3333333333333333,9.0,1.0,0.5457503122119823,1.0,8,1.0,0.5378965672882579,0.9775280898876404
3508,0.07,24,1.0,0.9962944664031621,0.9545454545454546,0.5171829704113694,24,15,1.0,0.510617474105889,0.9545454545454546,4.0,1.0,0.5315156615372452,1.0,5,1.0,0.5254133064271096,1.0
3509,0.07,31,0.967741935483871,0.9763671987855292,0.3333333333333333,0.6472614692458878,30,16,0.9375,0.6455765996681009,0.3333333333333333,7.0,1.0,0.701945436282846,1.0,8,1.0,0.602782737244123,0.9775280898876404
3510,0.07,27,1.0,1.0,1.0,0.5894562159255439,27,14,1.0,0.6276593871014529,1.0,6.0,1.0,0.5707641251959438,1.0,7,1.0,0.5290716656276686,1.0
3511,0.07,32,0.96875,0.976738147605083,0.3333333333333333,0.5490191291799594,31,14,0.9285714285714286,0.524219228005714,0.3333333333333333,8.0,1.0,0.5902229829587295,1.0,10,1.0,0.5507759078008867,1.0
3512,0.07,24,1.0,0.9990636704119851,0.9775280898876404,0.6209990290326747,24,11,1.0,0.6160117110585708,1.0,5.0,1.0,0.5015258779604872,1.0,8,1.0,0.7025273106671845,0.9775280898876404
3513,0.07,27,1.0,0.9963626579445164,0.9565217391304348,0.589765310973569,27,13,1.0,0.605417664634447,0.9565217391304348,7.0,1.0,0.46718850192032474,1.0,7,1.0,0.6832734632280397,0.9775280898876404
3514,0.07,28,1.0,0.9988479262672811,0.967741935483871,0.6517570176678793,28,14,1.0,0.6771642779330876,0.967741935483871,4.0,1.0,0.5330707609607945,1.0,10,1.0,0.6636613559794213,1.0
3515,0.07,28,0.9642857142857143,0.9734856074267013,0.3333333333333333,0.5723780520284587,27,11,0.9090909090909091,0.5843567677491941,0.3333333333333333,7.0,1.0,0.5421516467958446,1.0,10,1.0,0.5803599483984795,1.0
3516,0.1,31,0.8709677419354839,0.9588202379118707,0.3333333333333333,0.5033386226527694,27,17,0.8235294117647058,0.5347096680566334,0.3333333333333333,6.0,1.0,0.48732977130939203,1.0,8,0.875,0.4486817896770917,0.8571428571428571
3517,0.07,28,1.0,0.9991974317817015,0.9775280898876404,0.5948763176117059,28,13,1.0,0.5615767486436029,1.0,6.0,1.0,0.5765102221108072,1.0,9,1.0,0.6552197586773425,0.9775280898876404
3518,0.07,24,0.9583333333333334,0.9703282828282829,0.3333333333333333,0.49248500279673263,23,8,0.875,0.4882054993359165,0.3333333333333333,7.0,1.0,0.45332973614962935,1.0,9,1.0,0.5267431021540938,1.0
3519,0.07,28,1.0,0.9988479262672811,0.967741935483871,0.5527364771595725,28,17,1.0,0.6059245734063063,0.967741935483871,6.0,1.0,0.49592745475585104,1.0,5,1.0,0.4400677768051434,1.0
3520,0.1,29,0.896551724137931,0.9811258416589606,0.8043478260869565,0.4615555769033264,26,13,0.8461538461538461,0.4084295332912343,0.8043478260869565,10.0,1.0,0.5073658424355296,0.95,6,0.8333333333333334,0.5003115621758537,0.8571428571428571
3521,0.07,28,1.0,0.9975740551583249,0.9545454545454546,0.5449126066044556,28,15,1.0,0.5550937445818167,0.9545454545454546,7.0,1.0,0.6154339347587493,1.0,6,1.0,0.43718487881437657,0.9775280898876404
3522,0.1,30,0.8666666666666667,0.9810894660894661,0.8333333333333334,0.44083944473651193,26,14,0.7857142857142857,0.47002489302050676,0.8333333333333334,8.0,1.0,0.32169990870242793,1.0,8,0.875,0.5089044462736048,0.8571428571428571
3523,0.07,30,1.0,0.9981756675123837,0.967741935483871,0.6194034150851365,30,14,1.0,0.6159090374556506,0.967741935483871,8.0,1.0,0.6288070307490877,1.0,8,1.0,0.6161149602727856,0.9775280898876404
3524,0.1,27,0.8518518518518519,0.976945531241064,0.8333333333333334,0.4878152796840658,23,10,0.7,0.48274911773250756,0.8333333333333334,9.0,1.0,0.4768468026113725,0.95,8,0.875,0.5064875188302934,0.8571428571428571
3525,0.07,28,1.0,0.9972245496439045,0.9545454545454546,0.5689985570627003,28,16,1.0,0.5825328213011977,0.9545454545454546,5.0,1.0,0.44768168587584906,1.0,7,1.0,0.6247180039367429,1.0
3526,0.07,27,1.0,0.998389694041868,0.9565217391304348,0.6833259797231229,27,12,1.0,0.7577723378106481,0.9565217391304348,8.0,1.0,0.6341140251202719,1.0,7,1.0,0.6119458854049096,1.0
3527,0.07,27,0.9629629629629629,0.9715981041944555,0.3333333333333333,0.5187241681885362,26,12,0.9166666666666666,0.49853931558378384,0.3333333333333333,7.0,1.0,0.49829768941625313,1.0,8,1.0,0.5668746160214122,0.9775280898876404
3528,0.07,28,0.9642857142857143,0.9761904761904762,0.3333333333333333,0.6262767127035279,27,13,0.9230769230769231,0.6587531916389857,0.3333333333333333,4.0,1.0,0.659006265489377,1.0,11,1.0,0.5759937638576781,1.0
3529,0.07,29,1.0,0.9950461110016345,0.9545454545454546,0.5839810835099294,29,16,1.0,0.5635273997985889,0.9545454545454546,7.0,1.0,0.6790651919226968,1.0,6,1.0,0.5275927802586082,0.9775280898876404
3530,0.1,22,0.8636363636363636,0.9801953433535736,0.8043478260869565,0.5248835595041211,19,12,0.75,0.48608599243050277,0.8043478260869565,5.0,1.0,0.5159878008935669,1.0,5,1.0,0.6268934790913592,1.0
3531,0.1,29,0.8620689655172413,0.9771176100261557,0.8043478260869565,0.5016813143481598,25,12,0.6666666666666666,0.47155683655635355,0.8043478260869565,8.0,1.0,0.5584566698739598,0.95,9,1.0,0.49138030204763467,0.9565217391304348
3532,0.1,22,0.8636363636363636,0.9794980870426044,0.8333333333333334,0.5181079159359794,19,7,0.7142857142857143,0.5524438172558385,0.8333333333333334,5.0,1.0,0.6130165221008345,0.9948453608247423,10,0.9,0.44661848192965065,0.8571428571428571
3533,0.07,29,1.0,0.9973884025729071,0.9565217391304348,0.5913481946860544,29,13,1.0,0.661549017237157,0.9565217391304348,8.0,1.0,0.515524801943686,1.0,8,1.0,0.553095250782881,1.0
3534,0.07,28,0.9642857142857143,0.9742358342394587,0.3333333333333333,0.6063825167383708,27,12,0.9166666666666666,0.6047855705829612,0.3333333333333333,5.0,1.0,0.6945635886130207,1.0,11,1.0,0.5680423344194316,0.9775280898876404
3535,0.07,25,1.0,0.9969705469845722,0.9565217391304348,0.5311247628326735,25,13,1.0,0.4919763076975697,0.9565217391304348,8.0,1.0,0.5720681643734838,1.0,4,1.0,0.5764704389401406,1.0
3536,0.07,33,0.9696969696969697,0.9777396023565585,0.3333333333333333,0.5392115083781357,32,20,0.95,0.5749911617661059,0.3333333333333333,8.0,1.0,0.4520007693556387,1.0,5,1.0,0.5356300772622496,0.9775280898876404
3537,0.1,26,0.8076923076923077,0.9473962243900942,0.3333333333333333,0.4467676026126872,21,14,0.7142857142857143,0.37904604542785414,0.3333333333333333,6.0,1.0,0.6494122076230839,0.95,6,0.8333333333333334,0.402139964366901,0.8571428571428571
3538,0.07,28,0.9642857142857143,0.9750384024577573,0.3333333333333333,0.5721771251426091,27,19,0.9473684210526315,0.6096216266822333,0.3333333333333333,5.0,1.0,0.5047871980631543,1.0,4,1.0,0.47855315167871326,1.0
3539,0.1,29,0.8620689655172413,0.9803409983320028,0.8043478260869565,0.4990554940384138,25,17,0.7647058823529411,0.4730872728881303,0.8043478260869565,7.0,1.0,0.5832319765189836,1.0,5,1.0,0.46950037047657994,1.0
3540,0.07,25,0.96,0.9703038803179055,0.3333333333333333,0.598800835154692,24,13,0.9230769230769231,0.6575867929380177,0.3333333333333333,8.0,1.0,0.5277154495778413,1.0,4,1.0,0.5499172435125841,1.0
3541,0.07,25,0.96,0.9706953264940563,0.3333333333333333,0.6140065587254905,24,12,0.9166666666666666,0.6312093344695296,0.3333333333333333,7.0,1.0,0.5977253484938366,1.0,6,1.0,0.5985957525076747,0.9775280898876404
3542,0.07,27,1.0,1.0,1.0,0.5998338707279219,27,13,1.0,0.7049173273079996,1.0,6.0,1.0,0.4533534988661317,1.0,8,1.0,0.5389335326816387,1.0
3543,0.07,32,0.96875,0.9784644194756554,0.3333333333333333,0.538210599104813,31,14,0.9285714285714286,0.5500563774414454,0.3333333333333333,6.0,1.0,0.42732945701382813,1.0,12,1.0,0.579831095424234,0.9775280898876404
3544,0.07,26,1.0,0.9978950009758274,0.967741935483871,0.5263885523111012,26,11,1.0,0.5265786064821568,0.967741935483871,8.0,1.0,0.3994917747351213,1.0,7,1.0,0.6711147844148481,0.9775280898876404
3545,0.07,25,1.0,0.9973619931607228,0.9565217391304348,0.5928348396452472,25,11,1.0,0.5629480350067843,0.9565217391304348,5.0,1.0,0.6462588246460126,1.0,9,1.0,0.5996831647584987,0.9775280898876404
3546,0.07,29,1.0,1.0,1.0,0.5747724091984527,29,13,1.0,0.5593029313628808,1.0,10.0,1.0,0.5650353667708947,1.0,6,1.0,0.6245180152214554,1.0
3547,0.07,27,1.0,0.9971217551862713,0.9545454545454546,0.5658893367855338,27,11,1.0,0.617971138328739,0.9545454545454546,9.0,1.0,0.5504123253402375,1.0,7,1.0,0.5039455205044495,1.0
3548,0.07,22,1.0,0.9989785495403474,0.9775280898876404,0.5687320156723058,22,11,1.0,0.5923739411999561,1.0,4.0,1.0,0.46278927330208214,1.0,7,1.0,0.5921191283404114,0.9775280898876404
3549,0.07,24,1.0,0.9981060606060606,0.9545454545454546,0.6157278311023503,24,13,1.0,0.5943182747845959,0.9545454545454546,4.0,1.0,0.5968564911326939,1.0,7,1.0,0.6662720585322692,1.0
3550,0.07,26,0.9615384615384616,0.9743589743589743,0.3333333333333333,0.6280689691699854,25,15,0.9333333333333333,0.577297411342918,0.3333333333333333,5.0,1.0,0.6157615142623694,1.0,6,1.0,0.7652540761606675,1.0
3551,0.07,23,0.9565217391304348,0.9696119682094436,0.3333333333333333,0.5249487905975811,22,12,0.9166666666666666,0.4766093144010089,0.3333333333333333,3.0,1.0,0.6269036877990616,1.0,8,1.0,0.5592249184418845,1.0
3552,0.1,28,0.8928571428571429,0.9819507383829343,0.8571428571428571,0.4370506519827913,25,12,0.8333333333333334,0.4330444474923647,0.8636363636363636,8.0,1.0,0.3825705617626298,0.95,8,0.875,0.49754004893859244,0.8571428571428571
3553,0.07,26,1.0,0.9978950009758273,0.967741935483871,0.5228437763861775,26,10,1.0,0.4981956871248757,0.967741935483871,7.0,1.0,0.5024787737998719,1.0,9,1.0,0.5660699886880838,0.9775280898876404
3554,0.07,26,0.9615384615384616,0.9722539753348016,0.3333333333333333,0.5293446187798494,25,11,0.9090909090909091,0.47670150730530875,0.3333333333333333,9.0,1.0,0.5661792490573442,1.0,6,1.0,0.5706050444002646,0.9775280898876404
3555,0.07,29,1.0,0.9973884025729071,0.9565217391304348,0.6067365142058574,29,14,1.0,0.615156904676525,0.9565217391304348,7.0,1.0,0.6003223920770032,1.0,8,1.0,0.5976131877449369,1.0
3556,0.07,23,1.0,0.998109640831758,0.9565217391304348,0.5992954677935625,23,13,1.0,0.619804184393762,0.9565217391304348,4.0,1.0,0.5231586990416855,1.0,6,1.0,0.6056177609943817,1.0
3557,0.07,23,1.0,0.9990229604298975,0.9775280898876404,0.6883860496125637,23,10,1.0,0.7149291154564502,1.0,4.0,1.0,0.8062165553014947,1.0,9,1.0,0.6065246405909429,0.9775280898876404
3558,0.1,22,0.7727272727272727,0.9641497946993293,0.8043478260869565,0.4261300448769628,17,16,0.75,0.4259061825612629,0.8043478260869565,1.0,1.0,0.23763955342902712,1.0,5,0.8,0.46454450257679003,0.8571428571428571
3559,0.07,25,1.0,0.9978108010148605,0.967741935483871,0.5555960897726748,25,13,1.0,0.5184891949741132,0.967741935483871,4.0,1.0,0.6536399542293809,1.0,8,1.0,0.5668728615919849,0.9775280898876404
3560,0.07,25,1.0,0.9969705469845722,0.9565217391304348,0.5759575759099521,25,11,1.0,0.6189423848878343,0.9565217391304348,8.0,1.0,0.5120443556757582,1.0,6,1.0,0.5823697197627601,1.0
3561,0.1,26,0.8461538461538461,0.9744773342599431,0.8043478260869565,0.4394797580730379,22,16,0.75,0.4672865606056964,0.8043478260869565,5.0,1.0,0.4052016241689337,1.0,5,1.0,0.38477612387263493,0.9565217391304348
3562,0.07,27,1.0,1.0,1.0,0.6269261588408271,27,18,1.0,0.6186876043983953,1.0,4.0,1.0,0.677298485451588,1.0,5,1.0,0.6162870935449731,1.0
3563,0.07,28,1.0,0.9975740551583249,0.9545454545454546,0.5770809121938782,28,15,1.0,0.5965581759863144,0.9545454545454546,4.0,1.0,0.6143636993758324,1.0,9,1.0,0.5280486782367272,0.9775280898876404
3564,0.07,26,1.0,0.9983277591973244,0.9565217391304348,0.619998935285015,26,14,1.0,0.6379789291730773,0.9565217391304348,8.0,1.0,0.5443755584086483,1.0,4,1.0,0.7083157104295307,1.0
3565,0.07,29,1.0,1.0,1.0,0.5951209171730352,29,16,1.0,0.6214477649220478,1.0,6.0,1.0,0.535560749435792,1.0,7,1.0,0.5859968375215009,1.0
3566,0.07,26,0.9615384615384616,0.9731182795698925,0.3333333333333333,0.5815026402558927,25,11,0.9090909090909091,0.5367538553855338,0.3333333333333333,5.0,1.0,0.5674590040444374,1.0,10,1.0,0.6377481217190153,1.0
3567,0.07,24,1.0,0.9953581368151471,0.9545454545454546,0.5237589724968718,24,11,1.0,0.4895572723221976,0.9545454545454546,7.0,1.0,0.5151381544920394,1.0,6,1.0,0.5965197104894118,0.9775280898876404
3568,0.07,27,1.0,0.9967061923583663,0.9545454545454546,0.5805427264282748,27,12,1.0,0.6305632069635809,0.9545454545454546,3.0,1.0,0.4226211391982317,1.0,12,1.0,0.5700026427004795,1.0
3569,0.1,26,0.8846153846153846,0.9778342682218859,0.8043478260869565,0.3969332870151054,23,12,0.75,0.4004408973968013,0.8043478260869565,6.0,1.0,0.4405127092987077,0.95,8,1.0,0.3589873047298599,0.9775280898876404
3570,0.07,29,1.0,1.0,1.0,0.6530388644975347,29,16,1.0,0.6738780316697288,1.0,5.0,1.0,0.5981282792367163,1.0,8,1.0,0.6456796459411583,1.0
3571,0.07,22,1.0,1.0,1.0,0.5163581405730082,22,10,1.0,0.5495264837708614,1.0,4.0,1.0,0.3945099574704136,1.0,8,1.0,0.535821803126989,1.0
3572,0.07,28,0.9642857142857143,0.9734150258343808,0.3333333333333333,0.5128889098487385,27,11,0.9090909090909091,0.4840634079915858,0.3333333333333333,8.0,1.0,0.5049663168425712,1.0,9,1.0,0.5551623836796294,1.0
3573,0.07,24,1.0,0.9990636704119851,0.9775280898876404,0.5473814104292526,24,12,1.0,0.5164439976972272,1.0,4.0,1.0,0.540988576660107,1.0,8,1.0,0.5969839464118638,0.9775280898876404
3574,0.07,29,0.9655172413793104,0.9755122438780609,0.3333333333333333,0.5563689872193196,28,16,0.9375,0.5475639240988086,0.3333333333333333,7.0,1.0,0.6045444347694636,1.0,6,1.0,0.5236444667321805,1.0
3575,0.07,26,0.9615384615384616,0.9743589743589743,0.3333333333333333,0.6588010195737759,25,10,0.9,0.6669147119721368,0.3333333333333333,8.0,1.0,0.6623385079394323,1.0,8,1.0,0.6451214157101683,1.0
3576,0.1,26,0.8461538461538461,0.9738864490964664,0.8043478260869565,0.4547059949204864,22,14,0.7857142857142857,0.44070896218714123,0.8043478260869565,5.0,1.0,0.41984317771412244,0.9948453608247423,7,0.8571428571428571,0.5076020726774366,0.8571428571428571
3577,0.1,25,0.88,0.9587047875178759,0.3333333333333333,0.4434989809373666,22,15,0.8,0.4788818811194679,0.3333333333333333,5.0,1.0,0.3898001389785222,0.9948453608247423,5,1.0,0.39104912234990674,0.9565217391304348
3578,0.07,25,1.0,0.996891495601173,0.9545454545454546,0.613402216053235,25,12,1.0,0.5017361528446068,0.9545454545454546,8.0,1.0,0.7401425759564205,1.0,5,1.0,0.6786161919088456,1.0
3579,0.07,27,1.0,0.9991677070328756,0.9775280898876404,0.6545929629115235,27,9,1.0,0.6290780973351724,1.0,7.0,1.0,0.6693908411334426,1.0,11,1.0,0.6660519304236803,0.9775280898876404
3580,0.07,21,1.0,1.0,1.0,0.6449046831039231,21,10,1.0,0.6408793345504656,1.0,5.0,1.0,0.7348580073653955,1.0,6,1.0,0.5766524938084586,1.0
3581,0.07,25,1.0,0.9978108010148605,0.967741935483871,0.6166934646687813,25,12,1.0,0.6304911131090002,0.967741935483871,4.0,1.0,0.6500350476672602,1.0,9,1.0,0.5834781187491657,0.9775280898876404
3582,0.1,27,0.8518518518518519,0.9743874214888708,0.8043478260869565,0.45386247003242014,23,15,0.8,0.47752497549646644,0.8043478260869565,6.0,1.0,0.3464572136154384,0.95,6,0.8333333333333334,0.5021114627892861,0.8571428571428571
3583,0.1,29,0.896551724137931,0.9635940669072004,0.3333333333333333,0.4190777898948882,26,17,0.8823529411764706,0.41564474554765607,0.3333333333333333,6.0,1.0,0.41384088213777,0.95,6,0.8333333333333334,0.43404165663583066,0.8571428571428571
3584,0.07,32,1.0,0.9969309926406857,0.9565217391304348,0.6610197661496684,32,18,1.0,0.6552311363982211,0.9565217391304348,8.0,1.0,0.6828619786092738,1.0,6,1.0,0.6492627054578698,0.9775280898876404
3585,0.07,26,0.9615384615384616,0.9743589743589743,0.3333333333333333,0.6271308436985189,25,13,0.9230769230769231,0.5754664710650426,0.3333333333333333,5.0,1.0,0.7122867215820551,1.0,8,1.0,0.6578630255507074,1.0
3586,0.1,27,0.8888888888888888,0.9628905542884039,0.3333333333333333,0.49302417519197944,24,17,0.8235294117647058,0.47011480120363514,0.3333333333333333,4.0,1.0,0.42204583218044844,1.0,6,1.0,0.6052529634999756,1.0
3587,0.07,26,1.0,0.9957152032139819,0.9545454545454546,0.576275468768321,26,9,1.0,0.5504737508283443,0.9545454545454546,7.0,1.0,0.5044172333400688,1.0,10,1.0,0.6497977797140764,0.9775280898876404
3588,0.07,25,1.0,0.9964426877470356,0.9545454545454546,0.5639670993430282,25,11,1.0,0.5354504203504443,0.9545454545454546,6.0,1.0,0.6321447792768644,1.0,8,1.0,0.5520442730074542,1.0
3589,0.07,31,1.0,1.0,1.0,0.6096140156171919,31,14,1.0,0.6872947159770364,1.0,7.0,1.0,0.5219816165456521,1.0,10,1.0,0.5622037144634874,1.0
3590,0.07,32,1.0,0.997633239831697,0.9565217391304348,0.590732197200607,32,15,1.0,0.6164196778335381,0.9565217391304348,7.0,1.0,0.46151676843492867,1.0,10,1.0,0.6426517763871851,1.0
3591,0.07,25,1.0,0.997361993160723,0.9565217391304348,0.6199435753617654,25,9,1.0,0.6758837139020257,0.9565217391304348,6.0,1.0,0.4980199300457127,1.0,10,1.0,0.6427516378651629,0.9775280898876404
3592,0.07,33,0.9696969696969697,0.9768219726616751,0.3333333333333333,0.5686781754669686,32,14,0.9285714285714286,0.5893523846491117,0.3333333333333333,9.0,1.0,0.5706853353122265,1.0,10,1.0,0.5379278387512361,0.9775280898876404
3593,0.07,26,1.0,0.9987593052109182,0.967741935483871,0.5850325769330804,26,16,1.0,0.5655405268140459,0.967741935483871,3.0,1.0,0.5192875939267692,1.0,7,1.0,0.6577622556364361,1.0
3594,0.07,24,1.0,0.9967619745845552,0.9545454545454546,0.6058107617734588,24,11,1.0,0.616077923859427,0.9545454545454546,5.0,1.0,0.520453176265134,1.0,8,1.0,0.6450419048479554,1.0
3595,0.07,29,1.0,1.0,1.0,0.6213519442310652,29,10,1.0,0.615038657039688,1.0,10.0,1.0,0.6007569985042968,1.0,9,1.0,0.6512499808067826,1.0
3596,0.07,27,1.0,0.9979729639026487,0.967741935483871,0.640527746679481,27,11,1.0,0.6270060847604402,0.967741935483871,8.0,1.0,0.6000778999955088,1.0,8,1.0,0.6995698785021344,0.9775280898876404
3597,0.03,22,1.0,1.0,1.0,0.8759449063245526,22,12,1.0,0.8744123353276669,1.0,3.0,1.0,0.8338878581913963,1.0,7,1.0,0.896596620090567,1.0
3598,0.07,28,1.0,0.9988479262672811,0.967741935483871,0.6252271396837986,28,11,1.0,0.6852690626098205,0.967741935483871,9.0,1.0,0.5746149513707777,1.0,8,1.0,0.5996082075126676,1.0
3599,0.1,28,0.8928571428571429,0.982819903630145,0.8043478260869565,0.4665266562669465,25,13,0.8461538461538461,0.5436192189061684,0.8043478260869565,5.0,1.0,0.29508815046358705,0.9948453608247423,10,0.9,0.45202557773763796,0.8571428571428571
3600,0.07,26,0.9615384615384616,0.9726867335562986,0.3333333333333333,0.596100696030802,25,14,0.9285714285714286,0.5996976788727346,0.3333333333333333,5.0,1.0,0.5354824732878058,1.0,7,1.0,0.6322054608776487,1.0
3601,0.07,29,1.0,0.9976577084287274,0.9545454545454546,0.6100549041792044,29,16,1.0,0.5659691356379177,0.9545454545454546,3.0,1.0,0.6855874888565069,1.0,10,1.0,0.6579323584420722,0.9775280898876404
3602,0.07,29,1.0,0.9958210044537847,0.9545454545454546,0.5594235362502067,29,14,1.0,0.5374020873730393,0.9545454545454546,7.0,1.0,0.646692616547405,1.0,8,1.0,0.5216006265252012,1.0
3603,0.1,30,0.9,0.9690270383637547,0.3333333333333333,0.4460304439524095,27,14,0.7857142857142857,0.4143327306040069,0.3333333333333333,6.0,1.0,0.46224756630583214,1.0,10,1.0,0.48067696922811975,0.9775280898876404
3604,0.07,25,1.0,1.0,1.0,0.5895269005257955,25,9,1.0,0.56013520966987,1.0,7.0,1.0,0.5836621119055055,1.0,9,1.0,0.6234800936419467,1.0
3605,0.07,25,1.0,0.9982608695652173,0.9565217391304348,0.6060182976745119,25,11,1.0,0.6277044024806817,0.9565217391304348,6.0,1.0,0.6225072369172769,1.0,8,1.0,0.5638331991339547,1.0
3606,0.07,28,1.0,0.9972245496439045,0.9545454545454546,0.5986587026255926,28,15,1.0,0.5953837546944007,0.9545454545454546,7.0,1.0,0.6867904685814601,1.0,6,1.0,0.5040256788383939,1.0
3607,0.07,31,1.0,0.9989594172736733,0.967741935483871,0.607750601790716,31,13,1.0,0.6215156128205178,0.967741935483871,9.0,1.0,0.538436269804372,1.0,9,1.0,0.6571821400673463,1.0
3608,0.1,28,0.8928571428571429,0.9615436281982713,0.3333333333333333,0.43132381090631816,25,15,0.8666666666666667,0.43604558074799055,0.3333333333333333,5.0,1.0,0.49420515120003544,0.9948453608247423,8,0.875,0.38316965476960935,0.8571428571428571
3609,0.07,27,1.0,0.9971217551862713,0.9545454545454546,0.566920902001902,27,14,1.0,0.5393491518048024,0.9545454545454546,5.0,1.0,0.5271007067785696,1.0,8,1.0,0.6400590868614092,1.0
3610,0.07,26,1.0,0.9962227601731517,0.9565217391304348,0.6206797167792993,26,9,1.0,0.6797824285353997,0.9565217391304348,9.0,1.0,0.6261950274758439,1.0,8,1.0,0.5479844415200739,0.9775280898876404
3611,0.07,27,0.9629629629629629,0.9741138988450816,0.3333333333333333,0.5944543241285151,26,15,0.9333333333333333,0.6343328665832051,0.3333333333333333,7.0,1.0,0.48132982304759775,1.0,5,1.0,0.6331929982777298,1.0
3612,0.07,23,0.9565217391304348,0.9696119682094436,0.3333333333333333,0.5245910132828749,22,12,0.9166666666666666,0.52946632688795,0.3333333333333333,5.0,1.0,0.46103446466187936,1.0,6,1.0,0.5678041765902208,1.0
3613,0.07,30,1.0,1.0,1.0,0.6217306364600186,30,10,1.0,0.6808636522968039,1.0,8.0,1.0,0.6120978532263117,1.0,12,1.0,0.5788749787518356,1.0
3614,0.07,26,1.0,1.0,1.0,0.5556304391741901,26,14,1.0,0.5952650014410309,1.0,6.0,1.0,0.4213577255935019,1.0,6,1.0,0.5974225074655831,1.0
3615,0.07,26,1.0,0.9991356957649093,0.9775280898876404,0.5433124031360819,26,10,1.0,0.5222797321950511,1.0,4.0,1.0,0.5132602658537919,1.0,12,1.0,0.5708570080143708,0.9775280898876404
3616,0.07,27,1.0,1.0,1.0,0.5776882592337812,27,12,1.0,0.5760399661354988,1.0,7.0,1.0,0.519024988936629,1.0,8,1.0,0.6314910603912132,1.0
3617,0.07,27,1.0,0.9988052568697731,0.967741935483871,0.6099152384158868,27,13,1.0,0.6323223633644666,0.967741935483871,7.0,1.0,0.5987261769808686,1.0,7,1.0,0.5794910678035422,1.0
3618,0.07,27,1.0,1.0,1.0,0.5593429366888003,27,11,1.0,0.643982917569777,1.0,7.0,1.0,0.518758176825109,1.0,9,1.0,0.4874599955060332,1.0
3619,0.07,27,0.9629629629629629,0.9741138988450816,0.3333333333333333,0.6024885811617854,26,14,0.9285714285714286,0.5398700720187073,0.3333333333333333,6.0,1.0,0.6188368577227318,1.0,7,1.0,0.7137127909671299,1.0
3620,0.07,22,1.0,1.0,1.0,0.6082368967625739,22,9,1.0,0.6570026042383231,1.0,6.0,1.0,0.5143883869532497,1.0,7,1.0,0.6259797098446025,1.0
3621,0.07,26,0.9615384615384616,0.9743589743589743,0.3333333333333333,0.6273590325744013,25,14,0.9285714285714286,0.6471371825213986,0.3333333333333333,5.0,1.0,0.5743062799519344,1.0,7,1.0,0.625697555982169,1.0
3622,0.07,21,1.0,0.9984639016897082,0.967741935483871,0.6641875200328166,21,8,1.0,0.685857672653625,0.967741935483871,4.0,1.0,0.7094466420105032,1.0,9,1.0,0.6248099968242374,1.0
3623,0.07,27,0.9629629629629629,0.9753086419753086,0.3333333333333333,0.6191151672813158,26,13,0.9230769230769231,0.5960894189520471,0.3333333333333333,4.0,1.0,0.7230560678465222,1.0,10,1.0,0.6074722798832825,1.0
3624,0.07,22,0.9545454545454546,0.9677206851119894,0.3333333333333333,0.5507200959894898,21,9,0.8888888888888888,0.5138993442799084,0.3333333333333333,7.0,1.0,0.5522778219779235,1.0,6,1.0,0.6041338765673562,1.0
3625,0.07,27,1.0,0.9975574010747436,0.9565217391304348,0.6170247344573725,27,12,1.0,0.6105989649413966,0.9565217391304348,5.0,1.0,0.6782530360583687,1.0,10,1.0,0.5941215070760457,0.9775280898876404
3626,0.07,31,0.967741935483871,0.9774540409295872,0.3333333333333333,0.604628395617475,30,22,0.9545454545454546,0.5989896911841963,0.3333333333333333,4.0,1.0,0.6429318611040074,1.0,5,1.0,0.598795922734676,1.0
3627,0.07,27,1.0,0.9962894622191469,0.9545454545454546,0.6228280818283756,27,10,1.0,0.574082837199734,0.9545454545454546,8.0,1.0,0.6689875824219782,1.0,9,1.0,0.635958797554775,0.9775280898876404
3628,0.1,28,0.8571428571428571,0.958713129520583,0.3333333333333333,0.4310064289698748,24,16,0.8125,0.4629398909740605,0.3333333333333333,5.0,1.0,0.46377135503327327,1.0,7,0.8571428571428571,0.3346121400578803,0.8571428571428571
3629,0.07,23,1.0,0.997620435885718,0.967741935483871,0.5298504627102486,23,10,1.0,0.6084386021964063,0.967741935483871,6.0,1.0,0.3084117309330001,1.0,7,1.0,0.6073863192533795,0.9775280898876404
3630,0.07,23,0.9565217391304348,0.9691241335853811,0.3333333333333333,0.6038979482532412,22,12,0.9166666666666666,0.6141473087428655,0.3333333333333333,7.0,1.0,0.5984350729160999,1.0,4,1.0,0.5827098986243655,1.0
3631,0.07,28,1.0,0.996421981425606,0.9545454545454546,0.5563905982735092,28,13,1.0,0.5758531149503621,0.9545454545454546,7.0,1.0,0.4986020780890153,1.0,8,1.0,0.5753289638350554,0.9775280898876404
3632,0.07,28,1.0,0.996021260127269,0.9545454545454546,0.5043700807047002,28,15,1.0,0.47813647328215503,0.9545454545454546,4.0,1.0,0.5554858713242914,1.0,9,1.0,0.525374630578013,0.9775280898876404
3633,0.07,26,1.0,0.9973874440166575,0.9545454545454546,0.525971577819818,26,10,1.0,0.473275907633331,0.9545454545454546,6.0,1.0,0.49235188747981873,1.0,10,1.0,0.5988390622103045,0.9775280898876404
3634,0.07,26,1.0,0.9961467492275756,0.9545454545454546,0.5679534573592901,26,13,1.0,0.5917447018280622,0.9545454545454546,6.0,1.0,0.5104354074574228,1.0,7,1.0,0.5730709032617431,0.9775280898876404
3635,0.07,25,1.0,0.9982608695652173,0.9565217391304348,0.5857738200892396,25,10,1.0,0.6125811266331177,0.9565217391304348,9.0,1.0,0.5359406256401736,1.0,6,1.0,0.6158447675230421,1.0
3636,0.03,30,1.0,1.0,1.0,0.8689245231530275,30,13,1.0,0.8549350877878746,1.0,9.0,1.0,0.8713184545904137,1.0,8,1.0,0.888964182754341,1.0
3637,0.07,27,1.0,0.9974842053493739,0.9545454545454546,0.6013215855903105,27,14,1.0,0.6288915969365538,0.9545454545454546,6.0,1.0,0.5799141120060228,1.0,7,1.0,0.5645308259700702,0.9775280898876404
3638,0.07,29,1.0,0.9988876529477198,0.967741935483871,0.6223120081415567,29,17,1.0,0.6322057426819495,0.967741935483871,5.0,1.0,0.7498271503079372,1.0,7,1.0,0.5072021227103313,1.0
3639,0.07,25,0.96,0.969325952530012,0.3333333333333333,0.5550326798717153,24,14,0.9285714285714286,0.5461157283247233,0.3333333333333333,5.0,1.0,0.6633783211750249,1.0,6,1.0,0.4855508657286051,0.9775280898876404
3640,0.07,26,1.0,0.9982517482517482,0.9545454545454546,0.593540556216863,26,12,1.0,0.4900384866493954,0.9545454545454546,8.0,1.0,0.7397473463567696,1.0,6,1.0,0.605602308498589,1.0
3641,0.07,28,1.0,0.998447204968944,0.9565217391304348,0.5324145858297588,28,11,1.0,0.49627602445195956,0.9565217391304348,8.0,1.0,0.5766980259465467,1.0,9,1.0,0.537220880743257,1.0
3642,0.07,27,1.0,0.9955114492281392,0.9545454545454546,0.6016598278163008,27,13,1.0,0.5690582352154224,0.9545454545454546,5.0,1.0,0.4991940396195288,1.0,9,1.0,0.7056764550157761,1.0
3643,0.07,22,0.9545454545454546,0.9666094035348376,0.3333333333333333,0.5767717516790667,21,11,0.9090909090909091,0.544563268754811,0.3333333333333333,3.0,1.0,0.6740421408047309,1.0,8,1.0,0.5845820197777944,0.9775280898876404
3644,0.07,27,0.9629629629629629,0.9741138988450816,0.3333333333333333,0.5737904577139378,26,14,0.9285714285714286,0.5216729693506827,0.3333333333333333,4.0,1.0,0.51977910546143,1.0,9,1.0,0.6788671517245605,1.0
3645,0.07,26,1.0,1.0,1.0,0.5638224244443398,26,13,1.0,0.6021707539034055,1.0,2.0,1.0,0.28038336234212524,1.0,11,1.0,0.5700360463749375,1.0
3646,0.03,29,1.0,1.0,1.0,0.8128727355614086,29,16,1.0,0.7649747043774451,1.0,8.0,1.0,0.8362370512406693,1.0,5,1.0,0.9287635302632757,1.0
3647,0.07,28,0.9642857142857143,0.9761904761904762,0.3333333333333333,0.5628973428055994,27,11,0.9090909090909091,0.5712517657813789,0.3333333333333333,10.0,1.0,0.5566252837514025,1.0,7,1.0,0.5587290482067988,1.0
3648,0.07,27,1.0,1.0,1.0,0.6142837468872917,27,11,1.0,0.6836607345317514,1.0,8.0,1.0,0.6041344597026047,1.0,8,1.0,0.5290396760608467,1.0
3649,0.07,29,1.0,0.9973884025729071,0.9565217391304348,0.5891557321209945,29,12,1.0,0.5775491982979793,0.9565217391304348,6.0,1.0,0.6377727477935435,1.0,11,1.0,0.5752990331974392,1.0
3650,0.1,27,0.8518518518518519,0.9770329241343734,0.8043478260869565,0.4890686668297589,23,16,0.75,0.4324713457980526,0.8043478260869565,4.0,1.0,0.4476269022318716,1.0,7,1.0,0.6421149803867374,1.0
3651,0.07,26,1.0,0.9978950009758273,0.967741935483871,0.5811982942296252,26,8,1.0,0.5968415667393931,0.967741935483871,9.0,1.0,0.6188518670534937,1.0,9,1.0,0.5296395902859632,0.9775280898876404
3652,0.07,29,0.9655172413793104,0.9770114942528735,0.3333333333333333,0.6121687917581737,28,13,0.9230769230769231,0.5685818520833684,0.3333333333333333,8.0,1.0,0.6139432830729402,1.0,8,1.0,0.6812230774149661,1.0
3653,0.1,23,0.8695652173913043,0.9791292351169965,0.8043478260869565,0.5254271812544138,20,9,0.7777777777777778,0.5888609198609654,0.8043478260869565,6.0,1.0,0.5252417523862198,0.9948453608247423,8,0.875,0.45420329697318873,0.8571428571428571
3654,0.07,27,1.0,0.9963626579445166,0.9565217391304348,0.5727459116358838,27,12,1.0,0.5654569361043058,0.9565217391304348,7.0,1.0,0.599180629455441,1.0,8,1.0,0.5605489968411387,0.9775280898876404
3655,0.07,31,0.967741935483871,0.9770920991117343,0.3333333333333333,0.5935221164278179,30,13,0.9230769230769231,0.5919676877437381,0.3333333333333333,10.0,1.0,0.6132794701968711,1.0,8,1.0,0.5713513708281315,1.0
3656,0.07,29,1.0,0.9977258561730371,0.9565217391304348,0.572697907079074,29,17,1.0,0.5971624481819959,0.9565217391304348,6.0,1.0,0.5806187104518852,1.0,6,1.0,0.49546090391465064,0.9775280898876404
3657,0.07,25,1.0,0.996891495601173,0.9545454545454546,0.5929993618433297,25,11,1.0,0.6904151584903967,0.9545454545454546,9.0,1.0,0.491728007099697,1.0,5,1.0,0.5609730477583214,1.0
3658,0.07,23,1.0,0.9990229604298975,0.9775280898876404,0.5949930794624034,23,12,1.0,0.5817301796726612,1.0,5.0,1.0,0.6539363292239818,1.0,6,1.0,0.5723995042405724,0.9775280898876404
3659,0.1,28,0.8928571428571429,0.9612116039287778,0.3333333333333333,0.4529333278181563,25,13,0.8461538461538461,0.45015610777044035,0.3333333333333333,9.0,1.0,0.40887486493290326,0.95,6,0.8333333333333334,0.5250383322494206,0.8571428571428571
3660,0.07,28,1.0,0.9991974317817015,0.9775280898876404,0.5885339106833783,28,12,1.0,0.54278922689838,1.0,6.0,1.0,0.5025042315791569,1.0,10,1.0,0.6950453386879093,0.9775280898876404
3661,0.07,22,1.0,0.9989785495403474,0.9775280898876404,0.5690864412369241,22,11,1.0,0.6161945997723792,1.0,7.0,1.0,0.48941210585521144,1.0,4,1.0,0.5789690921824199,0.9775280898876404
3662,0.07,24,1.0,1.0,1.0,0.5397194596332243,24,6,1.0,0.4763488405627039,1.0,9.0,1.0,0.5812764230795516,1.0,9,1.0,0.540409575567244,1.0
3663,0.07,24,0.9583333333333334,0.9662362730158639,0.3333333333333333,0.5556107748226103,23,13,0.9230769230769231,0.49829061092745225,0.3333333333333333,6.0,1.0,0.6486412755500316,1.0,5,1.0,0.5930066000771161,0.9775280898876404
3664,0.07,25,1.0,0.9982608695652173,0.9565217391304348,0.5876837363254093,25,10,1.0,0.539781682978522,0.9565217391304348,7.0,1.0,0.608240434167071,1.0,8,1.0,0.6295741923975641,1.0
3665,0.07,24,1.0,0.9981884057971014,0.9565217391304348,0.64338290329364,24,11,1.0,0.6437093080986389,0.9565217391304348,6.0,1.0,0.6369262961549975,1.0,7,1.0,0.6484042161474785,1.0
3666,0.07,28,1.0,1.0,1.0,0.5660175782297783,28,15,1.0,0.5797457237808087,1.0,6.0,1.0,0.4316650752950415,1.0,7,1.0,0.6517594117073447,1.0
3667,0.1,27,0.8518518518518519,0.955453264914763,0.3333333333333333,0.38644690264348175,23,17,0.7647058823529411,0.35400319592438395,0.3333333333333333,5.0,1.0,0.3602743498212093,0.9948453608247423,5,1.0,0.5229280583106868,1.0
3668,0.07,28,0.9642857142857143,0.9742358342394588,0.3333333333333333,0.5934039775793734,27,14,0.9285714285714286,0.5466508416496598,0.3333333333333333,4.0,1.0,0.6852262853248338,1.0,10,1.0,0.6221294447827881,0.9775280898876404
3669,0.07,28,0.9642857142857143,0.9745670995670996,0.3333333333333333,0.5936873574424364,27,14,0.9285714285714286,0.5372723999790533,0.3333333333333333,7.0,1.0,0.6011761569594338,1.0,7,1.0,0.6990284728522053,1.0
3670,0.07,25,1.0,0.9981818181818182,0.9545454545454546,0.5233342808743564,25,12,1.0,0.48595630627516834,0.9545454545454546,6.0,1.0,0.5762273519797656,1.0,7,1.0,0.5420738906683277,1.0
3671,0.07,29,0.9655172413793104,0.9762366008007233,0.3333333333333333,0.5627637781624764,28,15,0.9333333333333333,0.5255102448380795,0.3333333333333333,6.0,1.0,0.6209555601892965,1.0,8,1.0,0.5889703166256057,0.9775280898876404
3672,0.07,23,0.9565217391304348,0.9691241335853811,0.3333333333333333,0.5938192074419163,22,9,0.8888888888888888,0.640789257914765,0.3333333333333333,7.0,1.0,0.6157891439247498,1.0,7,1.0,0.5114592060654207,1.0
3673,0.07,28,0.9642857142857143,0.9753879079721777,0.3333333333333333,0.5660665217896935,27,15,0.9333333333333333,0.5770292919490297,0.3333333333333333,8.0,1.0,0.5503809564734436,1.0,5,1.0,0.558275115817685,0.9775280898876404
3674,0.07,28,1.0,0.9976446367506454,0.9565217391304348,0.6281491748358089,28,11,1.0,0.6511372877347729,0.9565217391304348,9.0,1.0,0.5727599178219134,1.0,8,1.0,0.6588534337403664,0.9775280898876404
3675,0.07,28,1.0,1.0,1.0,0.6554536996067812,28,14,1.0,0.7321869221815964,1.0,7.0,1.0,0.537620967560983,1.0,7,1.0,0.6198199865029493,1.0
3676,0.07,28,0.9642857142857143,0.9710596625850262,0.3333333333333333,0.6392316207079988,27,15,0.9333333333333333,0.6257178215581324,0.3333333333333333,6.0,1.0,0.610073008617962,1.0,7,1.0,0.6931828578206015,0.9775280898876404
3677,0.07,24,1.0,0.9959079901875811,0.9565217391304348,0.5986700170203834,24,12,1.0,0.6050860417344185,0.9565217391304348,3.0,1.0,0.6269989356623591,1.0,9,1.0,0.5806723445210111,0.9775280898876404
3678,0.07,24,1.0,0.9990636704119851,0.9775280898876404,0.5998805054247546,24,10,1.0,0.5976959148406881,1.0,3.0,1.0,0.477300968040178,1.0,11,1.0,0.6352972797878813,0.9775280898876404
3679,0.07,22,1.0,0.9955359892955431,0.9565217391304348,0.5902910005410388,22,12,1.0,0.5693274622498361,0.9565217391304348,5.0,1.0,0.5272171485917619,1.0,5,1.0,0.7036773443892019,0.9775280898876404
3680,0.07,27,0.9629629629629629,0.9725035928869495,0.3333333333333333,0.5705550623575147,26,14,0.9285714285714286,0.5420423159639387,0.3333333333333333,7.0,1.0,0.5657780489843436,1.0,6,1.0,0.6426579862112255,1.0
3681,0.07,27,1.0,0.9983164983164983,0.9545454545454546,0.5702075423780317,27,12,1.0,0.5793564119459869,0.9545454545454546,4.0,1.0,0.5116365956191613,1.0,11,1.0,0.5815254834889428,1.0
3682,0.07,27,0.9629629629629629,0.9744763490081841,0.3333333333333333,0.6228078600511068,26,13,0.9230769230769231,0.5897112215290311,0.3333333333333333,4.0,1.0,0.5759103007630963,1.0,10,1.0,0.6845925138450093,0.9775280898876404
3683,0.07,26,1.0,0.9982517482517482,0.9545454545454546,0.5606968222552146,26,13,1.0,0.5578197532558462,0.9545454545454546,5.0,1.0,0.5458600112441846,1.0,8,1.0,0.5746450662610819,1.0
3684,0.07,24,1.0,0.9967619745845552,0.9545454545454546,0.5564384867236897,24,11,1.0,0.5286134651717626,0.9545454545454546,6.0,1.0,0.5059188578848639,1.0,7,1.0,0.6434660595957115,1.0
3685,0.07,25,0.96,0.9720430107526882,0.3333333333333333,0.5366675878580154,24,12,0.9166666666666666,0.511776561651493,0.3333333333333333,8.0,1.0,0.5589426573348851,1.0,5,1.0,0.5607659395906771,1.0
3686,0.07,28,1.0,0.9988479262672811,0.967741935483871,0.5275577987675288,28,13,1.0,0.5664571973809497,0.967741935483871,8.0,1.0,0.5080508102018101,1.0,7,1.0,0.47760975970342623,1.0
3687,0.07,26,1.0,0.9978950009758274,0.967741935483871,0.6334548581771428,26,9,1.0,0.6834761416484565,0.967741935483871,6.0,1.0,0.5347664462124394,1.0,11,1.0,0.646358396408633,0.9775280898876404
3688,0.07,26,1.0,0.9991356957649093,0.9775280898876404,0.5875627388016758,26,11,1.0,0.6027345920884289,1.0,7.0,1.0,0.5462534176404285,1.0,8,1.0,0.6028470965484816,0.9775280898876404
3689,0.07,26,1.0,0.9970110534626664,0.9545454545454546,0.5918977337052691,26,11,1.0,0.6639227387531026,0.9545454545454546,7.0,1.0,0.5067467936509757,1.0,8,1.0,0.5673704243120046,1.0
3690,0.07,31,0.967741935483871,0.9756258234519104,0.3333333333333333,0.6161169422562205,30,17,0.9411764705882353,0.5882329421466125,0.3333333333333333,7.0,1.0,0.624711144007396,1.0,7,1.0,0.6752410264855212,1.0
3691,0.1,25,0.8,0.9458908845591796,0.3333333333333333,0.4766876685987606,20,15,0.6666666666666666,0.45277035006594574,0.3333333333333333,4.0,1.0,0.4648368120770065,0.95,6,1.0,0.5443815359453006,0.9565217391304348
3692,0.07,24,1.0,0.9986559139784946,0.967741935483871,0.5440461306382249,24,14,1.0,0.5748985885978036,0.967741935483871,5.0,1.0,0.5838648722131065,1.0,5,1.0,0.41784050677652357,1.0
3693,0.1,27,0.8888888888888888,0.9810430512270605,0.8333333333333334,0.4191069133845329,24,13,0.8461538461538461,0.45498083179513316,0.8333333333333334,7.0,1.0,0.37580450253180586,1.0,7,0.8571428571428571,0.39578633290328813,0.8571428571428571
3694,0.07,25,0.96,0.9715942028985506,0.3333333333333333,0.5794066795493942,24,13,0.9230769230769231,0.5655257519778897,0.3333333333333333,5.0,1.0,0.6632838931158269,1.0,7,1.0,0.5452732496347361,1.0
3695,0.07,24,0.9583333333333334,0.9704106280193235,0.3333333333333333,0.5750042057006176,23,11,0.9090909090909091,0.49458157517168827,0.3333333333333333,4.0,1.0,0.5538646919458521,1.0,9,1.0,0.6826938713492048,1.0
3696,0.1,25,0.88,0.9576750088225914,0.3333333333333333,0.4391597162927916,22,10,0.7,0.4033654938674395,0.3333333333333333,5.0,1.0,0.46855082704190937,0.9948453608247423,10,1.0,0.46025838334358465,0.9565217391304348
3697,0.07,20,1.0,1.0,1.0,0.5673382189674993,20,6,1.0,0.6146233142863069,1.0,6.0,1.0,0.536033930765362,1.0,8,1.0,0.5553526136299965,1.0
3698,0.07,21,1.0,0.9967654068777664,0.9545454545454546,0.5050008696942955,21,9,1.0,0.5065570074812298,0.9545454545454546,4.0,1.0,0.3984305088280866,1.0,8,1.0,0.556535395117099,0.9775280898876404
3699,0.07,29,0.9655172413793104,0.9758991472005932,0.3333333333333333,0.522301713950618,28,13,0.9230769230769231,0.48907084109646265,0.3333333333333333,8.0,1.0,0.5155846567029821,1.0,8,1.0,0.5830189395862563,1.0
3700,0.07,27,0.9629629629629629,0.9744763490081843,0.3333333333333333,0.591287711215916,26,12,0.9166666666666666,0.6426217584591616,0.3333333333333333,7.0,1.0,0.5328674735528115,1.0,8,1.0,0.5654043483062637,0.9775280898876404
3701,0.07,30,1.0,0.9974754558204768,0.9565217391304348,0.5783419846405956,30,11,1.0,0.5553513662429667,0.9565217391304348,11.0,1.0,0.60536603770266,1.0,8,1.0,0.5727960119769973,1.0
3702,0.07,25,1.0,0.9981818181818182,0.9545454545454546,0.5510360130356908,25,14,1.0,0.5408949519165146,0.9545454545454546,6.0,1.0,0.5101734225003681,1.0,5,1.0,0.628466092811771,1.0
3703,0.07,28,1.0,0.9988479262672811,0.967741935483871,0.6144349101389605,28,11,1.0,0.6237599609321267,0.967741935483871,10.0,1.0,0.6281771075045427,1.0,7,1.0,0.580149548370296,1.0
3704,0.07,26,1.0,1.0,1.0,0.636927881191891,26,12,1.0,0.6879692290160332,1.0,5.0,1.0,0.5277682863754265,1.0,9,1.0,0.6295169701021817,1.0
3705,0.07,31,1.0,0.9978088240139708,0.9545454545454546,0.5769681626406015,31,13,1.0,0.5973452422999356,0.9545454545454546,7.0,1.0,0.5158080742830208,1.0,11,1.0,0.5918062156343941,0.9775280898876404
3706,0.07,28,0.9642857142857143,0.9742358342394587,0.3333333333333333,0.6268639213175276,27,13,0.9230769230769231,0.55601773671518,0.3333333333333333,6.0,1.0,0.7139474849182927,1.0,9,1.0,0.6711415900092974,0.9775280898876404
3707,0.07,24,0.9583333333333334,0.9694742984313086,0.3333333333333333,0.5677327296101183,23,12,0.9166666666666666,0.5452419860265407,0.3333333333333333,3.0,1.0,0.4155303709199738,1.0,9,1.0,0.6484545072849364,0.9775280898876404
3708,0.07,24,1.0,0.9968443197755961,0.9565217391304348,0.5769696933079519,24,13,1.0,0.6140100816414049,0.9565217391304348,4.0,1.0,0.4187504360484346,1.0,7,1.0,0.5985914048369778,1.0
3709,0.07,24,1.0,0.9981884057971014,0.9565217391304348,0.6223757091624197,24,8,1.0,0.6256677948266729,0.9565217391304348,6.0,1.0,0.5592418313210351,1.0,10,1.0,0.6576223673358476,1.0
3710,0.07,29,1.0,0.9988876529477198,0.967741935483871,0.5809998412964503,29,12,1.0,0.6764622299518259,0.967741935483871,8.0,1.0,0.46210045465217175,1.0,9,1.0,0.5594050001064194,1.0
3711,0.07,26,1.0,1.0,1.0,0.5879954731351135,26,10,1.0,0.5721457491914186,1.0,7.0,1.0,0.6043152639974314,1.0,9,1.0,0.5929131068463049,1.0
3712,0.07,24,1.0,1.0,1.0,0.6099283040535092,24,10,1.0,0.6088126499455315,1.0,7.0,1.0,0.6236564625303708,1.0,7,1.0,0.5977939371594726,1.0
3713,0.07,30,1.0,0.9984848484848484,0.9545454545454546,0.6611666520193885,30,14,1.0,0.6556484132629813,0.9545454545454546,10.0,1.0,0.6274861237486922,1.0,6,1.0,0.7301767562354988,1.0
3714,0.07,29,0.9655172413793104,0.9736250033736303,0.3333333333333333,0.5959855325612273,28,15,0.9333333333333333,0.6191365496503259,0.3333333333333333,6.0,1.0,0.6274722022989712,1.0,8,1.0,0.5289623732158598,0.9775280898876404
3715,0.07,27,1.0,1.0,1.0,0.6037077124364237,27,11,1.0,0.6064994723902415,1.0,5.0,1.0,0.7502626121055189,1.0,11,1.0,0.5343000889966539,1.0
3716,0.1,26,0.8461538461538461,0.9534158841308101,0.3333333333333333,0.4799626074867995,22,12,0.75,0.4969770983693406,0.3333333333333333,7.0,1.0,0.4805797176478813,0.9948453608247423,7,0.8571428571428571,0.4501777986699328,0.8571428571428571
3717,0.07,28,1.0,0.9988479262672811,0.967741935483871,0.5719228554043246,28,13,1.0,0.635943518017692,0.967741935483871,7.0,1.0,0.44778908885871765,1.0,8,1.0,0.5765063243850084,1.0
3718,0.07,23,0.9565217391304348,0.9676356836244634,0.3333333333333333,0.5384280758095061,22,13,0.9230769230769231,0.5200715865678383,0.3333333333333333,2.0,1.0,0.2745265739851699,1.0,8,1.0,0.6342327462833006,1.0
3719,0.07,22,1.0,1.0,1.0,0.5590804274283235,22,12,1.0,0.44985109041898613,1.0,5.0,1.0,0.7048794245315511,1.0,5,1.0,0.6754318391475056,1.0
3720,0.07,30,1.0,0.9974095796676442,0.9545454545454546,0.5669966465967139,30,16,1.0,0.5524038621946681,0.9545454545454546,3.0,1.0,0.5889572153535603,1.0,11,1.0,0.582233268793277,1.0
3721,0.07,25,0.96,0.9724344569288388,0.3333333333333333,0.559416656668767,24,12,0.9166666666666666,0.5161030174964727,0.3333333333333333,5.0,1.0,0.5103869022848798,1.0,8,1.0,0.6550307119171382,0.9775280898876404
3722,0.1,29,0.8620689655172413,0.9610387202712009,0.3333333333333333,0.47586031234047915,25,16,0.8125,0.47425410598474943,0.3333333333333333,2.0,1.0,0.4586026763491552,0.95,11,0.9090909090909091,0.4813343644926904,0.8571428571428571
3723,0.07,26,1.0,1.0,1.0,0.5571637073599467,26,9,1.0,0.5292229814834436,1.0,8.0,1.0,0.5759702551970852,1.0,9,1.0,0.5683875018256598,1.0
3724,0.07,24,1.0,1.0,1.0,0.5477907104999662,24,12,1.0,0.5136676460764508,1.0,6.0,1.0,0.6092965771094191,1.0,6,1.0,0.5545309727375443,1.0
3725,0.07,28,0.9642857142857143,0.9722117363177452,0.3333333333333333,0.5102219198411826,27,8,0.875,0.49431309568831205,0.3333333333333333,8.0,1.0,0.43857410131986796,1.0,12,1.0,0.5685930149573061,0.9775280898876404
3726,0.07,31,0.967741935483871,0.9777697233297088,0.3333333333333333,0.6279187654159749,30,19,0.9473684210526315,0.6501551498012184,0.3333333333333333,6.0,1.0,0.5603951154057922,1.0,6,1.0,0.6250271982062195,0.9775280898876404
3727,0.1,25,0.84,0.9513860342555995,0.3333333333333333,0.4704277209001939,21,13,0.6923076923076923,0.45113847936908485,0.3333333333333333,5.0,1.0,0.5510388472249808,1.0,7,1.0,0.4486712220831201,1.0
3728,0.07,27,1.0,0.9988052568697731,0.967741935483871,0.5709173600875972,27,14,1.0,0.5139265243991334,0.967741935483871,7.0,1.0,0.5943827588694253,1.0,6,1.0,0.6765196781152136,1.0
3729,0.07,28,1.0,1.0,1.0,0.6166111756089336,28,13,1.0,0.6557989009523237,1.0,7.0,1.0,0.5142001812597902,1.0,8,1.0,0.6425407419814255,1.0
3730,0.07,23,1.0,0.9990229604298975,0.9775280898876404,0.5609491187809986,23,13,1.0,0.5271320494255127,1.0,5.0,1.0,0.6373080722070592,1.0,5,1.0,0.572514545679202,0.9775280898876404
3731,0.07,30,1.0,0.9989247311827957,0.967741935483871,0.5287969194905467,30,13,1.0,0.6053710254425699,0.967741935483871,7.0,1.0,0.42908380768825605,1.0,10,1.0,0.4990497600145202,1.0
3732,0.07,28,1.0,0.9948691863945499,0.9545454545454546,0.5549123540729746,28,15,1.0,0.4914588167053513,0.9545454545454546,5.0,1.0,0.5871280941931836,1.0,8,1.0,0.6537528990621373,0.9775280898876404
3733,0.07,28,1.0,1.0,1.0,0.6381538674506262,28,12,1.0,0.7031672057170378,1.0,6.0,1.0,0.575538071785972,1.0,10,1.0,0.5977073389297247,1.0
3734,0.07,28,1.0,0.998447204968944,0.9565217391304348,0.5364067247513074,28,14,1.0,0.5603718658583445,0.9565217391304348,6.0,1.0,0.32751092456194336,1.0,8,1.0,0.6511395779560152,1.0
3735,0.07,31,0.967741935483871,0.9749009231257052,0.3333333333333333,0.5529152937057417,30,15,0.9333333333333333,0.5522873405191177,0.3333333333333333,7.0,1.0,0.40003030175423987,1.0,9,1.0,0.6728724316457275,0.9775280898876404
3736,0.07,26,1.0,0.9974634549622337,0.9565217391304348,0.6179897445175025,26,13,1.0,0.5843467639298313,0.9565217391304348,6.0,1.0,0.5889118434222372,1.0,7,1.0,0.705393480833405,0.9775280898876404
3737,0.07,29,1.0,0.9992251065478497,0.9775280898876404,0.6128756920372522,29,17,1.0,0.644093563949909,1.0,7.0,1.0,0.6322518977678555,1.0,5,1.0,0.4796082395113748,0.9775280898876404
3738,0.07,27,1.0,0.9991677070328756,0.9775280898876404,0.6211809471968747,27,14,1.0,0.6188750504298083,1.0,10.0,1.0,0.6648070443978711,1.0,3,1.0,0.48652147477319607,0.9775280898876404
3739,0.07,27,1.0,0.9958738993912418,0.9545454545454546,0.553976530811037,27,11,1.0,0.49780586595192367,0.9545454545454546,6.0,1.0,0.5097483332932867,1.0,10,1.0,0.642301180666712,0.9775280898876404
3740,0.1,33,0.8484848484848485,0.9615849040649228,0.3333333333333333,0.44774898527528956,28,16,0.75,0.41867071723390814,0.3333333333333333,4.0,1.0,0.3693179569339647,1.0,13,0.9230769230769231,0.5076702469697052,0.8571428571428571
3741,0.07,32,0.96875,0.9784644194756554,0.3333333333333333,0.5809508084893332,31,16,0.9375,0.5662619068083715,0.3333333333333333,6.0,1.0,0.4826097136602372,1.0,10,1.0,0.6634577080763292,0.9775280898876404
3742,0.07,26,0.9615384615384616,0.97050572358655,0.3333333333333333,0.5584207756464289,25,19,0.9473684210526315,0.5808816980823097,0.3333333333333333,4.0,1.0,0.5335769240578443,1.0,3,1.0,0.44929340233729526,0.9775280898876404
3743,0.07,26,1.0,0.9982517482517482,0.9545454545454546,0.6094826783347143,26,11,1.0,0.5965781065481404,0.9545454545454546,5.0,1.0,0.5658803657822155,1.0,10,1.0,0.6454788635761948,1.0
3744,0.07,27,1.0,0.998389694041868,0.9565217391304348,0.6263224370046404,27,14,1.0,0.6486888579728113,0.9565217391304348,6.0,1.0,0.5821892332067297,1.0,7,1.0,0.6194180554665077,1.0
3745,0.07,22,1.0,0.9955359892955431,0.9565217391304348,0.5820213132122523,22,12,1.0,0.6228397610054283,0.9565217391304348,4.0,1.0,0.5200389341192984,1.0,6,1.0,0.5417060036878695,0.9775280898876404
3746,0.07,26,1.0,0.9982517482517482,0.9545454545454546,0.5630910257266436,26,13,1.0,0.5731368551189125,0.9545454545454546,5.0,1.0,0.6003453014870175,1.0,8,1.0,0.5234826306139729,1.0
3747,0.07,30,0.9666666666666667,0.9777777777777777,0.3333333333333333,0.6084285742334921,29,14,0.9285714285714286,0.636171404799885,0.3333333333333333,7.0,1.0,0.6291536001958763,1.0,9,1.0,0.5491535953816932,1.0
3748,0.07,26,0.9615384615384616,0.9734946701238835,0.3333333333333333,0.5720420607181554,25,14,0.9285714285714286,0.594666748273055,0.3333333333333333,4.0,1.0,0.6595982367413614,1.0,8,1.0,0.4886707694854784,0.9775280898876404
3749,0.07,28,1.0,0.998447204968944,0.9565217391304348,0.6075737004394234,28,12,1.0,0.6028908725658209,0.9565217391304348,6.0,1.0,0.49568929707775755,1.0,10,1.0,0.6803237359047462,1.0
3750,0.07,32,1.0,0.9978772982635342,0.9545454545454546,0.6342264127622601,32,14,1.0,0.6594861392193517,0.9545454545454546,7.0,1.0,0.6348336737459709,1.0,11,1.0,0.6016912311908729,0.9775280898876404
3751,0.07,27,0.9629629629629629,0.9741138988450816,0.3333333333333333,0.5421869561849731,26,15,0.9333333333333333,0.5270539978859264,0.3333333333333333,4.0,1.0,0.35844258901911724,1.0,8,1.0,0.6624334365786138,1.0
3752,0.07,29,1.0,0.9984326018808777,0.9545454545454546,0.5747461223424095,29,12,1.0,0.5387905797104522,0.9545454545454546,7.0,1.0,0.49566111087063985,1.0,10,1.0,0.673252281530997,1.0
3753,0.07,27,1.0,1.0,1.0,0.5653314209221677,27,11,1.0,0.5785128831491847,1.0,10.0,1.0,0.48048303619061566,1.0,6,1.0,0.6825793813918898,1.0
3754,0.07,26,1.0,1.0,1.0,0.5029463983737634,26,12,1.0,0.5086432694898559,1.0,7.0,1.0,0.44547782827015286,1.0,7,1.0,0.5506489037069296,1.0
3755,0.07,26,1.0,0.9970110534626664,0.9545454545454546,0.5737371762444234,26,9,1.0,0.5635356329648677,0.9545454545454546,9.0,1.0,0.48506298972657547,1.0,8,1.0,0.6849723722665026,1.0
3756,0.07,28,1.0,0.9975740551583249,0.9545454545454546,0.6280961674659966,28,14,1.0,0.6681004727845691,0.9545454545454546,8.0,1.0,0.5991570956062746,1.0,6,1.0,0.5733382175356229,0.9775280898876404
3757,0.07,33,1.0,0.9986225895316804,0.9545454545454546,0.563422752440328,33,16,1.0,0.5555375053847544,0.9545454545454546,7.0,1.0,0.4579129852950392,1.0,10,1.0,0.6498959847309476,1.0
3758,0.07,25,1.0,0.9981818181818182,0.9545454545454546,0.6197962561940908,25,10,1.0,0.6007629749662181,0.9545454545454546,8.0,1.0,0.7002318121739469,1.0,7,1.0,0.5550603082569309,1.0
3759,0.07,29,1.0,0.9992251065478497,0.9775280898876404,0.6239599740313522,29,15,1.0,0.6220130051622378,1.0,5.0,1.0,0.6295618461681892,1.0,9,1.0,0.6240927709594116,0.9775280898876404
3760,0.07,30,1.0,0.9974095796676442,0.9545454545454546,0.595163650286317,30,16,1.0,0.560698711063137,0.9545454545454546,6.0,1.0,0.5895954546155084,1.0,8,1.0,0.6682696754857839,1.0
3761,0.07,30,0.9666666666666667,0.9748133509003074,0.3333333333333333,0.5740542059514456,29,18,0.9444444444444444,0.5593561859799002,0.3333333333333333,7.0,1.0,0.6952876361395778,1.0,5,1.0,0.4572402755856236,1.0
3762,0.07,27,1.0,0.9991677070328756,0.9775280898876404,0.5787427729184799,27,13,1.0,0.6138005511453151,1.0,6.0,1.0,0.552142539767761,1.0,8,1.0,0.5417240581629121,0.9775280898876404
3763,0.07,28,0.9642857142857143,0.9761904761904762,0.3333333333333333,0.5816968962142061,27,9,0.8888888888888888,0.5902318804903655,0.3333333333333333,6.0,1.0,0.6320726537175153,1.0,13,1.0,0.5525377113291837,1.0
3764,0.07,31,0.967741935483871,0.976729140603382,0.3333333333333333,0.6183714621671962,30,15,0.9333333333333333,0.5961214425260385,0.3333333333333333,8.0,1.0,0.5801407390168225,1.0,8,1.0,0.698320972144741,0.9775280898876404
3765,0.07,26,1.0,0.9970870644082426,0.9565217391304348,0.6386243382668174,26,14,1.0,0.6456538160850461,0.9565217391304348,6.0,1.0,0.7408542031650892,1.0,6,1.0,0.519992358459346,1.0
3766,0.07,26,1.0,0.9991356957649093,0.9775280898876404,0.6321797778478763,26,9,1.0,0.6748832067671711,1.0,6.0,1.0,0.6787498563424218,1.0,11,1.0,0.5718387477350646,0.9775280898876404
3767,0.07,26,1.0,0.9970870644082426,0.9565217391304348,0.600567387349752,26,15,1.0,0.6007925385350551,0.9565217391304348,3.0,1.0,0.4933525943234221,1.0,8,1.0,0.6403507762621827,1.0
3768,0.07,25,0.96,0.9715942028985506,0.3333333333333333,0.5408310495140719,24,11,0.9090909090909091,0.5295270144580374,0.3333333333333333,7.0,1.0,0.5204872853415746,1.0,7,1.0,0.5789382973460524,1.0
3769,0.07,24,1.0,0.9972520762090865,0.9565217391304348,0.6675893845906016,24,15,1.0,0.6512663771386422,0.9565217391304348,2.0,1.0,0.6434551364128829,1.0,7,1.0,0.7094627571812913,0.9775280898876404
3770,0.07,26,1.0,0.9983277591973244,0.9565217391304348,0.6014807613356695,26,15,1.0,0.5537517677078279,0.9565217391304348,4.0,1.0,0.6568337389289962,1.0,7,1.0,0.6721269033420011,1.0
3771,0.07,23,1.0,0.9967071162875785,0.9565217391304348,0.609894365310708,23,9,1.0,0.5989761317743807,0.9565217391304348,7.0,1.0,0.5802339868066896,1.0,7,1.0,0.6535924726471471,1.0
3772,0.07,31,0.967741935483871,0.9777697233297087,0.3333333333333333,0.5499195336647967,30,14,0.9285714285714286,0.49084900972173984,0.3333333333333333,4.0,1.0,0.4041419521888155,1.0,13,1.0,0.65838858451916,0.9775280898876404
3773,0.07,28,1.0,0.9983766233766234,0.9545454545454546,0.5689820567138691,28,14,1.0,0.5887710766182075,0.9545454545454546,8.0,1.0,0.46900961766935056,1.0,6,1.0,0.6561042623297714,1.0
3774,0.07,30,1.0,0.9970355731225297,0.9545454545454546,0.600362171924619,30,14,1.0,0.5385344581946725,0.9545454545454546,6.0,1.0,0.6665847321382913,1.0,10,1.0,0.6471874350183411,1.0
3775,0.07,28,1.0,0.9988479262672811,0.967741935483871,0.532463381623785,28,12,1.0,0.5643373031755881,0.967741935483871,9.0,1.0,0.5295397053698098,1.0,7,1.0,0.48158138557580515,1.0
3776,0.07,29,1.0,0.9973202548285974,0.9545454545454546,0.5872886009953402,29,15,1.0,0.5850376867396995,0.9545454545454546,8.0,1.0,0.5173285884718288,1.0,6,1.0,0.6861959033324573,1.0
3777,0.07,21,0.9523809523809523,0.9671838772962369,0.3333333333333333,0.6029656233971954,20,6,0.8333333333333334,0.5099149401474413,0.3333333333333333,9.0,1.0,0.6697201118781284,1.0,6,1.0,0.5958845739255502,0.9775280898876404
3778,0.07,23,1.0,0.9956441513007377,0.9545454545454546,0.556969485886597,23,9,1.0,0.5638676425345843,0.9545454545454546,6.0,1.0,0.3674462628865582,1.0,8,1.0,0.6913514769076403,0.9775280898876404
3779,0.07,26,1.0,0.9970110534626664,0.9545454545454546,0.5514849745997932,26,14,1.0,0.5211197437072286,0.9545454545454546,6.0,1.0,0.5515103602330752,1.0,6,1.0,0.6223117943824953,1.0
3780,0.07,27,1.0,0.9983164983164983,0.9545454545454546,0.5991357568684867,27,12,1.0,0.6567548757787738,0.9545454545454546,10.0,1.0,0.5002799830392981,1.0,5,1.0,0.6585614191421747,1.0
3781,0.07,26,1.0,1.0,1.0,0.5868818970561467,26,18,1.0,0.5743622778957342,1.0,5.0,1.0,0.6215492250303974,1.0,3,1.0,0.6042207320615373,1.0
3782,0.07,28,1.0,0.9983766233766234,0.9545454545454546,0.6063041687193484,28,14,1.0,0.566252774860757,0.9545454545454546,6.0,1.0,0.608747206349415,1.0,8,1.0,0.6745618297493333,1.0
3783,0.07,28,1.0,0.9983766233766234,0.9545454545454546,0.6267024949508155,28,15,1.0,0.6316324130007687,0.9545454545454546,7.0,1.0,0.5279447930968781,1.0,6,1.0,0.7295950186555268,1.0
3784,0.1,27,0.8518518518518519,0.9525444698299281,0.3333333333333333,0.4242514396715227,23,15,0.7333333333333333,0.43518241128176566,0.3333333333333333,5.0,1.0,0.4809898449472246,1.0,7,1.0,0.3603004967383576,0.9565217391304348
3785,0.1,26,0.8076923076923077,0.9496843735974172,0.3333333333333333,0.44273264676745605,21,17,0.7647058823529411,0.476388784608911,0.3333333333333333,5.0,1.0,0.2746129450026665,1.0,4,0.75,0.50984368814726,0.8571428571428571
3786,0.07,27,1.0,1.0,1.0,0.6059334492206427,27,12,1.0,0.6353077566983198,1.0,5.0,1.0,0.5951575922183202,1.0,10,1.0,0.5760722087485916,1.0
3787,0.07,26,0.9615384615384616,0.9726107226107227,0.3333333333333333,0.5615883302969389,25,10,0.9,0.47847244216386675,0.3333333333333333,9.0,1.0,0.6595789201272821,1.0,7,1.0,0.5543374121337439,1.0
3788,0.07,26,1.0,1.0,1.0,0.634234348135058,26,10,1.0,0.6228041688144992,1.0,3.0,1.0,0.442790485844425,1.0,13,1.0,0.6872061466025572,1.0
3789,0.07,26,1.0,0.9974634549622337,0.9565217391304348,0.586842702562605,26,10,1.0,0.6027707521772354,0.9565217391304348,8.0,1.0,0.54475530658876,1.0,8,1.0,0.6090200365181617,0.9775280898876404
3790,0.07,27,0.9629629629629629,0.9728660430500521,0.3333333333333333,0.5877978387517303,26,17,0.9411764705882353,0.5979764833653831,0.3333333333333333,5.0,1.0,0.6585316997140891,1.0,5,1.0,0.4824565861029523,0.9775280898876404
3791,0.03,29,1.0,1.0,1.0,0.8157694213773669,29,14,1.0,0.7979318287928109,1.0,6.0,1.0,0.8077070603949625,1.0,9,1.0,0.8488916949416125,1.0
3792,0.07,24,0.9583333333333334,0.9704106280193235,0.3333333333333333,0.5654032254371083,23,11,0.9090909090909091,0.5023879952046651,0.3333333333333333,6.0,1.0,0.6422895314338618,1.0,7,1.0,0.5985246106623021,1.0
3793,0.07,21,1.0,1.0,1.0,0.6515308309477575,21,10,1.0,0.7012490160009661,1.0,6.0,1.0,0.6014028335731593,1.0,5,1.0,0.6122480576908582,1.0
3794,0.07,27,1.0,0.9988052568697731,0.967741935483871,0.5670874633919265,27,16,1.0,0.5807551542136475,0.967741935483871,6.0,1.0,0.5053861604532401,1.0,5,1.0,0.5973924162888422,1.0
3795,0.07,24,0.9583333333333334,0.9722222222222222,0.3333333333333333,0.53956626651244,23,12,0.9166666666666666,0.5220761723754764,0.3333333333333333,5.0,1.0,0.4975783981556777,1.0,7,1.0,0.5995406195734934,1.0
3796,0.07,26,1.0,1.0,1.0,0.6055239824447114,26,19,1.0,0.6191484631032393,1.0,4.0,1.0,0.5544993834854516,1.0,3,1.0,0.587268403553048,1.0
3797,0.07,29,1.0,0.997725856173037,0.9565217391304348,0.5390424939792953,29,10,1.0,0.4835556489950896,0.9565217391304348,8.0,1.0,0.6330075114145772,1.0,11,1.0,0.5211468858301865,0.9775280898876404
3798,0.1,27,0.8888888888888888,0.9638064565600798,0.3333333333333333,0.46678606230600794,24,15,0.8,0.45486767659299193,0.3333333333333333,5.0,1.0,0.36806184274775433,1.0,7,1.0,0.5628427599469378,0.9565217391304348
3799,0.07,29,1.0,0.9973202548285974,0.9545454545454546,0.6015565807303747,29,14,1.0,0.5617381755216018,0.9545454545454546,6.0,1.0,0.6078004233362401,1.0,9,1.0,0.6593337604290004,1.0
3800,0.07,26,1.0,1.0,1.0,0.5831778739445892,26,10,1.0,0.5821625483975279,1.0,6.0,1.0,0.6143065781127358,1.0,10,1.0,0.5655159769907627,1.0
3801,0.07,28,1.0,0.9991974317817015,0.9775280898876404,0.5629888429243316,28,7,1.0,0.49926733917033744,1.0,9.0,1.0,0.5590007337601741,1.0,12,1.0,0.6031508019872799,0.9775280898876404
3802,0.07,24,1.0,0.9981884057971014,0.9565217391304348,0.6162072565479161,24,10,1.0,0.6395034951268148,0.9565217391304348,6.0,1.0,0.6965159319472014,1.0,8,1.0,0.5268554517748287,1.0
3803,0.07,26,1.0,0.9983277591973244,0.9565217391304348,0.6097365805311842,26,10,1.0,0.5993723322866985,0.9565217391304348,6.0,1.0,0.6534643678567217,1.0,10,1.0,0.5938641563803475,1.0
3804,0.07,26,1.0,0.9982517482517482,0.9545454545454546,0.5867290521112328,26,11,1.0,0.5105824878023382,0.9545454545454546,6.0,1.0,0.6247850806555344,1.0,9,1.0,0.6544263894592363,1.0
3805,0.07,33,1.0,1.0,1.0,0.5704940155005999,33,14,1.0,0.4837086461116626,1.0,8.0,1.0,0.6578041942139421,1.0,11,1.0,0.6174498102040894,1.0
3806,0.07,30,0.9666666666666667,0.9767025089605734,0.3333333333333333,0.5807188782416907,29,11,0.9090909090909091,0.5562930050238339,0.3333333333333333,10.0,1.0,0.5235159385032867,1.0,9,1.0,0.6741315452172979,1.0
3807,0.07,21,1.0,1.0,1.0,0.6487942120356766,21,10,1.0,0.6033005878582787,1.0,4.0,1.0,0.7299540448080621,1.0,7,1.0,0.6674080564191677,1.0
3808,0.07,30,1.0,0.9984848484848484,0.9545454545454546,0.5534391460031767,30,12,1.0,0.5556828271156545,0.9545454545454546,7.0,1.0,0.5699869013421768,1.0,11,1.0,0.5404611041192918,1.0
3809,0.1,31,0.8387096774193549,0.9745579188188788,0.8043478260869565,0.4626649945000848,26,17,0.7647058823529411,0.4633205838727292,0.8043478260869565,5.0,1.0,0.3916377560042276,1.0,9,0.8888888888888888,0.5008862359605664,0.8571428571428571
3810,0.07,24,1.0,1.0,1.0,0.5396979101718671,24,13,1.0,0.5327331934049941,1.0,5.0,1.0,0.6004119242985391,1.0,6,1.0,0.5041931180611984,1.0
3811,0.07,27,1.0,0.998389694041868,0.9565217391304348,0.5817026519412847,27,10,1.0,0.6161874680236803,0.9565217391304348,6.0,1.0,0.43645184861442415,1.0,11,1.0,0.6295805300446671,1.0
3812,0.03,30,1.0,1.0,1.0,0.7966487798633293,30,16,1.0,0.7817149168343513,1.0,5.0,1.0,0.7540154086898612,1.0,9,1.0,0.8468830759001056,1.0
3813,0.07,27,0.9629629629629629,0.9753086419753086,0.3333333333333333,0.5520674679469549,26,14,0.9285714285714286,0.5950392548730356,0.3333333333333333,5.0,1.0,0.40600040196959924,1.0,8,1.0,0.568158757062161,1.0
3814,0.07,29,1.0,0.9973884025729071,0.9565217391304348,0.5747942324157335,29,13,1.0,0.5791051750490515,0.9565217391304348,8.0,1.0,0.5811631124881751,1.0,8,1.0,0.5614200705641503,1.0
3815,0.07,29,1.0,0.9961584580539148,0.9545454545454546,0.5688074214033331,29,16,1.0,0.622348558987156,0.9545454545454546,6.0,1.0,0.5516159480489536,1.0,7,1.0,0.46116322694406314,0.9775280898876404
3816,0.07,24,1.0,1.0,1.0,0.5576003606914932,24,12,1.0,0.5360902017992433,1.0,5.0,1.0,0.6101668392427226,1.0,7,1.0,0.5569274341130436,1.0
3817,0.07,24,1.0,1.0,1.0,0.5867822985094652,24,12,1.0,0.6236708429642249,1.0,3.0,1.0,0.5275556862880806,1.0,9,1.0,0.5573397766435803,1.0
3818,0.07,23,0.9565217391304348,0.9681470940152785,0.3333333333333333,0.540320076295896,22,11,0.9090909090909091,0.6055615969148974,0.3333333333333333,5.0,1.0,0.4897249096524666,1.0,7,1.0,0.473937091497057,0.9775280898876404
3819,0.07,28,1.0,0.998447204968944,0.9565217391304348,0.6064220350344133,28,13,1.0,0.6070512597695779,0.9565217391304348,7.0,1.0,0.6748351932330168,1.0,8,1.0,0.545538031415993,1.0
3820,0.07,22,1.0,0.9959575997125405,0.9545454545454546,0.5907618431036786,22,10,1.0,0.5479802355607089,0.9545454545454546,5.0,1.0,0.6346251951176463,1.0,7,1.0,0.6205474595836584,1.0
3821,0.07,26,1.0,1.0,1.0,0.5251388455864983,26,13,1.0,0.4972991645348611,1.0,10.0,1.0,0.6210278312020214,1.0,3,1.0,0.3261475114251821,1.0
3822,0.07,27,1.0,0.9983164983164983,0.9545454545454546,0.5852054121530857,27,11,1.0,0.6103261168320919,0.9545454545454546,6.0,1.0,0.5712937291070643,1.0,10,1.0,0.565919646833792,1.0
3823,0.07,26,1.0,0.9953388126599909,0.9545454545454546,0.6050304298960894,26,12,1.0,0.6034320875227478,0.9545454545454546,8.0,1.0,0.5660575723984718,1.0,6,1.0,0.6601909246395956,1.0
3824,0.1,26,0.8076923076923077,0.9723798911382955,0.8043478260869565,0.43908319055322453,21,12,0.6666666666666666,0.47390965257788703,0.8043478260869565,7.0,1.0,0.4113703775553642,0.9948453608247423,7,0.8571428571428571,0.4070934972230922,0.8571428571428571
3825,0.07,27,1.0,0.9983164983164983,0.9545454545454546,0.5804918818071424,27,10,1.0,0.630939988579295,0.9545454545454546,5.0,1.0,0.4469290170299257,1.0,12,1.0,0.5941029864875221,1.0
3826,0.07,28,1.0,0.998447204968944,0.9565217391304348,0.5231711438778789,28,12,1.0,0.5215582599218739,0.9565217391304348,9.0,1.0,0.534902060999926,1.0,7,1.0,0.5108534800741129,1.0
3827,0.07,27,1.0,1.0,1.0,0.5569106889388457,27,11,1.0,0.5874407760314538,1.0,6.0,1.0,0.49979434572988196,1.0,10,1.0,0.5575973990623552,1.0
3828,0.07,31,0.967741935483871,0.9763671987855292,0.3333333333333333,0.5542979316218838,30,14,0.9285714285714286,0.5323766537967143,0.3333333333333333,7.0,1.0,0.6048341866718063,1.0,10,1.0,0.5496123420421754,0.9775280898876404
3829,0.07,29,1.0,0.9969333515060652,0.9545454545454546,0.5847852992916661,29,12,1.0,0.5001694948403171,0.9545454545454546,5.0,1.0,0.6079500204807728,1.0,12,1.0,0.6597491365808873,1.0
3830,0.07,32,0.96875,0.9771057238234815,0.3333333333333333,0.5579015587214621,31,16,0.9375,0.5478979993993758,0.3333333333333333,7.0,1.0,0.6059285668159938,1.0,9,1.0,0.5383313245538682,0.9775280898876404
3831,0.1,29,0.896551724137931,0.9615643914508527,0.3333333333333333,0.43029198867740526,26,17,0.8235294117647058,0.4650953140728189,0.3333333333333333,8.0,1.0,0.4023103704248547,1.0,4,1.0,0.3383410922519986,0.9565217391304348
3832,0.07,25,1.0,0.9991011235955056,0.9775280898876404,0.6006133505367485,25,10,1.0,0.672300570379522,1.0,7.0,1.0,0.5400579685670872,1.0,8,1.0,0.5639902849567353,0.9775280898876404
3833,0.07,23,1.0,0.9956441513007377,0.9545454545454546,0.5215555191616938,23,11,1.0,0.5721233801174286,0.9545454545454546,7.0,1.0,0.4969485100947605,1.0,5,1.0,0.44475603775278394,0.9775280898876404
3834,0.07,22,0.9545454545454546,0.9666094035348377,0.3333333333333333,0.5598896705798229,21,16,0.9375,0.5259720286163141,0.3333333333333333,3.0,1.0,0.7194772813591405,1.0,3,1.0,0.5811961502725529,0.9775280898876404
3835,0.07,27,1.0,0.9975574010747434,0.9565217391304348,0.5997185321026213,27,10,1.0,0.673187332780965,0.9565217391304348,6.0,1.0,0.45190425223667013,1.0,11,1.0,0.6135546841401003,0.9775280898876404
3836,0.07,28,0.9642857142857143,0.9746376811594202,0.3333333333333333,0.6116360590813278,27,17,0.9411764705882353,0.6214151619032773,0.3333333333333333,5.0,1.0,0.6232646766346436,1.0,6,1.0,0.5742380864580409,1.0
3837,0.1,27,0.8888888888888888,0.9645660392972221,0.3333333333333333,0.4931360061369112,24,13,0.7692307692307693,0.46986924951444653,0.3333333333333333,7.0,1.0,0.49684908098086894,0.95,7,1.0,0.5326326221632455,1.0
3838,0.07,26,1.0,0.9974634549622337,0.9565217391304348,0.5323866012996733,26,10,1.0,0.5358019800754443,0.9565217391304348,6.0,1.0,0.4383338270717417,1.0,10,1.0,0.5854028870606611,0.9775280898876404
3839,0.07,28,1.0,0.99486918639455,0.9545454545454546,0.5429431473933367,28,14,1.0,0.5814707059911234,0.9545454545454546,5.0,1.0,0.48089775511283533,1.0,9,1.0,0.517481051952614,0.9775280898876404
3840,0.07,26,1.0,0.9961467492275756,0.9545454545454546,0.5560791175250936,26,16,1.0,0.5955069029646463,0.9545454545454546,5.0,1.0,0.5052056153571062,1.0,5,1.0,0.4807837062865127,0.9775280898876404
3841,0.07,24,1.0,1.0,1.0,0.5702196637003152,24,8,1.0,0.5943045037301604,1.0,8.0,1.0,0.5553894898135379,1.0,8,1.0,0.5609649975572474,1.0
3842,0.07,28,1.0,1.0,1.0,0.5997395348736612,28,11,1.0,0.6205273490477806,1.0,4.0,1.0,0.4940686188048887,1.0,13,1.0,0.614663973978259,1.0
3843,0.07,31,1.0,0.9982345169474682,0.967741935483871,0.5906340210948513,31,14,1.0,0.5974728113982438,0.967741935483871,9.0,1.0,0.6331868435003984,1.0,8,1.0,0.5307942128576737,0.9775280898876404
3844,0.07,28,0.9642857142857143,0.9753879079721777,0.3333333333333333,0.6043942813455877,27,15,0.9333333333333333,0.6273021899260606,0.3333333333333333,7.0,1.0,0.5757834577729374,1.0,6,1.0,0.5805038040624974,0.9775280898876404
3845,0.07,24,1.0,0.9981060606060606,0.9545454545454546,0.5837199555425698,24,12,1.0,0.546901734499532,0.9545454545454546,4.0,1.0,0.5161348185334105,1.0,8,1.0,0.6727398556117063,1.0
3846,0.07,29,1.0,0.9985007496251874,0.9565217391304348,0.5915229166481165,29,15,1.0,0.5442292001064719,0.9565217391304348,7.0,1.0,0.5920147634025764,1.0,7,1.0,0.6923747481971807,1.0
3847,0.07,28,0.9642857142857143,0.9745670995670996,0.3333333333333333,0.5452608173966591,27,13,0.9230769230769231,0.5224390881987602,0.3333333333333333,8.0,1.0,0.598538795456509,1.0,7,1.0,0.5267549109814998,1.0
3848,0.07,27,1.0,0.9983164983164983,0.9545454545454546,0.5625350114841373,27,13,1.0,0.5769965141409761,0.9545454545454546,8.0,1.0,0.5180814900721386,1.0,6,1.0,0.5904731176103187,1.0
3849,0.07,28,1.0,0.9991974317817015,0.9775280898876404,0.5504997540157489,28,13,1.0,0.5561767061997336,1.0,7.0,1.0,0.5603238892635135,1.0,8,1.0,0.5326785883749798,0.9775280898876404
3850,0.07,27,1.0,0.998389694041868,0.9565217391304348,0.6377000757892882,27,13,1.0,0.6167282227025326,0.9565217391304348,5.0,1.0,0.8101520074532381,1.0,9,1.0,0.5721861237679632,1.0
3851,0.07,25,1.0,0.9982608695652173,0.9565217391304348,0.6171940549536987,25,13,1.0,0.6232729087680001,0.9565217391304348,7.0,1.0,0.5069874243749697,1.0,5,1.0,0.7556783178467357,1.0
3852,0.07,28,1.0,1.0,1.0,0.590501551243172,28,10,1.0,0.6223552522784896,1.0,8.0,1.0,0.5514589009336047,1.0,10,1.0,0.5898819704555085,1.0
3853,0.07,31,0.967741935483871,0.97702834799609,0.3333333333333333,0.6071013245220647,30,16,0.9375,0.5997847043044789,0.3333333333333333,7.0,1.0,0.5967122727155385,1.0,8,1.0,0.630824985287946,1.0
3854,0.07,25,1.0,0.9991011235955056,0.9775280898876404,0.6014651133496042,25,11,1.0,0.5180367945419686,1.0,6.0,1.0,0.6266056276473596,1.0,8,1.0,0.6973236659867864,0.9775280898876404
3855,0.07,22,0.9545454545454546,0.9676308539944904,0.3333333333333333,0.5595931462055131,21,8,0.875,0.5381132667706572,0.3333333333333333,7.0,1.0,0.5543826424386926,1.0,7,1.0,0.589352083612169,1.0
3856,0.1,25,0.8,0.9496300149939623,0.3333333333333333,0.40056079453698223,20,12,0.5833333333333334,0.32421976816481113,0.3333333333333333,7.0,1.0,0.41772275825248617,1.0,6,1.0,0.5332205562799036,0.9775280898876404
3857,0.07,26,1.0,0.9953388126599907,0.9545454545454546,0.4963612076311457,26,13,1.0,0.5031994847540817,0.9545454545454546,6.0,1.0,0.3916653876701884,1.0,7,1.0,0.5734008243693706,1.0
3858,0.07,25,1.0,0.9972829417773238,0.9545454545454546,0.6015878079074073,25,9,1.0,0.5642979563764043,0.9545454545454546,7.0,1.0,0.5372943564023791,1.0,9,1.0,0.6888836772756542,0.9775280898876404
3859,0.07,27,1.0,0.9974842053493739,0.9545454545454546,0.6171235939743968,27,14,1.0,0.6191353339906535,0.9545454545454546,7.0,1.0,0.585475901850477,1.0,6,1.0,0.6493518414143706,0.9775280898876404
3860,0.07,28,1.0,0.9972951312362252,0.9565217391304348,0.5341160354771903,28,14,1.0,0.5130210933652062,0.9565217391304348,5.0,1.0,0.5237332751325559,1.0,9,1.0,0.5726985900650736,1.0
3861,0.07,26,1.0,0.9987593052109182,0.967741935483871,0.680714047375645,26,11,1.0,0.7328195600222336,0.967741935483871,6.0,1.0,0.636570211479312,1.0,9,1.0,0.646458755849592,1.0
3862,0.07,22,1.0,1.0,1.0,0.6238233945431696,22,9,1.0,0.6509593015100809,1.0,6.0,1.0,0.6092965771094191,1.0,7,1.0,0.6013859291003557,1.0
3863,0.07,25,0.96,0.9706953264940563,0.3333333333333333,0.5869353041694352,24,10,0.9,0.5901726645939713,0.3333333333333333,8.0,1.0,0.6058318215601228,1.0,7,1.0,0.5607144836878835,0.9775280898876404
3864,0.07,26,1.0,0.9983277591973244,0.9565217391304348,0.5699070393179998,26,13,1.0,0.5498728353564821,0.9565217391304348,7.0,1.0,0.6490830423309534,1.0,6,1.0,0.5209424777195087,1.0
3865,0.07,27,1.0,1.0,1.0,0.5728522140611173,27,13,1.0,0.6203208265156339,1.0,8.0,1.0,0.5785250159836026,1.0,6,1.0,0.4624398178463505,1.0
3866,0.07,28,1.0,1.0,1.0,0.574683013434077,28,16,1.0,0.5641916382884404,1.0,6.0,1.0,0.6837580294488393,1.0,6,1.0,0.49358499780767895,1.0
3867,0.1,30,0.8666666666666667,0.9601390905627633,0.3333333333333333,0.49453819287097134,26,13,0.7692307692307693,0.5170279479041271,0.3333333333333333,5.0,1.0,0.5807575982561276,1.0,12,0.9166666666666666,0.4342495393412376,0.8571428571428571
3868,0.07,29,1.0,1.0,1.0,0.5931868410051799,29,14,1.0,0.6569788225335115,1.0,5.0,1.0,0.33446003238035904,1.0,10,1.0,0.6332414711779262,1.0
3869,0.03,26,1.0,1.0,1.0,0.8446382006616838,26,12,1.0,0.8519063280460971,1.0,8.0,1.0,0.8139499366675151,1.0,6,1.0,0.8710196312184149,1.0
3870,0.07,21,1.0,0.9968595156675274,0.9565217391304348,0.579816504501354,21,10,1.0,0.6089670087181759,0.9565217391304348,7.0,1.0,0.5875495897006543,1.0,4,1.0,0.49340734486052457,0.9775280898876404
3871,0.07,24,0.9583333333333334,0.9722222222222222,0.3333333333333333,0.6191946884668081,23,12,0.9166666666666666,0.6210839943363045,0.3333333333333333,4.0,1.0,0.5261561900136982,1.0,8,1.0,0.6628799788891186,1.0
3872,0.07,29,0.9655172413793104,0.9755122438780609,0.3333333333333333,0.5434453973161316,28,15,0.9333333333333333,0.5070499420452481,0.3333333333333333,9.0,1.0,0.5627307483296197,1.0,5,1.0,0.6179181313045035,1.0
3873,0.03,31,1.0,1.0,1.0,0.8123434155185416,31,14,1.0,0.8191486405004461,1.0,8.0,1.0,0.8491878123163223,1.0,9,1.0,0.7690069350597742,1.0
3874,0.07,27,0.9629629629629629,0.9753086419753086,0.3333333333333333,0.5673001639699476,26,15,0.9333333333333333,0.5741520930269849,0.3333333333333333,5.0,1.0,0.3883256214271888,1.0,7,1.0,0.6804564178068379,1.0
3875,0.07,27,0.9629629629629629,0.9741138988450816,0.3333333333333333,0.5878284347160995,26,14,0.9285714285714286,0.5769406340983597,0.3333333333333333,8.0,1.0,0.6358568362282462,1.0,5,1.0,0.5414688340263366,1.0
3876,0.07,27,1.0,0.998389694041868,0.9565217391304348,0.6325859687804334,27,14,1.0,0.6476137250942927,0.9565217391304348,5.0,1.0,0.7245105985024765,1.0,8,1.0,0.5488345016549032,1.0
3877,0.07,22,0.9545454545454546,0.9682306940371457,0.3333333333333333,0.568026886034385,21,13,0.9230769230769231,0.5323259944797967,0.3333333333333333,2.0,1.0,0.5125151826590676,1.0,7,1.0,0.6501890284572827,1.0
3878,0.07,25,0.96,0.9706953264940563,0.3333333333333333,0.5821006592381128,24,11,0.9090909090909091,0.6060137156335249,0.3333333333333333,4.0,1.0,0.4970945587087034,1.0,10,1.0,0.5897987374149233,0.9775280898876404
3879,0.07,27,0.9629629629629629,0.9741138988450816,0.3333333333333333,0.5672505113231545,26,15,0.9333333333333333,0.5340325439034979,0.3333333333333333,5.0,1.0,0.5999897185436265,1.0,7,1.0,0.615046722064939,1.0
3880,0.07,22,1.0,0.9989785495403474,0.9775280898876404,0.565534778361189,22,12,1.0,0.6165172470708439,1.0,4.0,1.0,0.4377465893199816,1.0,6,1.0,0.5487619669693511,0.9775280898876404
3881,0.07,28,1.0,0.998447204968944,0.9565217391304348,0.5829338975179972,28,11,1.0,0.5666935141096047,0.9565217391304348,7.0,1.0,0.527330191472956,1.0,10,1.0,0.6397209134987575,1.0
3882,0.07,23,1.0,0.9985974754558206,0.967741935483871,0.599842557865714,23,9,1.0,0.6199118712694803,0.967741935483871,5.0,1.0,0.557192835331259,1.0,9,1.0,0.6034675347588672,1.0
3883,0.07,32,1.0,0.998991935483871,0.967741935483871,0.5682624940039813,32,16,1.0,0.5193716382248517,0.967741935483871,8.0,1.0,0.5535750129446327,1.0,8,1.0,0.6807316866215891,1.0
3884,0.07,27,1.0,0.998389694041868,0.9565217391304348,0.603336268867928,27,13,1.0,0.6491646684393243,0.9565217391304348,5.0,1.0,0.5156219462044429,1.0,9,1.0,0.5858698709667367,1.0
3885,0.07,27,0.9629629629629629,0.9728660430500521,0.3333333333333333,0.5711665827465682,26,14,0.9285714285714286,0.5224689100573862,0.3333333333333333,6.0,1.0,0.6872008233479345,1.0,7,1.0,0.569104007609475,0.9775280898876404
3886,0.07,25,1.0,0.9973619931607228,0.9565217391304348,0.5691500379436978,25,11,1.0,0.5333508350496784,0.9565217391304348,5.0,1.0,0.6235871588181782,1.0,9,1.0,0.5826617743283434,0.9775280898876404
3887,0.07,27,1.0,0.9967061923583663,0.9545454545454546,0.5669927465187374,27,14,1.0,0.5182721180636324,0.9545454545454546,5.0,1.0,0.6264430297459173,1.0,8,1.0,0.6150974192981841,1.0
3888,0.07,27,1.0,0.9983164983164983,0.9545454545454546,0.5926267650125397,27,13,1.0,0.58343680425558,0.9545454545454546,8.0,1.0,0.5747016105230214,1.0,6,1.0,0.6364385526386439,1.0
3889,0.07,26,1.0,0.9974634549622337,0.9565217391304348,0.6168635608780068,26,12,1.0,0.60424297508566,0.9565217391304348,7.0,1.0,0.6387978128247386,1.0,7,1.0,0.6165645988610119,0.9775280898876404
3890,0.1,28,0.8928571428571429,0.9639955435915993,0.3333333333333333,0.46204166877226044,25,15,0.8,0.4514356832339797,0.3333333333333333,4.0,1.0,0.5399765265580873,0.9948453608247423,9,1.0,0.44508059676458317,0.9565217391304348
3891,0.07,28,0.9642857142857143,0.9745670995670996,0.3333333333333333,0.6049713629182681,27,15,0.9333333333333333,0.5917592694267594,0.3333333333333333,9.0,1.0,0.6102138034968387,1.0,4,1.0,0.6427212222096429,1.0
3892,0.1,29,0.8275862068965517,0.9530021978932537,0.3333333333333333,0.4338996846202685,24,16,0.75,0.4372215297969091,0.3333333333333333,7.0,1.0,0.41332820557942396,1.0,6,0.8333333333333334,0.44904148969687935,0.8571428571428571
3893,0.07,32,0.96875,0.977043964930201,0.3333333333333333,0.5942033246302189,31,16,0.9375,0.5719579203884244,0.3333333333333333,5.0,1.0,0.6230119401767154,1.0,11,1.0,0.6134654510062397,0.9775280898876404
3894,0.07,25,1.0,0.9987096774193549,0.967741935483871,0.5658833486957112,25,14,1.0,0.5906516969476954,0.967741935483871,6.0,1.0,0.5471261737674004,1.0,5,1.0,0.5190405835041288,1.0
3895,0.07,24,1.0,0.9986559139784946,0.967741935483871,0.5390885225325679,24,9,1.0,0.5043671836541282,0.967741935483871,7.0,1.0,0.518078326505359,1.0,8,1.0,0.59653395029462,1.0
3896,0.07,32,0.96875,0.9791666666666666,0.3333333333333333,0.5530501178212571,31,15,0.9333333333333333,0.560468658024127,0.3333333333333333,4.0,1.0,0.41114158246597243,1.0,13,1.0,0.5881544284657255,1.0
3897,0.07,28,1.0,0.9972951312362252,0.9565217391304348,0.5836922757360382,28,13,1.0,0.6103392135794908,0.9565217391304348,6.0,1.0,0.5692669289756572,1.0,9,1.0,0.5548191522468606,1.0
3898,0.1,28,0.8571428571428571,0.9741500827029779,0.8043478260869565,0.45944833360481346,24,17,0.8235294117647058,0.48508662624299376,0.8043478260869565,5.0,1.0,0.3208693918690136,1.0,6,0.8333333333333334,0.5022889559098028,0.8571428571428571
3899,0.07,26,0.9615384615384616,0.9743589743589743,0.3333333333333333,0.5899675140791294,25,13,0.9230769230769231,0.5147738146406643,0.3333333333333333,5.0,1.0,0.7342197407422228,1.0,8,1.0,0.6219996340022022,1.0
3900,0.07,33,1.0,0.9983415159203489,0.967741935483871,0.5440029555176169,33,15,1.0,0.5676358304309252,0.967741935483871,9.0,1.0,0.5044731512500105,1.0,9,1.0,0.5441446349297093,0.9775280898876404
3901,0.07,23,1.0,1.0,1.0,0.5906468323128733,23,16,1.0,0.5739556352816504,1.0,3.0,1.0,0.7382072484089232,1.0,4,1.0,0.5467413083657274,1.0
3902,0.07,29,1.0,0.9984326018808777,0.9545454545454546,0.5913738313446272,29,10,1.0,0.5896620200425706,0.9545454545454546,11.0,1.0,0.5659940012492661,1.0,8,1.0,0.6284108618533188,1.0
3903,0.07,26,1.0,1.0,1.0,0.5792149796998726,26,11,1.0,0.5632384061470245,1.0,8.0,1.0,0.5918001851255879,1.0,7,1.0,0.589937931939245,1.0
3904,0.07,23,1.0,0.9990229604298975,0.9775280898876404,0.6118802348142857,23,11,1.0,0.6168341016994784,1.0,7.0,1.0,0.5316926610825312,1.0,5,1.0,0.713244330891318,0.9775280898876404
3905,0.1,26,0.8846153846153846,0.9819861786153921,0.8333333333333334,0.4714456605644716,23,10,0.8,0.5124884870375905,0.8333333333333334,8.0,1.0,0.4734956669233057,1.0,8,0.875,0.418092121114239,0.8571428571428571
3906,0.07,27,1.0,0.9971949509116409,0.9565217391304348,0.598940215129027,27,11,1.0,0.5905168943592953,0.9565217391304348,10.0,1.0,0.562001981112255,1.0,6,1.0,0.6759466932348213,1.0
3907,0.07,29,1.0,0.9958210044537847,0.9545454545454546,0.542443201710712,29,15,1.0,0.5433161278897554,0.9545454545454546,9.0,1.0,0.5011904473141817,1.0,5,1.0,0.6140793810873367,1.0
3908,0.07,27,1.0,0.998389694041868,0.9565217391304348,0.6112259686744638,27,11,1.0,0.5500710865935149,0.9565217391304348,7.0,1.0,0.6772918609794955,1.0,9,1.0,0.6345862416472657,1.0
3909,0.07,24,1.0,0.9986559139784946,0.967741935483871,0.5153894628689801,24,13,1.0,0.4917618635946545,0.967741935483871,5.0,1.0,0.5822690061492904,1.0,6,1.0,0.5108496418964269,1.0
3910,0.07,27,1.0,0.9988052568697731,0.967741935483871,0.664710120139093,27,15,1.0,0.6475641076259975,0.967741935483871,2.0,1.0,0.8878151260504201,1.0,10,1.0,0.645808137726471,1.0
3911,0.07,25,1.0,0.9964426877470356,0.9545454545454546,0.5726682282279367,25,14,1.0,0.544998600078085,0.9545454545454546,5.0,1.0,0.6036841070782561,1.0,6,1.0,0.6113841282023247,1.0
3912,0.07,24,1.0,0.9940140507936417,0.9545454545454546,0.6253838689702512,24,13,1.0,0.5998639696503697,0.9545454545454546,6.0,1.0,0.6483206650546405,1.0,5,1.0,0.6642114519006762,0.9775280898876404
3913,0.07,27,0.9629629629629629,0.9724303971615799,0.3333333333333333,0.6055585319058225,26,15,0.9333333333333333,0.5414213063120399,0.3333333333333333,6.0,1.0,0.7121640203500251,1.0,6,1.0,0.6592961074460763,1.0
3914,0.07,22,1.0,0.9964676086376966,0.9545454545454546,0.5874178490054129,22,15,1.0,0.5404732864151602,0.9545454545454546,4.0,1.0,0.661900009479323,1.0,3,1.0,0.7228311146581299,1.0
3915,0.07,31,1.0,0.9989594172736733,0.967741935483871,0.5171977318385207,31,13,1.0,0.5546645179026949,0.967741935483871,9.0,1.0,0.4460199792631497,1.0,9,1.0,0.5342567934323064,1.0
3916,0.07,23,0.9565217391304348,0.9686349286393411,0.3333333333333333,0.518542078540866,22,12,0.9166666666666666,0.4487055280517512,0.3333333333333333,5.0,1.0,0.5871628108648104,1.0,6,1.0,0.6010312359158083,0.9775280898876404
3917,0.07,30,0.9666666666666667,0.9767025089605734,0.3333333333333333,0.664187554741336,29,15,0.9333333333333333,0.6466593194747217,0.3333333333333333,6.0,1.0,0.635618450415917,1.0,9,1.0,0.7124473497359725,1.0
3918,0.07,28,0.9642857142857143,0.9730143045360437,0.3333333333333333,0.6048402018940607,27,14,0.9285714285714286,0.5380484571292711,0.3333333333333333,7.0,1.0,0.6621107516136826,1.0,7,1.0,0.6811531417040181,1.0
3919,0.07,24,0.9583333333333334,0.9703282828282829,0.3333333333333333,0.5785107217549941,23,11,0.9090909090909091,0.5496586747795674,0.3333333333333333,7.0,1.0,0.498300502549792,1.0,6,1.0,0.7249847302826784,1.0
3920,0.07,28,0.9642857142857143,0.9750384024577573,0.3333333333333333,0.567630699196397,27,14,0.9285714285714286,0.5885941885065826,0.3333333333333333,7.0,1.0,0.5301056900127121,1.0,7,1.0,0.5632287297597106,1.0
3921,0.07,30,1.0,0.9981756675123837,0.967741935483871,0.5192279880516385,30,16,1.0,0.4874209994494497,0.967741935483871,5.0,1.0,0.4647925266238616,1.0,9,1.0,0.6060156685820723,0.9775280898876404
3922,0.07,28,1.0,0.9972951312362252,0.9565217391304348,0.520337715390591,28,15,1.0,0.4958743982163833,0.9565217391304348,4.0,1.0,0.4911748748149426,1.0,9,1.0,0.5740711731590034,1.0
3923,0.07,28,1.0,0.998447204968944,0.9565217391304348,0.6133508407222538,28,15,1.0,0.7014653696049877,0.9565217391304348,6.0,1.0,0.4512211260886197,1.0,7,1.0,0.5635023199452245,1.0
3924,0.07,21,1.0,0.9973938107319769,0.967741935483871,0.6434276656416008,21,8,1.0,0.6275373836727545,0.967741935483871,6.0,1.0,0.5807324496616829,1.0,7,1.0,0.7153267444459264,0.9775280898876404
3925,0.07,27,0.9629629629629629,0.9728660430500521,0.3333333333333333,0.5337569544088681,26,13,0.9230769230769231,0.5677261110798023,0.3333333333333333,6.0,1.0,0.4949696681171459,1.0,8,1.0,0.5076475395373918,0.9775280898876404
3926,0.07,26,1.0,1.0,1.0,0.6080450904105105,26,10,1.0,0.6212121267511017,1.0,8.0,1.0,0.5001585542834065,1.0,8,1.0,0.6994728311118754,1.0
3927,0.03,26,1.0,1.0,1.0,0.8313279236629986,26,11,1.0,0.8127577069921366,1.0,6.0,1.0,0.7936728092973239,1.0,9,1.0,0.8791282647267239,1.0
3928,0.07,25,1.0,0.9987096774193549,0.967741935483871,0.601188002741995,25,14,1.0,0.5606029439256044,0.967741935483871,5.0,1.0,0.614259594298628,1.0,6,1.0,0.6849934803497121,1.0
3929,0.07,28,0.9642857142857143,0.9761904761904762,0.3333333333333333,0.5480189089562663,27,16,0.9375,0.5400020930922009,0.3333333333333333,5.0,1.0,0.6114380552796017,1.0,7,1.0,0.5210436692717474,1.0
3930,0.07,23,1.0,0.9980237154150197,0.9545454545454546,0.5907069397104882,23,13,1.0,0.5324278372761008,0.9545454545454546,2.0,1.0,0.8256059737004228,1.0,8,1.0,0.6266857226688836,1.0
3931,0.07,28,0.9642857142857143,0.9742358342394588,0.3333333333333333,0.6060725889348476,27,12,0.9166666666666666,0.5928239642413442,0.3333333333333333,6.0,1.0,0.5402941530441129,1.0,10,1.0,0.6614380001014926,0.9775280898876404
3932,0.07,29,1.0,0.9976577084287274,0.9545454545454546,0.590451355779657,29,16,1.0,0.5925331754547332,0.9545454545454546,6.0,1.0,0.49909788386380055,1.0,7,1.0,0.6639958867359311,0.9775280898876404
3933,0.07,32,1.0,0.9972208498023716,0.9545454545454546,0.6433471628033037,32,17,1.0,0.6563458041281967,0.9545454545454546,8.0,1.0,0.5270791723415027,1.0,7,1.0,0.7446567372563359,1.0
3934,0.07,27,1.0,0.9955114492281394,0.9545454545454546,0.5873945930756653,27,17,1.0,0.5695904227523266,0.9545454545454546,4.0,1.0,0.6267012849595051,1.0,6,1.0,0.6116352810692319,1.0
3935,0.07,27,1.0,0.9967061923583663,0.9545454545454546,0.6040076440151851,27,14,1.0,0.5989659150866805,0.9545454545454546,6.0,1.0,0.5944314573610611,1.0,7,1.0,0.6222992618614437,1.0
3936,0.07,26,1.0,0.9974634549622337,0.9565217391304348,0.631628546573142,26,14,1.0,0.6446816075234321,0.9565217391304348,4.0,1.0,0.6458466590302052,1.0,8,1.0,0.6016766336816027,0.9775280898876404
3937,0.1,26,0.8076923076923077,0.9533473772604206,0.3333333333333333,0.48222040033379315,21,16,0.75,0.4504907695672225,0.3333333333333333,5.0,1.0,0.5857442707551097,1.0,5,0.8,0.4802313483655025,0.8571428571428571
3938,0.07,26,0.9615384615384616,0.971822429321208,0.3333333333333333,0.6488361471702773,25,11,0.9090909090909091,0.6558268881782434,0.3333333333333333,6.0,1.0,0.5849030553108635,1.0,9,1.0,0.6829139694001504,0.9775280898876404
3939,0.07,27,0.9629629629629629,0.9753086419753086,0.3333333333333333,0.6625333325724223,26,10,0.9,0.7186250421198862,0.3333333333333333,8.0,1.0,0.6623332346873471,1.0,9,1.0,0.6003870756397517,1.0
3940,0.1,30,0.9,0.9804188650682341,0.8043478260869565,0.4657681671609417,27,14,0.8571428571428571,0.4067521528688621,0.8043478260869565,5.0,1.0,0.5586023108963393,1.0,11,0.9090909090909091,0.49868212001658974,0.8571428571428571
3941,0.07,27,1.0,1.0,1.0,0.5946856685282219,27,9,1.0,0.5490650689937213,1.0,6.0,1.0,0.598283339176506,1.0,12,1.0,0.6271022828549553,1.0
3942,0.07,25,1.0,0.9987096774193549,0.967741935483871,0.5918313024508609,25,11,1.0,0.5201375859160452,0.967741935483871,7.0,1.0,0.6305667957303988,1.0,7,1.0,0.6657573637260334,1.0
3943,0.07,31,1.0,0.9960906170696697,0.9545454545454546,0.5964895809577754,31,16,1.0,0.5979057645373385,0.9545454545454546,7.0,1.0,0.6118942345576109,1.0,8,1.0,0.5801781418987931,1.0
3944,0.1,28,0.8928571428571429,0.966567606424013,0.3333333333333333,0.4503307107174012,25,13,0.8461538461538461,0.44748999345313284,0.3333333333333333,6.0,1.0,0.45285766092657315,0.9948453608247423,9,0.8888888888888888,0.4527493355152299,0.8571428571428571
3945,0.07,30,1.0,0.9959603043053253,0.9545454545454546,0.535369190036765,30,15,1.0,0.5352205922082771,0.9545454545454546,3.0,1.0,0.31874999444619695,1.0,12,1.0,0.5897097362200171,1.0
3946,0.1,26,0.8076923076923077,0.9527899636595288,0.3333333333333333,0.4189566845377423,21,15,0.7333333333333333,0.41779072675199935,0.3333333333333333,4.0,1.0,0.3209601982040991,1.0,7,0.8571428571428571,0.47745315769784497,0.8571428571428571
3947,0.07,24,0.9583333333333334,0.9708781362007168,0.3333333333333333,0.6064698515372443,23,13,0.9230769230769231,0.5927505549286598,0.3333333333333333,4.0,1.0,0.5156996494952155,1.0,7,1.0,0.6838172321200603,1.0
3948,0.07,25,0.96,0.9720430107526882,0.3333333333333333,0.5947196962230564,24,14,0.9285714285714286,0.5223442819964289,0.3333333333333333,5.0,1.0,0.5777748399629677,1.0,6,1.0,0.7777163763019276,1.0
3949,0.07,28,0.9642857142857143,0.9734150258343807,0.3333333333333333,0.5674591136881929,27,15,0.9333333333333333,0.5329877676505019,0.3333333333333333,9.0,1.0,0.6352683477977735,1.0,4,1.0,0.5441558845829784,1.0
3950,0.1,23,0.8695652173913043,0.9752890776520265,0.8043478260869565,0.4690672387608481,20,10,0.8,0.4663523426750794,0.8043478260869565,5.0,1.0,0.5227673080591393,1.0,8,0.875,0.43889831555662684,0.8571428571428571
3951,0.07,29,1.0,0.9992251065478497,0.9775280898876404,0.48182893400593063,29,13,1.0,0.47560994939427936,1.0,10.0,1.0,0.4638835374145588,1.0,6,1.0,0.5252123949834614,0.9775280898876404
3952,0.07,24,0.9583333333333334,0.9708781362007168,0.3333333333333333,0.5401167799649839,23,11,0.9090909090909091,0.501512953710734,0.3333333333333333,6.0,1.0,0.5942618748002797,1.0,7,1.0,0.55436985421998,1.0
3953,0.07,26,1.0,0.9983277591973244,0.9565217391304348,0.5996129190051304,26,13,1.0,0.6359827981581563,0.9565217391304348,7.0,1.0,0.5782952133731863,1.0,6,1.0,0.5456821707441756,1.0
3954,0.07,29,1.0,0.9969333515060652,0.9545454545454546,0.5627385469340342,29,10,1.0,0.39747749159249496,0.9545454545454546,6.0,1.0,0.7408294900262736,1.0,13,1.0,0.6076666157695693,1.0
3955,0.07,27,0.9629629629629629,0.9736983360171765,0.3333333333333333,0.5667050384838775,26,15,0.9333333333333333,0.5734857835561011,0.3333333333333333,5.0,1.0,0.3985339257609569,1.0,7,1.0,0.672297093845485,1.0
3956,0.07,26,0.9615384615384616,0.970938481808047,0.3333333333333333,0.4930283375928788,25,13,0.9230769230769231,0.39591253492626755,0.3333333333333333,5.0,1.0,0.496843250630553,1.0,8,1.0,0.6484571962775755,1.0
3957,0.07,26,1.0,0.9983277591973244,0.9565217391304348,0.6332001553598047,26,13,1.0,0.6855990255709905,0.9565217391304348,2.0,1.0,0.5099057347713735,1.0,11,1.0,0.5936913852172089,1.0
3958,0.07,28,1.0,0.9968238283455675,0.9545454545454546,0.5595449051758601,28,14,1.0,0.5309699273357978,0.9545454545454546,6.0,1.0,0.5854060501872514,1.0,8,1.0,0.5901552576374252,1.0
3959,0.07,29,1.0,0.9969333515060652,0.9545454545454546,0.543687765771737,29,15,1.0,0.4951216661722528,0.9545454545454546,6.0,1.0,0.6502821497083036,1.0,8,1.0,0.5548034145683456,1.0
3960,0.07,27,1.0,1.0,1.0,0.6537990447329293,27,12,1.0,0.6480155790406679,1.0,6.0,1.0,0.6455103730121609,1.0,9,1.0,0.6670361134697902,1.0
3961,0.07,26,1.0,1.0,1.0,0.5724717808962221,26,13,1.0,0.5502111074410837,1.0,6.0,1.0,0.48130777503854255,1.0,7,1.0,0.6919536080480613,1.0
3962,0.07,23,0.9565217391304348,0.9677216090412016,0.3333333333333333,0.5720948411296314,22,13,0.9230769230769231,0.5892281861947569,0.3333333333333333,3.0,1.0,0.4756499320472634,1.0,7,1.0,0.5816093041868419,1.0
3963,0.07,25,1.0,1.0,1.0,0.6083492880840411,25,13,1.0,0.6577132716501007,1.0,6.0,1.0,0.525325949948336,1.0,6,1.0,0.5844173284932838,1.0
3964,0.07,27,1.0,0.9988052568697731,0.967741935483871,0.5186682541226084,27,11,1.0,0.5624034964737599,0.967741935483871,8.0,1.0,0.43311690750861936,1.0,8,1.0,0.5440836425037644,1.0
3965,0.1,24,0.8333333333333334,0.9508346904358859,0.3333333333333333,0.3932096324847518,20,11,0.7272727272727273,0.3950877537996096,0.3333333333333333,6.0,1.0,0.37448094990276176,0.9948453608247423,7,0.8571428571428571,0.40631145548882397,0.8571428571428571
3966,0.07,27,1.0,1.0,1.0,0.512451156615535,27,13,1.0,0.5649522029053784,1.0,8.0,1.0,0.3885965125337759,1.0,6,1.0,0.5638384150965527,1.0
3967,0.07,27,0.9629629629629629,0.9753086419753086,0.3333333333333333,0.6154659893233434,26,14,0.9285714285714286,0.5754414891157277,0.3333333333333333,5.0,1.0,0.5887251372108439,1.0,8,1.0,0.7022218972569829,1.0
3968,0.07,30,1.0,1.0,1.0,0.5937053749828045,30,14,1.0,0.5799693328277359,1.0,9.0,1.0,0.601812060059417,1.0,7,1.0,0.6107545784801541,1.0
3969,0.07,23,1.0,0.9956441513007377,0.9545454545454546,0.6209179692544656,23,13,1.0,0.6427599655810924,0.9545454545454546,3.0,1.0,0.6313483332258017,1.0,7,1.0,0.5758841058030145,0.9775280898876404
3970,0.07,28,1.0,0.9988479262672811,0.967741935483871,0.561621016771403,28,13,1.0,0.570015039294398,0.967741935483871,10.0,1.0,0.5532332749688061,1.0,5,1.0,0.55657204181681,1.0
3971,0.07,30,1.0,0.9974754558204768,0.9565217391304348,0.5675733389602927,30,16,1.0,0.6115567926628545,0.9565217391304348,8.0,1.0,0.5156844466201034,1.0,6,1.0,0.5194693188737144,1.0
3972,0.07,26,1.0,0.9987593052109182,0.967741935483871,0.5820878805905817,26,12,1.0,0.5770330683313892,0.967741935483871,4.0,1.0,0.7017032963617813,1.0,10,1.0,0.5403074889931329,1.0
3973,0.1,27,0.8518518518518519,0.9549310419810653,0.3333333333333333,0.47843989202091064,23,14,0.7142857142857143,0.526577218724112,0.3333333333333333,2.0,1.0,0.4182539405165484,0.95,11,1.0,0.42811710376308393,0.9565217391304348
3974,0.07,28,0.9642857142857143,0.9746376811594202,0.3333333333333333,0.5472230752751029,27,11,0.9090909090909091,0.5521455422347256,0.3333333333333333,8.0,1.0,0.5787365652562726,1.0,9,1.0,0.5131947356745243,1.0
3975,0.07,25,1.0,0.9964426877470356,0.9545454545454546,0.5878757377477731,25,14,1.0,0.5480815998972471,0.9545454545454546,6.0,1.0,0.6421672774744042,1.0,5,1.0,0.6341494760572882,1.0
3976,0.07,23,1.0,0.9985974754558206,0.967741935483871,0.5889007726297227,23,12,1.0,0.5540091997160085,0.967741935483871,6.0,1.0,0.6985103353425249,1.0,5,1.0,0.5411090723672745,1.0
3977,0.07,27,1.0,0.9983164983164983,0.9545454545454546,0.5341415989295091,27,13,1.0,0.5700424825237749,0.9545454545454546,7.0,1.0,0.5075121502980494,1.0,7,1.0,0.4940979780287605,1.0
3978,0.07,27,1.0,0.9963626579445164,0.9565217391304348,0.5915117879051246,27,16,1.0,0.5636385255838204,0.9565217391304348,4.0,1.0,0.6192733298818002,1.0,7,1.0,0.639358363510005,0.9775280898876404
3979,0.07,31,1.0,0.9978088240139708,0.9545454545454546,0.6094220258113888,31,17,1.0,0.6178897529445389,0.9545454545454546,4.0,1.0,0.6229022836196103,1.0,10,1.0,0.5896347865617452,0.9775280898876404
3980,0.07,30,0.9666666666666667,0.9770287141073657,0.3333333333333333,0.5675698683005963,29,14,0.9285714285714286,0.5634424315642262,0.3333333333333333,5.0,1.0,0.6179662158911248,1.0,11,1.0,0.5499155388784631,0.9775280898876404
3981,0.07,28,1.0,0.9964925630179265,0.9565217391304348,0.5850578315317291,28,11,1.0,0.5940204009266797,0.9565217391304348,8.0,1.0,0.5581986395092902,1.0,9,1.0,0.5979784174022912,0.9775280898876404
3982,0.07,22,1.0,0.9989785495403474,0.9775280898876404,0.6105559163912505,22,8,1.0,0.6597712626460803,1.0,6.0,1.0,0.6623944829030213,1.0,8,1.0,0.5224616452525925,0.9775280898876404
3983,0.07,26,0.9615384615384616,0.9726867335562986,0.3333333333333333,0.5941830721829979,25,14,0.9285714285714286,0.5224411573492322,0.3333333333333333,4.0,1.0,0.6512343451186059,1.0,8,1.0,0.6912057866742838,1.0
3984,0.07,26,0.9615384615384616,0.9731182795698925,0.3333333333333333,0.63549819764514,25,16,0.9375,0.5939327318306232,0.3333333333333333,7.0,1.0,0.6844425576839276,1.0,3,1.0,0.742977175232059,1.0
3985,0.07,30,0.9666666666666667,0.9748133509003074,0.3333333333333333,0.5407240579758685,29,14,0.9285714285714286,0.5142131721880363,0.3333333333333333,6.0,1.0,0.5026138596403728,1.0,10,1.0,0.600705417080131,1.0
3986,0.07,28,0.9642857142857143,0.9761904761904762,0.3333333333333333,0.5512326915473904,27,15,0.9333333333333333,0.5386926163119445,0.3333333333333333,6.0,1.0,0.6210089182270555,1.0,7,1.0,0.518296087040776,1.0
3987,0.1,25,0.84,0.9754393096577276,0.8043478260869565,0.5203136727582983,21,12,0.75,0.48506918306201646,0.8043478260869565,4.0,1.0,0.517242823918084,0.9948453608247423,9,0.8888888888888888,0.5686711473934359,0.8571428571428571
3988,0.07,31,0.967741935483871,0.9760515163854077,0.3333333333333333,0.6278089111757066,30,18,0.9444444444444444,0.6129178575178106,0.3333333333333333,5.0,1.0,0.6572717885687792,1.0,8,1.0,0.6428994835353024,1.0
3989,0.1,25,0.88,0.9566878986910211,0.3333333333333333,0.4532594670767283,22,12,0.8333333333333334,0.43236264859859214,0.3333333333333333,5.0,1.0,0.5663428765650956,0.9948453608247423,8,0.875,0.4139275638637031,0.8571428571428571
3990,0.1,32,0.875,0.9814080447936364,0.8333333333333334,0.49855970595704474,28,14,0.7857142857142857,0.5100929693147517,0.8333333333333334,8.0,1.0,0.424508474293234,0.95,10,0.9,0.5416541225873037,0.8571428571428571
3991,0.07,25,1.0,0.9972829417773238,0.9545454545454546,0.5923111968058548,25,11,1.0,0.6598905400933489,0.9545454545454546,8.0,1.0,0.4993771371653316,1.0,6,1.0,0.5923278136328128,0.9775280898876404
3992,0.07,22,1.0,0.9980237154150197,0.9565217391304348,0.5945284765818521,22,12,1.0,0.6347994208413318,0.9565217391304348,5.0,1.0,0.4318654155315681,1.0,5,1.0,0.6605412714093852,1.0
3993,0.07,27,1.0,0.9971217551862713,0.9545454545454546,0.625596627743883,27,11,1.0,0.6578751726515751,0.9545454545454546,7.0,1.0,0.5133376108401405,1.0,9,1.0,0.6734576415596143,1.0
3994,0.1,30,0.8666666666666667,0.9774911437484274,0.8043478260869565,0.49932562870641345,26,15,0.7333333333333333,0.45477261954607495,0.8043478260869565,7.0,1.0,0.48768114064683693,0.95,8,1.0,0.5930514479341771,1.0
3995,0.07,27,1.0,0.9988052568697731,0.967741935483871,0.603961915410302,27,13,1.0,0.5647570509511838,0.967741935483871,6.0,1.0,0.52789605151958,1.0,8,1.0,0.7247192180744101,1.0
3996,0.1,32,0.875,0.9659441272678633,0.3333333333333333,0.523930499394559,28,18,0.8333333333333334,0.5138028392775278,0.3333333333333333,6.0,1.0,0.5804486635757667,1.0,8,0.875,0.5043291115219735,0.8571428571428571
3997,0.03,27,1.0,1.0,1.0,0.8389026589372721,27,9,1.0,0.7738628975213162,1.0,7.0,1.0,0.8893151248909533,1.0,11,1.0,0.8600363490343479,1.0
3998,0.1,29,0.8620689655172413,0.9773728917804779,0.8043478260869565,0.44007071052863594,25,16,0.8125,0.44274185523511833,0.8043478260869565,5.0,1.0,0.49040079730002856,0.95,8,0.875,0.40327211688355097,0.8571428571428571
3999,0.07,24,1.0,0.9986559139784946,0.967741935483871,0.574348812426433,24,15,1.0,0.5602232855639928,0.967741935483871,3.0,1.0,0.7840294142056976,1.0,6,1.0,0.5048223286929011,1.0
4000,0.1,28,0.8571428571428571,0.9557081242912389,0.3333333333333333,0.445967975946567,24,12,0.75,0.46015584004589644,0.3333333333333333,7.0,1.0,0.4256590925900462,0.9948453608247423,9,0.8888888888888888,0.4428466219803107,0.8571428571428571
4001,0.07,26,1.0,0.9982517482517482,0.9545454545454546,0.5219618923792168,26,11,1.0,0.4201920005002796,0.9545454545454546,6.0,1.0,0.6386662911257444,1.0,9,1.0,0.5685443832891215,1.0
4002,0.07,27,1.0,0.9974842053493739,0.9545454545454546,0.5928694481100786,27,13,1.0,0.6130241530807504,0.9545454545454546,6.0,1.0,0.5511223992628366,1.0,8,1.0,0.5914283391681682,0.9775280898876404
4003,0.07,27,1.0,1.0,1.0,0.6076847052048794,27,12,1.0,0.6489335322726288,1.0,7.0,1.0,0.5961082646005952,1.0,8,1.0,0.5559408501320038,1.0
4004,0.07,27,1.0,0.9967061923583663,0.9545454545454546,0.574252942517078,27,16,1.0,0.5186911953129658,0.9545454545454546,3.0,1.0,0.558040100017582,1.0,8,1.0,0.6914562528626134,1.0
4005,0.07,23,1.0,1.0,1.0,0.544369052360122,23,14,1.0,0.5687955811008472,1.0,4.0,1.0,0.4940686188048887,1.0,5,1.0,0.5162151187302784,1.0
4006,0.07,24,1.0,0.9972520762090863,0.9565217391304348,0.6045738125295483,24,8,1.0,0.5082995010534266,0.9565217391304348,8.0,1.0,0.6701592929741235,1.0,8,1.0,0.6352626435610951,0.9775280898876404
4007,0.07,30,1.0,0.9977357848144365,0.9545454545454546,0.6037389889126966,30,15,1.0,0.6319485694009859,0.9545454545454546,7.0,1.0,0.5907466663880176,1.0,8,1.0,0.5622143077062485,0.9775280898876404
4008,0.07,25,1.0,0.9981818181818182,0.9545454545454546,0.6140304439539881,25,12,1.0,0.5978961006320058,0.9545454545454546,7.0,1.0,0.523830765529014,1.0,6,1.0,0.7515320887604225,1.0
4009,0.07,26,0.9615384615384616,0.9734946701238835,0.3333333333333333,0.6068416980795214,25,15,0.9333333333333333,0.6249591940355999,0.3333333333333333,4.0,1.0,0.6500895261482211,1.0,7,1.0,0.5433054478486674,0.9775280898876404
4010,0.07,26,1.0,1.0,1.0,0.5629644460008368,26,10,1.0,0.5946809780608912,1.0,8.0,1.0,0.49806393989219144,1.0,8,1.0,0.5882192870344145,1.0
4011,0.07,26,0.9615384615384616,0.971822429321208,0.3333333333333333,0.5507243838091148,25,12,0.9166666666666666,0.5337275786243493,0.3333333333333333,10.0,1.0,0.5361561746997321,1.0,4,1.0,0.6381353221368687,0.9775280898876404
4012,0.07,22,1.0,0.997002264955367,0.9565217391304348,0.5693448290093652,22,10,1.0,0.5616219278881609,0.9565217391304348,4.0,1.0,0.6781495300009955,1.0,8,1.0,0.5245961049150556,0.9775280898876404
4013,0.07,29,1.0,0.9988876529477198,0.967741935483871,0.6139193491512311,29,13,1.0,0.6769824305302327,0.967741935483871,7.0,1.0,0.5671847532467362,1.0,9,1.0,0.5591773617517245,1.0
4014,0.07,28,1.0,0.9991974317817015,0.9775280898876404,0.6001351035964205,28,13,1.0,0.6468730427220706,1.0,4.0,1.0,0.4543103957950419,1.0,11,1.0,0.5979265238302447,0.9775280898876404
4015,0.07,33,0.9696969696969697,0.9767620852500092,0.3333333333333333,0.5530912592039635,32,18,0.9444444444444444,0.5664466854116427,0.3333333333333333,8.0,1.0,0.5670898381669192,1.0,7,1.0,0.5027503587122675,0.9775280898876404
4016,0.07,26,0.9615384615384616,0.9743589743589743,0.3333333333333333,0.5435362434659337,25,12,0.9166666666666666,0.5145164322727861,0.3333333333333333,5.0,1.0,0.5760574864813115,1.0,9,1.0,0.5641619678260317,1.0
4017,0.1,27,0.8888888888888888,0.9799041226989542,0.8043478260869565,0.49991052208461895,24,9,0.7777777777777778,0.4964462300725253,0.8043478260869565,6.0,1.0,0.49041034247249676,0.9948453608247423,12,0.9166666666666666,0.5072588308997503,0.8571428571428571
4018,0.1,26,0.8461538461538461,0.9764004111830199,0.8043478260869565,0.4535090556938836,22,13,0.6923076923076923,0.428875487044598,0.8043478260869565,3.0,1.0,0.4685909650657852,1.0,10,1.0,0.4810081221263845,0.9565217391304348
4019,0.07,27,1.0,0.998389694041868,0.9565217391304348,0.5727715172888499,27,9,1.0,0.547696283930565,0.9565217391304348,9.0,1.0,0.5852795329783923,1.0,9,1.0,0.5853387349575924,1.0
4020,0.07,26,0.9615384615384616,0.9743589743589743,0.3333333333333333,0.6287182008264781,25,10,0.9,0.6982669423149775,0.3333333333333333,8.0,1.0,0.571540925298933,1.0,8,1.0,0.598959549493399,1.0
4021,0.07,26,0.9615384615384616,0.9714460387672168,0.3333333333333333,0.5728636100020824,25,12,0.9166666666666666,0.5843183488687819,0.3333333333333333,6.0,1.0,0.5432612475659087,1.0,8,1.0,0.5778832735291636,1.0
4022,0.1,32,0.875,0.9666463744588745,0.3333333333333333,0.4215022043448883,28,20,0.85,0.43606566717157336,0.3333333333333333,6.0,1.0,0.38697171669069247,1.0,6,0.8333333333333334,0.40748781591013367,0.8571428571428571
4023,0.07,25,1.0,0.9987096774193549,0.967741935483871,0.5796284598748217,25,11,1.0,0.5821242366455033,0.967741935483871,8.0,1.0,0.604296909854362,1.0,6,1.0,0.5421616024891848,1.0
4024,0.07,26,1.0,1.0,1.0,0.6391870960595187,26,14,1.0,0.5966218459717656,1.0,5.0,1.0,0.6549680586191565,1.0,7,1.0,0.7130454801209983,1.0
4025,0.07,24,1.0,0.9972520762090863,0.9565217391304348,0.5841142538414749,24,12,1.0,0.5676575805342249,0.9565217391304348,6.0,1.0,0.6293294272446083,1.0,6,1.0,0.5718124270528412,0.9775280898876404
4026,0.07,27,1.0,0.9958738993912419,0.9545454545454546,0.6071057298264328,27,13,1.0,0.5948633252481745,0.9545454545454546,6.0,1.0,0.6338684622098179,1.0,8,1.0,0.6069275879785636,0.9775280898876404
4027,0.07,25,1.0,0.9987096774193549,0.967741935483871,0.6520091108208445,25,12,1.0,0.6406302193322924,0.967741935483871,6.0,1.0,0.664398066658946,1.0,7,1.0,0.6608966769399897,1.0
4028,0.07,29,1.0,0.9985007496251874,0.9565217391304348,0.6591765425540248,29,14,1.0,0.6020108576345385,0.9565217391304348,8.0,1.0,0.7464321387880521,1.0,7,1.0,0.6737872309826801,1.0
4029,0.07,23,1.0,1.0,1.0,0.606723407904049,23,11,1.0,0.6149406237365267,1.0,4.0,1.0,0.5288311628590743,1.0,8,1.0,0.6343708586568793,1.0
4030,0.07,29,1.0,0.9988876529477198,0.967741935483871,0.6188675929723455,29,13,1.0,0.6463278433000129,0.967741935483871,5.0,1.0,0.5225931545414347,1.0,11,1.0,0.6301756782355161,1.0
4031,0.07,24,1.0,0.9990636704119851,0.9775280898876404,0.5739529017612269,24,15,1.0,0.5949201230161106,1.0,3.0,1.0,0.4197887505194608,1.0,6,1.0,0.5986169242449012,0.9775280898876404
4032,0.07,23,1.0,0.9985974754558206,0.967741935483871,0.5932578953778058,23,9,1.0,0.6191727639242384,0.967741935483871,6.0,1.0,0.5138124137215136,1.0,8,1.0,0.6236877795052882,1.0
4033,0.07,27,0.9629629629629629,0.9732816058779572,0.3333333333333333,0.6135531983251712,26,17,0.9411764705882353,0.6069918385279648,0.3333333333333333,4.0,1.0,0.6797040945623631,1.0,6,1.0,0.5880431202591289,0.9775280898876404
4034,0.07,24,1.0,0.9990636704119851,0.9775280898876404,0.5943874568871061,24,10,1.0,0.6645225812068754,1.0,7.0,1.0,0.5125718977561259,1.0,7,1.0,0.5760099812755588,0.9775280898876404
4035,0.07,27,0.9629629629629629,0.9715981041944555,0.3333333333333333,0.5396390658693984,26,14,0.9285714285714286,0.5357144370486223,0.3333333333333333,6.0,1.0,0.5245321654983862,1.0,7,1.0,0.5604370952575325,0.9775280898876404
4036,0.07,22,1.0,0.9980237154150197,0.9565217391304348,0.6473502279805105,22,8,1.0,0.637907484483169,0.9565217391304348,6.0,1.0,0.5486324356362458,1.0,8,1.0,0.7308313157360503,1.0
4037,0.07,23,1.0,0.9985974754558206,0.967741935483871,0.6431079912106539,23,11,1.0,0.6402782528891053,0.967741935483871,9.0,1.0,0.5881984723215107,1.0,3,1.0,0.8182122550570948,1.0
4038,0.07,27,1.0,0.9979729639026487,0.967741935483871,0.5809485689373256,27,13,1.0,0.5850394708808709,0.967741935483871,7.0,1.0,0.5113692771974303,1.0,7,1.0,0.6429304713534941,0.9775280898876404
4039,0.1,28,0.8571428571428571,0.9561786682400436,0.3333333333333333,0.5115206059408892,24,12,0.75,0.46631397694960935,0.3333333333333333,5.0,1.0,0.506391087582778,0.9948453608247423,11,0.9090909090909091,0.5631685277305176,0.8571428571428571
4040,0.07,26,1.0,0.9973874440166575,0.9545454545454546,0.5612212004728315,26,12,1.0,0.5307305159919907,0.9545454545454546,10.0,1.0,0.5856386934796669,1.0,4,1.0,0.5916495213982651,0.9775280898876404
4041,0.07,26,0.9615384615384616,0.9743589743589743,0.3333333333333333,0.6007861868071086,25,8,0.875,0.6659927547942885,0.3333333333333333,8.0,1.0,0.5437951841816262,1.0,10,1.0,0.5942137345177505,1.0
4042,0.07,25,1.0,0.9981818181818182,0.9545454545454546,0.5697679796613511,25,12,1.0,0.5828995553492166,0.9545454545454546,8.0,1.0,0.5619334551445583,1.0,5,1.0,0.5507874372373426,1.0
4043,0.07,25,1.0,0.9960716705800778,0.9565217391304348,0.6329474387578222,25,11,1.0,0.6048516246250121,0.9565217391304348,7.0,1.0,0.6732119458651951,1.0,7,1.0,0.636833496716294,0.9775280898876404
4044,0.07,24,0.9583333333333334,0.9690665419978183,0.3333333333333333,0.5921794498967179,23,10,0.9,0.5968191036974831,0.3333333333333333,7.0,1.0,0.49203319857573996,1.0,7,1.0,0.68569762435946,1.0
4045,0.07,28,1.0,0.9948691863945499,0.9545454545454546,0.5909497910539306,28,15,1.0,0.5659034470932799,0.9545454545454546,6.0,1.0,0.6236196267648607,1.0,7,1.0,0.6166178117888138,0.9775280898876404
4046,0.07,30,1.0,0.9989247311827957,0.967741935483871,0.6537286924006291,30,14,1.0,0.6768820636800859,0.967741935483871,10.0,1.0,0.6085559236919569,1.0,6,1.0,0.6749921072630175,1.0
4047,0.07,28,1.0,0.9972951312362252,0.9565217391304348,0.5603808853580495,28,17,1.0,0.5528853034424213,0.9565217391304348,5.0,1.0,0.5101302490871287,1.0,6,1.0,0.6234938976780967,1.0
4048,0.07,25,0.96,0.972434456928839,0.3333333333333333,0.523308352407231,24,10,0.9,0.5334839933770442,0.3333333333333333,7.0,1.0,0.4985787307808246,1.0,8,1.0,0.5322272201180698,0.9775280898876404
4049,0.07,23,1.0,0.9967071162875785,0.9565217391304348,0.4769505727547127,23,7,1.0,0.4507876887952735,0.9565217391304348,7.0,1.0,0.39943676051970073,1.0,9,1.0,0.5575880031281746,1.0
4050,0.03,28,1.0,1.0,1.0,0.833851771787777,28,17,1.0,0.8510894230618461,1.0,8.0,1.0,0.8111208061634472,1.0,3,1.0,0.7967876562329336,1.0
4051,0.07,25,1.0,1.0,1.0,0.5981254450755145,25,11,1.0,0.703478750766799,1.0,7.0,1.0,0.49435256276465467,1.0,7,1.0,0.5363431327286415,1.0
4052,0.07,30,0.9666666666666667,0.9770287141073658,0.3333333333333333,0.5120201324175532,29,15,0.9333333333333333,0.47994743154836195,0.3333333333333333,5.0,1.0,0.48852776413994403,1.0,10,1.0,0.5718753678601443,0.9775280898876404
4053,0.07,26,1.0,0.9991356957649093,0.9775280898876404,0.5711585470652939,26,14,1.0,0.5226849524120514,1.0,3.0,1.0,0.5296649859012248,1.0,9,1.0,0.6603931035805831,0.9775280898876404
4054,0.07,26,1.0,0.9982517482517482,0.9545454545454546,0.621685580433632,26,10,1.0,0.6948742637451242,0.9545454545454546,8.0,1.0,0.5269208778711416,1.0,8,1.0,0.6249644288567568,1.0
4055,0.07,24,1.0,0.9977195843904797,0.967741935483871,0.5496069704990892,24,13,1.0,0.577270800636396,0.967741935483871,5.0,1.0,0.48664078776697367,1.0,6,1.0,0.5421404908116875,0.9775280898876404
4056,0.07,30,0.9666666666666667,0.9752532335982546,0.3333333333333333,0.5449575587624488,29,15,0.9333333333333333,0.5371512553233606,0.3333333333333333,6.0,1.0,0.5405816169272671,1.0,9,1.0,0.5608853590510501,1.0
4057,0.1,30,0.8666666666666667,0.9627561327561327,0.3333333333333333,0.42174390464997485,26,14,0.7857142857142857,0.3729495552377564,0.3333333333333333,8.0,1.0,0.44947679786637124,0.95,8,0.875,0.4794011229049607,0.8571428571428571
4058,0.07,26,1.0,1.0,1.0,0.5922530375026189,26,10,1.0,0.5429252951904326,1.0,6.0,1.0,0.5934050722068823,1.0,10,1.0,0.640889558992247,1.0
4059,0.07,30,0.9666666666666667,0.9777777777777777,0.3333333333333333,0.6037282295612301,29,17,0.9411764705882353,0.5552190314773667,0.3333333333333333,3.0,1.0,0.6266198741926897,1.0,10,1.0,0.6793263729143597,1.0
4060,0.07,29,1.0,0.9976577084287274,0.9545454545454546,0.6137957582649988,29,12,1.0,0.551064013100074,0.9545454545454546,5.0,1.0,0.6191428831461239,1.0,12,1.0,0.6742995347294548,0.9775280898876404
4061,0.07,23,0.9565217391304348,0.969038208168643,0.3333333333333333,0.5670063690414762,22,13,0.9230769230769231,0.5563849695224894,0.3333333333333333,5.0,1.0,0.539216965904296,1.0,5,1.0,0.6224114109280219,1.0
4062,0.07,24,1.0,0.9972520762090865,0.9565217391304348,0.6055012836844864,24,11,1.0,0.6707596829235966,0.9565217391304348,5.0,1.0,0.4780619537063922,1.0,8,1.0,0.595420565967019,0.9775280898876404
4063,0.07,26,1.0,0.9957152032139819,0.9545454545454546,0.5816052372918552,26,10,1.0,0.5684498732711598,0.9545454545454546,8.0,1.0,0.5531532731126396,1.0,8,1.0,0.6265014064969401,0.9775280898876404
4064,0.07,27,1.0,0.9962894622191469,0.9545454545454546,0.5824274104471935,27,15,1.0,0.6171551268752654,0.9545454545454546,5.0,1.0,0.5743062799519344,1.0,7,1.0,0.5138116827407958,0.9775280898876404
4065,0.07,26,1.0,0.9973874440166575,0.9545454545454546,0.5219365623402644,26,8,1.0,0.4598174251948133,0.9545454545454546,8.0,1.0,0.44913383184907846,1.0,10,1.0,0.629874056449574,0.9775280898876404
4066,0.1,26,0.8846153846153846,0.9616061474757127,0.3333333333333333,0.4961975188332734,23,10,0.7,0.46297332052803475,0.3333333333333333,6.0,1.0,0.4998726180327477,0.95,10,1.0,0.5272166576188277,0.9565217391304348
4067,0.07,26,1.0,0.9953388126599907,0.9545454545454546,0.5701939052850757,26,13,1.0,0.5429444017285857,0.9545454545454546,6.0,1.0,0.5464229117456866,1.0,7,1.0,0.6411752634951764,1.0
4068,0.07,23,1.0,0.9971326012616555,0.9565217391304348,0.5700358188266126,23,11,1.0,0.6416781653672975,0.9565217391304348,6.0,1.0,0.5396054183091826,1.0,6,1.0,0.46912191735278713,0.9775280898876404
4069,0.07,28,1.0,0.998447204968944,0.9565217391304348,0.6035738170344321,28,10,1.0,0.6572453485257054,0.9565217391304348,9.0,1.0,0.6278293650948564,1.0,9,1.0,0.5196832339837042,1.0
4070,0.07,26,0.9615384615384616,0.9717464183756318,0.3333333333333333,0.5019516785640504,25,12,0.9166666666666666,0.395569540395865,0.3333333333333333,7.0,1.0,0.6130293604916861,1.0,7,1.0,0.573243376353304,0.9775280898876404
4071,0.07,28,1.0,0.9968238283455675,0.9545454545454546,0.5587630454765172,28,15,1.0,0.556237399957996,0.9545454545454546,6.0,1.0,0.5034383906725877,1.0,7,1.0,0.6115962757052879,1.0
4072,0.07,31,1.0,0.9968319924032885,0.9565217391304348,0.6249505800401035,31,16,1.0,0.6438237970015037,0.9565217391304348,4.0,1.0,0.49247959875878966,1.0,11,1.0,0.6456698940167266,0.9775280898876404
4073,0.07,28,1.0,0.9988479262672811,0.967741935483871,0.5539332020698996,28,16,1.0,0.5444630502268308,0.967741935483871,7.0,1.0,0.5788133885267055,1.0,5,1.0,0.5494054269281916,1.0
4074,0.07,25,0.96,0.9733333333333333,0.3333333333333333,0.585353218813317,24,11,0.9090909090909091,0.5452320176189249,0.3333333333333333,6.0,1.0,0.462578005677672,1.0,8,1.0,0.7326012803073401,1.0
4075,0.07,23,1.0,0.9985974754558206,0.967741935483871,0.5600614902379469,23,12,1.0,0.5501076921738418,0.967741935483871,5.0,1.0,0.5825601164584449,1.0,6,1.0,0.5612202311824089,1.0
4076,0.07,27,1.0,0.9974842053493739,0.9545454545454546,0.6246810599769611,27,11,1.0,0.5886393779841185,0.9545454545454546,8.0,1.0,0.6600273892205379,1.0,8,1.0,0.6388920434735429,0.9775280898876404
4077,0.07,28,1.0,0.9972951312362252,0.9565217391304348,0.6304246672563752,28,15,1.0,0.6268670438303148,0.9565217391304348,7.0,1.0,0.5250560881034756,1.0,6,1.0,0.7622487348332433,1.0
4078,0.03,27,1.0,1.0,1.0,0.8354078170896104,27,11,1.0,0.8157288336744245,1.0,8.0,1.0,0.8149135075800924,1.0,8,1.0,0.8829607287950094,1.0
4079,0.07,26,1.0,0.9973874440166575,0.9545454545454546,0.6270250811661575,26,14,1.0,0.6358170405576029,0.9545454545454546,6.0,1.0,0.6876682574932237,1.0,6,1.0,0.5458673329257184,0.9775280898876404
4080,0.07,33,1.0,0.9979416225585787,0.9545454545454546,0.6046154395957968,33,18,1.0,0.5721024193390593,0.9545454545454546,7.0,1.0,0.6925105339140007,1.0,8,1.0,0.6008615276450276,0.9775280898876404
4081,0.07,26,1.0,0.9973874440166575,0.9545454545454546,0.6206988663241131,26,11,1.0,0.6058755486648901,0.9545454545454546,5.0,1.0,0.6870995329790767,1.0,10,1.0,0.6038041824217768,0.9775280898876404
4082,0.07,27,1.0,0.9962894622191469,0.9545454545454546,0.5469537335767983,27,15,1.0,0.5336664961998933,0.9545454545454546,4.0,1.0,0.38638216607683734,1.0,8,1.0,0.6521530874084758,0.9775280898876404
4083,0.07,24,1.0,0.9981060606060606,0.9545454545454546,0.6452487854731077,24,9,1.0,0.6610955676748269,0.9545454545454546,6.0,1.0,0.593626581151072,1.0,9,1.0,0.6638168061527456,1.0
4084,0.07,24,1.0,0.9972520762090863,0.9565217391304348,0.5326036483482995,24,11,1.0,0.5387012440611653,0.9565217391304348,5.0,1.0,0.4238413328078698,1.0,8,1.0,0.5921959014558776,0.9775280898876404
4085,0.07,28,1.0,1.0,1.0,0.5613884502477434,28,13,1.0,0.572341711474954,1.0,6.0,1.0,0.4950197132675341,1.0,9,1.0,0.5898128975730235,1.0
4086,0.07,21,1.0,0.9978354978354977,0.9545454545454546,0.5187020217924047,21,9,1.0,0.37853972845813755,0.9545454545454546,4.0,1.0,0.8373211314764935,1.0,8,1.0,0.5170750469514112,1.0
4087,0.07,23,1.0,0.9985974754558206,0.967741935483871,0.5937319819210863,23,11,1.0,0.6082348548550162,0.967741935483871,7.0,1.0,0.6136130546474827,1.0,5,1.0,0.5339921596494861,1.0
4088,0.07,27,0.9629629629629629,0.973625140291807,0.3333333333333333,0.6524290577922783,26,18,0.9444444444444444,0.6191933628704794,0.3333333333333333,5.0,1.0,0.7386469365898894,1.0,4,1.0,0.6942173364433591,1.0
4089,0.07,24,1.0,1.0,1.0,0.6462613673943195,24,14,1.0,0.6590061315944011,1.0,5.0,1.0,0.6328209566109161,1.0,5,1.0,0.6240164384174942,1.0
4090,0.07,24,1.0,0.9981884057971014,0.9565217391304348,0.6012773354647227,24,5,1.0,0.6347937225442565,0.9565217391304348,9.0,1.0,0.5984680131770942,1.0,10,1.0,0.5870475319838213,1.0
4091,0.07,25,0.96,0.9724344569288388,0.3333333333333333,0.5575718141745549,24,14,0.9285714285714286,0.5244090377577312,0.3333333333333333,3.0,1.0,0.6489895778131073,1.0,8,1.0,0.5813250115395394,0.9775280898876404
4092,0.07,20,1.0,0.9983870967741936,0.967741935483871,0.6145792786134168,20,10,1.0,0.6210050826582594,0.967741935483871,6.0,1.0,0.6420033401756952,1.0,4,1.0,0.5573786761578932,1.0
4093,0.07,29,1.0,0.9973202548285974,0.9545454545454546,0.5576178541449481,29,15,1.0,0.5259099462075377,0.9545454545454546,7.0,1.0,0.49445009383857935,1.0,7,1.0,0.6887311314600534,1.0
4094,0.03,28,1.0,1.0,1.0,0.830505509972521,28,15,1.0,0.8670108945112206,1.0,6.0,1.0,0.7876246879799803,1.0,7,1.0,0.7890346762403423,1.0
4095,0.07,26,0.9615384615384616,0.9726867335562986,0.3333333333333333,0.47532990321184104,25,11,0.9090909090909091,0.4466644762652866,0.3333333333333333,7.0,1.0,0.4491883324055091,1.0,8,1.0,0.5376187397188937,1.0
4096,0.07,29,1.0,0.9985007496251874,0.9565217391304348,0.6510655187013761,29,12,1.0,0.6678343077717508,0.9565217391304348,8.0,1.0,0.6427497710324568,1.0,9,1.0,0.6360989089799156,1.0
4097,0.07,29,0.9655172413793104,0.9770114942528735,0.3333333333333333,0.5706617483652049,28,17,0.9411764705882353,0.5481517119038938,0.3333333333333333,7.0,1.0,0.5770107762359871,1.0,5,1.0,0.6383072333145676,1.0
4098,0.07,26,1.0,0.9987593052109182,0.967741935483871,0.587709125946603,26,12,1.0,0.6541309949524545,0.967741935483871,5.0,1.0,0.488736145273682,1.0,9,1.0,0.5541316232015349,1.0
4099,0.07,23,1.0,0.998109640831758,0.9565217391304348,0.5891448755723423,23,11,1.0,0.5261430124709308,0.9565217391304348,2.0,1.0,0.6934297769740808,1.0,10,1.0,0.6375899447035475,1.0
4100,0.1,23,0.8695652173913043,0.9808323006349289,0.8043478260869565,0.48480581956910923,20,11,0.7272727272727273,0.4588823410439181,0.8043478260869565,5.0,1.0,0.5143472704977651,0.9948453608247423,7,1.0,0.5044416780167983,1.0
4101,0.07,26,0.9615384615384616,0.9726107226107227,0.3333333333333333,0.6050615551550158,25,12,0.9166666666666666,0.5692749725332925,0.3333333333333333,8.0,1.0,0.5715223904448214,1.0,6,1.0,0.721353606678722,1.0
4102,0.07,27,1.0,0.9971217551862713,0.9545454545454546,0.5769728634493133,27,15,1.0,0.5594744442562127,0.9545454545454546,5.0,1.0,0.5189134171448158,1.0,7,1.0,0.6559405090805984,1.0
4103,0.07,30,0.9666666666666667,0.9770287141073658,0.3333333333333333,0.5902975628312106,29,11,0.9090909090909091,0.5224340975969981,0.3333333333333333,10.0,1.0,0.5972322633986892,1.0,9,1.0,0.6655365752647159,0.9775280898876404
4104,0.07,28,0.9642857142857143,0.9742358342394587,0.3333333333333333,0.5765075482861761,27,11,0.9090909090909091,0.5244773033395629,0.3333333333333333,8.0,1.0,0.5347119099062883,1.0,9,1.0,0.6772517484474925,0.9775280898876404
4105,0.07,30,0.9666666666666667,0.9740642872298954,0.3333333333333333,0.5478451209242999,29,14,0.9285714285714286,0.5603651191103489,0.3333333333333333,8.0,1.0,0.5633384204512394,1.0,8,1.0,0.5104418245717744,0.9775280898876404
4106,0.07,22,0.9545454545454546,0.9696969696969696,0.3333333333333333,0.5992962177248162,21,11,0.9090909090909091,0.4992313909166896,0.3333333333333333,5.0,1.0,0.6858283169421975,1.0,6,1.0,0.7106383175252308,1.0
4107,0.07,26,0.9615384615384616,0.9743589743589743,0.3333333333333333,0.603892399462578,25,8,0.875,0.6315921430196637,0.3333333333333333,7.0,1.0,0.44192659073721613,1.0,11,1.0,0.6868162824281099,1.0
4108,0.1,26,0.8846153846153846,0.9791991106109328,0.8043478260869565,0.38731456590218843,23,14,0.8571428571428571,0.38622318839100106,0.8043478260869565,4.0,1.0,0.4720395654907562,1.0,8,0.875,0.34686197675248254,0.8571428571428571
4109,0.07,27,0.9629629629629629,0.9741138988450816,0.3333333333333333,0.5907640314278628,26,12,0.9166666666666666,0.643679941380915,0.3333333333333333,7.0,1.0,0.45167901170916813,1.0,8,1.0,0.6330895587521425,1.0
4110,0.07,23,1.0,1.0,1.0,0.6380104805061747,23,9,1.0,0.622172977310193,1.0,7.0,1.0,0.5630184858357616,1.0,7,1.0,0.7333649792857074,1.0
4111,0.07,22,0.9545454545454546,0.968675519237317,0.3333333333333333,0.5812670389506261,21,12,0.9166666666666666,0.6169178982287629,0.3333333333333333,4.0,1.0,0.5546954121249896,1.0,6,1.0,0.5276797382781105,0.9775280898876404
4112,0.07,28,1.0,0.9975740551583249,0.9545454545454546,0.6238106448484577,28,14,1.0,0.6147311222736515,0.9545454545454546,3.0,1.0,0.8705537192532785,1.0,11,1.0,0.5680728351059874,0.9775280898876404
4113,0.1,29,0.8275862068965517,0.9746399965054683,0.8043478260869565,0.481705519390842,24,13,0.6923076923076923,0.44729861320637176,0.8043478260869565,6.0,1.0,0.5009597896914861,1.0,10,0.9,0.514881935250267,0.8571428571428571
4114,0.07,23,0.9565217391304348,0.9700374531835206,0.3333333333333333,0.5298443955166475,22,13,0.9230769230769231,0.47668089029655936,0.3333333333333333,5.0,1.0,0.5863177815581546,1.0,5,1.0,0.6115961230473698,0.9775280898876404
4115,0.1,26,0.8461538461538461,0.9781240986663556,0.8043478260869565,0.43314556563558465,22,12,0.75,0.396663214435651,0.8043478260869565,5.0,1.0,0.3793138305341982,1.0,9,0.8888888888888888,0.5116952200695999,0.8571428571428571
4116,0.07,28,0.9642857142857143,0.9734856074267013,0.3333333333333333,0.5408607721267413,27,15,0.9333333333333333,0.5478801805495627,0.3333333333333333,8.0,1.0,0.5475739459720976,1.0,5,1.0,0.5090614687057069,1.0
4117,0.07,29,1.0,0.9973884025729071,0.9565217391304348,0.6049147759425894,29,15,1.0,0.575761206409155,0.9565217391304348,7.0,1.0,0.590304141764962,1.0,7,1.0,0.6819973448347192,1.0
4118,0.07,29,1.0,0.9961584580539149,0.9545454545454546,0.5691203100177292,29,16,1.0,0.5820897821557789,0.9545454545454546,8.0,1.0,0.5888529420418117,1.0,5,1.0,0.4960457879374385,0.9775280898876404
4119,0.07,24,1.0,0.9971697310180456,0.9545454545454546,0.5722740471297839,24,10,1.0,0.48206904443035914,0.9545454545454546,8.0,1.0,0.6090793034710507,1.0,6,1.0,0.6735420431738026,0.9775280898876404
4120,0.07,24,0.9583333333333334,0.9690665419978183,0.3333333333333333,0.5393607859761151,23,17,0.9411764705882353,0.5299214007390592,0.3333333333333333,2.0,1.0,0.5484843667196608,1.0,5,1.0,0.5678052634846871,1.0
4121,0.1,30,0.8666666666666667,0.9584586630609678,0.3333333333333333,0.45162241511818674,26,17,0.7647058823529411,0.4194522382965398,0.3333333333333333,7.0,1.0,0.5990568883106737,0.9948453608247423,6,1.0,0.37076436405495183,0.9565217391304348
4122,0.07,23,0.9565217391304348,0.9710144927536232,0.3333333333333333,0.5885080391755323,22,9,0.8888888888888888,0.6831816513671495,0.3333333333333333,7.0,1.0,0.49741271629493183,1.0,7,1.0,0.5578801463811962,1.0
4123,0.03,28,1.0,1.0,1.0,0.8319178628243117,28,11,1.0,0.8469866438315061,1.0,7.0,1.0,0.8041963554116561,1.0,10,1.0,0.8347472589052567,1.0
4124,0.07,25,0.96,0.9697760210803689,0.3333333333333333,0.5295154101007861,24,14,0.9285714285714286,0.49195272375592686,0.3333333333333333,6.0,1.0,0.6043315936884487,1.0,5,1.0,0.5449115115611967,1.0
4125,0.1,29,0.8620689655172413,0.977938347330056,0.8333333333333334,0.4653915547112169,25,17,0.8235294117647058,0.5138188862940961,0.8333333333333334,6.0,1.0,0.4300184681458761,0.95,6,0.8333333333333334,0.3635538684583996,0.8571428571428571
4126,0.07,28,0.9642857142857143,0.9734856074267013,0.3333333333333333,0.6240767508908067,27,12,0.9166666666666666,0.6071362766774367,0.3333333333333333,6.0,1.0,0.6582343832850455,1.0,10,1.0,0.6239107405103073,1.0
4127,0.07,26,1.0,1.0,1.0,0.5951094556894646,26,12,1.0,0.627774256927894,1.0,5.0,1.0,0.6011391557359588,1.0,9,1.0,0.5482065540123954,1.0
4128,0.07,30,1.0,0.9984848484848484,0.9545454545454546,0.5781797305649657,30,17,1.0,0.5797331320582755,0.9545454545454546,5.0,1.0,0.5073809919202341,1.0,8,1.0,0.61912796404464,1.0
4129,0.07,26,0.9615384615384616,0.9713700278216408,0.3333333333333333,0.5676781727149159,25,12,0.9166666666666666,0.4090111907906319,0.3333333333333333,8.0,1.0,0.7248636969205052,1.0,6,1.0,0.6754314376226985,1.0
4130,0.07,29,1.0,0.997725856173037,0.9565217391304348,0.5662699623200953,29,14,1.0,0.6082757506709714,0.9565217391304348,7.0,1.0,0.5637640423751027,1.0,8,1.0,0.49495251265793044,0.9775280898876404
4131,0.07,21,0.9523809523809523,0.9671838772962369,0.3333333333333333,0.6370653586500836,20,12,0.9166666666666666,0.6489075968163109,0.3333333333333333,3.0,1.0,0.48158875386204886,1.0,6,1.0,0.6911191847116461,0.9775280898876404
4132,0.07,23,1.0,1.0,1.0,0.6358886081871153,23,10,1.0,0.5711242802785395,1.0,5.0,1.0,0.7385231650603894,1.0,8,1.0,0.6526974200270386,1.0
4133,0.07,22,1.0,0.9949361492528879,0.9545454545454546,0.5741562859774102,22,13,1.0,0.5261480543118414,0.9545454545454546,4.0,1.0,0.6318002098422184,1.0,5,1.0,0.6528625492160426,0.9775280898876404
4134,0.07,24,1.0,1.0,1.0,0.692669265005236,24,9,1.0,0.7280435386961078,1.0,9.0,1.0,0.6967597722951664,1.0,6,1.0,0.6334720935340327,1.0
4135,0.1,27,0.8518518518518519,0.9588594711783117,0.3333333333333333,0.43433515302163933,23,15,0.8,0.43846954132004073,0.3333333333333333,6.0,1.0,0.5154891883911608,0.95,6,0.8333333333333334,0.34284514690611484,0.8571428571428571
4136,0.07,30,1.0,0.9978016609672692,0.9565217391304348,0.6103286416978434,30,9,1.0,0.6235227087087302,0.9565217391304348,11.0,1.0,0.6059251616135147,1.0,10,1.0,0.6032978094808066,0.9775280898876404
4137,0.07,30,1.0,0.9977357848144365,0.9545454545454546,0.5677843897727207,30,14,1.0,0.5431299360027814,0.9545454545454546,4.0,1.0,0.5795630741859858,1.0,12,1.0,0.5926216910332284,0.9775280898876404
4138,0.07,26,0.9615384615384616,0.9743589743589743,0.3333333333333333,0.5769770488999773,25,15,0.9333333333333333,0.5097744992315814,0.3333333333333333,5.0,1.0,0.7110741010505285,1.0,6,1.0,0.6332358796121742,1.0
4139,0.07,31,1.0,0.9960906170696697,0.9545454545454546,0.5496322850171991,31,18,1.0,0.5347702421440723,0.9545454545454546,7.0,1.0,0.5333331165115721,1.0,6,1.0,0.6132341102264777,1.0
4140,0.07,27,1.0,0.9991677070328756,0.9775280898876404,0.6118645868435051,27,12,1.0,0.6197824022807089,1.0,9.0,1.0,0.6865109146108578,1.0,6,1.0,0.4840594643180686,0.9775280898876404
4141,0.07,31,1.0,0.9978088240139708,0.9545454545454546,0.5917319927881406,31,13,1.0,0.5913702639828394,0.9545454545454546,7.0,1.0,0.6600229504501068,1.0,11,1.0,0.5487016083186088,0.9775280898876404
4142,0.07,27,0.9629629629629629,0.9732816058779572,0.3333333333333333,0.5842666123427839,26,13,0.9230769230769231,0.5809243600571862,0.3333333333333333,10.0,1.0,0.5575227529473289,1.0,4,1.0,0.6619885807596141,0.9775280898876404
4143,0.07,25,0.96,0.9703038803179055,0.3333333333333333,0.582650474044987,24,12,0.9166666666666666,0.5278913619226043,0.3333333333333333,6.0,1.0,0.5929300523161481,1.0,7,1.0,0.6677121705937906,1.0
4144,0.07,24,0.9583333333333334,0.9685166886253843,0.3333333333333333,0.6220374561406666,23,10,0.9,0.619857116412821,0.3333333333333333,6.0,1.0,0.7786245918489207,1.0,8,1.0,0.5073225290192828,1.0
4145,0.1,27,0.8148148148148148,0.9532234003248496,0.3333333333333333,0.44706289384318665,22,12,0.6666666666666666,0.33789599550150334,0.3333333333333333,6.0,1.0,0.5563375309432221,0.95,9,0.8888888888888888,0.5197690002320743,0.8571428571428571
4146,0.07,23,1.0,0.9985974754558206,0.967741935483871,0.6284551340421514,23,14,1.0,0.6429854074046121,0.967741935483871,3.0,1.0,0.49219435763297187,1.0,6,1.0,0.662681551067666,1.0
4147,0.07,25,0.96,0.9733333333333333,0.3333333333333333,0.5819996827514139,24,12,0.9166666666666666,0.5286034458553617,0.3333333333333333,6.0,1.0,0.5848799196948785,1.0,7,1.0,0.6710673143359621,1.0
4148,0.1,24,0.875,0.9759313377687828,0.8043478260869565,0.514779252977717,21,13,0.8461538461538461,0.5746053097614392,0.8043478260869565,3.0,1.0,0.3488915587804222,1.0,8,0.875,0.4797697960281536,0.8571428571428571
4149,0.07,29,1.0,0.9961584580539148,0.9545454545454546,0.6246348810544006,29,16,1.0,0.62864317923925,0.9545454545454546,5.0,1.0,0.6180800424912806,1.0,8,1.0,0.620715058786652,0.9775280898876404
4150,0.07,24,1.0,0.9986559139784946,0.967741935483871,0.5508020982573352,24,8,1.0,0.4799925632937767,0.967741935483871,7.0,1.0,0.493127905360551,1.0,9,1.0,0.658601612700219,1.0
4151,0.1,29,0.8620689655172413,0.9588764497074387,0.3333333333333333,0.45979146816695693,25,14,0.7142857142857143,0.444941809223696,0.3333333333333333,6.0,1.0,0.4659313047887836,0.95,9,1.0,0.47879771321970055,0.9775280898876404
4152,0.07,31,1.0,0.9953657167434645,0.9545454545454546,0.5341287033684069,31,15,1.0,0.5708360964176132,0.9545454545454546,8.0,1.0,0.500949474538836,1.0,8,1.0,0.49848157023071626,0.9775280898876404
4153,0.07,25,1.0,0.9982608695652173,0.9565217391304348,0.538794578633562,25,12,1.0,0.5241078287621075,0.9565217391304348,7.0,1.0,0.46344019547948617,1.0,6,1.0,0.656081525389559,1.0
4154,0.07,28,0.9642857142857143,0.9734150258343808,0.3333333333333333,0.5598960966978541,27,11,0.9090909090909091,0.4618169353380457,0.3333333333333333,7.0,1.0,0.5772334748615603,1.0,10,1.0,0.655647009479049,1.0
4155,0.1,28,0.8214285714285714,0.9729840552821919,0.8043478260869565,0.4638396572186383,23,14,0.7142857142857143,0.4439668718248826,0.8043478260869565,6.0,1.0,0.5211463718812269,1.0,8,0.875,0.45563699566076926,0.8571428571428571
4156,0.07,27,1.0,0.9991677070328756,0.9775280898876404,0.6214220465200545,27,11,1.0,0.6527082762828996,1.0,6.0,1.0,0.6728679969493289,1.0,10,1.0,0.5561396235233602,0.9775280898876404
4157,0.07,24,1.0,0.9967619745845552,0.9545454545454546,0.5752334917101761,24,12,1.0,0.5183159160295454,0.9545454545454546,5.0,1.0,0.6025598707682103,1.0,7,1.0,0.6532876364069473,1.0
4158,0.07,28,1.0,0.998447204968944,0.9565217391304348,0.6680252742615279,28,11,1.0,0.708654671270173,0.9565217391304348,9.0,1.0,0.6472309148571898,1.0,8,1.0,0.6355535077045213,1.0
4159,0.07,26,1.0,0.9970110534626664,0.9545454545454546,0.6178054396031137,26,13,1.0,0.6064043092907702,0.9545454545454546,4.0,1.0,0.5837102997616237,1.0,9,1.0,0.6494271344282726,1.0
4160,0.07,27,1.0,0.998389694041868,0.9565217391304348,0.6294294465394072,27,16,1.0,0.6470341357719829,0.9565217391304348,4.0,1.0,0.5725690548595093,1.0,7,1.0,0.6216818092534614,1.0
4161,0.07,30,1.0,0.9981756675123836,0.967741935483871,0.5715711590810303,30,15,1.0,0.5841996551883072,0.967741935483871,5.0,1.0,0.625476555765847,1.0,10,1.0,0.5256757165777068,0.9775280898876404
4162,0.07,28,1.0,0.9991974317817015,0.9775280898876404,0.5612197793369467,28,12,1.0,0.5977183469913266,1.0,7.0,1.0,0.46776243090051633,1.0,9,1.0,0.5852440712483302,0.9775280898876404
4163,0.07,26,1.0,0.9991356957649093,0.9775280898876404,0.5513222175545704,26,7,1.0,0.3979399330055163,1.0,8.0,1.0,0.5310505797988432,1.0,11,1.0,0.6636721351808611,0.9775280898876404
4164,0.1,27,0.8148148148148148,0.9734028581331734,0.8043478260869565,0.42823933461581015,22,14,0.7142857142857143,0.40807592348603183,0.8043478260869565,6.0,1.0,0.4252050214187384,0.9948453608247423,7,0.8571428571428571,0.47116699675857115,0.8571428571428571
4165,0.1,28,0.8571428571428571,0.9619303958085413,0.3333333333333333,0.5000748050786811,24,15,0.8,0.47693372572879184,0.3333333333333333,5.0,1.0,0.6652548569012262,0.9948453608247423,8,0.875,0.4402267964706328,0.8571428571428571
4166,0.1,23,0.8695652173913043,0.9786592610975597,0.8333333333333334,0.44057160596528805,20,10,0.8,0.45940855256903357,0.8333333333333334,6.0,1.0,0.45324683333514537,0.9948453608247423,7,0.8571428571428571,0.40279720164291666,0.8571428571428571
4167,0.07,30,0.9666666666666667,0.9762626262626263,0.3333333333333333,0.5412363938958983,29,15,0.9333333333333333,0.5329905521058049,0.3333333333333333,8.0,1.0,0.46958905762649816,1.0,7,1.0,0.6407887248968412,1.0
4168,0.07,25,0.96,0.9711441343481938,0.3333333333333333,0.5713798298122316,24,9,0.8888888888888888,0.5258006467935177,0.3333333333333333,7.0,1.0,0.5984478783389593,1.0,9,1.0,0.5959060861990462,0.9775280898876404
4169,0.07,31,1.0,1.0,1.0,0.6186246164332018,31,16,1.0,0.606798177424029,1.0,7.0,1.0,0.6075600474956854,1.0,8,1.0,0.6519589922718745,1.0
4170,0.07,26,0.9615384615384616,0.9705817345321262,0.3333333333333333,0.62676623061132,25,13,0.9230769230769231,0.6682518469543043,0.3333333333333333,7.0,1.0,0.5163442918309388,1.0,6,1.0,0.6657063237786323,0.9775280898876404
4171,0.07,21,1.0,1.0,1.0,0.6168347825280845,21,10,1.0,0.6827993428489592,1.0,6.0,1.0,0.4487890881031466,1.0,5,1.0,0.686560495196261,1.0
4172,0.07,29,1.0,0.9984326018808777,0.9545454545454546,0.5897608759223015,29,15,1.0,0.5530611509588277,0.9545454545454546,4.0,1.0,0.6429318611040074,1.0,10,1.0,0.6235420692948301,1.0
4173,0.07,26,1.0,0.995715203213982,0.9545454545454546,0.5644149332585631,26,13,1.0,0.5125238197845976,0.9545454545454546,5.0,1.0,0.4641927846847542,1.0,8,1.0,0.7113768355123873,0.9775280898876404
4174,0.07,22,1.0,1.0,1.0,0.5126727343181774,22,12,1.0,0.517934802719116,1.0,2.0,1.0,0.4797511180244993,1.0,8,1.0,0.513010035790189,1.0
4175,0.07,28,1.0,1.0,1.0,0.5386856765961913,28,14,1.0,0.5598682002437855,1.0,5.0,1.0,0.3291989381109923,1.0,9,1.0,0.6221166056361552,1.0
4176,0.07,29,1.0,0.9988876529477198,0.967741935483871,0.5579514784834291,29,14,1.0,0.5689712656263752,0.967741935483871,5.0,1.0,0.5298633688811858,1.0,10,1.0,0.556567831284426,1.0
4177,0.07,23,1.0,0.997620435885718,0.967741935483871,0.5542888773414336,23,11,1.0,0.6100381393622736,0.967741935483871,5.0,1.0,0.5043091809606642,1.0,7,1.0,0.5023826772949486,0.9775280898876404
4178,0.07,29,1.0,0.9958210044537847,0.9545454545454546,0.5335517022902632,29,14,1.0,0.5238607788314422,0.9545454545454546,6.0,1.0,0.5404636074991155,1.0,9,1.0,0.5440185353091939,1.0
4179,0.1,29,0.7931034482758621,0.9503613975276044,0.3333333333333333,0.4237905374068969,23,15,0.6666666666666666,0.3966433174062718,0.3333333333333333,7.0,1.0,0.515925453918735,0.9948453608247423,7,0.8571428571428571,0.38982823518211285,0.8571428571428571
4180,0.07,27,1.0,0.9991677070328756,0.9775280898876404,0.5776144127508905,27,12,1.0,0.5831426951295926,1.0,5.0,1.0,0.5979514110865212,1.0,10,1.0,0.5608119747286328,0.9775280898876404
4181,0.07,27,1.0,0.9963626579445164,0.9565217391304348,0.6109176852618339,27,13,1.0,0.6631639439708551,0.9565217391304348,5.0,1.0,0.3972627097240776,1.0,9,1.0,0.6541480757586677,0.9775280898876404
4182,0.07,27,0.9629629629629629,0.9715981041944555,0.3333333333333333,0.564184843694128,26,13,0.9230769230769231,0.5652996482582588,0.3333333333333333,6.0,1.0,0.4827410480807797,1.0,8,1.0,0.623456132987427,0.9775280898876404
4183,0.1,27,0.8888888888888888,0.9833599166409565,0.8571428571428571,0.47005448781914844,24,14,0.8571428571428571,0.4690268868162129,0.8636363636363636,6.0,1.0,0.4391761915256515,0.95,7,0.8571428571428571,0.4985768009337314,0.8571428571428571
4184,0.07,23,0.9565217391304348,0.9700374531835206,0.3333333333333333,0.5231323939773436,22,12,0.9166666666666666,0.5567786423796908,0.3333333333333333,3.0,1.0,0.45599917798060213,1.0,8,1.0,0.4978379773726014,0.9775280898876404
4185,0.1,24,0.8333333333333334,0.9766335717422674,0.8333333333333334,0.4376392489238475,20,7,0.5714285714285714,0.39382409140182684,0.8333333333333334,6.0,1.0,0.4855891687366389,1.0,11,0.9090909090909091,0.4393671201763383,0.8571428571428571
4186,0.07,23,0.9565217391304348,0.9691241335853811,0.3333333333333333,0.48763819590171387,22,11,0.9090909090909091,0.4663029885319496,0.3333333333333333,7.0,1.0,0.5045304509929585,1.0,5,1.0,0.510926494987453,1.0
4187,0.07,30,0.9666666666666667,0.9751873574454221,0.3333333333333333,0.6500942273095054,29,14,0.9285714285714286,0.6627913565013894,0.3333333333333333,8.0,1.0,0.5832197401042594,1.0,8,1.0,0.6947487384289543,1.0
4188,0.07,21,1.0,0.996393508314967,0.9565217391304348,0.6297694572072671,21,12,1.0,0.6037524218887499,0.9565217391304348,5.0,1.0,0.5950745608943239,1.0,4,1.0,0.7511891835539981,1.0
4189,0.07,28,1.0,0.998447204968944,0.9565217391304348,0.6053288835797999,28,14,1.0,0.622170186371477,0.9565217391304348,6.0,1.0,0.5375855624355275,1.0,8,1.0,0.6266640945525692,1.0
4190,0.07,31,1.0,1.0,1.0,0.570879406876748,31,18,1.0,0.5416718263969692,1.0,6.0,1.0,0.6213811907603187,1.0,7,1.0,0.6026973704959758,1.0
4191,0.03,25,1.0,1.0,1.0,0.8421124970299276,25,9,1.0,0.855064901183148,1.0,9.0,1.0,0.8082330737704957,1.0,7,1.0,0.8690186644521998,1.0
4192,0.1,25,0.84,0.9544096623531854,0.3333333333333333,0.457784193522771,21,14,0.7142857142857143,0.45290755769858787,0.3333333333333333,3.0,1.0,0.5115995446006107,0.9948453608247423,8,1.0,0.4461375495609017,0.9565217391304348
4193,0.1,30,0.9,0.9806014784164555,0.8043478260869565,0.4408277933278249,27,18,0.8333333333333334,0.46518962214096515,0.8043478260869565,7.0,1.0,0.3955104111596059,0.95,5,1.0,0.4165695446360266,0.9565217391304348
4194,0.07,24,1.0,0.9986559139784946,0.967741935483871,0.6388708082116367,24,13,1.0,0.6152188840010655,0.967741935483871,7.0,1.0,0.69731411398829,1.0,4,1.0,0.61346377678685,1.0
4195,0.07,26,1.0,1.0,1.0,0.6119859736008306,26,11,1.0,0.6257391806471375,1.0,6.0,1.0,0.507836393772196,1.0,9,1.0,0.6646095515411005,1.0
4196,0.07,26,1.0,0.9970870644082426,0.9565217391304348,0.5573882061822507,26,12,1.0,0.48149754330261757,0.9565217391304348,5.0,1.0,0.6027036044882588,1.0,9,1.0,0.6334005354073127,1.0
4197,0.07,28,1.0,0.9991974317817015,0.9775280898876404,0.5949083500899555,28,12,1.0,0.5065548323941189,1.0,5.0,1.0,0.5412920031714904,1.0,11,1.0,0.7156650725392613,0.9775280898876404
4198,0.07,31,1.0,1.0,1.0,0.5700240637649713,31,10,1.0,0.54239497385049,1.0,13.0,1.0,0.5301379995120291,1.0,8,1.0,0.6693752805691042,1.0
4199,0.07,26,1.0,0.9973874440166575,0.9545454545454546,0.5709245334500089,26,11,1.0,0.4510824986905951,0.9545454545454546,9.0,1.0,0.6681529208092561,1.0,6,1.0,0.6447923494700635,0.9775280898876404
4200,0.07,27,1.0,0.9967061923583663,0.9545454545454546,0.5654269128802472,27,10,1.0,0.5687867193752263,0.9545454545454546,7.0,1.0,0.46261306974475025,1.0,10,1.0,0.634036796580116,1.0
4201,0.07,23,1.0,0.9985974754558206,0.967741935483871,0.5806057243689738,23,13,1.0,0.5807869319633853,0.967741935483871,5.0,1.0,0.6037913632903776,1.0,5,1.0,0.5569489457021004,1.0
4202,0.07,25,1.0,0.9973619931607228,0.9565217391304348,0.607361786215151,25,14,1.0,0.5870356826041219,0.9565217391304348,6.0,1.0,0.6554879794746561,1.0,5,1.0,0.6065234444146269,0.9775280898876404
4203,0.07,27,1.0,0.9979729639026487,0.967741935483871,0.5360571647065485,27,11,1.0,0.6128649573589313,0.967741935483871,8.0,1.0,0.3990618088017033,1.0,8,1.0,0.5674418057143675,0.9775280898876404
4204,0.07,25,0.96,0.969325952530012,0.3333333333333333,0.5358363091208783,24,11,0.9090909090909091,0.4971695463178214,0.3333333333333333,6.0,1.0,0.44853484925219594,1.0,8,1.0,0.6544792028765933,0.9775280898876404
4205,0.07,21,1.0,1.0,1.0,0.4913890748461721,21,10,1.0,0.506158138067849,1.0,3.0,1.0,0.45377436220688216,1.0,8,1.0,0.4870332630588098,1.0
4206,0.07,25,1.0,1.0,1.0,0.6032367257871001,25,13,1.0,0.5992904224106099,1.0,5.0,1.0,0.46866269599809607,1.0,7,1.0,0.706689881907013,1.0
4207,0.07,32,0.96875,0.9781586021505376,0.3333333333333333,0.5808867539297786,31,15,0.9333333333333333,0.5611787676933699,0.3333333333333333,11.0,1.0,0.5774501563970299,1.0,6,1.0,0.6364571483308389,1.0
4208,0.07,26,0.9615384615384616,0.9688334827838745,0.3333333333333333,0.5967047235079754,25,16,0.9375,0.6069182671030874,0.3333333333333333,6.0,1.0,0.5380512240345717,1.0,4,1.0,0.6438307983376336,0.9775280898876404
4209,0.07,26,1.0,0.9987593052109182,0.967741935483871,0.5843287100916359,26,10,1.0,0.7168992719660928,0.967741935483871,6.0,1.0,0.4244337338967174,1.0,10,1.0,0.54769513393413,1.0
4210,0.07,29,1.0,0.9973884025729071,0.9565217391304348,0.5979843078572464,29,11,1.0,0.5647646305937791,0.9565217391304348,10.0,1.0,0.6185588111101596,1.0,8,1.0,0.6179432350283727,1.0
4211,0.07,30,1.0,1.0,1.0,0.5997167089527069,30,12,1.0,0.637922255814511,1.0,9.0,1.0,0.5425890813558153,1.0,9,1.0,0.6059036074005262,1.0
4212,0.1,29,0.8620689655172413,0.9744914532655675,0.8043478260869565,0.440966846448749,25,17,0.8235294117647058,0.45153190088509193,0.8043478260869565,5.0,1.0,0.48057086985199166,1.0,7,0.8571428571428571,0.38702026895817154,0.8571428571428571
4213,0.07,26,1.0,0.9983277591973244,0.9565217391304348,0.5364064792876595,26,14,1.0,0.5619142803903957,0.9565217391304348,7.0,1.0,0.5932691861238263,1.0,5,1.0,0.3853768466293646,1.0
4214,0.07,30,1.0,0.9989247311827957,0.967741935483871,0.585922224489933,30,16,1.0,0.5745165863581889,0.967741935483871,4.0,1.0,0.4498617517309321,1.0,10,1.0,0.6585954346043241,1.0
4215,0.07,24,1.0,0.9981884057971014,0.9565217391304348,0.5488186241199924,24,11,1.0,0.5816173312554409,0.9565217391304348,10.0,1.0,0.5230209433312836,1.0,3,1.0,0.514548967252377,1.0
4216,0.07,23,0.9565217391304348,0.9710144927536232,0.3333333333333333,0.5628867625248166,22,11,0.9090909090909091,0.6013549517041957,0.3333333333333333,9.0,1.0,0.5263441284960254,1.0,3,1.0,0.531464637620133,1.0
4217,0.07,29,0.9655172413793104,0.9770114942528735,0.3333333333333333,0.5787412096263719,28,12,0.9166666666666666,0.5319746319801123,0.3333333333333333,9.0,1.0,0.5189976007426002,1.0,8,1.0,0.7161026360900042,1.0
4218,0.07,28,1.0,0.9975740551583249,0.9545454545454546,0.5676970621637955,28,14,1.0,0.6105972119258046,0.9545454545454546,5.0,1.0,0.46156461694894213,1.0,9,1.0,0.559925965431144,0.9775280898876404
4219,0.07,29,0.9655172413793104,0.9770114942528735,0.3333333333333333,0.6166384169313853,28,12,0.9166666666666666,0.6561972716073106,0.3333333333333333,9.0,1.0,0.633634303221064,1.0,8,1.0,0.5381797628416096,1.0
4220,0.07,23,1.0,0.9980237154150197,0.9545454545454546,0.5892403398639212,23,11,1.0,0.6282078994711394,0.9545454545454546,3.0,1.0,0.5140856226325196,1.0,9,1.0,0.5666648949766777,1.0
4221,0.07,26,1.0,0.9983277591973244,0.9565217391304348,0.5955930014488708,26,8,1.0,0.6381166094176152,0.9565217391304348,11.0,1.0,0.5392888264998305,1.0,7,1.0,0.6354725815473692,1.0
4222,0.07,24,0.9583333333333334,0.9703282828282829,0.3333333333333333,0.6030626419489926,23,14,0.9285714285714286,0.6313005866442168,0.3333333333333333,5.0,1.0,0.4292171889524603,1.0,5,1.0,0.697841849798897,1.0
4223,0.07,27,1.0,1.0,1.0,0.58643807934569,27,12,1.0,0.5810303935215598,1.0,8.0,1.0,0.5399679113147449,1.0,7,1.0,0.6488171613652793,1.0
4224,0.07,30,1.0,0.9977357848144365,0.9545454545454546,0.5892490394704093,30,13,1.0,0.6146939256979426,0.9545454545454546,6.0,1.0,0.45347148462252124,1.0,11,1.0,0.6332382947548999,0.9775280898876404
4225,0.03,25,1.0,1.0,1.0,0.8325861630810807,25,14,1.0,0.7916892834822393,1.0,6.0,1.0,0.8996987120217987,1.0,5,1.0,0.866562367228975,1.0
4226,0.1,31,0.9032258064516129,0.9833546620475997,0.8043478260869565,0.4395827031722945,28,13,0.7692307692307693,0.377438809206271,0.8043478260869565,9.0,1.0,0.4561958762584337,0.95,9,1.0,0.5127329324815224,1.0
4227,0.07,27,1.0,0.9962894622191469,0.9545454545454546,0.5875751001595824,27,14,1.0,0.5691077508354113,0.9545454545454546,7.0,1.0,0.5523776463327934,1.0,6,1.0,0.6717292780472354,0.9775280898876404
4228,0.1,33,0.8181818181818182,0.9544816130906639,0.3333333333333333,0.48523528802719923,27,18,0.7222222222222222,0.5251578558990202,0.3333333333333333,9.0,1.0,0.4844853092947336,0.95,6,0.8333333333333334,0.36659255251043477,0.8571428571428571
4229,0.07,28,1.0,0.9988479262672811,0.967741935483871,0.6456299004251865,28,13,1.0,0.7019294752513422,0.967741935483871,6.0,1.0,0.5894395204292747,1.0,9,1.0,0.6017685456735697,1.0
4230,0.1,31,0.8064516129032258,0.9530525424747929,0.3333333333333333,0.42686315263078656,25,19,0.7368421052631579,0.43424106341584934,0.3333333333333333,5.0,1.0,0.3778433788054828,1.0,7,0.8571428571428571,0.4418515189465476,0.8571428571428571
4231,0.07,30,0.9666666666666667,0.9767025089605734,0.3333333333333333,0.5782420327609656,29,13,0.9230769230769231,0.5745266609992938,0.3333333333333333,7.0,1.0,0.5433040480655872,1.0,10,1.0,0.6075286053379039,1.0
4232,0.03,25,1.0,1.0,1.0,0.8592238255506216,25,12,1.0,0.837328753095905,1.0,6.0,1.0,0.8719504282444502,1.0,7,1.0,0.885849718878282,1.0
4233,0.1,24,0.875,0.9811076604554865,0.8043478260869565,0.43631115684826677,21,11,0.8181818181818182,0.4959035764170015,0.8043478260869565,4.0,1.0,0.3269888423154704,1.0,9,0.8888888888888888,0.41206367272327815,0.8571428571428571
4234,0.07,26,1.0,0.9970110534626664,0.9545454545454546,0.5833637144981594,26,13,1.0,0.5875642717825841,0.9545454545454546,7.0,1.0,0.5993959034622849,1.0,6,1.0,0.5555582865904263,1.0
4235,0.07,27,1.0,0.998389694041868,0.9565217391304348,0.5748775644615517,27,12,1.0,0.5756375652245943,0.9565217391304348,8.0,1.0,0.5236024864664736,1.0,7,1.0,0.6321747951478536,1.0
4236,0.07,24,1.0,0.9981884057971014,0.9565217391304348,0.5405339610020922,24,11,1.0,0.6024939576846672,0.9565217391304348,6.0,1.0,0.4632729642808176,1.0,7,1.0,0.5093919634048526,1.0
4237,0.07,30,1.0,0.9952112406349135,0.9545454545454546,0.6029503569616074,30,18,1.0,0.6088786833729709,0.9545454545454546,3.0,1.0,0.45377436220688216,1.0,9,1.0,0.6408190357237888,0.9775280898876404
4238,0.1,23,0.8260869565217391,0.9719593728431645,0.8043478260869565,0.4755626856733479,19,10,0.7,0.5523631660225043,0.8043478260869565,3.0,1.0,0.3546667998322712,0.9948453608247423,10,0.9,0.43503097107651456,0.8571428571428571
4239,0.07,26,0.9615384615384616,0.9743589743589743,0.3333333333333333,0.5910247105980644,25,10,0.9,0.5180441159873771,0.3333333333333333,9.0,1.0,0.5942823050179658,1.0,7,1.0,0.6910943672163159,1.0
4240,0.07,25,1.0,0.9964426877470356,0.9545454545454546,0.5638644725807427,25,11,1.0,0.6390526739585677,0.9545454545454546,6.0,1.0,0.43892334988365783,1.0,8,1.0,0.5541865377090469,1.0
4241,0.07,26,1.0,0.9957152032139819,0.9545454545454546,0.5525723191724706,26,13,1.0,0.5711011446837998,0.9545454545454546,7.0,1.0,0.4839128614867283,1.0,6,1.0,0.5925292311979566,0.9775280898876404
4242,0.07,26,1.0,0.9982517482517482,0.9545454545454546,0.6502725909495349,26,7,1.0,0.670794150854438,0.9545454545454546,10.0,1.0,0.6441593853274314,1.0,9,1.0,0.6411038283813917,1.0
4243,0.1,31,0.8709677419354839,0.9619837327891602,0.3333333333333333,0.43688084071991606,27,13,0.7692307692307693,0.42141789209029545,0.3333333333333333,7.0,1.0,0.4744790897375802,1.0,11,0.9090909090909091,0.431229076089136,0.8571428571428571
4244,0.07,22,1.0,0.9980237154150197,0.9565217391304348,0.5481452663359351,22,11,1.0,0.6051640643444469,0.9565217391304348,6.0,1.0,0.43438870969830345,1.0,5,1.0,0.559211778682367,1.0
4245,0.1,22,0.8636363636363636,0.9727871601389388,0.8043478260869565,0.4422354118751121,19,12,0.75,0.3912295319409649,0.8043478260869565,3.0,1.0,0.5231000234555996,0.95,7,1.0,0.4950178010848699,1.0
4246,0.07,29,0.9655172413793104,0.9758991472005932,0.3333333333333333,0.616101664321118,28,14,0.9285714285714286,0.601937219288738,0.3333333333333333,9.0,1.0,0.6333175242469028,1.0,6,1.0,0.6233282461746612,1.0
4247,0.07,30,1.0,0.9974754558204768,0.9565217391304348,0.5697120671421358,30,15,1.0,0.5759177331874775,0.9565217391304348,6.0,1.0,0.4798357406050651,1.0,9,1.0,0.6192868414246134,1.0
4248,0.07,21,1.0,1.0,1.0,0.5842614584032719,21,7,1.0,0.6763018203636496,1.0,7.0,1.0,0.5611866887246252,1.0,7,1.0,0.5152958661215411,1.0
4249,0.07,26,1.0,0.9983277591973244,0.9565217391304348,0.5783550731414986,26,11,1.0,0.592604022298797,0.9565217391304348,8.0,1.0,0.6086082427444851,1.0,7,1.0,0.5213888163480448,1.0
4250,0.1,24,0.8333333333333334,0.9517140575257685,0.3333333333333333,0.46937790500166904,20,16,0.8125,0.49062893663202733,0.3333333333333333,2.0,1.0,0.445765668693399,1.0,6,0.8333333333333334,0.4205792327568034,0.8571428571428571
4251,0.07,30,1.0,0.9985507246376811,0.9565217391304348,0.5888027163807443,30,13,1.0,0.5223837423548459,0.9565217391304348,9.0,1.0,0.6806900865329345,1.0,8,1.0,0.5933602577516152,1.0
4252,0.07,26,0.9615384615384616,0.9734946701238835,0.3333333333333333,0.5354717814114245,25,12,0.9166666666666666,0.5393441696890003,0.3333333333333333,6.0,1.0,0.468411228461663,1.0,8,1.0,0.5799586137073816,0.9775280898876404
4253,0.07,23,1.0,1.0,1.0,0.6490976077098441,23,12,1.0,0.6739047951467622,1.0,5.0,1.0,0.6205157003490601,1.0,6,1.0,0.6233014889699949,1.0
4254,0.07,28,1.0,1.0,1.0,0.5687936613108528,28,13,1.0,0.6098686559158523,1.0,7.0,1.0,0.4546976821593015,1.0,8,1.0,0.6018807768353365,1.0
4255,0.07,27,1.0,0.9988052568697731,0.967741935483871,0.6352692724060838,27,14,1.0,0.6584123437834408,0.967741935483871,4.0,1.0,0.42810385567950743,1.0,9,1.0,0.6913424576975626,1.0
4256,0.07,25,1.0,1.0,1.0,0.5673581481331302,25,14,1.0,0.537730501122546,1.0,5.0,1.0,0.6505097157012183,1.0,6,1.0,0.5671963515177539,1.0
4257,0.1,25,0.84,0.9541661050496956,0.3333333333333333,0.4499169440131208,21,15,0.7333333333333333,0.41431694882238157,0.3333333333333333,4.0,1.0,0.47147464898499586,1.0,6,1.0,0.5245451286753858,0.9565217391304348
4258,0.07,22,1.0,0.9964676086376966,0.9545454545454546,0.5523965750675653,22,11,1.0,0.5203544478909911,0.9545454545454546,4.0,1.0,0.7017032963617813,1.0,7,1.0,0.5174303627483448,1.0
4259,0.07,25,0.96,0.9715942028985506,0.3333333333333333,0.6157171261675242,24,9,0.8888888888888888,0.6465043427178053,0.3333333333333333,8.0,1.0,0.5646478470173389,1.0,8,1.0,0.6321507866986431,1.0
4260,0.07,28,1.0,1.0,1.0,0.6176206888150848,28,10,1.0,0.6287371667085335,1.0,8.0,1.0,0.5780900040213135,1.0,10,1.0,0.6381287587566532,1.0
4261,0.07,30,0.9666666666666667,0.97443829377501,0.3333333333333333,0.5311430862018883,29,17,0.9411764705882353,0.4998431905454814,0.3333333333333333,8.0,1.0,0.530698657370173,1.0,5,1.0,0.6382738175644163,0.9775280898876404
4262,0.1,28,0.8928571428571429,0.9812182836006899,0.8043478260869565,0.47121589424691296,25,12,0.8333333333333334,0.5435987474346441,0.8043478260869565,7.0,1.0,0.43896838223890994,1.0,9,0.8888888888888888,0.3997868215583852,0.8571428571428571
4263,0.07,29,0.9655172413793104,0.9762366008007232,0.3333333333333333,0.59125452910814,28,11,0.9090909090909091,0.600257096817454,0.3333333333333333,8.0,1.0,0.5654162844155979,1.0,10,1.0,0.6020223003819283,0.9775280898876404
4264,0.1,25,0.88,0.9599921920062172,0.3333333333333333,0.4868991187841478,22,11,0.7272727272727273,0.4717861761720466,0.3333333333333333,6.0,1.0,0.4048789000101842,1.0,8,1.0,0.5691945789562596,0.9565217391304348
4265,0.07,25,1.0,0.9955438113425413,0.9545454545454546,0.6156135553311417,25,11,1.0,0.61124628076998,0.9545454545454546,5.0,1.0,0.667266264290833,1.0,9,1.0,0.5922553859282886,0.9775280898876404
4266,0.07,24,0.9583333333333334,0.9703282828282829,0.3333333333333333,0.6436766998569698,23,13,0.9230769230769231,0.5886659659301425,0.3333333333333333,5.0,1.0,0.5934028904262432,1.0,6,1.0,0.8047614645573681,1.0
4267,0.07,25,1.0,0.994253488761896,0.9545454545454546,0.46309764584864455,25,13,1.0,0.5012473890288911,0.9545454545454546,6.0,1.0,0.37716700845989476,1.0,6,1.0,0.46637050634686017,0.9775280898876404
4268,0.07,27,1.0,0.9991677070328756,0.9775280898876404,0.5764190956025419,27,11,1.0,0.5442964026727842,1.0,6.0,1.0,0.528775589207903,1.0,10,1.0,0.6403401616620589,0.9775280898876404
4269,0.07,24,1.0,0.9981884057971014,0.9565217391304348,0.6412133597178852,24,9,1.0,0.6823380103995175,0.9565217391304348,5.0,1.0,0.621698350356445,1.0,10,1.0,0.613958678785136,1.0
4270,0.07,26,1.0,0.9978950009758274,0.967741935483871,0.5532758010803835,26,12,1.0,0.5804919435873673,0.967741935483871,5.0,1.0,0.563203209647672,1.0,9,1.0,0.5114723840892448,0.9775280898876404
4271,0.07,27,0.9629629629629629,0.9736983360171765,0.3333333333333333,0.563443429749619,26,16,0.9375,0.4784285435880391,0.3333333333333333,7.0,1.0,0.7026832235351702,1.0,4,1.0,0.6598333352712233,1.0
4272,0.07,30,1.0,0.9962865094521176,0.9545454545454546,0.5525169329998733,30,14,1.0,0.5613549303445425,0.9545454545454546,7.0,1.0,0.5695568156811416,1.0,9,1.0,0.5255156950449565,0.9775280898876404
4273,0.07,30,1.0,0.9985507246376811,0.9565217391304348,0.5978123537348314,30,14,1.0,0.6250906730756581,0.9565217391304348,7.0,1.0,0.5901493968203012,1.0,9,1.0,0.5613394901381803,1.0
4274,0.07,25,1.0,0.9972829417773238,0.9545454545454546,0.610978888836154,25,12,1.0,0.6589451386099043,0.9545454545454546,5.0,1.0,0.6362356162019405,1.0,8,1.0,0.5232440595719119,0.9775280898876404
4275,0.07,30,0.9666666666666667,0.9770287141073658,0.3333333333333333,0.5764514793114567,29,14,0.9285714285714286,0.575712489301668,0.3333333333333333,9.0,1.0,0.5141433272728659,1.0,7,1.0,0.6580399405235078,0.9775280898876404
4276,0.07,25,1.0,0.9981818181818182,0.9545454545454546,0.606312063238575,25,10,1.0,0.6333542686766107,0.9545454545454546,7.0,1.0,0.51841040031537,1.0,8,1.0,0.649423261498835,1.0
4277,0.07,26,1.0,0.9991356957649093,0.9775280898876404,0.6048275950292421,26,9,1.0,0.6360738822145322,1.0,8.0,1.0,0.5906049116701396,1.0,9,1.0,0.5862236930520432,0.9775280898876404
4278,0.07,27,1.0,1.0,1.0,0.564907234315077,27,11,1.0,0.6045260128359063,1.0,8.0,1.0,0.4549796157429634,1.0,8,1.0,0.62035903242105,1.0
4279,0.07,26,0.9615384615384616,0.9743589743589743,0.3333333333333333,0.5706520398069933,25,12,0.9166666666666666,0.5426897854809897,0.3333333333333333,6.0,1.0,0.6122773748018657,1.0,8,1.0,0.5813764200498444,1.0
4280,0.1,26,0.8461538461538461,0.9521417476840047,0.3333333333333333,0.46842101102604927,22,14,0.7857142857142857,0.41288816330343964,0.3333333333333333,5.0,1.0,0.5801174747047366,0.95,7,0.8571428571428571,0.499703518129349,0.8571428571428571
4281,0.07,28,1.0,1.0,1.0,0.6431208893491425,28,15,1.0,0.6851253509237479,1.0,5.0,1.0,0.4956742311065715,1.0,8,1.0,0.6565166852983642,1.0
4282,0.07,30,1.0,0.9981756675123837,0.967741935483871,0.5778020139520217,30,16,1.0,0.5517726900090255,0.967741935483871,8.0,1.0,0.5645966743464741,1.0,6,1.0,0.6648206639407416,0.9775280898876404
4283,0.1,28,0.8214285714285714,0.9701628535235207,0.8043478260869565,0.45993875703479203,23,14,0.7142857142857143,0.4277378698550948,0.8043478260869565,7.0,1.0,0.39423175869833893,0.95,7,0.8571428571428571,0.5900475297306395,0.8571428571428571
4284,0.07,29,0.9655172413793104,0.9758991472005932,0.3333333333333333,0.5349156477946935,28,15,0.9333333333333333,0.543614424923021,0.3333333333333333,7.0,1.0,0.46636799701519827,1.0,7,1.0,0.5848230618706294,1.0
4285,0.07,27,1.0,0.9971217551862713,0.9545454545454546,0.5535218132355554,27,12,1.0,0.47613492752025555,0.9545454545454546,8.0,1.0,0.5539386092126563,1.0,7,1.0,0.6857087076308114,1.0
4286,0.07,28,1.0,0.9972951312362252,0.9565217391304348,0.6108625661332934,28,11,1.0,0.579970212562435,0.9565217391304348,6.0,1.0,0.6340611477299434,1.0,11,1.0,0.6291011479241612,1.0
4287,0.1,30,0.9,0.9846687370600414,0.8043478260869565,0.480816198602919,27,15,0.8666666666666667,0.49323167430246195,0.8043478260869565,8.0,1.0,0.3883178824546836,1.0,7,0.8571428571428571,0.5599239691304532,0.8571428571428571
4288,0.07,29,1.0,0.9973884025729071,0.9565217391304348,0.5702586496672171,29,12,1.0,0.57866524842657,0.9565217391304348,9.0,1.0,0.5559957456220112,1.0,8,1.0,0.5736945185790449,1.0
4289,0.07,25,1.0,1.0,1.0,0.6258469386001585,25,9,1.0,0.5463403241285032,1.0,7.0,1.0,0.6659856996832242,1.0,9,1.0,0.6741345166738741,1.0
4290,0.07,28,1.0,0.998447204968944,0.9565217391304348,0.5968642732806443,28,12,1.0,0.5616058621763609,0.9565217391304348,6.0,1.0,0.6595888800117035,1.0,10,1.0,0.601539602567149,1.0
4291,0.07,29,1.0,0.9950461110016345,0.9545454545454546,0.6146720037444379,29,14,1.0,0.620556299920672,0.9545454545454546,5.0,1.0,0.6041531626629981,1.0,10,1.0,0.61169340963843,0.9775280898876404
4292,0.07,26,0.9615384615384616,0.9726107226107227,0.3333333333333333,0.559604365495561,25,10,0.9,0.5023747527982911,0.3333333333333333,9.0,1.0,0.5954591463846213,1.0,7,1.0,0.595261951062869,1.0
4293,0.07,28,1.0,0.9983766233766234,0.9545454545454546,0.5930952635811025,28,15,1.0,0.4833350479793716,0.9545454545454546,5.0,1.0,0.7098824210749457,1.0,8,1.0,0.7259036944006962,1.0
4294,0.07,24,1.0,0.9971697310180456,0.9545454545454546,0.6037544788466475,24,10,1.0,0.5936086340141706,0.9545454545454546,8.0,1.0,0.6582451308086854,1.0,6,1.0,0.5480100176180582,0.9775280898876404
4295,0.1,30,0.8333333333333334,0.9563583458283019,0.3333333333333333,0.4096853920362369,25,16,0.6875,0.38523729490549186,0.3333333333333333,5.0,1.0,0.32482999989370376,0.95,9,1.0,0.5002905603478577,0.9775280898876404
4296,0.07,25,0.96,0.9720430107526882,0.3333333333333333,0.5344138573318514,24,9,0.8888888888888888,0.533441525704396,0.3333333333333333,10.0,1.0,0.46679034089936156,1.0,6,1.0,0.648578215493851,1.0
4297,0.07,30,0.9666666666666667,0.975187357445422,0.3333333333333333,0.5532550145713983,29,16,0.9375,0.5591771063840827,0.3333333333333333,5.0,1.0,0.4653821244482497,1.0,9,1.0,0.5915451236394863,1.0
4298,0.07,27,0.9629629629629629,0.973625140291807,0.3333333333333333,0.48977052623475087,26,13,0.9230769230769231,0.4684916349139921,0.3333333333333333,5.0,1.0,0.4908173219233973,1.0,9,1.0,0.5199251494265991,1.0
4299,0.07,28,0.9642857142857143,0.9753879079721776,0.3333333333333333,0.5683521648333354,27,12,0.9166666666666666,0.6302945627732004,0.3333333333333333,5.0,1.0,0.4996620180788784,1.0,11,1.0,0.5320014337873268,0.9775280898876404
4300,0.07,26,1.0,0.9944745084249,0.9545454545454546,0.5568795084249691,26,10,1.0,0.5222466980391534,0.9545454545454546,8.0,1.0,0.52168901366283,1.0,8,1.0,0.6353610161693779,0.9775280898876404
4301,0.07,24,1.0,0.9981060606060606,0.9545454545454546,0.53613403777301,24,11,1.0,0.5520444012039393,0.9545454545454546,7.0,1.0,0.4029535180069138,1.0,6,1.0,0.6623423112100855,1.0
4302,0.07,30,0.9666666666666667,0.9762626262626263,0.3333333333333333,0.5646144511925067,29,16,0.9375,0.5112885743110469,0.3333333333333333,7.0,1.0,0.524183284739182,1.0,7,1.0,0.7269333362320255,1.0
4303,0.1,30,0.8333333333333334,0.9549438484221093,0.3333333333333333,0.40218150100919503,25,15,0.7333333333333333,0.4141190228096561,0.3333333333333333,6.0,1.0,0.2549529799532449,1.0,9,0.8888888888888888,0.4804379787123934,0.8571428571428571
4304,0.1,27,0.8518518518518519,0.9573207081388475,0.3333333333333333,0.4328712747292242,23,14,0.7857142857142857,0.46110704794395774,0.3333333333333333,4.0,1.0,0.3879678358336385,1.0,9,0.8888888888888888,0.4089060447932323,0.8571428571428571
4305,0.07,29,0.9655172413793104,0.9754440961337514,0.3333333333333333,0.5896201573661177,28,15,0.9333333333333333,0.5547790316395302,0.3333333333333333,5.0,1.0,0.7355857276311943,1.0,9,1.0,0.5665967167631654,1.0
4306,0.07,29,1.0,0.9977258561730371,0.9565217391304348,0.6006266296465845,29,15,1.0,0.5977541056911574,0.9565217391304348,6.0,1.0,0.5370456535311126,1.0,8,1.0,0.653698344149614,0.9775280898876404
4307,0.07,30,1.0,0.9989247311827957,0.967741935483871,0.5851003612903007,30,16,1.0,0.5874061845666809,0.967741935483871,7.0,1.0,0.6004108003123604,1.0,7,1.0,0.564519469065086,1.0
4308,0.07,26,1.0,0.9991356957649093,0.9775280898876404,0.5926318773639196,26,11,1.0,0.5527500780503286,1.0,10.0,1.0,0.586474936773595,1.0,5,1.0,0.6926857170344686,0.9775280898876404
4309,0.07,23,1.0,0.9961333562467779,0.9545454545454546,0.6075249258746862,23,13,1.0,0.6572742334165598,0.9545454545454546,3.0,1.0,0.4253542153829935,1.0,7,1.0,0.5932065163647897,1.0
4310,0.07,21,1.0,0.9978354978354977,0.9545454545454546,0.4987980165106394,21,12,1.0,0.5440690266767604,0.9545454545454546,4.0,1.0,0.4484341101358395,1.0,5,1.0,0.4304387172117886,1.0
4311,0.1,27,0.8888888888888888,0.9794885598710491,0.8043478260869565,0.4636666246080065,24,10,0.8,0.4132362958885313,0.8043478260869565,8.0,1.0,0.5114718399821756,0.9948453608247423,9,0.8888888888888888,0.4772067984081622,0.8571428571428571
4312,0.07,28,1.0,0.9975740551583249,0.9545454545454546,0.5779489633952067,28,12,1.0,0.6143792190525584,0.9545454545454546,5.0,1.0,0.5758495505499044,1.0,11,1.0,0.5391611448805061,0.9775280898876404
4313,0.07,30,1.0,0.9959603043053253,0.9545454545454546,0.5785907763510051,30,14,1.0,0.6116896164558516,0.9545454545454546,9.0,1.0,0.591106698964447,1.0,7,1.0,0.49630119563831565,1.0
4314,0.07,24,0.9583333333333334,0.9690665419978183,0.3333333333333333,0.5323982150796936,23,14,0.9285714285714286,0.4546670757717416,0.3333333333333333,4.0,1.0,0.5114948020352906,1.0,6,1.0,0.7277064821611839,1.0
4315,0.07,24,1.0,0.9986559139784946,0.967741935483871,0.634927937197125,24,9,1.0,0.6293285406252571,0.967741935483871,5.0,1.0,0.5841559825222608,1.0,10,1.0,0.6653533714492381,1.0
4316,0.07,29,1.0,0.9981127594955694,0.967741935483871,0.5656301651869271,29,14,1.0,0.5502886180027889,0.967741935483871,6.0,1.0,0.49272556638580306,1.0,9,1.0,0.6380978600074472,0.9775280898876404
4317,0.07,24,1.0,1.0,1.0,0.6230820050243647,24,11,1.0,0.6001808171129486,1.0,3.0,1.0,0.525052008626823,1.0,10,1.0,0.6776823106461849,1.0
4318,0.07,29,1.0,0.9969333515060652,0.9545454545454546,0.5486843525188508,29,13,1.0,0.5018885137987039,0.9545454545454546,6.0,1.0,0.5956770088277538,1.0,10,1.0,0.5813233490697003,1.0
4319,0.07,27,1.0,0.9974842053493739,0.9545454545454546,0.6101988529327982,27,14,1.0,0.6170201224968476,0.9545454545454546,5.0,1.0,0.5821077237041405,1.0,8,1.0,0.6158185869636227,0.9775280898876404
4320,0.07,23,1.0,0.997620435885718,0.967741935483871,0.5279705294047132,23,11,1.0,0.47393360886171876,0.967741935483871,8.0,1.0,0.5710301971234921,1.0,4,1.0,0.5904527254603904,0.9775280898876404
4321,0.1,30,0.9,0.963422820767061,0.3333333333333333,0.4384903719346595,27,17,0.8235294117647058,0.4258874510090333,0.3333333333333333,5.0,1.0,0.5014832471659418,0.9948453608247423,8,1.0,0.42590103188206396,0.9565217391304348
4322,0.07,24,1.0,0.9981884057971014,0.9565217391304348,0.6410218055613766,24,14,1.0,0.6426024050120455,0.9565217391304348,7.0,1.0,0.6157891439247498,1.0,3,1.0,0.6925218852770509,1.0
4323,0.07,24,1.0,0.9981884057971014,0.9565217391304348,0.5902290667780266,24,15,1.0,0.6135761973261722,0.9565217391304348,5.0,1.0,0.5488380154414291,1.0,4,1.0,0.5544161413932265,1.0
4324,0.07,27,1.0,0.9991677070328756,0.9775280898876404,0.6139801543791421,27,12,1.0,0.6088374280429807,1.0,8.0,1.0,0.615797593605566,1.0,7,1.0,0.6207191832680774,0.9775280898876404
4325,0.07,21,1.0,0.996393508314967,0.9565217391304348,0.6253033703798702,21,11,1.0,0.6697923919408608,0.9565217391304348,4.0,1.0,0.49938731385249113,1.0,6,1.0,0.6276842018696399,1.0
4326,0.07,24,1.0,0.9971697310180456,0.9545454545454546,0.5915438060969024,24,12,1.0,0.6007390943463856,0.9545454545454546,6.0,1.0,0.43751067653842074,1.0,6,1.0,0.7271863591564175,0.9775280898876404
4327,0.07,25,1.0,0.996891495601173,0.9545454545454546,0.5238982987031685,25,13,1.0,0.4713691654946453,0.9545454545454546,4.0,1.0,0.6453721204033139,1.0,8,1.0,0.5485212293169461,1.0
4328,0.07,27,1.0,0.998389694041868,0.9565217391304348,0.6016768007859239,27,12,1.0,0.6693764399648031,0.9565217391304348,8.0,1.0,0.49553032357367693,1.0,7,1.0,0.6069305361504131,1.0
4329,0.07,26,1.0,0.9953388126599907,0.9545454545454546,0.5729269861809428,26,15,1.0,0.5520481587654327,0.9545454545454546,5.0,1.0,0.6257673851936902,1.0,6,1.0,0.5810903888757618,1.0
4330,0.07,25,1.0,0.997361993160723,0.9565217391304348,0.6214245341552403,25,12,1.0,0.544923492626661,0.9565217391304348,5.0,1.0,0.6400787992650454,1.0,8,1.0,0.724517180754481,0.9775280898876404
4331,0.07,28,1.0,0.9991974317817015,0.9775280898876404,0.6298756046294868,28,14,1.0,0.6252945852440116,1.0,5.0,1.0,0.5896292977370925,1.0,9,1.0,0.6593606941693335,0.9775280898876404
4332,0.07,27,1.0,0.9988052568697731,0.967741935483871,0.6205791538421761,27,12,1.0,0.6057187023768522,0.967741935483871,8.0,1.0,0.6072818558671107,1.0,7,1.0,0.6612511254685199,1.0
4333,0.03,32,1.0,1.0,1.0,0.8292355668378111,32,16,1.0,0.8408950588816001,1.0,5.0,1.0,0.8286093972675269,1.0,11,1.0,0.8125609282151558,1.0
4334,0.07,30,1.0,0.9984848484848484,0.9545454545454546,0.5664811807958048,30,16,1.0,0.5451251389057613,0.9545454545454546,6.0,1.0,0.5796892517457526,1.0,8,1.0,0.5992872113634313,1.0
4335,0.07,23,1.0,1.0,1.0,0.5986063199275208,23,10,1.0,0.6350254204036099,1.0,4.0,1.0,0.46936427418057647,1.0,9,1.0,0.6155815619527307,1.0
4336,0.07,29,1.0,0.995821004453785,0.9545454545454546,0.59281782667792,29,12,1.0,0.607523215074865,0.9545454545454546,7.0,1.0,0.5542418799020175,1.0,10,1.0,0.6021745233447178,1.0
4337,0.1,28,0.8571428571428571,0.9594631517389132,0.3333333333333333,0.5069907163476421,24,16,0.8125,0.5396019094573905,0.3333333333333333,6.0,1.0,0.4729373209671696,0.9948453608247423,6,0.8333333333333334,0.45408093010211886,0.8571428571428571
4338,0.07,29,1.0,0.9969333515060652,0.9545454545454546,0.5451218621760517,29,16,1.0,0.5527524820854939,0.9545454545454546,6.0,1.0,0.6055753359958512,1.0,7,1.0,0.4758631819660705,1.0
4339,0.07,25,1.0,0.9981818181818182,0.9545454545454546,0.5700158174481916,25,12,1.0,0.6058303965038084,0.9545454545454546,7.0,1.0,0.5111261240174122,1.0,6,1.0,0.5670913016728674,1.0
4340,0.07,28,0.9642857142857143,0.9750384024577573,0.3333333333333333,0.6308255010863111,27,14,0.9285714285714286,0.6175069618048435,0.3333333333333333,5.0,1.0,0.516578963590821,1.0,9,1.0,0.7150135274660886,1.0
4341,0.07,25,1.0,0.9951523651663904,0.9545454545454546,0.5629302567586045,25,15,1.0,0.5615746280111615,0.9545454545454546,5.0,1.0,0.5050669001376719,1.0,5,1.0,0.6248604996218665,1.0
4342,0.07,24,1.0,0.9953581368151472,0.9545454545454546,0.613192899330653,24,15,1.0,0.6323615799380812,0.9545454545454546,5.0,1.0,0.6193841029410099,1.0,4,1.0,0.533571342539851,0.9775280898876404
4343,0.1,27,0.8518518518518519,0.9765291026572674,0.8043478260869565,0.5053217097776407,23,15,0.8,0.5392068514015878,0.8043478260869565,6.0,1.0,0.4228869418381655,0.9948453608247423,6,0.8333333333333334,0.5030436236572481,0.8571428571428571
4344,0.07,26,1.0,0.9973874440166575,0.9545454545454546,0.5435726661129477,26,14,1.0,0.5540061558564418,0.9545454545454546,4.0,1.0,0.5533906881811426,1.0,8,1.0,0.5204050480277357,0.9775280898876404
4345,0.07,27,0.9629629629629629,0.9753086419753086,0.3333333333333333,0.6249392767008852,26,10,0.9,0.607794535110235,0.3333333333333333,7.0,1.0,0.6314645517433083,1.0,10,1.0,0.6375163257618394,1.0
4346,0.07,25,1.0,0.9981818181818182,0.9545454545454546,0.6122733856737511,25,15,1.0,0.5333975994646749,0.9545454545454546,5.0,1.0,0.8278751404222726,1.0,5,1.0,0.6332989895524582,1.0
4347,0.03,30,1.0,1.0,1.0,0.878174976574243,30,13,1.0,0.9116087994158057,1.0,7.0,1.0,0.8389287772478077,1.0,10,1.0,0.8621833464087159,1.0
4348,0.07,25,1.0,0.9991011235955056,0.9775280898876404,0.634001573033469,25,10,1.0,0.5562034006918503,1.0,6.0,1.0,0.7299360030721905,1.0,9,1.0,0.6564877000538977,0.9775280898876404
4349,0.07,24,1.0,1.0,1.0,0.5998843578363967,24,15,1.0,0.5141042651449922,1.0,6.0,1.0,0.7562026368487894,1.0,3,1.0,0.7161482632686339,1.0
4350,0.07,21,0.9523809523809523,0.9661835748792269,0.3333333333333333,0.6172089433969253,20,9,0.8888888888888888,0.5575553775619478,0.3333333333333333,4.0,1.0,0.5828844628059591,1.0,8,1.0,0.7014814452567582,1.0
4351,0.07,28,0.9642857142857143,0.9753879079721777,0.3333333333333333,0.5705460203488703,27,14,0.9285714285714286,0.5705213381481928,0.3333333333333333,6.0,1.0,0.5688760493217055,1.0,8,1.0,0.5718416924704296,0.9775280898876404
4352,0.1,25,0.84,0.9473089621925527,0.3333333333333333,0.43802089706575253,21,16,0.8125,0.42546659787721886,0.3333333333333333,2.0,1.0,0.4725575881988039,0.95,7,0.8571428571428571,0.45684881203010036,0.8571428571428571
4353,0.07,26,1.0,0.9991356957649093,0.9775280898876404,0.5833076454855132,26,8,1.0,0.5947595199947593,1.0,6.0,1.0,0.5754334555031583,1.0,12,1.0,0.5796101574705266,0.9775280898876404
4354,0.07,27,1.0,0.998389694041868,0.9565217391304348,0.6081651509730618,27,15,1.0,0.574623495308609,0.9565217391304348,6.0,1.0,0.6517655709268348,1.0,6,1.0,0.6484188701804205,1.0
4355,0.07,30,0.9666666666666667,0.9777777777777777,0.3333333333333333,0.6560315865476469,29,13,0.9230769230769231,0.7313405913386167,0.3333333333333333,4.0,1.0,0.5509820533519943,1.0,13,1.0,0.6130455150476475,1.0
4356,0.07,29,1.0,1.0,1.0,0.609239268108515,29,13,1.0,0.6526712873928665,1.0,8.0,1.0,0.5638561345233134,1.0,8,1.0,0.5840453703566457,1.0
4357,0.07,32,1.0,0.9985795454545454,0.9545454545454546,0.5800797659210809,32,16,1.0,0.6027316334501279,0.9545454545454546,7.0,1.0,0.5381883119457593,1.0,9,1.0,0.5723920211835809,1.0
4358,0.07,24,1.0,0.9977195843904797,0.967741935483871,0.5852309377468286,24,10,1.0,0.6090457275573858,0.967741935483871,7.0,1.0,0.5041741616607321,1.0,7,1.0,0.6322665855321288,0.9775280898876404
4359,0.07,27,0.9629629629629629,0.9753086419753086,0.3333333333333333,0.5344029695473999,26,11,0.9090909090909091,0.4767265903221157,0.3333333333333333,8.0,1.0,0.6126263603268871,1.0,8,1.0,0.5354846002026785,1.0
4360,0.1,25,0.88,0.9568940842580315,0.3333333333333333,0.443242908868723,22,14,0.8571428571428571,0.43613517040608457,0.3333333333333333,6.0,1.0,0.4576157845658029,0.95,5,0.8,0.44589712572761464,0.8571428571428571
4361,0.07,33,1.0,0.9986225895316804,0.9545454545454546,0.5358039675295005,33,18,1.0,0.5289171925930143,0.9545454545454546,8.0,1.0,0.47216292791675374,1.0,7,1.0,0.6262454340664617,1.0
4362,0.07,27,1.0,0.9963626579445166,0.9565217391304348,0.6447494129066091,27,16,1.0,0.6401771651993968,0.9565217391304348,7.0,1.0,0.7120441400072652,1.0,4,1.0,0.5452726313093096,0.9775280898876404
4363,0.07,26,0.9615384615384616,0.9734946701238835,0.3333333333333333,0.6185001353658159,25,11,0.9090909090909091,0.6702420951634661,0.3333333333333333,6.0,1.0,0.572139793681554,1.0,9,1.0,0.5861668567359737,0.9775280898876404
4364,0.1,26,0.8461538461538461,0.9531816944159159,0.3333333333333333,0.442702203797498,22,13,0.7692307692307693,0.3765153764045489,0.3333333333333333,5.0,1.0,0.6494275518249526,1.0,8,0.875,0.4210524557938811,0.8571428571428571
4365,0.07,25,1.0,0.9987096774193549,0.967741935483871,0.529230292686852,25,11,1.0,0.4739132052935097,0.967741935483871,6.0,1.0,0.6439921455792271,1.0,8,1.0,0.5192198981834161,1.0
4366,0.07,29,1.0,0.9985007496251874,0.9565217391304348,0.5639906036761765,29,15,1.0,0.5754383522669222,0.9565217391304348,5.0,1.0,0.6139684839894737,1.0,9,1.0,0.5171455336286575,1.0
4367,0.07,26,1.0,0.9983277591973244,0.9565217391304348,0.6527642274212493,26,10,1.0,0.6740231700668926,0.9565217391304348,8.0,1.0,0.6243593941417003,1.0,8,1.0,0.6545953823937439,1.0
4368,0.07,25,0.96,0.9706953264940563,0.3333333333333333,0.569578785208008,24,13,0.9230769230769231,0.5656712086735217,0.3333333333333333,2.0,1.0,0.33650337004767383,1.0,10,1.0,0.6212737177349069,0.9775280898876404
4369,0.07,29,1.0,0.9992251065478497,0.9775280898876404,0.6075823609889693,29,11,1.0,0.6857720423564481,1.0,7.0,1.0,0.5689724022174839,1.0,11,1.0,0.5539626533851632,0.9775280898876404
4370,0.07,26,1.0,0.9957152032139819,0.9545454545454546,0.5860790158929772,26,11,1.0,0.49380800788363255,0.9545454545454546,6.0,1.0,0.5936131519388067,1.0,9,1.0,0.6938319349849561,0.9775280898876404
4371,0.07,33,1.0,0.9969641054520293,0.9545454545454546,0.6103933134776486,33,20,1.0,0.632622103312891,0.9545454545454546,7.0,1.0,0.5130669475814785,1.0,6,1.0,0.6498447742390391,0.9775280898876404
4372,0.07,30,1.0,0.9989247311827957,0.967741935483871,0.5828682829260304,30,9,1.0,0.6537177731293627,0.967741935483871,12.0,1.0,0.5171777973138604,1.0,9,1.0,0.5996061068722579,1.0
4373,0.07,28,0.9642857142857143,0.9753879079721777,0.3333333333333333,0.5616764252500264,27,14,0.9285714285714286,0.5167317219602314,0.3333333333333333,9.0,1.0,0.6001379633796753,1.0,5,1.0,0.6182908258280838,0.9775280898876404
4374,0.07,18,1.0,0.9982078853046595,0.967741935483871,0.5808580282176472,18,6,1.0,0.6695643512774069,0.967741935483871,6.0,1.0,0.493386851756963,1.0,6,1.0,0.5796228816185716,1.0
4375,0.07,32,1.0,1.0,1.0,0.5751087806500176,32,11,1.0,0.5196157447000233,1.0,8.0,1.0,0.5989751516630532,1.0,13,1.0,0.6073774289073757,1.0
4376,0.07,22,1.0,0.9979338842975206,0.9545454545454546,0.5920865004205291,22,11,1.0,0.5595802804308543,0.9545454545454546,5.0,1.0,0.5989554154692687,1.0,6,1.0,0.6459571411943168,1.0
4377,0.07,24,0.9583333333333334,0.9708781362007168,0.3333333333333333,0.5787370026613748,23,9,0.8888888888888888,0.6106188792034617,0.3333333333333333,8.0,1.0,0.5944724500035442,1.0,7,1.0,0.5197626501447842,1.0
4378,0.07,27,0.9629629629629629,0.9724303971615801,0.3333333333333333,0.5534574254638196,26,13,0.9230769230769231,0.57965386211354,0.3333333333333333,4.0,1.0,0.29529759253774474,1.0,10,1.0,0.6226659909896133,1.0
4379,0.07,33,1.0,1.0,1.0,0.6199872628585519,33,21,1.0,0.6155195173963948,1.0,5.0,1.0,0.6057130800663971,1.0,7,1.0,0.6435863440965621,1.0
4380,0.07,28,0.9642857142857143,0.9738351129411217,0.3333333333333333,0.5919078848391972,27,11,0.9090909090909091,0.5846859103194233,0.3333333333333333,9.0,1.0,0.5659116301474557,1.0,8,1.0,0.6310838863320954,0.9775280898876404
4381,0.1,30,0.8333333333333334,0.9570431827795082,0.3333333333333333,0.45212233791171746,25,11,0.6363636363636364,0.4272421979216677,0.3333333333333333,5.0,1.0,0.298499319312597,1.0,14,0.9285714285714286,0.5265363831178711,0.8571428571428571
4382,0.03,28,1.0,1.0,1.0,0.8408000371536418,28,16,1.0,0.8301612243349956,1.0,5.0,1.0,0.8221966383020867,1.0,7,1.0,0.8784054656330873,1.0
4383,0.07,30,0.9666666666666667,0.9770287141073658,0.3333333333333333,0.5333211700184308,29,12,0.9166666666666666,0.5526202658071199,0.3333333333333333,10.0,1.0,0.5036858821146074,1.0,8,1.0,0.5414166362151761,0.9775280898876404
4384,0.07,25,0.96,0.9715151515151516,0.3333333333333333,0.6092696939861302,24,14,0.9285714285714286,0.5853150445594993,0.3333333333333333,4.0,1.0,0.6339238190031325,1.0,7,1.0,0.6430909214011049,1.0
4385,0.1,24,0.8333333333333334,0.9772374364765669,0.8043478260869565,0.45095582728799904,20,11,0.7272727272727273,0.3739927654214554,0.8043478260869565,5.0,1.0,0.544145337523556,1.0,8,0.875,0.4985365934572735,0.8571428571428571
4386,0.07,28,1.0,0.9991974317817015,0.9775280898876404,0.5751277415936343,28,14,1.0,0.6358924386329481,1.0,7.0,1.0,0.4245159400618318,1.0,7,1.0,0.6042101490468094,0.9775280898876404
4387,0.07,25,1.0,0.9981818181818182,0.9545454545454546,0.5365900207998289,25,11,1.0,0.48179440931826834,0.9545454545454546,6.0,1.0,0.551216848220807,1.0,8,1.0,0.6009638660212407,1.0
4388,0.07,28,0.9642857142857143,0.9746376811594202,0.3333333333333333,0.5952597161348793,27,15,0.9333333333333333,0.6256191010288742,0.3333333333333333,5.0,1.0,0.42027450146887696,1.0,8,1.0,0.6477016286248904,1.0
4389,0.1,23,0.8695652173913043,0.9607788946197178,0.3333333333333333,0.49327466902163797,20,9,0.6666666666666666,0.47535312504979976,0.3333333333333333,8.0,1.0,0.4893269748364077,0.9948453608247423,6,1.0,0.5254205772263688,0.9775280898876404
4390,0.07,26,1.0,0.9978950009758274,0.967741935483871,0.6469428575629028,26,9,1.0,0.5817706217265699,0.967741935483871,9.0,1.0,0.6977446509318218,1.0,8,1.0,0.6631096053387437,0.9775280898876404
4391,0.07,30,0.9666666666666667,0.9762626262626263,0.3333333333333333,0.558224429816303,29,14,0.9285714285714286,0.5500883527967624,0.3333333333333333,8.0,1.0,0.5624893749032981,1.0,8,1.0,0.5681976195135047,1.0
4392,0.07,30,1.0,0.9985507246376811,0.9565217391304348,0.6046567424212331,30,14,1.0,0.5870196905338146,0.9565217391304348,6.0,1.0,0.6408813659695077,1.0,10,1.0,0.6076138409346545,1.0
4393,0.07,27,1.0,1.0,1.0,0.5924483179480411,27,12,1.0,0.5655081267186031,1.0,8.0,1.0,0.5611539726590836,1.0,7,1.0,0.6743964689573146,1.0
4394,0.07,24,1.0,0.9986559139784946,0.967741935483871,0.6000708720568001,24,10,1.0,0.7037422393693702,0.967741935483871,6.0,1.0,0.49776063375594665,1.0,8,1.0,0.5472143416417276,1.0
4395,0.07,29,0.9655172413793104,0.9770114942528735,0.3333333333333333,0.5756015685662198,28,17,0.9411764705882353,0.5608518566284406,0.3333333333333333,5.0,1.0,0.5737424912893545,1.0,7,1.0,0.6127502098985874,1.0
4396,0.1,25,0.88,0.955976482629683,0.3333333333333333,0.41727792715665435,22,13,0.7692307692307693,0.3623429312178494,0.3333333333333333,7.0,1.0,0.47768276167397156,0.95,5,1.0,0.47554214827330316,0.9565217391304348
4397,0.07,27,1.0,1.0,1.0,0.6502661880658266,27,12,1.0,0.6206556127021279,1.0,8.0,1.0,0.6010150943837007,1.0,7,1.0,0.7573141386117399,1.0
4398,0.07,27,1.0,0.9971217551862713,0.9545454545454546,0.6263036874017217,27,12,1.0,0.5378275174040678,0.9545454545454546,7.0,1.0,0.6957045331715774,1.0,8,1.0,0.6982922023495791,1.0
4399,0.07,28,1.0,0.9991974317817015,0.9775280898876404,0.6719731923848548,28,12,1.0,0.7222149217842015,1.0,7.0,1.0,0.7787004681925173,1.0,9,1.0,0.5219741164464328,0.9775280898876404
4400,0.1,27,0.8888888888888888,0.9572325247173306,0.3333333333333333,0.436331009114674,24,15,0.8,0.40106640267850147,0.3333333333333333,7.0,1.0,0.5172872336269163,0.95,5,1.0,0.4287861141060524,0.9565217391304348
4401,0.07,25,1.0,0.9981818181818182,0.9545454545454546,0.6193865914396981,25,11,1.0,0.5976148035691252,0.9545454545454546,6.0,1.0,0.746978715320071,1.0,8,1.0,0.5536287068514559,1.0
4402,0.07,31,0.967741935483871,0.9763034476698847,0.3333333333333333,0.5930868643812497,30,14,0.9285714285714286,0.5869837909676052,0.3333333333333333,7.0,1.0,0.560265654444764,1.0,10,1.0,0.6246060141158922,0.9775280898876404
4403,0.07,29,1.0,0.9973884025729071,0.9565217391304348,0.5170713427443028,29,14,1.0,0.4690493073451871,0.9565217391304348,5.0,1.0,0.46892861216237386,1.0,10,1.0,0.6083735575940294,1.0
4404,0.07,23,1.0,0.9985974754558206,0.967741935483871,0.5521089672665811,23,11,1.0,0.5797508665527501,0.967741935483871,7.0,1.0,0.5414119915342087,1.0,5,1.0,0.5062725548623308,1.0
4405,0.07,23,0.9565217391304348,0.9677216090412016,0.3333333333333333,0.49376921979790306,22,10,0.9,0.4639159600993012,0.3333333333333333,5.0,1.0,0.4395796024439475,1.0,8,1.0,0.5649543052673776,1.0
4406,0.07,27,1.0,0.9983164983164983,0.9545454545454546,0.6737553224105227,27,13,1.0,0.6830555432493087,0.9545454545454546,8.0,1.0,0.6159795375487875,1.0,6,1.0,0.730639223742133,1.0
4407,0.07,22,1.0,0.9975122738805232,0.967741935483871,0.632891468881327,22,9,1.0,0.6512009704474119,0.967741935483871,4.0,1.0,0.6496711597808172,1.0,9,1.0,0.6071243269154689,0.9775280898876404
4408,0.07,25,1.0,0.9982608695652173,0.9565217391304348,0.6436017823738402,25,8,1.0,0.6376759547674636,0.9565217391304348,7.0,1.0,0.7206025434064954,1.0,10,1.0,0.5944419117360827,1.0
4409,0.07,29,0.9655172413793104,0.9736250033736303,0.3333333333333333,0.5061373702226502,28,15,0.9333333333333333,0.46789009887499533,0.3333333333333333,4.0,1.0,0.5363735694923752,1.0,10,1.0,0.5514137975362426,0.9775280898876404
4410,0.07,28,0.9642857142857143,0.9734150258343808,0.3333333333333333,0.5549458242394965,27,14,0.9285714285714286,0.602044301982725,0.3333333333333333,7.0,1.0,0.4443466664313828,1.0,7,1.0,0.5713480265611535,1.0
4411,0.07,25,0.96,0.9733333333333333,0.3333333333333333,0.5667693389008494,24,13,0.9230769230769231,0.5669644962063176,0.3333333333333333,6.0,1.0,0.542470998981977,1.0,6,1.0,0.5906448379912074,1.0
4412,0.07,26,0.9615384615384616,0.9714460387672168,0.3333333333333333,0.5028714670608301,25,12,0.9166666666666666,0.5417837421582455,0.3333333333333333,5.0,1.0,0.2980356844269911,1.0,9,1.0,0.564786090616409,1.0
4413,0.07,31,0.967741935483871,0.9759877652697633,0.3333333333333333,0.6123586584534635,30,14,0.9285714285714286,0.5651070214024155,0.3333333333333333,6.0,1.0,0.6462536817094567,1.0,11,1.0,0.6540089111060737,1.0
4414,0.07,23,1.0,1.0,1.0,0.604311126147288,23,6,1.0,0.6204051725904978,1.0,7.0,1.0,0.5776253778599091,1.0,10,1.0,0.6133347220825275,1.0
4415,0.07,23,1.0,0.998109640831758,0.9565217391304348,0.5989366089137026,23,11,1.0,0.6389714977748265,0.9565217391304348,5.0,1.0,0.5042397639051194,1.0,7,1.0,0.6036652442809244,1.0
4416,0.07,27,1.0,0.9983164983164983,0.9545454545454546,0.5288591808273366,27,17,1.0,0.4873113496032287,0.9545454545454546,4.0,1.0,0.5617924918190977,1.0,6,1.0,0.6246224953011348,1.0
4417,0.07,30,1.0,1.0,1.0,0.5799242492806995,30,10,1.0,0.5535248921757676,1.0,7.0,1.0,0.6205836922510068,1.0,13,1.0,0.5783379008389434,1.0
4418,0.07,24,0.9583333333333334,0.9704106280193235,0.3333333333333333,0.5786616227363275,23,16,0.9375,0.5418791795953009,0.3333333333333333,4.0,1.0,0.6865762863771363,1.0,4,1.0,0.6178767316596253,1.0
4419,0.07,28,1.0,1.0,1.0,0.5936189792603755,28,11,1.0,0.5914711765045504,1.0,8.0,1.0,0.6167755604310236,1.0,9,1.0,0.5756604438102524,1.0
4420,0.07,27,0.9629629629629629,0.9728660430500521,0.3333333333333333,0.590758114122146,26,13,0.9230769230769231,0.6390270005889938,0.3333333333333333,5.0,1.0,0.4425449683669017,1.0,9,1.0,0.6033770257562793,0.9775280898876404
4421,0.07,22,0.9545454545454546,0.9696969696969696,0.3333333333333333,0.5157899235664752,21,13,0.9230769230769231,0.5093113334227566,0.3333333333333333,4.0,1.0,0.5125555300255671,1.0,5,1.0,0.5352217727728705,1.0
4422,0.07,26,0.9615384615384616,0.9734946701238836,0.3333333333333333,0.5578235484916655,25,12,0.9166666666666666,0.47448714002559345,0.3333333333333333,6.0,1.0,0.5425338797129189,1.0,8,1.0,0.6942954127748333,0.9775280898876404
4423,0.07,28,0.9642857142857143,0.9750384024577573,0.3333333333333333,0.5791600694767428,27,9,0.8888888888888888,0.6102444897182574,0.3333333333333333,8.0,1.0,0.624172300109944,1.0,11,1.0,0.5209911942731756,1.0
4424,0.1,27,0.8148148148148148,0.971741918843368,0.8043478260869565,0.5400743342964817,22,17,0.7647058823529411,0.4929927894218298,0.8043478260869565,5.0,1.0,0.6313117914090951,1.0,5,0.8,0.6089141297576841,0.8571428571428571
4425,0.07,34,1.0,1.0,1.0,0.591458443109395,34,14,1.0,0.5755444459379991,1.0,10.0,1.0,0.5753211448628639,1.0,10,1.0,0.6298753373958804,1.0
4426,0.07,30,0.9666666666666667,0.9777777777777777,0.3333333333333333,0.6049345911068292,29,14,0.9285714285714286,0.6321957147274827,0.3333333333333333,9.0,1.0,0.5618376550975879,1.0,7,1.0,0.6058226901631185,1.0
4427,0.07,28,1.0,0.9980453580489826,0.967741935483871,0.634432433646217,28,15,1.0,0.652603817215075,0.967741935483871,4.0,1.0,0.6001594001175384,1.0,9,1.0,0.6193792537108666,0.9775280898876404
4428,0.07,33,1.0,0.9986824769433466,0.9565217391304348,0.5085343743132998,33,13,1.0,0.5489196153613539,0.9565217391304348,10.0,1.0,0.42713502604597453,1.0,10,1.0,0.5374329092181547,1.0
4429,0.07,24,1.0,1.0,1.0,0.5373241366898074,24,7,1.0,0.4864531691462495,1.0,8.0,1.0,0.5483004766820646,1.0,9,1.0,0.5671336981194574,1.0
4430,0.07,22,1.0,0.9980237154150197,0.9565217391304348,0.6774008355549579,22,13,1.0,0.6281047335649013,0.9565217391304348,3.0,1.0,0.8009912820375241,1.0,6,1.0,0.7224138332921303,1.0
4431,0.07,29,1.0,0.9988876529477198,0.967741935483871,0.5975151558132572,29,17,1.0,0.5962531315225141,0.967741935483871,4.0,1.0,0.6986306127896059,1.0,8,1.0,0.5496392289429113,1.0
4432,0.07,28,1.0,0.9983766233766234,0.9545454545454546,0.6278571532247857,28,16,1.0,0.6462570470972127,0.9545454545454546,5.0,1.0,0.6413102917872129,1.0,7,1.0,0.5761908682575055,1.0
4433,0.07,24,1.0,1.0,1.0,0.5169973360942928,24,7,1.0,0.49550408253551476,1.0,9.0,1.0,0.5513344847948504,1.0,8,1.0,0.4971746406700964,1.0
4434,0.07,30,1.0,1.0,1.0,0.5830407860211586,30,12,1.0,0.5733328857880654,1.0,6.0,1.0,0.5306443337293333,1.0,12,1.0,0.6189469124001646,1.0
4435,0.07,27,0.9629629629629629,0.9728660430500521,0.3333333333333333,0.5017432206479445,26,15,0.9333333333333333,0.454698127137951,0.3333333333333333,6.0,1.0,0.5422509645240624,1.0,6,1.0,0.5788482105468103,0.9775280898876404
4436,0.03,32,1.0,1.0,1.0,0.8481588296321858,32,15,1.0,0.8752353896492894,1.0,5.0,1.0,0.7742935823213342,1.0,12,1.0,0.8450903159903277,1.0
4437,0.07,28,0.9642857142857143,0.9753879079721777,0.3333333333333333,0.6061195218464264,27,15,0.9333333333333333,0.5932668345675529,0.3333333333333333,6.0,1.0,0.5216025276036066,1.0,7,1.0,0.706104132509286,0.9775280898876404
4438,0.07,27,1.0,0.9962894622191469,0.9545454545454546,0.5655932725045897,27,13,1.0,0.5615793594602297,0.9545454545454546,7.0,1.0,0.5967694741011297,1.0,7,1.0,0.5418714808475751,0.9775280898876404
4439,0.1,22,0.8636363636363636,0.9565141497119055,0.3333333333333333,0.46184268669576034,19,13,0.8461538461538461,0.4628766145627056,0.3333333333333333,3.0,1.0,0.5398249103279008,1.0,6,0.8333333333333334,0.42061139783464235,0.8571428571428571
4440,0.07,23,1.0,0.9990229604298975,0.9775280898876404,0.6253997565115076,23,10,1.0,0.6895334909251989,1.0,4.0,1.0,0.5098159595825733,1.0,9,1.0,0.6055106280202661,0.9775280898876404
4441,0.07,26,1.0,0.9962227601731518,0.9565217391304348,0.6841575684362546,26,14,1.0,0.6923585128598323,0.9565217391304348,5.0,1.0,0.6896472166717854,1.0,7,1.0,0.6638345022780062,0.9775280898876404
4442,0.07,32,1.0,0.997633239831697,0.9565217391304348,0.5589384986982442,32,14,1.0,0.5998055670906906,0.9565217391304348,9.0,1.0,0.5654203674523601,1.0,9,1.0,0.48888563466698925,1.0
4443,0.07,29,0.9655172413793104,0.974331749081471,0.3333333333333333,0.5368217906434862,28,15,0.9333333333333333,0.529341497451773,0.3333333333333333,9.0,1.0,0.4839819024045134,1.0,5,1.0,0.6543744690487776,1.0
4444,0.07,22,1.0,0.9965574397551957,0.9565217391304348,0.5808970045389118,22,9,1.0,0.5884314853980834,0.9565217391304348,5.0,1.0,0.4307794186407593,1.0,8,1.0,0.6662442047586892,1.0
4445,0.1,26,0.8846153846153846,0.9825609173435261,0.8043478260869565,0.4840915067076924,23,11,0.8181818181818182,0.5438270248470493,0.8043478260869565,7.0,1.0,0.4448500260953266,1.0,8,0.875,0.43629146480189696,0.8571428571428571
4446,0.07,31,1.0,0.9978725751296154,0.9565217391304348,0.5757939614845321,31,18,1.0,0.5686482363074546,0.9565217391304348,5.0,1.0,0.631581940171688,1.0,8,1.0,0.5570043564534838,0.9775280898876404
4447,0.1,23,0.8695652173913043,0.9587721667116752,0.3333333333333333,0.4791018409539099,20,11,0.7272727272727273,0.44087271112843324,0.3333333333333333,4.0,1.0,0.5652334420218392,1.0,8,1.0,0.4886010939299758,0.9565217391304348
4448,0.07,27,1.0,0.9979729639026487,0.967741935483871,0.5907826905345653,27,14,1.0,0.5617804698447897,0.967741935483871,8.0,1.0,0.6024944565733017,1.0,5,1.0,0.6532500828039591,0.9775280898876404
4449,0.07,29,1.0,0.997725856173037,0.9565217391304348,0.5855683024909429,29,13,1.0,0.5120011328835843,0.9565217391304348,7.0,1.0,0.6044029791650917,1.0,9,1.0,0.6771827989550118,0.9775280898876404
4450,0.07,28,1.0,0.9983766233766234,0.9545454545454546,0.5672044991641635,28,14,1.0,0.5749395961047344,0.9545454545454546,6.0,1.0,0.5156041614565573,1.0,8,1.0,0.5923683327988696,1.0
4451,0.07,23,1.0,0.9956441513007377,0.9545454545454546,0.5748563952056913,23,11,1.0,0.5528956182727648,0.9545454545454546,6.0,1.0,0.5386884634601901,1.0,6,1.0,0.6512857513282247,0.9775280898876404
4452,0.07,29,1.0,0.9988876529477198,0.967741935483871,0.6007713301474242,29,14,1.0,0.5487404428788817,0.967741935483871,8.0,1.0,0.7110197916366989,1.0,7,1.0,0.578834862982481,1.0
4453,0.07,28,0.9642857142857143,0.9742358342394587,0.3333333333333333,0.5741004850105215,27,14,0.9285714285714286,0.5746959591063133,0.3333333333333333,5.0,1.0,0.555764453589855,1.0,9,1.0,0.5833608760952158,0.9775280898876404
4454,0.07,27,1.0,0.9983164983164983,0.9545454545454546,0.5574425229926698,27,10,1.0,0.5318171608852993,0.9545454545454546,7.0,1.0,0.6155455701806315,1.0,10,1.0,0.5423957520684674,1.0
4455,0.07,20,1.0,0.9949907739958483,0.9545454545454546,0.5533304259232829,20,11,1.0,0.49560815850148054,0.9545454545454546,3.0,1.0,0.598249675716614,1.0,6,1.0,0.6366949579665884,0.9775280898876404
4456,0.1,33,0.8484848484848485,0.9608099629838761,0.3333333333333333,0.5098763141396716,28,17,0.7647058823529411,0.49415684492415,0.3333333333333333,7.0,1.0,0.4985054528840472,0.95,9,0.8888888888888888,0.5484126480789198,0.8571428571428571
4457,0.07,23,1.0,0.9976204358857178,0.967741935483871,0.5987109206820076,23,9,1.0,0.5554795141244444,0.967741935483871,5.0,1.0,0.590245485962929,1.0,9,1.0,0.6466453465279483,0.9775280898876404
4458,0.07,27,0.9629629629629629,0.9741138988450816,0.3333333333333333,0.5306889280430338,26,14,0.9285714285714286,0.49988279596448376,0.3333333333333333,6.0,1.0,0.47925533021627875,1.0,7,1.0,0.6363871331944952,1.0
4459,0.07,25,0.96,0.9733333333333333,0.3333333333333333,0.5856253962726684,24,10,0.9,0.574762528019478,0.3333333333333333,6.0,1.0,0.5751400104597326,1.0,9,1.0,0.6046855070959478,1.0
4460,0.07,28,1.0,0.9983766233766234,0.9545454545454546,0.5600283392548004,28,14,1.0,0.5137379687200564,0.9545454545454546,8.0,1.0,0.5965356622131962,1.0,6,1.0,0.619362773224675,1.0
4461,0.07,28,1.0,0.9975740551583249,0.9545454545454546,0.5573992660558936,28,11,1.0,0.5424752599494064,0.9545454545454546,6.0,1.0,0.5623818651021856,1.0,11,1.0,0.5696054908644035,0.9775280898876404
4462,0.07,28,0.9642857142857143,0.9761904761904762,0.3333333333333333,0.6434674413132756,27,16,0.9375,0.6489679193696474,0.3333333333333333,5.0,1.0,0.49769228931863446,1.0,7,1.0,0.7350200286091695,1.0
4463,0.07,26,0.9615384615384616,0.970938481808047,0.3333333333333333,0.6010737900362643,25,12,0.9166666666666666,0.558717170593095,0.3333333333333333,4.0,1.0,0.5081703876969443,1.0,10,1.0,0.6890630943037953,1.0
4464,0.07,27,1.0,0.9962894622191469,0.9545454545454546,0.5853632002322207,27,13,1.0,0.5494260852885394,0.9545454545454546,6.0,1.0,0.7483088933125298,1.0,8,1.0,0.5215517422054708,0.9775280898876404
4465,0.07,24,1.0,0.9981060606060606,0.9545454545454546,0.5483584362953334,24,10,1.0,0.4734141869376617,0.9545454545454546,9.0,1.0,0.5808734270145592,1.0,5,1.0,0.6397199517160705,1.0
4466,0.07,27,1.0,0.9988052568697731,0.967741935483871,0.573555966854388,27,12,1.0,0.5534740212308465,0.967741935483871,6.0,1.0,0.6513394889535077,1.0,9,1.0,0.5484762129530306,1.0
4467,0.07,29,1.0,0.9992251065478497,0.9775280898876404,0.5499349336154661,29,12,1.0,0.5133990954330963,1.0,8.0,1.0,0.5125851239273003,1.0,9,1.0,0.6318492153592179,0.9775280898876404
4468,0.07,24,1.0,0.9949503803816566,0.9545454545454546,0.6121316189872645,24,12,1.0,0.5522401706853548,0.9545454545454546,7.0,1.0,0.6631949231507327,1.0,5,1.0,0.6843824690829924,1.0
4469,0.07,29,0.9655172413793104,0.9751242537484428,0.3333333333333333,0.5432584995910109,28,11,0.9090909090909091,0.5456417594353695,0.3333333333333333,8.0,1.0,0.5293597337157389,1.0,10,1.0,0.5517559264624342,0.9775280898876404
4470,0.07,25,1.0,1.0,1.0,0.5958768602565956,25,11,1.0,0.633187249772948,1.0,7.0,1.0,0.6355822372398215,1.0,7,1.0,0.49754087117624424,1.0
4471,0.07,28,0.9642857142857143,0.9726830392084028,0.3333333333333333,0.5575479949143076,27,15,0.9333333333333333,0.6057453178825953,0.3333333333333333,4.0,1.0,0.3825837479737816,1.0,9,1.0,0.5549810108296177,0.9775280898876404
4472,0.1,24,0.875,0.9582899131223873,0.3333333333333333,0.40269001118399866,21,10,0.8,0.35439943037321,0.3333333333333333,7.0,1.0,0.3974161095467258,0.95,7,0.8571428571428571,0.4769504568366841,0.8571428571428571
4473,0.07,25,0.96,0.9697760210803689,0.3333333333333333,0.5331213424911285,24,9,0.8888888888888888,0.5261920246689668,0.3333333333333333,8.0,1.0,0.4067627931903503,1.0,8,1.0,0.6672753743418389,1.0
4474,0.03,28,1.0,1.0,1.0,0.8228922187306598,28,13,1.0,0.775412212635143,1.0,6.0,1.0,0.9100774517226301,1.0,9,1.0,0.8333509610962032,1.0
4475,0.07,26,1.0,1.0,1.0,0.592067824202739,26,10,1.0,0.6185519123430605,1.0,7.0,1.0,0.5808861689684452,1.0,9,1.0,0.571337902562388,1.0
4476,0.07,29,1.0,0.9981127594955694,0.967741935483871,0.5447652253798974,29,11,1.0,0.543085764881166,0.967741935483871,8.0,1.0,0.5158568203264705,1.0,10,1.0,0.5697393559712433,0.9775280898876404
4477,0.07,29,1.0,0.9976577084287274,0.9545454545454546,0.5343204215783406,29,14,1.0,0.5613102872857458,0.9545454545454546,6.0,1.0,0.45610363271521975,1.0,9,1.0,0.5444807119422351,0.9775280898876404
4478,0.07,24,1.0,0.9968443197755961,0.9565217391304348,0.5937965155875701,24,11,1.0,0.5636905043405176,0.9565217391304348,4.0,1.0,0.5378540617843492,1.0,9,1.0,0.6554560643576214,1.0
4479,0.07,26,1.0,0.9973874440166575,0.9545454545454546,0.6276275749178755,26,9,1.0,0.557773138950731,0.9545454545454546,8.0,1.0,0.662899495776855,1.0,9,1.0,0.6661291923437048,0.9775280898876404
4480,0.07,26,0.9615384615384616,0.9714460387672168,0.3333333333333333,0.599315752628669,25,14,0.9285714285714286,0.6505736742653665,0.3333333333333333,5.0,1.0,0.47012304463909355,1.0,7,1.0,0.5890804150621138,1.0
4481,0.07,27,1.0,0.9983164983164983,0.9545454545454546,0.5262512123320676,27,10,1.0,0.49536472166981016,0.9545454545454546,8.0,1.0,0.42967948629886643,1.0,9,1.0,0.6464110695418658,1.0
4482,0.07,25,1.0,1.0,1.0,0.6357325010486938,25,10,1.0,0.5928054501826887,1.0,6.0,1.0,0.5610613193598024,1.0,9,1.0,0.7332100120257382,1.0
4483,0.07,31,0.967741935483871,0.9756258234519104,0.3333333333333333,0.5379015436548044,30,16,0.9375,0.5252590691075911,0.3333333333333333,7.0,1.0,0.4584317806232649,1.0,8,1.0,0.6327225354018278,1.0
4484,0.07,28,1.0,0.9991974317817015,0.9775280898876404,0.6415642432172495,28,14,1.0,0.6076477356865724,1.0,3.0,1.0,0.8093967882223442,1.0,11,1.0,0.6389581950730855,0.9775280898876404
4485,0.07,21,1.0,0.9978354978354977,0.9545454545454546,0.5903431085028908,21,11,1.0,0.5649650392707811,0.9545454545454546,4.0,1.0,0.6330145694934428,1.0,6,1.0,0.6084219281013906,1.0
4486,0.07,28,0.9642857142857143,0.9750384024577573,0.3333333333333333,0.6105630813132091,27,15,0.9333333333333333,0.596351042959322,0.3333333333333333,8.0,1.0,0.5655929013694001,1.0,5,1.0,0.7251514842849649,1.0
4487,0.07,26,1.0,0.9987593052109182,0.967741935483871,0.5906991947616348,26,10,1.0,0.5606827462518938,0.967741935483871,7.0,1.0,0.45591237375829224,1.0,9,1.0,0.7288849983306132,1.0
4488,0.07,26,1.0,0.9970870644082426,0.9565217391304348,0.5896206699688916,26,13,1.0,0.5505352687640745,0.9565217391304348,7.0,1.0,0.6250084549854026,1.0,6,1.0,0.6330199567267326,1.0
4489,0.07,23,1.0,0.9970466758449171,0.9545454545454546,0.5324434647805897,23,10,1.0,0.5877739484000604,0.9545454545454546,8.0,1.0,0.4867082354662431,1.0,5,1.0,0.4949588644446032,0.9775280898876404
4490,0.07,23,1.0,0.9980237154150197,0.9545454545454546,0.582096313587234,23,11,1.0,0.6245192652300732,0.9545454545454546,6.0,1.0,0.4652310575004705,1.0,6,1.0,0.6211861583287925,1.0
4491,0.07,25,1.0,1.0,1.0,0.5994197186050438,25,10,1.0,0.5522912627275479,1.0,6.0,1.0,0.6329265553611657,1.0,9,1.0,0.6294467784092915,1.0
4492,0.07,23,1.0,1.0,1.0,0.6049462213633138,23,9,1.0,0.6764964127768229,1.0,8.0,1.0,0.57981030026236,1.0,6,1.0,0.5311354957109884,1.0
4493,0.07,24,1.0,1.0,1.0,0.6186695859991062,24,12,1.0,0.5853739472134106,1.0,3.0,1.0,0.5529588940198057,1.0,9,1.0,0.6849673350398002,1.0
4494,0.1,24,0.8333333333333334,0.9462605060292274,0.3333333333333333,0.4396872328227912,20,12,0.75,0.47295267512226147,0.3333333333333333,3.0,1.0,0.4098566802652468,0.95,9,0.8888888888888888,0.4052768272760124,0.8571428571428571
4495,0.07,24,0.9583333333333334,0.9694742984313086,0.3333333333333333,0.5931787319697025,23,8,0.875,0.5891517525098171,0.3333333333333333,6.0,1.0,0.6798092030398212,1.0,10,1.0,0.5444220328955396,0.9775280898876404
4496,0.07,22,1.0,0.9979338842975206,0.9545454545454546,0.5615354438923064,22,10,1.0,0.4212684720316803,0.9545454545454546,5.0,1.0,0.6165288545413543,1.0,7,1.0,0.7226358246581664,1.0
4497,0.07,28,0.9642857142857143,0.9761904761904762,0.3333333333333333,0.5607737871553514,27,11,0.9090909090909091,0.5105703358090139,0.3333333333333333,8.0,1.0,0.5399587487745972,1.0,9,1.0,0.6406358173615456,1.0
4498,0.1,27,0.8518518518518519,0.9582739053753545,0.3333333333333333,0.4777535975646354,23,14,0.7857142857142857,0.48701265124160675,0.3333333333333333,8.0,1.0,0.5319534203859819,0.95,5,0.8,0.36510853075496147,0.8571428571428571
4499,0.07,25,0.96,0.9702248289345063,0.3333333333333333,0.5496302065340578,24,13,0.9230769230769231,0.46401968185831544,0.3333333333333333,3.0,1.0,0.7123034242752553,1.0,9,1.0,0.6190654473741751,1.0
4500,0.07,27,0.9629629629629629,0.9732816058779571,0.3333333333333333,0.5840599987522599,26,12,0.9166666666666666,0.6525380894218105,0.3333333333333333,6.0,1.0,0.39562554883830314,1.0,9,1.0,0.6183788444688303,0.9775280898876404
4501,0.07,26,1.0,0.9982517482517482,0.9545454545454546,0.5904311372134148,26,14,1.0,0.5416131691249325,0.9545454545454546,8.0,1.0,0.6662888299096084,1.0,4,1.0,0.6095786401307154,1.0
4502,0.07,29,1.0,0.9966135091207566,0.9565217391304348,0.5507359498989124,29,12,1.0,0.5579590676964703,0.9565217391304348,9.0,1.0,0.49948904939956207,1.0,8,1.0,0.5975540362643448,0.9775280898876404
4503,0.07,25,1.0,0.9991011235955056,0.9775280898876404,0.6437867267590476,25,12,1.0,0.6352449194886366,1.0,5.0,1.0,0.5533936111592064,1.0,8,1.0,0.7130951349145644,0.9775280898876404
4504,0.07,26,0.9615384615384616,0.9731182795698925,0.3333333333333333,0.55606501229009,25,18,0.9444444444444444,0.6104098482160873,0.3333333333333333,4.0,1.0,0.3911855431320674,1.0,4,1.0,0.4763927197811252,1.0
4505,0.1,24,0.875,0.9563618592921596,0.3333333333333333,0.4230664909622142,21,11,0.7272727272727273,0.46904323823590577,0.3333333333333333,7.0,1.0,0.38027969074416734,0.9948453608247423,6,1.0,0.3886937212148345,0.9565217391304348
4506,0.07,25,1.0,0.997361993160723,0.9565217391304348,0.5957326144166628,25,13,1.0,0.5823076847626522,0.9565217391304348,5.0,1.0,0.4933846018105207,1.0,7,1.0,0.6937703499213554,0.9775280898876404
4507,0.07,28,1.0,0.9983766233766234,0.9545454545454546,0.5778947604758208,28,14,1.0,0.581100948006827,0.9545454545454546,4.0,1.0,0.5102343259499773,1.0,10,1.0,0.6004702717427495,1.0
4508,0.1,27,0.8888888888888888,0.9786056335722514,0.8043478260869565,0.5363775580007796,24,13,0.8461538461538461,0.5015906517940406,0.8043478260869565,5.0,1.0,0.5704824930967461,1.0,9,0.8888888888888888,0.5676781252460876,0.8571428571428571
4509,0.07,27,1.0,0.9974842053493739,0.9545454545454546,0.5986463458376841,27,13,1.0,0.5750615305282948,0.9545454545454546,8.0,1.0,0.6242474366374031,1.0,6,1.0,0.615611991275069,0.9775280898876404
4510,0.07,28,0.9642857142857143,0.9726124576160821,0.3333333333333333,0.5842755862844405,27,13,0.9230769230769231,0.5520173419399512,0.3333333333333333,7.0,1.0,0.6317346416621479,1.0,8,1.0,0.5951685598887418,0.9775280898876404
4511,0.07,26,0.9615384615384616,0.9743589743589743,0.3333333333333333,0.6045301621381087,25,11,0.9090909090909091,0.6185071056704623,0.3333333333333333,6.0,1.0,0.5210751225563318,1.0,9,1.0,0.6430839242086388,1.0
4512,0.07,28,1.0,0.9972951312362252,0.9565217391304348,0.5866860998387764,28,17,1.0,0.5626640067087523,0.9565217391304348,4.0,1.0,0.823519403294107,1.0,7,1.0,0.5096921526086461,1.0
4513,0.1,26,0.8461538461538461,0.9747106249206421,0.8043478260869565,0.5349459475667755,22,16,0.75,0.527869773948988,0.8043478260869565,3.0,1.0,0.4233993331217665,0.9948453608247423,7,1.0,0.5989257505981509,1.0
4514,0.07,28,0.9642857142857143,0.9742358342394588,0.3333333333333333,0.587157470331299,27,17,0.9411764705882353,0.6084900533012259,0.3333333333333333,5.0,1.0,0.5235058382507543,1.0,6,1.0,0.5797581786502937,0.9775280898876404
4515,0.07,24,1.0,1.0,1.0,0.6094370435895162,24,15,1.0,0.6152251727751546,1.0,7.0,1.0,0.5382438075081701,1.0,2,1.0,0.8152024009819385,1.0
4516,0.07,26,1.0,0.9982517482517482,0.9545454545454546,0.539846558493904,26,12,1.0,0.548825755960348,0.9545454545454546,6.0,1.0,0.4570509007736157,1.0,8,1.0,0.588474505584454,1.0
4517,0.07,27,0.9629629629629629,0.9744763490081843,0.3333333333333333,0.541670435275992,26,10,0.9,0.47293389603225594,0.3333333333333333,9.0,1.0,0.5785123647152991,1.0,8,1.0,0.5861439387114418,0.9775280898876404
4518,0.07,25,0.96,0.9720430107526882,0.3333333333333333,0.5283541872452925,24,16,0.9375,0.5343625421913383,0.3333333333333333,6.0,1.0,0.4955429560283699,1.0,3,1.0,0.5619320899668938,1.0
4519,0.1,31,0.8064516129032258,0.9554956497452991,0.3333333333333333,0.48392023756095204,25,17,0.7058823529411765,0.5106386456202431,0.3333333333333333,3.0,1.0,0.33346840046374177,1.0,11,0.9090909090909091,0.48366047158674147,0.8571428571428571
4520,0.1,27,0.8518518518518519,0.9777935525247353,0.8333333333333334,0.5101633420591035,23,12,0.75,0.5393550152156953,0.8333333333333334,7.0,1.0,0.46041871638031145,1.0,8,0.875,0.509902379793159,0.8571428571428571
4521,0.07,25,1.0,0.9982608695652173,0.9565217391304348,0.6292399865317243,25,14,1.0,0.5854354070077762,0.9565217391304348,4.0,1.0,0.5825114200241934,1.0,7,1.0,0.7435511835839238,1.0
4522,0.07,32,1.0,1.0,1.0,0.5831490030601287,32,14,1.0,0.5896282947872935,1.0,9.0,1.0,0.6300485955296256,1.0,9,1.0,0.5261705123483753,1.0
4523,0.07,25,1.0,1.0,1.0,0.6179863230329066,25,12,1.0,0.6275943880415847,1.0,8.0,1.0,0.5877366785088518,1.0,5,1.0,0.6433263982505668,1.0
4524,0.07,28,0.9642857142857143,0.9726830392084028,0.3333333333333333,0.5026312722252507,27,11,0.9090909090909091,0.4858141767988223,0.3333333333333333,9.0,1.0,0.5471235925409064,1.0,8,1.0,0.47570091808147713,0.9775280898876404
4525,0.1,24,0.875,0.9804240624165624,0.8043478260869565,0.4773906914211959,21,10,0.8,0.5107141075280648,0.8043478260869565,5.0,1.0,0.4808338754325381,0.9948453608247423,9,0.8888888888888888,0.43845179351837366,0.8571428571428571
4526,0.07,26,0.9615384615384616,0.9726867335562986,0.3333333333333333,0.603774698424695,25,16,0.9375,0.6238338477210419,0.3333333333333333,6.0,1.0,0.5730634841620469,1.0,4,1.0,0.5696049226332791,1.0
4527,0.07,24,1.0,0.9986559139784946,0.967741935483871,0.5548580810659597,24,12,1.0,0.5674729413169888,0.967741935483871,4.0,1.0,0.47060997864974835,1.0,8,1.0,0.5780598418975216,1.0
4528,0.1,28,0.8214285714285714,0.9509695426773997,0.3333333333333333,0.45070682387863964,23,14,0.7142857142857143,0.4101999450734661,0.3333333333333333,7.0,1.0,0.5194838954859232,0.95,7,0.8571428571428571,0.46294350988170313,0.8571428571428571
4529,0.07,25,1.0,0.9972829417773238,0.9545454545454546,0.5733074543675046,25,11,1.0,0.5533285864483909,0.9545454545454546,6.0,1.0,0.6079780755079596,1.0,8,1.0,0.5747754319009446,0.9775280898876404
4530,0.07,27,1.0,0.9979729639026487,0.967741935483871,0.6041673649791277,27,13,1.0,0.6423011657199265,0.967741935483871,7.0,1.0,0.5158701171241311,1.0,7,1.0,0.6216446971726406,0.9775280898876404
4531,0.07,29,1.0,1.0,1.0,0.6406051463357259,29,13,1.0,0.6030822549568364,1.0,9.0,1.0,0.6668881311755168,1.0,7,1.0,0.6764981069596473,1.0
4532,0.07,29,1.0,0.9965453613764471,0.9545454545454546,0.5958160136844889,29,13,1.0,0.5679028732832969,0.9545454545454546,7.0,1.0,0.7341425256598438,1.0,9,1.0,0.5285477071720458,0.9775280898876404
4533,0.07,24,1.0,0.9962944664031621,0.9545454545454546,0.5258209252923965,24,15,1.0,0.5324169581044552,0.9545454545454546,8.0,1.0,0.47903893397679087,1.0,1,1.0,0.8011363636363636,1.0
4534,0.07,25,1.0,0.9981818181818182,0.9545454545454546,0.5785525805491548,25,10,1.0,0.6166626936413281,0.9545454545454546,8.0,1.0,0.5630799113154552,1.0,7,1.0,0.5417926123988496,1.0
4535,0.07,22,1.0,1.0,1.0,0.6674744135614317,22,6,1.0,0.6997820397129421,1.0,8.0,1.0,0.6672181240218042,1.0,8,1.0,0.6434999834874264,1.0
4536,0.07,24,0.9583333333333334,0.9704106280193235,0.3333333333333333,0.5695713716569126,23,14,0.9285714285714286,0.6044893457270307,0.3333333333333333,6.0,1.0,0.4691105780592814,1.0,4,1.0,0.5980496528079463,1.0
4537,0.07,27,1.0,0.9988052568697731,0.967741935483871,0.5431256181672514,27,11,1.0,0.5325918400736271,0.967741935483871,6.0,1.0,0.5744160525219695,1.0,10,1.0,0.535938513457407,1.0
4538,0.1,24,0.8333333333333334,0.9750177465903273,0.8333333333333334,0.49478998743164615,20,13,0.7692307692307693,0.5044041539932104,0.8333333333333334,6.0,1.0,0.4576157845658029,0.95,5,0.8,0.5144021978105913,0.8571428571428571
4539,0.07,26,1.0,0.9983277591973244,0.9565217391304348,0.6247060311548125,26,13,1.0,0.6740001769375555,0.9565217391304348,7.0,1.0,0.5227271730849932,1.0,6,1.0,0.6368773830403248,1.0
4540,0.07,29,0.9655172413793104,0.974669202681601,0.3333333333333333,0.5357269713652152,28,14,0.9285714285714286,0.5585122947220474,0.3333333333333333,6.0,1.0,0.4387569547648081,1.0,9,1.0,0.5649298127659699,0.9775280898876404
4541,0.07,23,1.0,0.9980237154150197,0.9545454545454546,0.5542091624447497,23,14,1.0,0.58478288678452,0.9545454545454546,4.0,1.0,0.4052470962984202,1.0,5,1.0,0.587772387210457,1.0
4542,0.07,27,1.0,0.9971949509116409,0.9565217391304348,0.666218145373089,27,14,1.0,0.681257069300691,0.9565217391304348,6.0,1.0,0.5742152304220631,1.0,7,1.0,0.7149999389044783,1.0
4543,0.1,28,0.8571428571428571,0.9628169449598021,0.3333333333333333,0.43357541791099724,24,18,0.7777777777777778,0.46745978154822293,0.3333333333333333,5.0,1.0,0.35362675831506923,1.0,5,1.0,0.3915403684129131,1.0
4544,0.07,25,0.96,0.9733333333333333,0.3333333333333333,0.5447734536687932,24,10,0.9,0.511073762041253,0.3333333333333333,6.0,1.0,0.4955429560283699,1.0,9,1.0,0.6150378872374533,1.0
4545,0.07,25,1.0,0.9991011235955056,0.9775280898876404,0.5625982868403331,25,9,1.0,0.5429321309274167,1.0,7.0,1.0,0.5131775682630783,1.0,9,1.0,0.6207027794244476,0.9775280898876404
4546,0.07,22,1.0,0.997002264955367,0.9565217391304348,0.5851747425483089,22,9,1.0,0.5711194583111152,0.9565217391304348,5.0,1.0,0.6893887925940979,1.0,8,1.0,0.5358531560365342,0.9775280898876404
4547,0.07,23,1.0,0.998109640831758,0.9565217391304348,0.6370191558086044,23,11,1.0,0.667244085309609,0.9565217391304348,5.0,1.0,0.5288888994224537,1.0,7,1.0,0.6667587354399903,1.0
4548,0.07,26,0.9615384615384616,0.9705817345321262,0.3333333333333333,0.6798841245612361,25,14,0.9285714285714286,0.6986141481359465,0.3333333333333333,4.0,1.0,0.55641143362866,1.0,8,1.0,0.7088429287717811,0.9775280898876404
4549,0.07,27,0.9629629629629629,0.9720148343336749,0.3333333333333333,0.4854754677267586,26,12,0.9166666666666666,0.4317435847688605,0.3333333333333333,7.0,1.0,0.5156426645543403,1.0,8,1.0,0.5396769949394715,1.0
4550,0.07,30,1.0,0.9974095796676442,0.9545454545454546,0.6208494026554209,30,17,1.0,0.638576325001614,0.9545454545454546,6.0,1.0,0.620079252138624,1.0,7,1.0,0.5784584345433492,1.0
4551,0.07,26,1.0,0.9983277591973244,0.9565217391304348,0.48833994304910183,26,14,1.0,0.5277806032395311,0.9565217391304348,5.0,1.0,0.37638367730686667,1.0,7,1.0,0.48942738391269697,1.0
4552,0.07,34,0.9705882352941176,0.9791133844842284,0.3333333333333333,0.6043039554658948,33,15,0.9333333333333333,0.576531700775608,0.3333333333333333,9.0,1.0,0.6758349195308639,1.0,10,1.0,0.5815844698428524,1.0
4553,0.07,27,0.9629629629629629,0.9753086419753086,0.3333333333333333,0.5849153114301824,26,11,0.9090909090909091,0.5256568403700347,0.3333333333333333,6.0,1.0,0.5446937140230245,1.0,10,1.0,0.6742325880406396,1.0
4554,0.07,25,1.0,0.9981818181818182,0.9545454545454546,0.60841575236314,25,12,1.0,0.6559949870748326,0.9545454545454546,6.0,1.0,0.5244762899139971,1.0,7,1.0,0.5987994606709325,1.0
4555,0.07,28,1.0,1.0,1.0,0.5692196845280495,28,11,1.0,0.612539783259079,1.0,9.0,1.0,0.5553975188556564,1.0,8,1.0,0.5252044851543265,1.0
4556,0.07,33,0.9696969696969697,0.9777396023565583,0.3333333333333333,0.5886939911335457,32,13,0.9230769230769231,0.6431752916413349,0.3333333333333333,7.0,1.0,0.4950881534988829,1.0,13,1.0,0.5846158339674983,0.9775280898876404
4557,0.1,34,0.8529411764705882,0.9586223768672947,0.3333333333333333,0.4397005080414783,29,15,0.7333333333333333,0.39503810180197546,0.3333333333333333,5.0,1.0,0.5319306559281017,0.9948453608247423,14,0.9285714285714286,0.4546137476242945,0.8571428571428571
4558,0.07,25,1.0,0.9969705469845722,0.9565217391304348,0.620601618780848,25,11,1.0,0.6397085219771194,0.9565217391304348,5.0,1.0,0.5854549187099652,1.0,9,1.0,0.61677468158034,1.0
4559,0.07,30,0.9666666666666667,0.9759534452901614,0.3333333333333333,0.6320776011799761,29,15,0.9333333333333333,0.5763364731173285,0.3333333333333333,7.0,1.0,0.705067839819702,1.0,8,1.0,0.6727257574876804,0.9775280898876404
4560,0.07,27,0.9629629629629629,0.9716712999198251,0.3333333333333333,0.5407968962363268,26,11,0.9090909090909091,0.4897088822813581,0.3333333333333333,5.0,1.0,0.4905262116142429,1.0,11,1.0,0.6147352213831517,0.9775280898876404
4561,0.07,26,1.0,0.9991356957649093,0.9775280898876404,0.5999506428018054,26,11,1.0,0.6054909724137388,1.0,7.0,1.0,0.5845364221199875,1.0,8,1.0,0.6058201326819879,0.9775280898876404
4562,0.07,23,1.0,0.998109640831758,0.9565217391304348,0.5385353090849485,23,13,1.0,0.517109403967138,0.9565217391304348,7.0,1.0,0.5459991849716533,1.0,3,1.0,0.6139651875264832,1.0
4563,0.07,32,0.96875,0.9781586021505376,0.3333333333333333,0.5718879463219457,31,13,0.9230769230769231,0.5073135410025162,0.3333333333333333,8.0,1.0,0.5571107673734572,1.0,11,1.0,0.6589501918438088,1.0
4564,0.07,26,0.9615384615384616,0.971822429321208,0.3333333333333333,0.5876948322951668,25,13,0.9230769230769231,0.5996776037067864,0.3333333333333333,6.0,1.0,0.5175541851715225,1.0,7,1.0,0.6255616686367115,0.9775280898876404
4565,0.1,26,0.8846153846153846,0.9593419356389093,0.3333333333333333,0.5085232841103606,23,11,0.7272727272727273,0.44394454297430924,0.3333333333333333,6.0,1.0,0.5572762580371483,0.95,9,1.0,0.5549508739921204,1.0
4566,0.07,26,0.9615384615384616,0.9722539753348016,0.3333333333333333,0.609532536737503,25,10,0.9,0.6036250501446692,0.3333333333333333,8.0,1.0,0.6261966969013231,1.0,8,1.0,0.6002527348147251,0.9775280898876404
4567,0.07,30,0.9666666666666667,0.9763285024154589,0.3333333333333333,0.625353692060497,29,16,0.9375,0.6334399931412069,0.3333333333333333,7.0,1.0,0.5852340853012807,1.0,7,1.0,0.646990324920947,1.0
4568,0.07,26,1.0,1.0,1.0,0.5700998044208749,26,12,1.0,0.6518103374688802,1.0,8.0,1.0,0.47543484152038307,1.0,6,1.0,0.5328986888588536,1.0
4569,0.07,22,0.9545454545454546,0.9682306940371457,0.3333333333333333,0.4958869541476619,21,12,0.9166666666666666,0.46330565696099524,0.3333333333333333,4.0,1.0,0.557868181778805,1.0,6,1.0,0.5197287301002329,1.0
4570,0.07,29,1.0,0.9985007496251874,0.9565217391304348,0.6254354592061349,29,11,1.0,0.5945849664430803,0.9565217391304348,8.0,1.0,0.5554316923311304,1.0,10,1.0,0.7153740147454982,1.0
4571,0.07,27,0.9629629629629629,0.9744763490081841,0.3333333333333333,0.6205841289094999,26,9,0.8888888888888888,0.5468907003369323,0.3333333333333333,8.0,1.0,0.7067529610066565,1.0,10,1.0,0.6179731489470852,0.9775280898876404
4572,0.07,27,0.9629629629629629,0.9744763490081843,0.3333333333333333,0.5901705740526906,26,12,0.9166666666666666,0.5769267967991022,0.3333333333333333,6.0,1.0,0.47040380859205727,1.0,9,1.0,0.6876734540312307,0.9775280898876404
4573,0.07,24,1.0,1.0,1.0,0.5814698144468542,24,9,1.0,0.48147339005774487,1.0,9.0,1.0,0.619044973672463,1.0,6,1.0,0.6751017121921049,1.0
4574,0.07,27,1.0,0.9967061923583663,0.9545454545454546,0.5715889656449519,27,12,1.0,0.5476174997577711,0.9545454545454546,8.0,1.0,0.6009917727761522,1.0,7,1.0,0.5790796990158901,1.0
4575,0.07,27,0.9629629629629629,0.973625140291807,0.3333333333333333,0.5793240303947548,26,12,0.9166666666666666,0.5116217530758469,0.3333333333333333,6.0,1.0,0.6055453438038211,1.0,9,1.0,0.6521128578805879,1.0
4576,0.07,27,0.9629629629629629,0.9720148343336749,0.3333333333333333,0.5291253581146077,26,17,0.9411764705882353,0.5169196430736241,0.3333333333333333,4.0,1.0,0.5557341092854332,1.0,6,1.0,0.5459690499501774,1.0
4577,0.07,26,1.0,0.9970870644082426,0.9565217391304348,0.5701343658238726,26,15,1.0,0.5626761002262164,0.9565217391304348,4.0,1.0,0.76264626103606,1.0,7,1.0,0.47610956626902895,1.0
4578,0.07,25,1.0,0.997361993160723,0.9565217391304348,0.564748795464987,25,9,1.0,0.5685147129135982,0.9565217391304348,5.0,1.0,0.4713148049772875,1.0,11,1.0,0.604137585955987,0.9775280898876404
4579,0.07,27,0.9629629629629629,0.9725035928869495,0.3333333333333333,0.599523860472042,26,15,0.9333333333333333,0.6326144052811665,0.3333333333333333,6.0,1.0,0.6326839634368705,1.0,6,1.0,0.4836373954844026,1.0
4580,0.07,26,0.9615384615384616,0.9731182795698925,0.3333333333333333,0.5935156304773297,25,15,0.9333333333333333,0.6289820872565175,0.3333333333333333,6.0,1.0,0.43956428879493786,1.0,5,1.0,0.6718578701586357,1.0
4581,0.07,29,0.9655172413793104,0.9770114942528735,0.3333333333333333,0.5864977809445949,28,15,0.9333333333333333,0.541547124516214,0.3333333333333333,5.0,1.0,0.7276294149247485,1.0,9,1.0,0.5830090783362557,1.0
4582,0.07,28,1.0,0.9972951312362252,0.9565217391304348,0.6131639092161886,28,14,1.0,0.5911396230579287,0.9565217391304348,8.0,1.0,0.6882397105634247,1.0,6,1.0,0.5644528417891478,1.0
4583,0.07,24,0.9583333333333334,0.9722222222222222,0.3333333333333333,0.5902211178464826,23,11,0.9090909090909091,0.6285319556177135,0.3333333333333333,4.0,1.0,0.5528423731290905,1.0,9,1.0,0.5600095360004858,1.0
4584,0.07,27,1.0,0.9983164983164983,0.9545454545454546,0.6077260519287796,27,12,1.0,0.6109619306712865,0.9545454545454546,6.0,1.0,0.5441946819149305,1.0,9,1.0,0.6457657936146698,1.0
4585,0.07,27,0.9629629629629629,0.9741138988450816,0.3333333333333333,0.6368849038292843,26,12,0.9166666666666666,0.6568684866440019,0.3333333333333333,7.0,1.0,0.5209090430272634,1.0,8,1.0,0.7083884078089764,1.0
4586,0.07,26,0.9615384615384616,0.9731182795698925,0.3333333333333333,0.6319310467626458,25,14,0.9285714285714286,0.6104423752144565,0.3333333333333333,4.0,1.0,0.6340783232020923,1.0,8,1.0,0.6684625837522538,1.0
4587,0.07,29,0.9655172413793104,0.9755122438780609,0.3333333333333333,0.5163306827245879,28,12,0.9166666666666666,0.4938203937937966,0.3333333333333333,7.0,1.0,0.4510016827616942,1.0,10,1.0,0.589073329415563,1.0
4588,0.07,22,0.9545454545454546,0.9696969696969696,0.3333333333333333,0.5739389801012604,21,10,0.9,0.5055927657609602,0.3333333333333333,6.0,1.0,0.6009742359164564,1.0,6,1.0,0.6608140815198981,1.0
4589,0.1,27,0.8518518518518519,0.9593970303592297,0.3333333333333333,0.4477304331197356,23,14,0.7142857142857143,0.4257791382619624,0.3333333333333333,10.0,1.0,0.45165677602382653,0.9948453608247423,3,1.0,0.5370819994423731,1.0
4590,0.03,29,1.0,1.0,1.0,0.8766647959143206,29,15,1.0,0.8356869403989803,1.0,9.0,1.0,0.9142684812523176,1.0,5,1.0,0.9319117288519474,1.0
4591,0.1,22,0.8181818181818182,0.9665900963331793,0.8043478260869565,0.4400014446120787,18,12,0.75,0.48396754241211776,0.8043478260869565,4.0,1.0,0.34714715007678654,1.0,6,0.8333333333333334,0.41397211203552864,0.8571428571428571
4592,0.07,27,1.0,0.9975574010747434,0.9565217391304348,0.6551119880425837,27,15,1.0,0.6466791042184842,0.9565217391304348,5.0,1.0,0.5696820105289666,1.0,7,1.0,0.7342038658896664,0.9775280898876404
4593,0.1,25,0.84,0.9522809722840948,0.3333333333333333,0.4529652758454912,21,14,0.7142857142857143,0.4743876946574536,0.3333333333333333,6.0,1.0,0.4837584768651142,0.9948453608247423,5,1.0,0.3560306619484489,0.9775280898876404
4594,0.07,25,0.96,0.9733333333333333,0.3333333333333333,0.5322140319792197,24,14,0.9285714285714286,0.5108340929790038,0.3333333333333333,9.0,1.0,0.6127737156709002,1.0,2,1.0,0.31935502836816887,1.0
4595,0.07,27,1.0,0.9958738993912418,0.9545454545454546,0.5748139526443555,27,10,1.0,0.5631649022457543,0.9545454545454546,6.0,1.0,0.5968234785344065,1.0,11,1.0,0.5733988025212379,0.9775280898876404
4596,0.07,26,0.9615384615384616,0.9717464183756318,0.3333333333333333,0.5751436258708783,25,13,0.9230769230769231,0.5825414842069525,0.3333333333333333,3.0,1.0,0.7530504228459511,1.0,10,1.0,0.5121543709414602,0.9775280898876404
4597,0.07,23,1.0,1.0,1.0,0.5683540521524683,23,10,1.0,0.6138673226186653,1.0,6.0,1.0,0.6272328570453546,1.0,7,1.0,0.4528675472925703,1.0
4598,0.07,28,1.0,0.9972245496439045,0.9545454545454546,0.5600325764945345,28,14,1.0,0.4982894861970969,0.9545454545454546,6.0,1.0,0.5460437269443132,1.0,8,1.0,0.6785746216777163,1.0
4599,0.1,28,0.8214285714285714,0.9532243210939865,0.3333333333333333,0.45097002114676427,23,14,0.7142857142857143,0.40569259841548927,0.3333333333333333,9.0,1.0,0.5513310910803013,0.95,5,0.8,0.3970968789139676,0.8571428571428571
4600,0.07,29,0.9655172413793104,0.9746692026816011,0.3333333333333333,0.5490507591310113,28,14,0.9285714285714286,0.5139410678317968,0.3333333333333333,4.0,1.0,0.4477396230163814,1.0,11,1.0,0.6305762339171497,0.9775280898876404
4601,0.07,27,1.0,0.9988052568697731,0.967741935483871,0.5953325818065012,27,10,1.0,0.5960408827996564,0.967741935483871,7.0,1.0,0.5256347953725109,1.0,10,1.0,0.6434127313171394,1.0
4602,0.07,25,1.0,1.0,1.0,0.6327916291333888,25,13,1.0,0.592984231252921,1.0,6.0,1.0,0.6140793461515479,1.0,6,1.0,0.7377532741895766,1.0
4603,0.07,30,0.9666666666666667,0.9737380820831031,0.3333333333333333,0.5688379063172736,29,18,0.9444444444444444,0.5147765197125027,0.3333333333333333,6.0,1.0,0.6613698997053427,1.0,6,1.0,0.6384900727435162,1.0
4604,0.07,28,1.0,0.9976446367506454,0.9565217391304348,0.5713070878339584,28,13,1.0,0.5490980510862337,0.9565217391304348,8.0,1.0,0.5892189367046571,1.0,7,1.0,0.5920817573703633,0.9775280898876404
4605,0.1,29,0.8620689655172413,0.9778779441448107,0.8043478260869565,0.4749510121686379,25,13,0.7692307692307693,0.4311570152305687,0.8043478260869565,5.0,1.0,0.5441332678172432,1.0,11,0.9090909090909091,0.4952610741642625,0.8571428571428571
4606,0.07,31,1.0,0.9964062994697913,0.9545454545454546,0.5328465635692541,31,17,1.0,0.5712951741356163,0.9545454545454546,6.0,1.0,0.4734135131883035,1.0,8,1.0,0.49571805390144763,0.9775280898876404
4607,0.1,27,0.8518518518518519,0.9792298415486821,0.8333333333333334,0.4635260936741389,23,18,0.8333333333333334,0.5227568882703788,0.8333333333333334,4.0,1.0,0.17019247166071802,1.0,5,0.8,0.48496213073841166,0.8571428571428571
4608,0.07,26,0.9615384615384616,0.9731182795698925,0.3333333333333333,0.5280512017507921,25,8,0.875,0.45683969106504685,0.3333333333333333,10.0,1.0,0.4972925024960266,1.0,8,1.0,0.6377110865049943,1.0
4609,0.07,31,1.0,0.9982345169474682,0.967741935483871,0.616746440943502,31,14,1.0,0.6061284164993129,0.967741935483871,8.0,1.0,0.5591618507096251,1.0,9,1.0,0.6844496702867979,0.9775280898876404
4610,0.07,27,0.9629629629629629,0.9741138988450816,0.3333333333333333,0.5544755920085288,26,15,0.9333333333333333,0.6247842564230358,0.3333333333333333,7.0,1.0,0.4049094927506844,1.0,5,1.0,0.5529421377259903,1.0
4611,0.07,26,0.9615384615384616,0.9731182795698925,0.3333333333333333,0.5481087724160232,25,14,0.9285714285714286,0.5637682717968204,0.3333333333333333,6.0,1.0,0.4390341539677595,1.0,6,1.0,0.62064455897576,1.0
4612,0.07,31,1.0,0.9968319924032886,0.9565217391304348,0.5760119106769253,31,12,1.0,0.5845230478006759,0.9565217391304348,9.0,1.0,0.49216376637608533,1.0,10,1.0,0.6412618759991803,0.9775280898876404
4613,0.1,25,0.88,0.9774144649372307,0.8043478260869565,0.4891676817096805,22,15,0.8,0.5036928952855797,0.8043478260869565,5.0,1.0,0.43953336380724367,0.9948453608247423,5,1.0,0.4952263588844195,0.9565217391304348
4614,0.07,25,0.96,0.9715942028985506,0.3333333333333333,0.5716962495818424,24,17,0.9411764705882353,0.5649174227774306,0.3333333333333333,3.0,1.0,0.4660843939630059,1.0,5,1.0,0.6581113740881446,1.0
4615,0.07,29,1.0,0.9966135091207569,0.9565217391304348,0.5895022638431423,29,10,1.0,0.5871720077136471,0.9565217391304348,7.0,1.0,0.5485416260600039,1.0,12,1.0,0.6153378493245527,0.9775280898876404
4616,0.07,25,0.96,0.9733333333333333,0.3333333333333333,0.5878077305080162,24,16,0.9375,0.5492247382911966,0.3333333333333333,4.0,1.0,0.5901232993250287,1.0,5,1.0,0.7094208505482291,1.0
4617,0.07,32,1.0,0.9968692337474052,0.9545454545454546,0.5456661482942149,32,15,1.0,0.5875030777526287,0.9545454545454546,8.0,1.0,0.46023249543659084,1.0,9,1.0,0.5518789572925245,0.9775280898876404
4618,0.07,26,1.0,1.0,1.0,0.6609678983801653,26,15,1.0,0.6025145032322067,1.0,4.0,1.0,0.8064623024064453,1.0,7,1.0,0.7030855142536312,1.0
4619,0.07,28,1.0,0.9988479262672811,0.967741935483871,0.6331667338813116,28,14,1.0,0.604742124085518,0.967741935483871,8.0,1.0,0.5979136047509623,1.0,6,1.0,0.7464949955786294,1.0
4620,0.1,29,0.8620689655172413,0.9565774015932791,0.3333333333333333,0.5032214406763635,25,15,0.8,0.5170399911972133,0.3333333333333333,6.0,1.0,0.49591017978008756,0.9948453608247423,8,0.875,0.48279510412197707,0.8571428571428571
4621,0.07,26,1.0,0.9991356957649093,0.9775280898876404,0.6373355210826707,26,10,1.0,0.6900360759512136,1.0,7.0,1.0,0.6109544713540694,1.0,9,1.0,0.5992979432398683,0.9775280898876404
4622,0.07,24,0.9583333333333334,0.9703282828282829,0.3333333333333333,0.602181520492608,23,11,0.9090909090909091,0.5598981666034164,0.3333333333333333,6.0,1.0,0.6039404171861987,1.0,7,1.0,0.6671191651525455,1.0
4623,0.1,25,0.84,0.9532916499308252,0.3333333333333333,0.4444787990968008,21,8,0.625,0.3634971559786039,0.3333333333333333,10.0,1.0,0.44516629734704904,0.95,7,0.8571428571428571,0.5360471080172429,0.8571428571428571
4624,0.07,24,1.0,0.9981060606060606,0.9545454545454546,0.6046355909206954,24,10,1.0,0.5501983318886018,0.9545454545454546,6.0,1.0,0.6456913974237631,1.0,8,1.0,0.6418903098335117,1.0
4625,0.07,29,1.0,0.9988876529477198,0.967741935483871,0.662449178248546,29,11,1.0,0.7566990126180108,0.967741935483871,7.0,1.0,0.5721198648734891,1.0,11,1.0,0.6256816342086634,1.0
4626,0.07,26,1.0,0.9970110534626664,0.9545454545454546,0.6340558170086011,26,13,1.0,0.6184919923638591,0.9545454545454546,5.0,1.0,0.759938265989355,1.0,8,1.0,0.580670501443336,1.0
4627,0.07,25,1.0,0.9951523651663904,0.9545454545454546,0.5452737898511655,25,14,1.0,0.5501511009680641,0.9545454545454546,5.0,1.0,0.47897463741571167,1.0,6,1.0,0.5891426909412805,1.0
4628,0.07,20,1.0,0.9962131837307153,0.9565217391304348,0.6293117341505525,20,9,1.0,0.6185274491014706,0.9565217391304348,6.0,1.0,0.5691186412460009,1.0,5,1.0,0.7209551587243628,1.0
4629,0.07,25,1.0,1.0,1.0,0.6364021744738819,25,10,1.0,0.6589885529460335,1.0,5.0,1.0,0.6076668262593234,1.0,10,1.0,0.6281834701090095,1.0
4630,0.07,28,1.0,0.9968238283455675,0.9545454545454546,0.6336558666098523,28,16,1.0,0.5996341799408428,0.9545454545454546,4.0,1.0,0.6362718684821751,1.0,8,1.0,0.70039123901171,1.0
4631,0.07,25,1.0,0.9991011235955056,0.9775280898876404,0.6498225003992758,25,12,1.0,0.5924182197586888,1.0,6.0,1.0,0.8165507476200696,1.0,7,1.0,0.6053199124510303,0.9775280898876404
4632,0.07,31,1.0,0.9960906170696697,0.9545454545454546,0.5677712396107364,31,17,1.0,0.5335400609848608,0.9545454545454546,8.0,1.0,0.5930893997691722,1.0,6,1.0,0.6310020321728027,1.0
4633,0.07,27,1.0,0.9971217551862713,0.9545454545454546,0.5869988232400507,27,11,1.0,0.5559246418990543,0.9545454545454546,6.0,1.0,0.5615287535050916,1.0,10,1.0,0.6364624645561223,1.0
4634,0.07,25,1.0,0.9991011235955056,0.9775280898876404,0.5887222688707202,25,9,1.0,0.5466681254294357,1.0,5.0,1.0,0.6670903343735208,1.0,11,1.0,0.587508356457771,0.9775280898876404
4635,0.07,24,1.0,0.9972520762090863,0.9565217391304348,0.5463125518236069,24,11,1.0,0.5408817365006038,0.9565217391304348,5.0,1.0,0.44235431430646666,1.0,8,1.0,0.6187538213409489,0.9775280898876404
4636,0.07,29,0.9655172413793104,0.9758991472005932,0.3333333333333333,0.5974237793102314,28,12,0.9166666666666666,0.5254263767197694,0.3333333333333333,9.0,1.0,0.6798545690741755,1.0,8,1.0,0.6126852447114872,1.0
4637,0.07,28,1.0,0.9975740551583249,0.9545454545454546,0.6528995260476768,28,16,1.0,0.65414547211046,0.9545454545454546,7.0,1.0,0.6433186761533359,1.0,5,1.0,0.6623256884988467,0.9775280898876404
4638,0.07,24,1.0,1.0,1.0,0.579311790039199,24,12,1.0,0.6374232778303476,1.0,4.0,1.0,0.47510848729321065,1.0,8,1.0,0.5442462097254699,1.0
4639,0.1,27,0.8888888888888888,0.9648075851909418,0.3333333333333333,0.4508967078806987,24,12,0.75,0.45815632043076593,0.3333333333333333,6.0,1.0,0.41927494538556304,1.0,9,1.0,0.4622983994773663,0.9565217391304348
4640,0.1,21,0.8095238095238095,0.9488864949694443,0.3333333333333333,0.4548577709220653,17,11,0.6363636363636364,0.49143379495773015,0.3333333333333333,7.0,1.0,0.38766628911989837,1.0,3,1.0,0.47752580699635083,1.0
4641,0.03,31,1.0,1.0,1.0,0.8239174889780292,31,16,1.0,0.8123320398478273,1.0,5.0,1.0,0.877509352244234,1.0,10,1.0,0.8156582759532496,1.0
4642,0.07,26,1.0,0.9982517482517482,0.9545454545454546,0.6094785999025921,26,14,1.0,0.5660400312156015,0.9545454545454546,4.0,1.0,0.5915442014126224,1.0,8,1.0,0.6944632943498104,1.0
4643,0.07,27,0.9629629629629629,0.973625140291807,0.3333333333333333,0.508767350693118,26,16,0.9375,0.5157528082757157,0.3333333333333333,5.0,1.0,0.46565755530281194,1.0,6,1.0,0.5260642932981123,1.0
4644,0.07,23,1.0,0.9980237154150197,0.9545454545454546,0.6020201220708905,23,10,1.0,0.596776105370536,0.9545454545454546,7.0,1.0,0.5553544962122444,1.0,6,1.0,0.6652033800732349,1.0
4645,0.07,27,0.9629629629629629,0.9736983360171765,0.3333333333333333,0.6093248294700424,26,14,0.9285714285714286,0.5946066766550595,0.3333333333333333,7.0,1.0,0.5588225848077281,1.0,6,1.0,0.7025864714777028,1.0
4646,0.07,26,0.9615384615384616,0.9734946701238835,0.3333333333333333,0.5502847130025273,25,13,0.9230769230769231,0.504754037546712,0.3333333333333333,5.0,1.0,0.5301391668113735,1.0,8,1.0,0.6368630269876983,0.9775280898876404
4647,0.07,25,1.0,0.9987096774193549,0.967741935483871,0.5704139497537237,25,13,1.0,0.5267382430081574,0.967741935483871,5.0,1.0,0.7037023956939785,1.0,7,1.0,0.5563199437524508,1.0
4648,0.07,23,1.0,0.9990229604298975,0.9775280898876404,0.679437281087943,23,8,1.0,0.6590371368396248,1.0,5.0,1.0,0.6487514141993076,1.0,10,1.0,0.711100329930915,0.9775280898876404
4649,0.1,23,0.8695652173913043,0.9532861390291721,0.3333333333333333,0.49691066128317646,20,14,0.7857142857142857,0.4737624377364851,0.3333333333333333,4.0,1.0,0.5424081552048998,1.0,5,1.0,0.5253276920765336,0.9565217391304348
4650,0.07,26,1.0,0.9973874440166575,0.9545454545454546,0.5431476269673904,26,11,1.0,0.5488867756878943,0.9545454545454546,8.0,1.0,0.5109694008940804,1.0,7,1.0,0.5709040802046673,0.9775280898876404
4651,0.07,27,1.0,0.9979729639026486,0.967741935483871,0.6386386495166824,27,11,1.0,0.6044715353539223,0.967741935483871,6.0,1.0,0.6764109249354031,1.0,10,1.0,0.6535591098444858,0.9775280898876404
4652,0.07,25,1.0,0.9987096774193549,0.967741935483871,0.5710122538659532,25,14,1.0,0.5275894154121168,0.967741935483871,6.0,1.0,0.5983445384015454,1.0,5,1.0,0.6597974600939844,1.0
4653,0.07,26,0.9615384615384616,0.97050572358655,0.3333333333333333,0.5377099080534515,25,15,0.9333333333333333,0.5329340906623868,0.3333333333333333,3.0,1.0,0.42916731320618884,1.0,8,1.0,0.5873680387294212,0.9775280898876404
4654,0.07,28,1.0,0.9975740551583249,0.9545454545454546,0.5143358062899769,28,12,1.0,0.5235777018026341,0.9545454545454546,9.0,1.0,0.5228806827001651,1.0,7,1.0,0.48750628716946587,0.9775280898876404
4655,0.07,29,1.0,0.9988876529477198,0.967741935483871,0.5641496296167045,29,19,1.0,0.5696866656764797,0.967741935483871,5.0,1.0,0.42379295199417866,1.0,5,1.0,0.683465570212084,1.0
4656,0.07,31,1.0,0.9992750996737949,0.9775280898876404,0.5857412109954112,31,11,1.0,0.6536804643656252,1.0,8.0,1.0,0.5143166111340827,1.0,12,1.0,0.5710799619802676,0.9775280898876404
4657,0.07,29,1.0,0.9992251065478497,0.9775280898876404,0.555333117345175,29,10,1.0,0.5087790252952138,1.0,7.0,1.0,0.504625169275179,1.0,12,1.0,0.6237078304276402,0.9775280898876404
4658,0.07,27,0.9629629629629629,0.9744763490081843,0.3333333333333333,0.5405720155031436,26,13,0.9230769230769231,0.5191146560099663,0.3333333333333333,7.0,1.0,0.5556177761406184,1.0,7,1.0,0.5653756367815699,0.9775280898876404
4659,0.07,28,1.0,0.9988479262672811,0.967741935483871,0.6119837556648429,28,16,1.0,0.6080536139717724,0.967741935483871,8.0,1.0,0.6015349669380995,1.0,4,1.0,0.6486018998906111,1.0
4660,0.07,28,1.0,0.9948691863945501,0.9545454545454546,0.6540303725190991,28,13,1.0,0.6668856712824647,0.9545454545454546,5.0,1.0,0.631093978370052,1.0,10,1.0,0.6487866812012476,0.9775280898876404
4661,0.07,22,0.9545454545454546,0.9672092435774929,0.3333333333333333,0.5928917940785537,21,10,0.9,0.5491978881946671,0.3333333333333333,5.0,1.0,0.6577170349047401,1.0,7,1.0,0.6090079161796872,0.9775280898876404
4662,0.07,31,1.0,1.0,1.0,0.5931462055476376,31,19,1.0,0.5814839899496017,1.0,6.0,1.0,0.5561493971282925,1.0,6,1.0,0.6670733633607627,1.0
4663,0.07,25,1.0,0.9991011235955056,0.9775280898876404,0.590672563628161,25,9,1.0,0.5455763832022442,1.0,7.0,1.0,0.5947673465599064,1.0,9,1.0,0.6325839128849422,0.9775280898876404
4664,0.07,24,0.9583333333333334,0.9712858926342071,0.3333333333333333,0.5910160905796465,23,11,0.9090909090909091,0.613106444085256,0.3333333333333333,5.0,1.0,0.5029485856776917,1.0,8,1.0,0.6156840450731551,0.9775280898876404
4665,0.07,24,1.0,0.9971697310180456,0.9545454545454546,0.5646697946261012,24,12,1.0,0.57849070108196,0.9545454545454546,6.0,1.0,0.5136991518172712,1.0,6,1.0,0.5879986245232135,0.9775280898876404
4666,0.1,29,0.896551724137931,0.9657872800065749,0.3333333333333333,0.4344209898687494,26,15,0.8,0.40889261180129954,0.3333333333333333,6.0,1.0,0.42587967391063625,1.0,8,1.0,0.4886926857138029,0.9775280898876404
4667,0.07,25,0.96,0.9733333333333333,0.3333333333333333,0.6207597776083188,24,13,0.9230769230769231,0.5420875403664157,0.3333333333333333,5.0,1.0,0.664185741357176,1.0,7,1.0,0.7358468155226695,1.0
4668,0.07,29,1.0,0.9973202548285974,0.9545454545454546,0.5751815130970922,29,15,1.0,0.5142974863567619,0.9545454545454546,5.0,1.0,0.5118267701890832,1.0,9,1.0,0.711851970390981,1.0
4669,0.07,27,0.9629629629629629,0.9753086419753086,0.3333333333333333,0.6094800668555961,26,13,0.9230769230769231,0.5244816789164348,0.3333333333333333,5.0,1.0,0.783343859224619,1.0,9,1.0,0.635664520340483,1.0
4670,0.07,23,1.0,0.9980237154150197,0.9545454545454546,0.5729428102560435,23,12,1.0,0.5930004547079178,0.9545454545454546,4.0,1.0,0.4647768314231557,1.0,7,1.0,0.6003674076716233,1.0
4671,0.07,23,1.0,1.0,1.0,0.5684659414863961,23,7,1.0,0.5817795688106082,1.0,6.0,1.0,0.5304881803808174,1.0,10,1.0,0.5819330590227949,1.0
4672,0.07,23,1.0,0.9957300767174759,0.9565217391304348,0.593184768108309,23,13,1.0,0.5947801265397488,0.9565217391304348,5.0,1.0,0.5727228992481478,1.0,5,1.0,0.6094987050467269,0.9775280898876404
4673,0.07,27,1.0,0.9983164983164983,0.9545454545454546,0.5546906851145643,27,15,1.0,0.507258882024585,0.9545454545454546,5.0,1.0,0.6303413095241287,1.0,7,1.0,0.6022941028719738,1.0
4674,0.1,28,0.8571428571428571,0.959811939730458,0.3333333333333333,0.500124088669305,24,13,0.6923076923076923,0.4406522687934631,0.3333333333333333,7.0,1.0,0.5098843701230679,0.95,8,1.0,0.5882255496955058,1.0
4675,0.07,25,1.0,0.9964426877470356,0.9545454545454546,0.6044409713542541,25,10,1.0,0.5722442390904451,0.9545454545454546,4.0,1.0,0.7252375552224463,1.0,11,1.0,0.5897846974601922,1.0
4676,0.07,27,0.9629629629629629,0.9725035928869495,0.3333333333333333,0.5864816420836696,26,10,0.9,0.5956416421843692,0.3333333333333333,8.0,1.0,0.5014442760128158,1.0,9,1.0,0.6518926340347622,1.0
4677,0.07,31,1.0,0.9985974754558204,0.9565217391304348,0.6000639107346321,31,18,1.0,0.6283424253256892,0.9565217391304348,7.0,1.0,0.548004005455773,1.0,6,1.0,0.5759649231201295,1.0
4678,0.07,26,1.0,0.9978950009758274,0.967741935483871,0.5873560980790734,26,12,1.0,0.6159401504097193,0.967741935483871,5.0,1.0,0.45009098063684033,1.0,9,1.0,0.6255024268838976,0.9775280898876404
4679,0.07,28,0.9642857142857143,0.9738351129411217,0.3333333333333333,0.5519000547291372,27,14,0.9285714285714286,0.5146909550401789,0.3333333333333333,6.0,1.0,0.5769809918557274,1.0,8,1.0,0.5982052763398711,0.9775280898876404
4680,0.07,31,0.967741935483871,0.9784946236559139,0.3333333333333333,0.6138336415572055,30,13,0.9230769230769231,0.6477182017974793,0.3333333333333333,8.0,1.0,0.5394521343115226,1.0,10,1.0,0.629288919041396,1.0
4681,0.07,27,1.0,0.9991677070328756,0.9775280898876404,0.5946877602976592,27,11,1.0,0.5973289712275953,1.0,8.0,1.0,0.6249538927788384,1.0,8,1.0,0.560789962787818,0.9775280898876404
4682,0.07,27,0.9629629629629629,0.973625140291807,0.3333333333333333,0.5732352608562347,26,13,0.9230769230769231,0.572091824982184,0.3333333333333333,7.0,1.0,0.5118339205825305,1.0,7,1.0,0.6367601248960328,1.0
4683,0.07,25,1.0,0.997361993160723,0.9565217391304348,0.6033544437961733,25,12,1.0,0.5239557520007323,0.9565217391304348,6.0,1.0,0.6024755289347118,1.0,7,1.0,0.7402198424696106,0.9775280898876404
4684,0.07,25,0.96,0.9697760210803689,0.3333333333333333,0.5420704980457112,24,14,0.9285714285714286,0.5534067529684534,0.3333333333333333,6.0,1.0,0.48360397921935494,1.0,5,1.0,0.5804888068536599,1.0
4685,0.07,30,0.9666666666666667,0.975187357445422,0.3333333333333333,0.5553841171185228,29,15,0.9333333333333333,0.5461050495430635,0.3333333333333333,8.0,1.0,0.5042104174229223,1.0,7,1.0,0.633752061575193,1.0
4686,0.1,32,0.84375,0.9596271139308175,0.3333333333333333,0.4980015009712446,27,16,0.6875,0.46068241834127976,0.3333333333333333,9.0,1.0,0.48823400925692717,0.9948453608247423,7,1.0,0.5958604649010014,1.0
4687,0.07,30,0.9666666666666667,0.9759534452901614,0.3333333333333333,0.5341156984040463,29,10,0.9,0.5489531165509881,0.3333333333333333,6.0,1.0,0.4804379590759778,1.0,14,1.0,0.5465222880111169,0.9775280898876404
4688,0.07,24,1.0,0.9981884057971014,0.9565217391304348,0.6090300355798871,24,8,1.0,0.5549690022402534,0.9565217391304348,6.0,1.0,0.5889285477877079,1.0,10,1.0,0.6643397549269016,1.0
4689,0.07,31,0.967741935483871,0.976729140603382,0.3333333333333333,0.5702263030821902,30,16,0.9375,0.5162462660874134,0.3333333333333333,3.0,1.0,0.7278827875439605,1.0,12,1.0,0.6027855646264503,0.9775280898876404
4690,0.07,28,1.0,0.9976446367506455,0.9565217391304348,0.6137708498899388,28,12,1.0,0.5632135003445384,0.9565217391304348,6.0,1.0,0.7177792888634017,1.0,10,1.0,0.6120346059603414,0.9775280898876404
4691,0.07,23,1.0,1.0,1.0,0.5688992560412766,23,12,1.0,0.5612974935992131,1.0,4.0,1.0,0.5970335052749216,1.0,7,1.0,0.5658541349513025,1.0
4692,0.07,22,1.0,0.9989785495403474,0.9775280898876404,0.5826176739953618,22,10,1.0,0.5187250134889485,1.0,5.0,1.0,0.7469049315696258,1.0,7,1.0,0.5565448621657636,0.9775280898876404
4693,0.07,29,1.0,0.9977258561730371,0.9565217391304348,0.5667361756936933,29,13,1.0,0.5638628957819377,0.9565217391304348,4.0,1.0,0.5512162833747682,1.0,12,1.0,0.5750221930377368,0.9775280898876404
4694,0.07,22,0.9545454545454546,0.9672092435774928,0.3333333333333333,0.5406685542263951,21,9,0.8888888888888888,0.5701424131467103,0.3333333333333333,6.0,1.0,0.44434460001692583,1.0,7,1.0,0.5853369820798208,0.9775280898876404
4695,0.07,29,1.0,0.9973884025729071,0.9565217391304348,0.6039971660621383,29,13,1.0,0.5935212736638351,0.9565217391304348,6.0,1.0,0.579885998023137,1.0,10,1.0,0.6320825270033336,1.0
4696,0.07,29,1.0,0.9966135091207566,0.9565217391304348,0.5978338041179291,29,10,1.0,0.6437519624784256,0.9565217391304348,8.0,1.0,0.6516214252686157,1.0,11,1.0,0.5169717538624329,0.9775280898876404
4697,0.07,24,0.9583333333333334,0.9704106280193235,0.3333333333333333,0.5988440421355031,23,12,0.9166666666666666,0.5016666237011675,0.3333333333333333,5.0,1.0,0.695466991143197,1.0,7,1.0,0.6964175101602973,1.0
4698,0.07,23,1.0,1.0,1.0,0.6145272729037748,23,10,1.0,0.653869484171216,1.0,4.0,1.0,0.5449121537361532,1.0,9,1.0,0.6017537577922275,1.0
4699,0.07,27,1.0,0.9979729639026487,0.967741935483871,0.5346582691422859,27,10,1.0,0.5689659545623742,0.967741935483871,8.0,1.0,0.5678636902176037,1.0,9,1.0,0.467022688830794,0.9775280898876404
4700,0.07,28,0.9642857142857143,0.9750384024577573,0.3333333333333333,0.6049387308932169,27,14,0.9285714285714286,0.641947100291148,0.3333333333333333,7.0,1.0,0.5895780680320045,1.0,7,1.0,0.5462826549585679,1.0
4701,0.07,22,0.9545454545454546,0.9672092435774929,0.3333333333333333,0.554736419665495,21,10,0.9,0.568893076161043,0.3333333333333333,7.0,1.0,0.47317604877603264,1.0,5,1.0,0.640607625919647,0.9775280898876404
4702,0.1,30,0.8333333333333334,0.95618652452246,0.3333333333333333,0.5019972690774887,25,15,0.6666666666666666,0.4751086581549952,0.3333333333333333,9.0,1.0,0.5496027676777917,0.95,6,1.0,0.497810548483268,0.9775280898876404
4703,0.07,28,1.0,0.9972951312362252,0.9565217391304348,0.5962410306222926,28,15,1.0,0.5599985909019487,0.9565217391304348,6.0,1.0,0.6483352830678487,1.0,7,1.0,0.6292511850696956,1.0
4704,0.07,28,0.9642857142857143,0.9761904761904762,0.3333333333333333,0.5733391224032742,27,15,0.9333333333333333,0.5669607246411013,0.3333333333333333,6.0,1.0,0.6220682649244549,1.0,7,1.0,0.5452392811612047,1.0
4705,0.07,24,1.0,1.0,1.0,0.6273598708859461,24,9,1.0,0.6022855671819894,1.0,9.0,1.0,0.6460683248954893,1.0,6,1.0,0.6369086454275659,1.0
4706,0.07,26,1.0,1.0,1.0,0.6026108178415237,26,10,1.0,0.5612573137034137,1.0,7.0,1.0,0.5826296529143221,1.0,9,1.0,0.6641000618272472,1.0
4707,0.07,31,1.0,0.9971311997959965,0.9545454545454546,0.6109624721814496,31,18,1.0,0.5986350000393252,0.9545454545454546,8.0,1.0,0.5993026596179878,1.0,5,1.0,0.6739970719946369,1.0
4708,0.07,26,1.0,0.9953388126599909,0.9545454545454546,0.5388651715209948,26,13,1.0,0.48023844949042255,0.9545454545454546,4.0,1.0,0.7584120906579704,1.0,9,1.0,0.5259718059487208,1.0
4709,0.07,27,0.9629629629629629,0.9724303971615801,0.3333333333333333,0.5825740254702432,26,14,0.9285714285714286,0.5171334503042637,0.3333333333333333,4.0,1.0,0.7014941228872135,1.0,9,1.0,0.6315170990986688,1.0
4710,0.07,29,1.0,0.9965453613764471,0.9545454545454546,0.579498148500568,29,17,1.0,0.6350725009542955,0.9545454545454546,8.0,1.0,0.42349376830758584,1.0,4,1.0,0.655315910958191,0.9775280898876404
4711,0.1,25,0.84,0.9747466188202435,0.8043478260869565,0.46010266247613096,21,13,0.7692307692307693,0.3996037611795328,0.8043478260869565,4.0,1.0,0.6223274502040019,1.0,8,0.875,0.47730098321916736,0.8571428571428571
4712,0.07,25,1.0,0.9972829417773238,0.9545454545454546,0.521193934193748,25,10,1.0,0.4213530715839836,0.9545454545454546,6.0,1.0,0.5605223381946194,1.0,9,1.0,0.6059092899817944,0.9775280898876404
4713,0.07,28,1.0,0.998447204968944,0.9565217391304348,0.6299335808498535,28,15,1.0,0.5846231437208752,0.9565217391304348,5.0,1.0,0.650045563458036,1.0,8,1.0,0.7023206613365736,1.0
4714,0.07,26,1.0,1.0,1.0,0.6533941567695515,26,8,1.0,0.6652547319935465,1.0,7.0,1.0,0.6142156001776324,1.0,11,1.0,0.6697000926196858,1.0
4715,0.1,25,0.84,0.9511392444467147,0.3333333333333333,0.43984917733743756,21,10,0.6,0.38838051113904876,0.3333333333333333,7.0,1.0,0.4661809099926869,0.95,8,1.0,0.4811447440120805,0.9565217391304348
4716,0.07,29,1.0,0.9976577084287274,0.9545454545454546,0.5646802480468235,29,13,1.0,0.5269267305612331,0.9545454545454546,7.0,1.0,0.5301775789330174,1.0,9,1.0,0.6460485159478588,0.9775280898876404
4717,0.1,23,0.8695652173913043,0.9606625258799172,0.3333333333333333,0.48442502019612516,20,15,0.8,0.47992851929296254,0.3333333333333333,4.0,1.0,0.2830935922170441,1.0,4,1.0,0.7026183265620659,1.0
4718,0.07,29,1.0,0.9985007496251874,0.9565217391304348,0.552281914537071,29,15,1.0,0.5598527186017485,0.9565217391304348,7.0,1.0,0.5510804348380265,1.0,7,1.0,0.537260242668949,1.0
4719,0.1,25,0.88,0.9587631819672414,0.3333333333333333,0.41432760314440936,22,12,0.8333333333333334,0.39958987716002503,0.3333333333333333,6.0,1.0,0.37466492007005114,1.0,7,0.8571428571428571,0.4735888617528035,0.8571428571428571
4720,0.1,25,0.88,0.9558635019371267,0.3333333333333333,0.5211100023613219,22,12,0.75,0.45389224536065503,0.3333333333333333,3.0,1.0,0.6511116107114309,1.0,10,1.0,0.5627708282570895,0.9775280898876404
4721,0.07,26,1.0,0.9974634549622335,0.9565217391304348,0.6439079162094044,26,10,1.0,0.6260552152578396,0.9565217391304348,7.0,1.0,0.6437498450390661,1.0,9,1.0,0.6638671948436285,0.9775280898876404
4722,0.07,25,0.96,0.9733333333333333,0.3333333333333333,0.5793565809384628,24,7,0.8571428571428571,0.6248603000394256,0.3333333333333333,8.0,1.0,0.616795525365462,1.0,10,1.0,0.5175528220261892,1.0
4723,0.1,30,0.8666666666666667,0.960838632566653,0.3333333333333333,0.44891978949441363,26,18,0.7777777777777778,0.4033146034637688,0.3333333333333333,8.0,1.0,0.5153703198055083,0.95,4,1.0,0.5212420660101262,0.9775280898876404
4724,0.07,22,1.0,0.9959575997125405,0.9545454545454546,0.583515608949771,22,15,1.0,0.607502318229725,0.9545454545454546,4.0,1.0,0.5036513067439663,1.0,3,1.0,0.5700677988244073,1.0
4725,0.07,26,1.0,0.9987593052109182,0.967741935483871,0.6155351755234328,26,13,1.0,0.5595416423754674,0.967741935483871,6.0,1.0,0.6355353885878737,1.0,7,1.0,0.702380125885848,1.0
4726,0.07,28,1.0,0.9972245496439045,0.9545454545454546,0.5635538392243516,28,13,1.0,0.5541160745951209,0.9545454545454546,6.0,1.0,0.4973470129250777,1.0,9,1.0,0.6213240501105342,1.0
4727,0.07,30,1.0,1.0,1.0,0.5482734772022385,30,16,1.0,0.5276256068063473,1.0,7.0,1.0,0.5106260542617038,1.0,7,1.0,0.6331160324762388,1.0
4728,0.1,27,0.8518518518518519,0.9574231821543651,0.3333333333333333,0.43969739241237216,23,11,0.7272727272727273,0.5208624758960522,0.3333333333333333,9.0,1.0,0.37002439360968437,0.95,7,0.8571428571428571,0.4017318311129023,0.8571428571428571
4729,0.07,29,1.0,0.9969333515060652,0.9545454545454546,0.4944484909025265,29,17,1.0,0.4592001231959607,0.9545454545454546,6.0,1.0,0.5589450136637492,1.0,6,1.0,0.5298223433099069,1.0
4730,0.07,24,1.0,1.0,1.0,0.5764376956904221,24,11,1.0,0.6103958831164031,1.0,7.0,1.0,0.5315365593813938,1.0,6,1.0,0.5665656777699898,1.0
4731,0.07,26,1.0,0.9987593052109182,0.967741935483871,0.5610868636411445,26,12,1.0,0.5922790301424851,0.967741935483871,8.0,1.0,0.5227209129491541,1.0,6,1.0,0.549857131561117,1.0
4732,0.07,25,0.96,0.9733333333333333,0.3333333333333333,0.5695125372262859,24,11,0.9090909090909091,0.5457035319200154,0.3333333333333333,6.0,1.0,0.5307474766705833,1.0,8,1.0,0.6313237149391849,1.0
4733,0.07,26,0.9615384615384616,0.9713700278216406,0.3333333333333333,0.6553921814546383,25,14,0.9285714285714286,0.6289909514915405,0.3333333333333333,6.0,1.0,0.7594198104040991,1.0,6,1.0,0.6129674224190721,1.0
4734,0.07,27,1.0,0.9974842053493739,0.9545454545454546,0.6630355495447604,27,10,1.0,0.6928647696037584,0.9545454545454546,9.0,1.0,0.6646438723685938,1.0,8,1.0,0.6239396612942003,0.9775280898876404
4735,0.07,26,1.0,0.9991356957649093,0.9775280898876404,0.6280478686198274,26,14,1.0,0.6169114696301142,1.0,4.0,1.0,0.633653015349976,1.0,8,1.0,0.6447339934867515,0.9775280898876404
4736,0.07,29,0.9655172413793104,0.9754440961337514,0.3333333333333333,0.6216336472499249,28,10,0.9,0.6172003225296462,0.3333333333333333,9.0,1.0,0.5376407259969034,1.0,10,1.0,0.7016606010979232,1.0
4737,0.1,27,0.8888888888888888,0.9663489285096297,0.3333333333333333,0.43140637239738494,24,13,0.8461538461538461,0.39975780707465336,0.3333333333333333,4.0,1.0,0.5638318173254734,0.9948453608247423,10,0.9,0.41957932934570064,0.8571428571428571
4738,0.07,28,1.0,1.0,1.0,0.6609442002352556,28,13,1.0,0.6819424180672584,1.0,7.0,1.0,0.6652263271573997,1.0,8,1.0,0.6230752352013754,1.0
4739,0.07,27,1.0,0.9988052568697731,0.967741935483871,0.5698290057321516,27,9,1.0,0.6491036749792558,0.967741935483871,7.0,1.0,0.5433233550739791,1.0,11,1.0,0.5218351449488122,1.0
4740,0.07,30,1.0,0.9981756675123837,0.967741935483871,0.6016720980746295,30,19,1.0,0.6233390494764032,0.967741935483871,5.0,1.0,0.5064042634664235,1.0,6,1.0,0.612449947475851,0.9775280898876404
4741,0.07,30,0.9666666666666667,0.9767025089605734,0.3333333333333333,0.504164350318299,29,17,0.9411764705882353,0.5203059688281724,0.3333333333333333,6.0,1.0,0.48204667653338135,1.0,7,1.0,0.4839212828956791,1.0
4742,0.07,26,0.9615384615384616,0.9714460387672168,0.3333333333333333,0.6081749070042268,25,12,0.9166666666666666,0.5831679222175982,0.3333333333333333,5.0,1.0,0.6635774239996798,1.0,9,1.0,0.6107383772778132,1.0
4743,0.07,28,0.9642857142857143,0.9750384024577573,0.3333333333333333,0.5390480392281757,27,10,0.9,0.5645356579244527,0.3333333333333333,10.0,1.0,0.5416420448346722,1.0,8,1.0,0.503946008849709,1.0
4744,0.07,31,1.0,1.0,1.0,0.6391597950163489,31,14,1.0,0.6149044711097159,1.0,5.0,1.0,0.6597273984392376,1.0,12,1.0,0.6588878381478838,1.0
4745,0.07,26,1.0,0.9982517482517482,0.9545454545454546,0.6047912377028135,26,14,1.0,0.6399658458630052,0.9545454545454546,5.0,1.0,0.5367091180414123,1.0,7,1.0,0.5830721068548596,1.0
4746,0.07,27,0.9629629629629629,0.973625140291807,0.3333333333333333,0.5698415708244795,26,18,0.9444444444444444,0.5460383695424518,0.3333333333333333,6.0,1.0,0.5938557438631019,1.0,3,1.0,0.6646324324394013,1.0
4747,0.07,20,0.95,0.9666666666666666,0.3333333333333333,0.6170556153422712,19,12,0.9166666666666666,0.6506452258575438,0.3333333333333333,1.0,1.0,0.3062200956937799,1.0,7,1.0,0.6038785001230167,1.0
4748,0.07,24,1.0,1.0,1.0,0.5623586587845018,24,10,1.0,0.572666037293316,1.0,8.0,1.0,0.5543685413527129,1.0,6,1.0,0.5558331845121964,1.0
4749,0.07,21,1.0,1.0,1.0,0.5745505071590594,21,12,1.0,0.6458715479273668,1.0,2.0,1.0,0.6315746529085385,1.0,7,1.0,0.4359932527706817,1.0
4750,0.07,24,1.0,0.9972520762090863,0.9565217391304348,0.653645908510221,24,10,1.0,0.7042267991176183,0.9565217391304348,6.0,1.0,0.5269180012621605,1.0,8,1.0,0.6854657256870196,0.9775280898876404
4751,0.07,34,1.0,0.9993390614672836,0.9775280898876404,0.5639573561995879,34,10,1.0,0.531540754795533,1.0,10.0,1.0,0.5559511771183969,1.0,14,1.0,0.5928307708319062,0.9775280898876404
4752,0.07,26,1.0,0.9991356957649093,0.9775280898876404,0.6030284417298015,26,12,1.0,0.6425470612609477,1.0,6.0,1.0,0.5608340873986145,1.0,8,1.0,0.5753962781814725,0.9775280898876404
4753,0.07,23,1.0,0.9966211908708402,0.9545454545454546,0.5891539987377917,23,11,1.0,0.578482288505509,0.9545454545454546,4.0,1.0,0.692270781024358,1.0,8,1.0,0.5522692091638975,1.0
4754,0.07,29,1.0,1.0,1.0,0.6070632910785064,29,12,1.0,0.6049728139985796,1.0,10.0,1.0,0.5780809965346488,1.0,7,1.0,0.6520502439924636,1.0
4755,0.07,23,1.0,0.998109640831758,0.9565217391304348,0.5689732312081154,23,14,1.0,0.5154438303965085,0.9565217391304348,6.0,1.0,0.6208978172946554,1.0,3,1.0,0.7149279294891997,1.0
4756,0.07,23,0.9565217391304348,0.9710144927536232,0.3333333333333333,0.6151020081959887,22,9,0.8888888888888888,0.6561309144211721,0.3333333333333333,8.0,1.0,0.5530258913120327,1.0,6,1.0,0.6363268047034883,1.0
4757,0.07,28,0.9642857142857143,0.9761904761904762,0.3333333333333333,0.5591399040958975,27,11,0.9090909090909091,0.5437220297049457,0.3333333333333333,11.0,1.0,0.5556628205568344,1.0,6,1.0,0.593780660300925,1.0
4758,0.07,25,1.0,0.9991011235955056,0.9775280898876404,0.6662436968224368,25,13,1.0,0.7036278863589642,1.0,5.0,1.0,0.6606664705037024,1.0,7,1.0,0.6007996493394104,0.9775280898876404
4759,0.1,27,0.8888888888888888,0.9766318317977972,0.8043478260869565,0.4080731763338149,24,16,0.8125,0.4326040615357546,0.8043478260869565,8.0,1.0,0.3060900373383828,0.95,3,1.0,0.5491968259112877,1.0
4760,0.07,27,1.0,0.9991677070328756,0.9775280898876404,0.5676737880002951,27,18,1.0,0.5816141969995097,1.0,4.0,1.0,0.5530399451297294,1.0,5,1.0,0.5291953898995752,0.9775280898876404
4761,0.07,27,0.9629629629629629,0.9732816058779571,0.3333333333333333,0.6123016444205933,26,13,0.9230769230769231,0.61257457149793,0.3333333333333333,5.0,1.0,0.5894778060567673,1.0,9,1.0,0.6245873266221217,0.9775280898876404
4762,0.07,27,0.9629629629629629,0.9741138988450816,0.3333333333333333,0.664905133819232,26,14,0.9285714285714286,0.6110710166891508,0.3333333333333333,6.0,1.0,0.734228417542107,1.0,7,1.0,0.7131534106026443,1.0
4763,0.07,28,1.0,0.9972245496439045,0.9545454545454546,0.550899562434151,28,14,1.0,0.6008993187915788,0.9545454545454546,9.0,1.0,0.54678131039467,1.0,5,1.0,0.41831309830441815,1.0
4764,0.07,27,0.9629629629629629,0.9716712999198251,0.3333333333333333,0.5853267418796434,26,15,0.9333333333333333,0.5435814909241884,0.3333333333333333,8.0,1.0,0.6478956712024214,1.0,4,1.0,0.6167335743170441,0.9775280898876404
4765,0.07,32,1.0,0.9968692337474052,0.9545454545454546,0.548001363265014,32,17,1.0,0.5621712762397592,0.9545454545454546,7.0,1.0,0.5621403290681878,1.0,8,1.0,0.5055187031159033,0.9775280898876404
4766,0.07,26,0.9615384615384616,0.9731182795698925,0.3333333333333333,0.5760105493799519,25,13,0.9230769230769231,0.5513462176113689,0.3333333333333333,8.0,1.0,0.5443102671685045,1.0,5,1.0,0.6908582635165839,1.0
4767,0.07,27,0.9629629629629629,0.9741138988450816,0.3333333333333333,0.552733000142144,26,13,0.9230769230769231,0.540145052404962,0.3333333333333333,5.0,1.0,0.5844051975752989,1.0,9,1.0,0.553319926077432,1.0
4768,0.07,28,1.0,0.9991974317817015,0.9775280898876404,0.5459823685713509,28,14,1.0,0.5459501659279843,1.0,6.0,1.0,0.4484185003948384,1.0,8,1.0,0.6192116243296271,0.9775280898876404
4769,0.1,27,0.8518518518518519,0.9776900328559983,0.8043478260869565,0.5081068725185479,23,14,0.7142857142857143,0.4218788356443913,0.8043478260869565,6.0,1.0,0.6296502434267821,1.0,7,1.0,0.5763829140598032,1.0
4770,0.07,29,0.9655172413793104,0.9746692026816011,0.3333333333333333,0.5641677710314028,28,12,0.9166666666666666,0.5184020954008811,0.3333333333333333,9.0,1.0,0.5941665377214448,1.0,8,1.0,0.5990676719508883,0.9775280898876404
4771,0.07,29,0.9655172413793104,0.9755122438780609,0.3333333333333333,0.5606352438000586,28,18,0.9444444444444444,0.5632411715819129,0.3333333333333333,4.0,1.0,0.42161238327775113,1.0,7,1.0,0.6333759212308949,1.0
4772,0.07,28,1.0,0.998447204968944,0.9565217391304348,0.5744721110491499,28,11,1.0,0.6478061332069195,0.9565217391304348,9.0,1.0,0.470761937172525,1.0,8,1.0,0.5903117761934196,1.0
4773,0.07,25,1.0,0.9987096774193549,0.967741935483871,0.6040823810023875,25,13,1.0,0.6161649772647603,0.967741935483871,6.0,1.0,0.5865387059585593,1.0,6,1.0,0.5954470974777418,1.0
4774,0.07,21,1.0,0.9968595156675274,0.9565217391304348,0.5969347090986213,21,8,1.0,0.5964471492690577,0.9565217391304348,7.0,1.0,0.5129512710288677,1.0,6,1.0,0.6955654666194185,0.9775280898876404
4775,0.07,24,0.9583333333333334,0.9722222222222222,0.3333333333333333,0.5431697262708441,23,9,0.8888888888888888,0.5092222680901722,0.3333333333333333,6.0,1.0,0.5054802392263037,1.0,9,1.0,0.6022435091478764,1.0
4776,0.07,29,1.0,0.997725856173037,0.9565217391304348,0.6006705111712793,29,10,1.0,0.6369402100115751,0.9565217391304348,9.0,1.0,0.5883744812814522,1.0,10,1.0,0.5754672392318283,0.9775280898876404
4777,0.07,25,0.96,0.9715942028985506,0.3333333333333333,0.515702542375814,24,12,0.9166666666666666,0.4834062672444759,0.3333333333333333,4.0,1.0,0.5047921613806156,1.0,9,1.0,0.5636133007710193,1.0
4778,0.1,26,0.8076923076923077,0.9512423782362481,0.3333333333333333,0.4288195807634966,21,15,0.7333333333333333,0.47842876677308427,0.3333333333333333,4.0,1.0,0.288582457304387,1.0,7,0.8571428571428571,0.40264968129101414,0.8571428571428571
4779,0.07,25,0.96,0.9733333333333333,0.3333333333333333,0.608391239299774,24,12,0.9166666666666666,0.5906507804577948,0.3333333333333333,5.0,1.0,0.5491827647763088,1.0,8,1.0,0.6720072241399089,1.0
4780,0.07,27,1.0,0.9974842053493739,0.9545454545454546,0.5934319986192961,27,15,1.0,0.58390267791595,0.9545454545454546,8.0,1.0,0.6558911104903508,1.0,4,1.0,0.5042487275147343,0.9775280898876404
4781,0.1,24,0.8333333333333334,0.9720798826777087,0.8043478260869565,0.44833932311087943,20,12,0.75,0.4963622238952145,0.8043478260869565,3.0,1.0,0.3277796704395144,1.0,9,0.8888888888888888,0.42449533962222097,0.8571428571428571
4782,0.07,26,0.9615384615384616,0.9734946701238836,0.3333333333333333,0.5540273143727432,25,14,0.9285714285714286,0.577778609124189,0.3333333333333333,7.0,1.0,0.49179732925610786,1.0,5,1.0,0.5746456682319845,0.9775280898876404
4783,0.07,29,1.0,0.9965453613764471,0.9545454545454546,0.4623763858040485,29,15,1.0,0.5246954410424646,0.9545454545454546,6.0,1.0,0.35485293837336557,1.0,8,1.0,0.42617074280503064,0.9775280898876404
4784,0.07,29,1.0,0.9992251065478497,0.9775280898876404,0.6099787467454473,29,8,1.0,0.5989428849357025,1.0,8.0,1.0,0.5970700251304901,1.0,13,1.0,0.6247138750068023,0.9775280898876404
4785,0.07,25,0.96,0.9711441343481937,0.3333333333333333,0.6190911244274622,24,15,0.9333333333333333,0.5889111509432058,0.3333333333333333,3.0,1.0,0.7840294142056976,1.0,7,1.0,0.6130746577030532,0.9775280898876404
4786,0.07,21,1.0,0.9967654068777664,0.9545454545454546,0.5298222074518512,21,12,1.0,0.49942664744514115,0.9545454545454546,4.0,1.0,0.6912348187613083,1.0,5,1.0,0.4736414624203891,0.9775280898876404
4787,0.07,25,1.0,0.996891495601173,0.9545454545454546,0.5878946683983981,25,10,1.0,0.5703036304288585,0.9545454545454546,4.0,1.0,0.41035671832471865,1.0,11,1.0,0.6684457756702266,1.0
4788,0.07,26,1.0,1.0,1.0,0.5441379409348811,26,13,1.0,0.5916152699911749,1.0,6.0,1.0,0.43820148074125553,1.0,7,1.0,0.546768438567729,1.0
4789,0.07,25,1.0,0.9987096774193549,0.967741935483871,0.6164143025225081,25,10,1.0,0.6825172288935477,0.967741935483871,9.0,1.0,0.4675841148797282,1.0,6,1.0,0.7294880400349449,1.0
4790,0.07,32,0.96875,0.977043964930201,0.3333333333333333,0.6038889626404786,31,14,0.9285714285714286,0.5111241901554474,0.3333333333333333,9.0,1.0,0.6456356225796341,1.0,9,1.0,0.7064430599002605,0.9775280898876404
4791,0.07,28,0.9642857142857143,0.9753879079721776,0.3333333333333333,0.5883699317882458,27,14,0.9285714285714286,0.5977429466355103,0.3333333333333333,5.0,1.0,0.6071808937872369,1.0,9,1.0,0.5633391520263951,0.9775280898876404
4792,0.07,29,1.0,0.9961584580539148,0.9545454545454546,0.564894771268384,29,13,1.0,0.6293310822718856,0.9545454545454546,9.0,1.0,0.516113336401236,1.0,7,1.0,0.5079463242339289,0.9775280898876404
4793,0.07,28,0.9642857142857143,0.9745670995670996,0.3333333333333333,0.5882546628378751,27,15,0.9333333333333333,0.5348408864414071,0.3333333333333333,5.0,1.0,0.686481550419684,1.0,8,1.0,0.6270136888426223,1.0
4794,0.07,28,0.9642857142857143,0.9730143045360437,0.3333333333333333,0.5073659339862583,27,15,0.9333333333333333,0.4898370432909168,0.3333333333333333,6.0,1.0,0.42241707229090125,1.0,7,1.0,0.6177411526437246,1.0
4795,0.1,32,0.84375,0.9605322440240919,0.3333333333333333,0.4366328266090734,27,20,0.8,0.424600610986871,0.3333333333333333,6.0,1.0,0.35252153087748156,1.0,6,0.8333333333333334,0.5608515077480064,0.8571428571428571
4796,0.07,28,0.9642857142857143,0.9737645313488011,0.3333333333333333,0.6045460057305849,27,15,0.9333333333333333,0.6337568700131446,0.3333333333333333,5.0,1.0,0.5295982910755914,1.0,8,1.0,0.596617956860157,0.9775280898876404
4797,0.07,28,1.0,0.9983766233766234,0.9545454545454546,0.5945678332343193,28,9,1.0,0.5391396924672197,0.9545454545454546,10.0,1.0,0.6141232737814354,1.0,9,1.0,0.6282677067268453,1.0
4798,0.07,26,1.0,0.9987593052109182,0.967741935483871,0.5950860461995278,26,14,1.0,0.5898812321415037,0.967741935483871,6.0,1.0,0.5716331883173463,1.0,6,1.0,0.6306834702170984,1.0
4799,0.07,26,1.0,0.9982517482517482,0.9545454545454546,0.5997105200204962,26,12,1.0,0.6217263153159662,0.9545454545454546,6.0,1.0,0.6078803512914882,1.0,8,1.0,0.5605594536240469,1.0
4800,0.07,24,1.0,0.9981060606060606,0.9545454545454546,0.5395244691186639,24,10,1.0,0.6069818007888539,0.9545454545454546,8.0,1.0,0.5012673916279227,1.0,6,1.0,0.4781050196560018,1.0
4801,0.1,27,0.8518518518518519,0.959347442680776,0.3333333333333333,0.4929033102454665,23,11,0.7272727272727273,0.5452725148633848,0.3333333333333333,7.0,1.0,0.5040432772038007,1.0,9,0.8888888888888888,0.4202320858559731,0.8571428571428571
4802,0.07,25,1.0,0.9991011235955056,0.9775280898876404,0.5602846509396762,25,14,1.0,0.49884704036478406,1.0,4.0,1.0,0.6970069425549753,1.0,7,1.0,0.6050328483092893,0.9775280898876404
4803,0.07,31,0.967741935483871,0.9770920991117343,0.3333333333333333,0.5554578100571245,30,14,0.9285714285714286,0.5623169058682718,0.3333333333333333,10.0,1.0,0.5207250633987925,1.0,7,1.0,0.5913578279467328,1.0
4804,0.07,28,0.9642857142857143,0.9737645313488011,0.3333333333333333,0.5955923386328481,27,15,0.9333333333333333,0.541879826114664,0.3333333333333333,5.0,1.0,0.5720543745345447,1.0,8,1.0,0.7110145271658831,0.9775280898876404
4805,0.07,21,1.0,0.9979296066252588,0.9565217391304348,0.6203756826144273,21,9,1.0,0.5901289050281214,0.9565217391304348,7.0,1.0,0.6128429453376185,1.0,5,1.0,0.6853657144573103,1.0
4806,0.07,27,0.9629629629629629,0.9741138988450816,0.3333333333333333,0.6028379293129691,26,12,0.9166666666666666,0.5812417859022747,0.3333333333333333,6.0,1.0,0.581340945803145,1.0,9,1.0,0.6459641095337776,1.0
4807,0.07,25,0.96,0.972434456928839,0.3333333333333333,0.6553948143865951,24,11,0.9090909090909091,0.6211447275791061,0.3333333333333333,6.0,1.0,0.7704827864247292,1.0,8,1.0,0.6161727047182916,0.9775280898876404
4808,0.07,27,1.0,0.9955114492281394,0.9545454545454546,0.5530708998917122,27,17,1.0,0.4924196450286678,0.9545454545454546,5.0,1.0,0.6347766867979715,1.0,5,1.0,0.6775793795198042,1.0
4809,0.07,21,1.0,0.9973938107319769,0.967741935483871,0.6370026216364185,21,11,1.0,0.6741688920749961,0.967741935483871,5.0,1.0,0.5568530029334987,1.0,5,1.0,0.6353864453744669,0.9775280898876404
4810,0.07,25,1.0,0.9982608695652173,0.9565217391304348,0.5352016455407042,25,11,1.0,0.5514076213049562,0.9565217391304348,8.0,1.0,0.4641448651893979,1.0,6,1.0,0.6002330637746507,1.0
4811,0.07,27,1.0,0.9983164983164983,0.9545454545454546,0.554722594026508,27,12,1.0,0.5613125953189774,0.9545454545454546,5.0,1.0,0.604885943833845,1.0,10,1.0,0.5217329175718761,1.0
4812,0.07,28,1.0,0.9975740551583249,0.9545454545454546,0.5693368340228415,28,13,1.0,0.5302663230321047,0.9545454545454546,7.0,1.0,0.6616691649103912,1.0,8,1.0,0.5520356248561826,0.9775280898876404
4813,0.07,23,1.0,0.998109640831758,0.9565217391304348,0.5924224679439137,23,9,1.0,0.5805648330497429,0.9565217391304348,7.0,1.0,0.6507302643845864,1.0,7,1.0,0.5493602020814607,1.0
4814,0.07,28,1.0,0.99486918639455,0.9545454545454546,0.6189485736595131,28,13,1.0,0.626372217991938,0.9545454545454546,8.0,1.0,0.6547734900879232,1.0,7,1.0,0.5642190439811124,0.9775280898876404
4815,0.07,27,1.0,0.9979729639026487,0.967741935483871,0.6367899414664779,27,12,1.0,0.6317595757136203,0.967741935483871,7.0,1.0,0.5865654137881442,1.0,8,1.0,0.6882819518143064,0.9775280898876404
4816,0.1,25,0.84,0.9504882871565823,0.3333333333333333,0.41477226371647524,21,15,0.8,0.4696037378247346,0.3333333333333333,4.0,1.0,0.3783001895183734,1.0,6,0.8333333333333334,0.30200829457789463,0.8571428571428571
4817,0.07,26,1.0,0.9982517482517482,0.9545454545454546,0.5851728540559347,26,13,1.0,0.5458114758208097,0.9545454545454546,6.0,1.0,0.647486913419397,1.0,7,1.0,0.6048605056096275,1.0
4818,0.07,24,1.0,1.0,1.0,0.6305930955799957,24,13,1.0,0.6099568813231929,1.0,7.0,1.0,0.6226336204921968,1.0,4,1.0,0.7115898733182525,1.0
4819,0.07,28,1.0,0.9983766233766234,0.9545454545454546,0.5392278896048218,28,18,1.0,0.565963362540842,0.9545454545454546,5.0,1.0,0.4261840481506519,1.0,5,1.0,0.556024028489319,1.0
4820,0.07,24,0.9583333333333334,0.9712858926342073,0.3333333333333333,0.631174232487249,23,12,0.9166666666666666,0.5806283887777371,0.3333333333333333,4.0,1.0,0.6733962781935369,1.0,8,1.0,0.6858819751983728,0.9775280898876404
4821,0.1,32,0.90625,0.9689489991933742,0.3333333333333333,0.49835174452696035,29,17,0.8235294117647058,0.5079558922442872,0.3333333333333333,6.0,1.0,0.49591017978008756,0.9948453608247423,9,1.0,0.48183828644770277,0.9775280898876404
4822,0.07,26,0.9615384615384616,0.9713700278216408,0.3333333333333333,0.6100362736715259,25,12,0.9166666666666666,0.5421909386855124,0.3333333333333333,8.0,1.0,0.6531253325549964,1.0,6,1.0,0.6882748651322589,1.0
4823,0.07,28,0.9642857142857143,0.9730143045360437,0.3333333333333333,0.5501164251385763,27,17,0.9411764705882353,0.5251977817175869,0.3333333333333333,4.0,1.0,0.6895273351500939,1.0,7,1.0,0.5309697534401117,1.0
4824,0.07,25,0.96,0.9724344569288388,0.3333333333333333,0.5359516438040238,24,10,0.9,0.5071344546964159,0.3333333333333333,8.0,1.0,0.4649776922128074,1.0,7,1.0,0.6582321443477108,0.9775280898876404
4825,0.07,32,0.96875,0.9791666666666666,0.3333333333333333,0.560990199438413,31,18,0.9444444444444444,0.5394291119509124,0.3333333333333333,4.0,1.0,0.5541354955990087,1.0,10,1.0,0.6025420384516755,1.0
4826,0.07,27,1.0,0.9971949509116409,0.9565217391304348,0.632335994809229,27,12,1.0,0.6531429893093934,0.9565217391304348,7.0,1.0,0.5709841173757327,1.0,8,1.0,0.6548083958132915,1.0
4827,0.07,28,1.0,0.9988479262672811,0.967741935483871,0.5747358464800545,28,14,1.0,0.6104276144049422,0.967741935483871,8.0,1.0,0.5537615343355156,1.0,6,1.0,0.5194208041813679,1.0
4828,0.07,28,0.9642857142857143,0.9730143045360437,0.3333333333333333,0.574799043536737,27,10,0.9,0.5551498577611997,0.3333333333333333,9.0,1.0,0.553073706945989,1.0,9,1.0,0.6183568087669706,1.0
4829,0.07,29,0.9655172413793104,0.9770114942528735,0.3333333333333333,0.568875022335185,28,14,0.9285714285714286,0.5518764081150372,0.3333333333333333,11.0,1.0,0.5438191738602807,1.0,4,1.0,0.6972737554116898,1.0
4830,0.07,21,1.0,0.9989299090422686,0.9775280898876404,0.5472356973417202,21,7,1.0,0.5283339007956372,1.0,7.0,1.0,0.5470711963782688,1.0,7,1.0,0.5663019948512543,0.9775280898876404
4831,0.07,27,1.0,0.9946791562610149,0.9545454545454546,0.6043848311340677,27,12,1.0,0.5289148040383459,0.9545454545454546,8.0,1.0,0.6183954361636027,1.0,7,1.0,0.7177499004072647,0.9775280898876404
4832,0.07,28,0.9642857142857143,0.9734150258343807,0.3333333333333333,0.5028870861579772,27,17,0.9411764705882353,0.5160506107738393,0.3333333333333333,5.0,1.0,0.4644838949939086,1.0,6,1.0,0.49759309238309135,1.0
4833,0.07,26,0.9615384615384616,0.9713700278216408,0.3333333333333333,0.5315582222891854,25,12,0.9166666666666666,0.4386332888858045,0.3333333333333333,8.0,1.0,0.5146271085511107,1.0,6,1.0,0.7399829074133796,1.0
4834,0.07,24,1.0,0.9968443197755961,0.9565217391304348,0.48993411565256756,24,11,1.0,0.49812641464265633,0.9565217391304348,6.0,1.0,0.46137796319295715,1.0,7,1.0,0.5015372050620936,1.0
4835,0.1,27,0.8148148148148148,0.9486389080591979,0.3333333333333333,0.5171257610073395,22,11,0.6363636363636364,0.5530139599909112,0.3333333333333333,6.0,1.0,0.5319472236202364,0.95,10,0.9,0.4687558645576727,0.8571428571428571
4836,0.07,26,1.0,1.0,1.0,0.607157433700814,26,10,1.0,0.5702998035842816,1.0,11.0,1.0,0.5708729816671646,1.0,5,1.0,0.7606984884079074,1.0
4837,0.07,25,1.0,0.9959926191966787,0.9545454545454546,0.5537111599955906,25,11,1.0,0.5036667239174217,0.9545454545454546,5.0,1.0,0.4942705791374305,1.0,9,1.0,0.647899126790108,0.9775280898876404
4838,0.07,31,0.967741935483871,0.9759877652697633,0.3333333333333333,0.5873870054256755,30,17,0.9411764705882353,0.6031075055364205,0.3333333333333333,7.0,1.0,0.5147918544850175,1.0,7,1.0,0.6218037989545239,1.0
4839,0.07,29,1.0,1.0,1.0,0.5414423518230941,29,11,1.0,0.54990265332577,1.0,10.0,1.0,0.5118042219935137,1.0,8,1.0,0.5668570995438902,1.0
4840,0.07,29,0.9655172413793104,0.9770114942528735,0.3333333333333333,0.5898648172302308,28,20,0.95,0.6180365345544845,0.3333333333333333,4.0,1.0,0.5521239686661709,1.0,5,1.0,0.5073706267844639,1.0
4841,0.07,25,1.0,0.9978108010148605,0.967741935483871,0.6469608928942623,25,11,1.0,0.6407055220696221,0.967741935483871,5.0,1.0,0.7499715017963646,1.0,9,1.0,0.5973782300676546,0.9775280898876404
4842,0.1,26,0.8846153846153846,0.9817356556486991,0.8043478260869565,0.45318690735113826,23,13,0.8461538461538461,0.3703999479049966,0.8043478260869565,7.0,1.0,0.5955435006038889,1.0,6,0.8333333333333334,0.4664759606895695,0.8571428571428571
4843,0.07,22,1.0,0.9949361492528879,0.9545454545454546,0.5637763735421509,22,11,1.0,0.5806761403095105,0.9545454545454546,6.0,1.0,0.4621228849033807,1.0,5,1.0,0.6485810730204842,0.9775280898876404
4844,0.07,20,1.0,0.9988764044943821,0.9775280898876404,0.6075061289395888,20,9,1.0,0.6599256688974254,1.0,3.0,1.0,0.45642443970164687,1.0,8,1.0,0.6051897799512507,0.9775280898876404
4845,0.07,24,0.9583333333333334,0.9703282828282829,0.3333333333333333,0.5062219739358872,23,14,0.9285714285714286,0.48342048069478605,0.3333333333333333,5.0,1.0,0.4155589942307712,1.0,5,1.0,0.6607291347160863,1.0
4846,0.07,24,1.0,0.9968443197755961,0.9565217391304348,0.5914574996465828,24,12,1.0,0.625510736956003,0.9565217391304348,2.0,1.0,0.4912395442497677,1.0,10,1.0,0.5706372059546416,1.0
4847,0.07,27,1.0,0.9979729639026487,0.967741935483871,0.5700353953258271,27,15,1.0,0.5669136064787962,0.967741935483871,6.0,1.0,0.5430852349327085,1.0,6,1.0,0.6047900278365234,0.9775280898876404
4848,0.07,26,1.0,0.9983277591973244,0.9565217391304348,0.5641169254018071,26,11,1.0,0.599369192960078,0.9565217391304348,5.0,1.0,0.5119835931007136,1.0,10,1.0,0.5514060972382557,1.0
4849,0.1,26,0.8461538461538461,0.9528403690745907,0.3333333333333333,0.5004681164707369,22,15,0.7333333333333333,0.5281810514136487,0.3333333333333333,7.0,1.0,0.5055354327622555,1.0,4,1.0,0.3876768069246603,0.9565217391304348
4850,0.07,29,1.0,0.9973202548285974,0.9545454545454546,0.48724421414242874,29,12,1.0,0.4600835948627687,0.9545454545454546,8.0,1.0,0.41398558049900464,1.0,9,1.0,0.588577158642797,1.0
4851,0.07,25,1.0,0.9981818181818182,0.9545454545454546,0.5692290077791362,25,12,1.0,0.5881191337967704,0.9545454545454546,7.0,1.0,0.6309412491666236,1.0,6,1.0,0.45945114079179855,1.0
4852,0.07,26,1.0,0.9973874440166575,0.9545454545454546,0.6227927613526038,26,11,1.0,0.6461221983768013,0.9545454545454546,5.0,1.0,0.6166599499871126,1.0,10,1.0,0.6001967863087321,0.9775280898876404
4853,0.07,28,1.0,1.0,1.0,0.5665719919822555,28,13,1.0,0.5287342364256087,1.0,7.0,1.0,0.6002794759573369,1.0,8,1.0,0.5985642962836104,1.0
4854,0.1,26,0.8461538461538461,0.9521932425808604,0.3333333333333333,0.45803136364896563,22,9,0.5555555555555556,0.3487413980356595,0.3333333333333333,9.0,1.0,0.5230034979856604,0.95,8,1.0,0.5078889238351535,0.9775280898876404
4855,0.07,28,1.0,0.9956717546128486,0.9545454545454546,0.5734869309112086,28,19,1.0,0.5470699418709704,0.9545454545454546,3.0,1.0,0.44063637341723655,1.0,6,1.0,0.723566008285616,1.0
4856,0.07,25,1.0,0.9981818181818182,0.9545454545454546,0.5927409276220534,25,15,1.0,0.5963663159930522,0.9545454545454546,4.0,1.0,0.673595993563286,1.0,6,1.0,0.5297740794004012,1.0
4857,0.1,25,0.88,0.9859740259740261,0.8571428571428571,0.4780198832118659,22,14,0.8571428571428571,0.4268471693069867,0.8636363636363636,3.0,1.0,0.3612887417449844,1.0,8,0.875,0.611346310595485,0.8571428571428571
4858,0.07,24,1.0,0.9972520762090865,0.9565217391304348,0.5458316796869312,24,12,1.0,0.4937643187988326,0.9565217391304348,5.0,1.0,0.48797567723120566,1.0,7,1.0,0.6764157286777613,0.9775280898876404
4859,0.07,28,0.9642857142857143,0.972211736317745,0.3333333333333333,0.5771119508368067,27,14,0.9285714285714286,0.5175552071992618,0.3333333333333333,6.0,1.0,0.5733442019674301,1.0,8,1.0,0.6841620638545425,0.9775280898876404
4860,0.07,24,0.9583333333333334,0.9708781362007168,0.3333333333333333,0.6162782087442727,23,15,0.9333333333333333,0.5700941384100489,0.3333333333333333,3.0,1.0,0.5754871516979992,1.0,6,1.0,0.7521339131029691,1.0
4861,0.07,22,1.0,1.0,1.0,0.5571751816332883,22,16,1.0,0.5220380815028207,1.0,,,,,6,1.0,0.6508741153145351,1.0
4862,0.07,28,0.9642857142857143,0.9742358342394587,0.3333333333333333,0.5647376440994243,27,13,0.9230769230769231,0.5238050670356056,0.3333333333333333,7.0,1.0,0.6241221054891314,1.0,8,1.0,0.5792916781121358,0.9775280898876404
4863,0.07,26,0.9615384615384616,0.9726867335562986,0.3333333333333333,0.5951285141313201,25,16,0.9375,0.5969395257058789,0.3333333333333333,3.0,1.0,0.47064008143952046,1.0,7,1.0,0.6443412445431,1.0
4864,0.07,26,1.0,0.9987593052109182,0.967741935483871,0.5500455372429806,26,13,1.0,0.5701551637340228,0.967741935483871,5.0,1.0,0.3740686821149098,1.0,8,1.0,0.6273529286500807,1.0
4865,0.07,24,0.9583333333333334,0.9704106280193235,0.3333333333333333,0.6240414782825305,23,13,0.9230769230769231,0.637254297774546,0.3333333333333333,5.0,1.0,0.5994810512010877,1.0,6,1.0,0.6158807252843661,1.0
4866,0.07,28,1.0,1.0,1.0,0.5940171290517577,28,13,1.0,0.5495953918997787,1.0,7.0,1.0,0.6536667258460619,1.0,8,1.0,0.6140090547287071,1.0
4867,0.1,34,0.8823529411764706,0.9641028299180803,0.3333333333333333,0.49091722229135754,30,16,0.75,0.4462234648408647,0.3333333333333333,10.0,1.0,0.520023309974819,0.9948453608247423,8,1.0,0.543922127588016,1.0
4868,0.07,19,1.0,1.0,1.0,0.6009995451605451,19,8,1.0,0.5860181348303506,1.0,4.0,1.0,0.7503311071047789,1.0,7,1.0,0.5327888358554913,1.0
4869,0.07,25,1.0,0.9981818181818182,0.9545454545454546,0.6006412972164112,25,12,1.0,0.5978323219092551,0.9545454545454546,4.0,1.0,0.586586954694261,1.0,9,1.0,0.6106329720802416,1.0
4870,0.1,24,0.875,0.9601937567075073,0.3333333333333333,0.48840726629369086,21,15,0.8,0.44741305036679374,0.3333333333333333,3.0,1.0,0.5849075033124113,0.9948453608247423,6,1.0,0.5426426876015735,0.9565217391304348
4871,0.07,25,0.96,0.9720430107526882,0.3333333333333333,0.6266458588384873,24,15,0.9333333333333333,0.6247992223466906,0.3333333333333333,4.0,1.0,0.5909162493805218,1.0,6,1.0,0.6550821897066229,1.0
4872,0.07,30,0.9666666666666667,0.9777777777777777,0.3333333333333333,0.6420909902053901,29,19,0.9473684210526315,0.6170402477591285,0.3333333333333333,4.0,1.0,0.7061053961069161,1.0,7,1.0,0.6735062020443708,1.0
4873,0.07,30,1.0,0.9966605159972323,0.9545454545454546,0.6098572024498645,30,15,1.0,0.5631796445794822,0.9545454545454546,7.0,1.0,0.6822307806286092,1.0,8,1.0,0.6340507425504301,0.9775280898876404
4874,0.07,25,1.0,0.9987096774193549,0.967741935483871,0.6088585621708886,25,11,1.0,0.626483907005167,0.967741935483871,9.0,1.0,0.5857332984939573,1.0,5,1.0,0.6117082781539528,1.0
4875,0.07,26,1.0,0.9970110534626664,0.9545454545454546,0.5897826548975277,26,16,1.0,0.5957607968910243,0.9545454545454546,5.0,1.0,0.5764819179093459,1.0,5,1.0,0.5839533375065207,1.0
4876,0.07,29,1.0,0.9958210044537847,0.9545454545454546,0.6028061685632348,29,13,1.0,0.5249375457097202,0.9545454545454546,8.0,1.0,0.6179986937047652,1.0,8,1.0,0.7141501555586656,1.0
4877,0.07,27,1.0,1.0,1.0,0.6249516848242898,27,14,1.0,0.5913715571285751,1.0,6.0,1.0,0.5983400453965463,1.0,7,1.0,0.7149219168680702,1.0
4878,0.07,28,1.0,0.9991974317817015,0.9775280898876404,0.6478811883097187,28,10,1.0,0.6759150290563773,1.0,9.0,1.0,0.5986074073824049,1.0,9,1.0,0.6660062572963007,0.9775280898876404
4879,0.07,27,1.0,0.998389694041868,0.9565217391304348,0.6147295672102806,27,11,1.0,0.6277408582159523,0.9565217391304348,8.0,1.0,0.600993610709493,1.0,8,1.0,0.6105749985782696,1.0
4880,0.07,32,1.0,0.998641304347826,0.9565217391304348,0.563382441183828,32,16,1.0,0.5296203351171836,0.9565217391304348,9.0,1.0,0.5785745464603484,1.0,7,1.0,0.6210202625520598,1.0
4881,0.07,29,1.0,1.0,1.0,0.6024192156878589,29,11,1.0,0.5640784213611942,1.0,9.0,1.0,0.6301484645543716,1.0,9,1.0,0.6215509376650474,1.0
4882,0.07,26,1.0,0.9987593052109182,0.967741935483871,0.5862778080852855,26,13,1.0,0.5640835034721451,0.967741935483871,8.0,1.0,0.6206369155335254,1.0,5,1.0,0.5890084281622668,1.0
4883,0.07,21,1.0,1.0,1.0,0.5881942117563467,21,7,1.0,0.6562591342544151,1.0,7.0,1.0,0.5009678941033582,1.0,7,1.0,0.6073556069112668,1.0
4884,0.07,27,0.9629629629629629,0.9736983360171765,0.3333333333333333,0.5747631881438067,26,12,0.9166666666666666,0.6472979999236428,0.3333333333333333,7.0,1.0,0.5105912075148591,1.0,8,1.0,0.5221114535243823,1.0
4885,0.07,24,1.0,1.0,1.0,0.5639952625209687,24,13,1.0,0.5730458033618556,1.0,6.0,1.0,0.5734293883792138,1.0,5,1.0,0.5291429053047685,1.0
4886,0.07,24,1.0,0.9981884057971014,0.9565217391304348,0.5971014585473186,24,14,1.0,0.5788510640872141,0.9565217391304348,4.0,1.0,0.5220448092810791,1.0,6,1.0,0.6897234784650554,1.0
4887,0.07,23,0.9565217391304348,0.9691241335853811,0.3333333333333333,0.5391051519463291,22,10,0.9,0.5789336759026844,0.3333333333333333,6.0,1.0,0.39264343792760786,1.0,7,1.0,0.6077458725961538,1.0
4888,0.07,26,0.9615384615384616,0.9705817345321262,0.3333333333333333,0.5321026477348172,25,14,0.9285714285714286,0.4790356632053472,0.3333333333333333,5.0,1.0,0.6052687619691157,1.0,7,1.0,0.5859751066264007,0.9775280898876404
4889,0.07,29,0.9655172413793104,0.9731699523067883,0.3333333333333333,0.5828604255761561,28,14,0.9285714285714286,0.5289359508143509,0.3333333333333333,6.0,1.0,0.5717495371747038,1.0,9,1.0,0.6741502008065994,0.9775280898876404
4890,0.07,25,0.96,0.9733333333333333,0.3333333333333333,0.6658674516340016,24,8,0.875,0.5644470366416323,0.3333333333333333,7.0,1.0,0.7429462932536534,1.0,10,1.0,0.6930485944941409,1.0
4891,0.1,27,0.8148148148148148,0.95304821607935,0.3333333333333333,0.5009283711159662,22,12,0.6666666666666666,0.42861786727099466,0.3333333333333333,5.0,1.0,0.5993345784343622,1.0,10,0.9,0.5384978720707341,0.8571428571428571
4892,0.07,29,0.9655172413793104,0.9770114942528735,0.3333333333333333,0.5864712705882081,28,13,0.9230769230769231,0.5388790951734683,0.3333333333333333,9.0,1.0,0.6326227752078856,1.0,7,1.0,0.6155190904188539,1.0
4893,0.07,27,1.0,0.9983164983164983,0.9545454545454546,0.5673135326359164,27,11,1.0,0.6213583535346857,0.9545454545454546,8.0,1.0,0.4798424581087798,1.0,8,1.0,0.5804729784272453,1.0
4894,0.07,28,0.9642857142857143,0.9750384024577573,0.3333333333333333,0.533468258409786,27,17,0.9411764705882353,0.5359704970722126,0.3333333333333333,4.0,1.0,0.4893942801560913,1.0,7,1.0,0.5525765235174325,1.0
4895,0.07,30,1.0,1.0,1.0,0.5546343320218413,30,13,1.0,0.5503853005439009,1.0,9.0,1.0,0.5309362908795641,1.0,8,1.0,0.5881993044585565,1.0
4896,0.07,28,1.0,0.9991974317817015,0.9775280898876404,0.6002599160696233,28,11,1.0,0.6010777938763376,1.0,10.0,1.0,0.5850571503620587,1.0,7,1.0,0.6206929162413072,0.9775280898876404
4897,0.07,28,1.0,1.0,1.0,0.644215385582046,28,14,1.0,0.6066711500658389,1.0,6.0,1.0,0.6866357437938669,1.0,8,1.0,0.678102529076543,1.0
4898,0.07,20,0.95,0.9650537634408602,0.3333333333333333,0.5162569450823059,19,10,0.9,0.47922920483586007,0.3333333333333333,7.0,1.0,0.5174698219508489,1.0,3,1.0,0.6368526998771921,1.0
4899,0.07,25,1.0,0.9991011235955056,0.9775280898876404,0.6294018798181105,25,10,1.0,0.6677462842523043,1.0,6.0,1.0,0.6025472914939555,1.0,9,1.0,0.6047000448851095,0.9775280898876404
4900,0.07,29,1.0,0.9973202548285974,0.9545454545454546,0.5540509960046263,29,16,1.0,0.5706575379587494,0.9545454545454546,5.0,1.0,0.3727642874940481,1.0,8,1.0,0.6341421049154916,1.0
4901,0.07,27,0.9629629629629629,0.9725035928869495,0.3333333333333333,0.5649015272564197,26,13,0.9230769230769231,0.615521759898503,0.3333333333333333,9.0,1.0,0.5375203688177226,1.0,5,1.0,0.48257500757665783,1.0
4902,0.07,30,1.0,0.9989247311827957,0.967741935483871,0.5493627927466741,30,15,1.0,0.5770730210356624,0.967741935483871,6.0,1.0,0.4720829375084421,1.0,9,1.0,0.5546989824238482,1.0
4903,0.1,31,0.8709677419354839,0.9633528638918114,0.3333333333333333,0.4219052670779621,27,13,0.6923076923076923,0.40352201414377414,0.3333333333333333,10.0,1.0,0.4160088567366465,1.0,8,1.0,0.4591485660226624,0.9565217391304348
4904,0.1,26,0.8461538461538461,0.9546166373254332,0.3333333333333333,0.4427558801026856,22,14,0.7857142857142857,0.3699472364346312,0.3333333333333333,3.0,1.0,0.7000613101158083,0.9948453608247423,9,0.8888888888888888,0.47024529358195166,0.8571428571428571
4905,0.07,23,1.0,0.9990229604298975,0.9775280898876404,0.6210950896984834,23,9,1.0,0.54803918765518,1.0,5.0,1.0,0.7574355574303084,1.0,9,1.0,0.6184062874463284,0.9775280898876404
4906,0.07,25,1.0,1.0,1.0,0.5493085230451361,25,8,1.0,0.5548966383205027,1.0,8.0,1.0,0.5005591266466827,1.0,9,1.0,0.5876741062656577,1.0
4907,0.1,25,0.88,0.9573203097582149,0.3333333333333333,0.4216250030545797,22,13,0.8461538461538461,0.49590992065747225,0.3333333333333333,5.0,1.0,0.2793080693884009,0.9948453608247423,7,0.8571428571428571,0.38532225155362093,0.8571428571428571
4908,0.07,26,1.0,0.9970870644082426,0.9565217391304348,0.6032875062347645,26,13,1.0,0.59301373878013,0.9565217391304348,6.0,1.0,0.5292314568693737,1.0,7,1.0,0.6858439738208492,1.0
4909,0.07,28,0.9642857142857143,0.9726830392084028,0.3333333333333333,0.5765043095817693,27,15,0.9333333333333333,0.5397226643681547,0.3333333333333333,7.0,1.0,0.5575217494766902,1.0,6,1.0,0.6906047427383983,0.9775280898876404
4910,0.1,31,0.8709677419354839,0.9775259916459437,0.8043478260869565,0.4828163322924471,27,14,0.7857142857142857,0.4595919769782138,0.8043478260869565,7.0,1.0,0.5259961216298014,0.9948453608247423,10,0.9,0.4851045771962256,0.8571428571428571
4911,0.07,24,0.9583333333333334,0.9703282828282829,0.3333333333333333,0.5562204853440982,23,11,0.9090909090909091,0.5881230744158116,0.3333333333333333,6.0,1.0,0.41354024694263414,1.0,7,1.0,0.6283851925755178,1.0
4912,0.1,27,0.8888888888888888,0.9628905542884039,0.3333333333333333,0.45123801101365724,24,17,0.8235294117647058,0.4666881882507886,0.3333333333333333,4.0,1.0,0.3831815703229651,1.0,6,1.0,0.4528334693022465,1.0
4913,0.07,26,0.9615384615384616,0.9734946701238836,0.3333333333333333,0.592992509059716,25,12,0.9166666666666666,0.6335937009479969,0.3333333333333333,8.0,1.0,0.4974629648366916,1.0,6,1.0,0.6391628509138533,0.9775280898876404
4914,0.07,25,1.0,0.997361993160723,0.9565217391304348,0.5650407961009138,25,10,1.0,0.5969094879200514,0.9565217391304348,5.0,1.0,0.4487972851819668,1.0,10,1.0,0.5912938597412498,0.9775280898876404
4915,0.07,28,0.9642857142857143,0.9745670995670996,0.3333333333333333,0.5631260901790546,27,16,0.9375,0.5700966223446065,0.3333333333333333,6.0,1.0,0.5180240090570057,1.0,6,1.0,0.5896400855262987,1.0
4916,0.07,29,1.0,1.0,1.0,0.6181551760641831,29,12,1.0,0.5943830341087463,1.0,8.0,1.0,0.6267271111230932,1.0,9,1.0,0.6422318675079566,1.0
4917,0.07,23,1.0,0.9970466758449171,0.9545454545454546,0.5566596718085014,23,10,1.0,0.468916191180374,0.9545454545454546,8.0,1.0,0.5694629396856132,1.0,5,1.0,0.7116614044613776,0.9775280898876404
4918,0.07,26,1.0,0.9991356957649093,0.9775280898876404,0.5220310481726853,26,9,1.0,0.44223390159384535,1.0,7.0,1.0,0.47904544883317074,1.0,10,1.0,0.6239383996313015,0.9775280898876404
4919,0.07,23,0.9565217391304348,0.969038208168643,0.3333333333333333,0.5680274642152499,22,11,0.9090909090909091,0.5901187583485173,0.3333333333333333,7.0,1.0,0.46289081926981773,1.0,5,1.0,0.6666179200456666,1.0
4920,0.07,25,1.0,1.0,1.0,0.6489122573915612,25,11,1.0,0.647968148021615,1.0,5.0,1.0,0.7003238288137736,1.0,9,1.0,0.6215041847202663,1.0
4921,0.07,25,0.96,0.9733333333333333,0.3333333333333333,0.5807489705394628,24,13,0.9230769230769231,0.5954538940436489,0.3333333333333333,1.0,1.0,0.8374864572047671,1.0,11,1.0,0.5400306530649422,1.0
4922,0.07,25,1.0,0.9964426877470356,0.9545454545454546,0.5916589607430303,25,10,1.0,0.583927763446415,0.9545454545454546,6.0,1.0,0.5575197928797547,1.0,9,1.0,0.6230086252036753,1.0
4923,0.07,24,1.0,0.9981884057971014,0.9565217391304348,0.6179163835934706,24,13,1.0,0.5796057692728256,0.9565217391304348,5.0,1.0,0.6060334492798577,1.0,6,1.0,0.7108251598828786,1.0
4924,0.07,25,1.0,0.9972829417773238,0.9545454545454546,0.5640878238657847,25,12,1.0,0.5282859009708522,0.9545454545454546,5.0,1.0,0.6121584598845317,1.0,8,1.0,0.5877465606964666,0.9775280898876404
4925,0.07,26,1.0,0.9974634549622335,0.9565217391304348,0.5598951416484377,26,11,1.0,0.4569489948871842,0.9565217391304348,7.0,1.0,0.602323054694177,1.0,8,1.0,0.6643216695301393,0.9775280898876404
4926,0.1,26,0.8076923076923077,0.9649547528181878,0.8043478260869565,0.49010915911633834,21,13,0.6923076923076923,0.5375492855599195,0.8043478260869565,5.0,1.0,0.4698007947914583,0.95,8,0.875,0.42571168134856924,0.8571428571428571
4927,0.1,32,0.84375,0.9616418454733673,0.3333333333333333,0.4848802992005325,27,17,0.7647058823529411,0.45588979161091375,0.3333333333333333,7.0,1.0,0.6137938373763466,1.0,8,0.875,0.433685781924635,0.8571428571428571
4928,0.07,27,1.0,0.998389694041868,0.9565217391304348,0.5929881199676975,27,11,1.0,0.634613184213811,0.9565217391304348,8.0,1.0,0.6224009753574267,1.0,8,1.0,0.5063408012395623,1.0
4929,0.07,30,1.0,1.0,1.0,0.588797426922044,30,14,1.0,0.5780966475983172,1.0,6.0,1.0,0.6603109095827312,1.0,10,1.0,0.5608704283788493,1.0
4930,0.07,27,1.0,0.9991677070328756,0.9775280898876404,0.6055043175274468,27,9,1.0,0.6022789589086766,1.0,9.0,1.0,0.6430187564217147,1.0,9,1.0,0.5712152372519493,0.9775280898876404
4931,0.07,22,1.0,1.0,1.0,0.6201477554299895,22,13,1.0,0.6094619241609927,1.0,4.0,1.0,0.7462457128327236,1.0,5,1.0,0.5470525508071943,1.0
4932,0.07,24,1.0,0.9981884057971014,0.9565217391304348,0.5876173937243754,24,14,1.0,0.5759025414493685,0.9565217391304348,7.0,1.0,0.5374427554064182,1.0,3,1.0,0.7593608604163081,1.0
4933,0.07,30,1.0,0.9967263921500649,0.9565217391304348,0.5563766819220809,30,13,1.0,0.5630581274975025,0.9565217391304348,6.0,1.0,0.5086722822304166,1.0,11,1.0,0.5745010097102177,0.9775280898876404
4934,0.07,24,1.0,0.9977195843904797,0.967741935483871,0.5349295654056426,24,13,1.0,0.5121904321274015,0.967741935483871,5.0,1.0,0.520520226966401,1.0,6,1.0,0.5962054695411996,0.9775280898876404
4935,0.07,26,1.0,0.9978950009758274,0.967741935483871,0.5724481096246129,26,13,1.0,0.6389553259265548,0.967741935483871,6.0,1.0,0.4602065164503018,1.0,7,1.0,0.5451417877847019,0.9775280898876404
4936,0.07,21,1.0,0.9989299090422686,0.9775280898876404,0.5956001827869422,21,8,1.0,0.4600568953192181,1.0,5.0,1.0,0.6159273263797541,1.0,8,1.0,0.7184390055091586,0.9775280898876404
4937,0.03,29,1.0,1.0,1.0,0.8220196597967232,29,13,1.0,0.8518923564708376,1.0,7.0,1.0,0.7124604399320963,1.0,9,1.0,0.8640829356066011,1.0
4938,0.1,27,0.8888888888888888,0.9831029880696059,0.8043478260869565,0.51224430824486,24,15,0.8,0.4905989254963675,0.8043478260869565,5.0,1.0,0.48034611234395064,1.0,7,1.0,0.5814116969208506,0.9775280898876404
4939,0.07,24,0.9583333333333334,0.9694742984313086,0.3333333333333333,0.5793735587974719,23,11,0.9090909090909091,0.5867871053246005,0.3333333333333333,6.0,1.0,0.548200138478008,1.0,7,1.0,0.5944437745286676,0.9775280898876404
4940,0.07,27,0.9629629629629629,0.9736983360171765,0.3333333333333333,0.6479942397596722,26,12,0.9166666666666666,0.6054735160297585,0.3333333333333333,6.0,1.0,0.6643421910745567,1.0,9,1.0,0.6937899038563008,1.0
4941,0.07,25,1.0,0.9982608695652173,0.9565217391304348,0.6463785217029667,25,10,1.0,0.6424428330180099,0.9565217391304348,7.0,1.0,0.6318084401086956,1.0,8,1.0,0.6640469539541498,1.0
4942,0.07,25,0.96,0.9720430107526882,0.3333333333333333,0.6411709940067881,24,15,0.9333333333333333,0.639086140468858,0.3333333333333333,5.0,1.0,0.6666500760649964,1.0,5,1.0,0.62194647256237,1.0
4943,0.07,27,1.0,0.9991677070328756,0.9775280898876404,0.580705494260519,27,15,1.0,0.5656702364005043,1.0,6.0,1.0,0.6245424887312391,1.0,6,1.0,0.5744566444398352,0.9775280898876404
4944,0.07,23,0.9565217391304348,0.9700374531835206,0.3333333333333333,0.4775201734319745,22,10,0.9,0.416451231765217,0.3333333333333333,6.0,1.0,0.6051720661198337,1.0,7,1.0,0.45534561065203455,0.9775280898876404
4945,0.07,31,0.967741935483871,0.9763671987855292,0.3333333333333333,0.6147946578914169,30,13,0.9230769230769231,0.6348459567792356,0.3333333333333333,9.0,1.0,0.6559313892682758,1.0,9,1.0,0.5446949392321536,0.9775280898876404
4946,0.07,26,1.0,0.9983277591973244,0.9565217391304348,0.5344114697064921,26,11,1.0,0.5589603058430702,0.9565217391304348,7.0,1.0,0.41188848874980977,1.0,8,1.0,0.6078644283557944,1.0
4947,0.07,29,1.0,0.9976577084287274,0.9545454545454546,0.5297094531037746,29,15,1.0,0.4775740212383611,0.9545454545454546,5.0,1.0,0.6217232989365695,1.0,9,1.0,0.565483036305689,0.9775280898876404
4948,0.07,27,1.0,0.9963626579445166,0.9565217391304348,0.5941495642244772,27,16,1.0,0.5835661558510681,0.9565217391304348,3.0,1.0,0.496291269062539,1.0,8,1.0,0.6520132416570217,0.9775280898876404
4949,0.07,25,0.96,0.9733333333333333,0.3333333333333333,0.5044665183863326,24,11,0.9090909090909091,0.47942055746721707,0.3333333333333333,9.0,1.0,0.5523149091594315,1.0,5,1.0,0.4734405290168092,1.0
4950,0.07,26,0.9615384615384616,0.9726107226107227,0.3333333333333333,0.5687864232216092,25,12,0.9166666666666666,0.5216091647650717,0.3333333333333333,7.0,1.0,0.5558423088490322,1.0,7,1.0,0.6626058378053937,1.0
4951,0.07,24,1.0,1.0,1.0,0.5852620089299351,24,10,1.0,0.5354078734941108,1.0,7.0,1.0,0.5721329373108965,1.0,7,1.0,0.6696112740287229,1.0
4952,0.07,33,0.9696969696969697,0.9791170128248778,0.3333333333333333,0.5969290486306098,32,12,0.9166666666666666,0.6176882956397906,0.3333333333333333,6.0,1.0,0.5182528861082903,1.0,15,1.0,0.6117921160321931,0.9775280898876404
4953,0.07,23,1.0,1.0,1.0,0.5973223718456306,23,8,1.0,0.5187870532965454,1.0,9.0,1.0,0.5817361809252726,1.0,6,1.0,0.7254154162916144,1.0
4954,0.07,28,1.0,0.9976446367506454,0.9565217391304348,0.5487922049286131,28,12,1.0,0.5436361807196581,0.9565217391304348,4.0,1.0,0.38820280211342534,1.0,12,1.0,0.6074780300759642,0.9775280898876404
4955,0.07,29,1.0,0.9984326018808777,0.9545454545454546,0.5731083772054733,29,10,1.0,0.548124364463311,0.9545454545454546,9.0,1.0,0.6813758827637748,1.0,10,1.0,0.5006516349451642,1.0
4956,0.07,24,1.0,0.9959079901875811,0.9565217391304348,0.5262834881806923,24,13,1.0,0.5716645038619621,0.9565217391304348,6.0,1.0,0.46868745036621506,1.0,5,1.0,0.47740809278676355,0.9775280898876404
4957,0.07,24,1.0,0.9958256449965402,0.9545454545454546,0.5768334823323918,24,10,1.0,0.5715007361981267,0.9545454545454546,4.0,1.0,0.5544544418897922,1.0,10,1.0,0.5911178446436967,0.9775280898876404
4958,0.07,24,1.0,1.0,1.0,0.6205346580852317,24,8,1.0,0.6708678362038447,1.0,7.0,1.0,0.60323610356636,1.0,9,1.0,0.5892484866055869,1.0
4959,0.1,31,0.8387096774193549,0.974347540137252,0.8043478260869565,0.44162267571663205,26,18,0.7777777777777778,0.4269565061482712,0.8043478260869565,4.0,1.0,0.28078371864540763,1.0,9,0.8888888888888888,0.542438995773898,0.8571428571428571
4960,0.07,26,1.0,0.9982517482517482,0.9545454545454546,0.5916622344575958,26,13,1.0,0.548572745840744,0.9545454545454546,6.0,1.0,0.580912985430454,1.0,7,1.0,0.6808992124835854,1.0
4961,0.1,22,0.8181818181818182,0.9714291095873399,0.8043478260869565,0.5142028386187364,18,14,0.7857142857142857,0.4960422748675684,0.8043478260869565,2.0,1.0,0.6208241424195422,0.95,6,0.8333333333333334,0.521037052771193,0.8571428571428571
4962,0.07,28,1.0,0.9980453580489826,0.967741935483871,0.6142778359636756,28,14,1.0,0.6614036385812397,0.967741935483871,6.0,1.0,0.5399039635061054,1.0,8,1.0,0.5875880857261151,0.9775280898876404
4963,0.07,23,1.0,1.0,1.0,0.593443050725318,23,11,1.0,0.6376089520523966,1.0,2.0,1.0,0.6312206246240833,1.0,10,1.0,0.5373050444857785,1.0
4964,0.07,30,1.0,0.9970355731225297,0.9545454545454546,0.5905627003546903,30,15,1.0,0.5810121453792229,0.9545454545454546,8.0,1.0,0.5328808765593281,1.0,7,1.0,0.6769502596396769,1.0
4965,0.07,25,1.0,0.997361993160723,0.9565217391304348,0.5236776822228406,25,15,1.0,0.5400024436348876,0.9565217391304348,4.0,1.0,0.5704757260301335,1.0,6,1.0,0.45166708282119467,0.9775280898876404
4966,0.1,26,0.8846153846153846,0.960832332461546,0.3333333333333333,0.4995046780780213,23,9,0.7777777777777778,0.5394647576008855,0.3333333333333333,7.0,1.0,0.45027098729104725,1.0,10,0.9,0.4980041900583254,0.8571428571428571
4967,0.07,26,1.0,0.9982517482517482,0.9545454545454546,0.6125704435974367,26,14,1.0,0.6346015876337974,0.9545454545454546,7.0,1.0,0.5913178236447042,1.0,5,1.0,0.5806369082294525,1.0
4968,0.07,26,1.0,0.9970870644082426,0.9565217391304348,0.602162461052774,26,16,1.0,0.6371138985094744,0.9565217391304348,4.0,1.0,0.589501752620459,1.0,6,1.0,0.5173991001231165,1.0
4969,0.07,24,0.9583333333333334,0.9704106280193235,0.3333333333333333,0.6148333037403139,23,13,0.9230769230769231,0.6208201283427818,0.3333333333333333,8.0,1.0,0.6298275955319532,1.0,3,1.0,0.5489056190185814,1.0
4970,0.07,22,1.0,0.9944913240527163,0.9545454545454546,0.557064336255368,22,9,1.0,0.5486604384443915,0.9545454545454546,6.0,1.0,0.47383657391252737,1.0,7,1.0,0.6392074297347722,1.0
4971,0.07,28,1.0,0.9972951312362252,0.9565217391304348,0.6382480121321091,28,15,1.0,0.6784157664153494,0.9565217391304348,9.0,1.0,0.5755425501391821,1.0,4,1.0,0.6287062230540441,1.0
4972,0.07,27,1.0,0.9975574010747436,0.9565217391304348,0.6773258707245473,27,10,1.0,0.6771407237738998,0.9565217391304348,5.0,1.0,0.7966769597345023,1.0,12,1.0,0.6277505394292723,0.9775280898876404
4973,0.07,32,1.0,0.998641304347826,0.9565217391304348,0.6323773792527496,32,15,1.0,0.6209036897454949,0.9565217391304348,8.0,1.0,0.6137838099275484,1.0,9,1.0,0.6680278122761307,1.0
4974,0.07,27,0.9629629629629629,0.9753086419753086,0.3333333333333333,0.557453192201059,26,10,0.9,0.554309201644916,0.3333333333333333,7.0,1.0,0.5639917629557084,1.0,10,1.0,0.5560201832289476,1.0
4975,0.07,27,0.9629629629629629,0.9728660430500521,0.3333333333333333,0.5805080263758602,26,14,0.9285714285714286,0.6032484688865376,0.3333333333333333,5.0,1.0,0.5808049374414844,1.0,8,1.0,0.5405266825661591,0.9775280898876404
4976,0.07,21,1.0,1.0,1.0,0.6186546969687781,21,9,1.0,0.6469735917160718,1.0,5.0,1.0,0.5953019977761255,1.0,7,1.0,0.5989251888598669,1.0
4977,0.07,25,0.96,0.9715942028985506,0.3333333333333333,0.5122540648985415,24,10,0.9,0.4710011249924813,0.3333333333333333,8.0,1.0,0.5195327444045257,1.0,7,1.0,0.5628683453289312,1.0
4978,0.07,27,1.0,0.9974842053493739,0.9545454545454546,0.5631589445743441,27,14,1.0,0.6281248567391124,0.9545454545454546,7.0,1.0,0.5036866401206986,1.0,6,1.0,0.4809561713858046,0.9775280898876404
4979,0.07,25,1.0,0.9982608695652173,0.9565217391304348,0.6582749010487191,25,11,1.0,0.6668881141791686,0.9565217391304348,6.0,1.0,0.6692811134652015,1.0,8,1.0,0.6381770736819893,1.0
4980,0.07,27,0.9629629629629629,0.9732816058779572,0.3333333333333333,0.5654466909940065,26,14,0.9285714285714286,0.5921908680323537,0.3333333333333333,8.0,1.0,0.5178611080240172,1.0,5,1.0,0.5666999280386171,0.9775280898876404
4981,0.07,27,1.0,0.9988052568697731,0.967741935483871,0.5974383865275267,27,13,1.0,0.5752157236333671,0.967741935483871,6.0,1.0,0.6288632512518008,1.0,8,1.0,0.6099815651873304,1.0
4982,0.07,24,1.0,0.9981884057971014,0.9565217391304348,0.6046067536301701,24,8,1.0,0.6639030749634138,0.9565217391304348,9.0,1.0,0.5360167074232614,1.0,7,1.0,0.6250267315153458,1.0
4983,0.07,31,0.967741935483871,0.9784946236559139,0.3333333333333333,0.568727782559648,30,17,0.9411764705882353,0.571420391080051,0.3333333333333333,6.0,1.0,0.5201866994730787,1.0,8,1.0,0.5994118017687179,1.0
4984,0.07,28,0.9642857142857143,0.9710596625850262,0.3333333333333333,0.5432154626203575,27,17,0.9411764705882353,0.5416108004332234,0.3333333333333333,4.0,1.0,0.519532717786803,1.0,7,1.0,0.5606454964082858,0.9775280898876404
4985,0.07,26,1.0,0.9965795074490728,0.9545454545454546,0.4618016347829851,26,11,1.0,0.47086194329840736,0.9545454545454546,7.0,1.0,0.4322460330347243,1.0,8,1.0,0.4752048621040077,1.0
4986,0.07,27,0.9629629629629629,0.9715981041944555,0.3333333333333333,0.5197506410592664,26,16,0.9375,0.5634394735745092,0.3333333333333333,5.0,1.0,0.4168030737696107,1.0,6,1.0,0.489036727093332,0.9775280898876404
4987,0.07,24,0.9583333333333334,0.9722222222222222,0.3333333333333333,0.6858749911875548,23,12,0.9166666666666666,0.6897659910557111,0.3333333333333333,4.0,1.0,0.681802303423885,1.0,8,1.0,0.6820748352671553,1.0
4988,0.07,27,1.0,0.9958738993912418,0.9545454545454546,0.6029154030483873,27,16,1.0,0.5614831848953794,0.9545454545454546,5.0,1.0,0.7024221810832051,1.0,6,1.0,0.6304790030940602,0.9775280898876404
4989,0.07,28,1.0,0.9976446367506454,0.9565217391304348,0.5941460035956815,28,16,1.0,0.5653089516268675,0.9565217391304348,5.0,1.0,0.6455513972717133,1.0,7,1.0,0.6233411268986623,0.9775280898876404
4990,0.07,29,1.0,0.9981127594955694,0.967741935483871,0.5931856360933783,29,15,1.0,0.6092144214398512,0.967741935483871,4.0,1.0,0.5806907839876054,1.0,10,1.0,0.5741403989159783,0.9775280898876404
4991,0.07,29,0.9655172413793104,0.9762366008007233,0.3333333333333333,0.5713849998226019,28,13,0.9230769230769231,0.5842373876798644,0.3333333333333333,8.0,1.0,0.5856944681764165,1.0,8,1.0,0.5361904012007361,0.9775280898876404
4992,0.07,26,1.0,0.9953388126599909,0.9545454545454546,0.5651883563391166,26,12,1.0,0.48754834381856016,0.9545454545454546,7.0,1.0,0.6732038992635276,1.0,7,1.0,0.5902699777356597,1.0
4993,0.1,19,0.7894736842105263,0.942572339940761,0.3333333333333333,0.4712422299194446,15,11,0.6363636363636364,0.3970740972917858,0.3333333333333333,3.0,1.0,0.5904668622978483,0.95,5,1.0,0.562877342273252,1.0
4994,0.07,24,0.9583333333333334,0.9722222222222222,0.3333333333333333,0.5230300279973775,23,12,0.9166666666666666,0.5378747873715133,0.3333333333333333,7.0,1.0,0.44929654074859865,1.0,5,1.0,0.590629487647742,1.0
4995,0.07,26,0.9615384615384616,0.9726107226107227,0.3333333333333333,0.5913066830432817,25,13,0.9230769230769231,0.5755187702697628,0.3333333333333333,6.0,1.0,0.5760809911541924,1.0,7,1.0,0.6336776855276078,1.0
4996,0.1,28,0.8928571428571429,0.9791856238312688,0.8043478260869565,0.42468677191262183,25,8,0.75,0.46313511849284694,0.8043478260869565,9.0,1.0,0.33431110049461316,0.9948453608247423,11,0.9090909090909091,0.4706680691962834,0.8571428571428571
4997,0.07,30,0.9666666666666667,0.9745041699278426,0.3333333333333333,0.5746577691227661,29,17,0.9411764705882353,0.547188137369911,0.3333333333333333,3.0,1.0,0.671886233168555,1.0,10,1.0,0.5921876038888834,0.9775280898876404
4998,0.07,26,0.9615384615384616,0.9705057235865501,0.3333333333333333,0.4885656453238081,25,8,0.875,0.4816765639887902,0.3333333333333333,9.0,1.0,0.5285031986983055,1.0,9,1.0,0.45475171980265994,0.9775280898876404
4999,0.1,27,0.8518518518518519,0.9745903252091169,0.8043478260869565,0.4568338299640275,23,15,0.7333333333333333,0.46189712087032453,0.8043478260869565,5.0,1.0,0.43928889332876003,1.0,7,1.0,0.45851601847572526,0.9565217391304348
