title,abstract,included
From Monolithic Architecture Style to Microservice one Based on a Semi-Automatic Approach,"Due to its tremendous advantages, microservice architectural style has become an essential element for the development of applications deployed on the cloud and for those adopting the DevOps practices. Nevertheless, while microservices can be used to develop new applications, there are monolithic ones, that are not well adapted neither to the cloud nor to DevOps. Migrating these applications towards microservices appears as a solution to adapt them to both. In this context, we propose an approach aiming to achieve this objective by focusing on the step of microservices identification. The proposed identification, in this paper, is based on an analysis of the relationships between source code elements, their relationships with the persistent data manipulated in this code and finally the knowledge, often partial, of the architect concerning the system to migrate. A function that measures the quality of a microservice based on its ability to provide consistent service and its interdependence with others microservice in the resulting architecture was defined. Moreover, the architect recommendations are used, when available, to guide the identification process. The conducted experiment shows the relevance of the obtained microservices by our approach.",1
Evaluating Service-Oriented and Microservice Architecture Patterns to Deploy eHealth Applications in Cloud Computing Environment,"This article proposes a new framework for a Cloud-based eHealth platform concept focused on Cloud computing environments, since current and emerging approaches using digital clinical history increasingly demonstrate their potential in maintaining the quality of the benefits in medical care services, especially in computer-assisted clinical diagnosis within the field of infectious diseases and due to the worsening of chronic pathologies. Our objective is to evaluate and contrast the performance of the architectural patterns most commonly used for developing eHealth applications (i.e., service-oriented architecture (SOA) and microservices architecture (MSA)), using as reference the quantitative values obtained from the various performance tests and their ability to adapt to the required software attribute (i.e., versatile high-performance). Therefore, it was necessary to modify our platform to fit two architectural variants. As a follow-up to this activity, corresponding tests were performed that showed that the MSA variant functions better in terms of performance and response time compared to the SOA variant; however, it consumed significantly more bandwidth than SOA, and scalability in SOA is generally not possible or requires significant effort to be achieved. We conclude that the implementation of SOA and MSA depends on the nature and needs of organizations (e.g., performance or interoperability).",0
A Systematic Mapping Study on Microservices Architecture in DevOps,"Context: Applying Microservices Architecture (MSA) in DevOps has received significant attention in recent years. However, there exists no comprehensive review of the state of research on this topic. Objective: This work aims to systematically identify, analyze, and classify the literature on MSA in DevOps. Methods: A Systematic Mapping Study (SMS) has been conducted on the literature published between January 2009 and July 2018. Results: Forty-seven studies were finally selected and the key results are: (1) Three themes on the research on MSA in DevOps are “microservices development and operations in DevOps”, “approaches and tool support for MSA based systems in DevOps”, and “MSA migration experiences in DevOps”. (2) 24 problems with their solutions regarding implementing MSA in DevOps are identified. (3) MSA is mainly described by using boxes and lines. (4) Most of the quality attributes are positively affected when employing MSA in DevOps. (5) 50 tools that support building MSA based systems in DevOps are collected. (6) The combination of MSA and DevOps has been applied in a wide range of application domains. Conclusion: The results and findings will benefit researchers and practitioners to conduct further research and bring more dedicated solutions for the issues of MSA in DevOps.",0
An Approach to Evolving Legacy Enterprise System to Microservice-Based Architecture through Feature-Driven Evolution Rules,"Evolving legacy enterprise systems into a lean system architecture has been on the agendas of many enterprises. Recent advance in legacy system evaluation is in favour of microservice technologies, which not only significantly reduce the complexity in deployment of enterprise systems but also enhance the availability of services to system users. However, there are technical challenges to overcome towards a successful transformation. Challenges, relating to information security, container optimisation, the performance of a new system and its deployment, are particularly under concern. To cope with these technical challenges, a new approach is proposed in this paper to govern the evolution of legacy systems into a microservice-based and cloud-hosted architecture. This approach includes a detailed working process, a set of transformation rules towards microservices and their repositories. In addition, a conceptual framework is drawn to provide a comprehensive illustration to this evolution approach. Moreover, a case study is presented to demonstrate the application of the proposed approach on the evaluation of a chosen legacy system, as well as the procedure of system architecture optimisation.",0
Joining Jolie to Docker,"Cloud computing is steadily growing and, as IaaS vendors have started to offer pay-as-you-go billing policies, it is fundamental to achieve as much elasticity as possible, avoiding over-provisioning that would imply higher costs. In this paper, we briefly analyse the orchestration characteristics of PaaSSOA, a proposed architecture already implemented for Jolie microservices, and Kubernetes, one of the various orchestration plugins for Docker; then, we outline similarities and differences of the two approaches, with respect to their own domain of application. Furthermore, we investigate some ideas to achieve a federation of the two technologies, proposing an architectural composition of Jolie microservices on Docker Container-as-a-Service layer.",0
Design of Information System Architecture of Garment Enterprises Based on Microservices,"The microservices architecture has been favored by system designers and has gradually become the mainstream solution in enterprise-level application architecture design since its introduction. This article aims at the urgent need for information transformation and upgrading faced by the garment industry, and designs a system architecture based on microservices to solve the two problems it faces: the first is how to design an enterprise resource planning (ERP) system that improves the efficiency of enterprise management which is ability to develop and apply quickly; the second is how to upgrade module-level functions on the original information management system smoothly. This paper decomposes the business process into microservices and designs an asynchronous communication mechanism between microservices, enhances system scalability and robustness. This paper uses Docker so that the enterprise's original ERP system can be compatible with the new system and gradually upgrade its function modules.",0
Migrating microservices to graph database,"Microservice architecture is a popular approach to structuring web backend services. Another emerging trend, after a period of hibernation, is utilizing modern graph database management systems for managing complex, richly connected data. The two approaches have rarely been used in tandem, as microservices emphasize modularization and decoupling of services, while graph data models favor data integration. In this study, literature on microservices and graph databases is reviewed and a synthesis between the two paradigms is presented. Based on the theoretical discussion, a software architecture combining the two elements is formulated and implemented using microservices serving content metadata at Yleisradio, the Finnish national broadcasting company. The architecture design follows the Design Science Research Process model. Finally, the renewed system is evaluated using quantitative and qualitative metrics. The performance of the system is measured using automated API queries and load tests. The new system was compared to an earlier version based on a PostgreSQL database. The tests gave slight indication that the renewed system performed better for complex queries, where a large number of relations were traversed, but worse in terms of throughput under heavy load. Based on the these findings, a number of performance-enhancing optimizations to the system are introduced. Observations and perpectives are also gathered in a project retrospective session. It is concluded that the resulting architecture holds promise for managing complex data rich in relations in a safe manner. In it, the different domains of the knowledge graph are decoupled into distinct named graphs managed by different microservices.",0
Survey on serverless computing,"Serverless computing has gained importance over the last decade as an exciting new field, owing to its large influence in reducing costs, decreasing latency, improving scalability, and eliminating server-side management, to name a few. However, to date there is a lack of in-depth survey that would help developers and researchers better understand the significance of serverless computing in different contexts. Thus, it is essential to present research evidence that has been published in this area. In this systematic survey, 275 research papers that examined serverless computing from well-known literature databases were extensively reviewed to extract useful data. Then, the obtained data were analyzed to answer several research questions regarding state-of-the-art contributions of serverless computing, its concepts, its platforms, its usage, etc. We moreover discuss the challenges that serverless computing faces nowadays and how future research could enable its implementation and usage.",0
Developing Self-Adaptive Microservice Systems: Challenges and Directions,"A self-adaptive system can dynamically monitor and adapt its behavior to preserve and enhance its quality attributes under uncertain operating conditions. This article identifies key challenges for the development of microservice applications as self-adaptive systems, using a cloud-based intelligent video-surveillance application as a motivating example. It also suggests potential new directions for addressing most of the identified challenges by leveraging existing microservice practices and technologies.",0
Event-Based Customization of Multi-tenant SaaS Using Microservices,"Popular enterprise software such as ERP, CRM is now being made available on the Cloud in the multi-tenant Software as a Service (SaaS) model. The added values come from the ability of vendors to enable customer-specific business advantage for every different tenant who uses the same main enterprise software product. Software vendors need novel customization solutions for Cloud-based multi-tenant SaaS. In this paper, we present an event-based approach in a non-intrusive customization framework that can enable customization for multi-tenant SaaS and address the problem of too many API calls to the main software product. The experimental results on Microsoft’s eShopOnContainers show that our approach can empower an event bus with the ability to customize the flow of processing events, and integrate with tenant-specific microservices for customization. We have shown how our approach makes sure of tenant-isolation, which is crucial in practice for SaaS vendors. This direction can also reduce the number of API calls to the main software product, even when every tenant has different customization services.",0
Performance characteristics between monolithic and microservice-based systems,"A new promising technology to face the problem of scalability and availability is the microservice architecture. The problem with this architecture is that there is no significant study that clearly proves the performance differences compared to the monolithic architecture. Our thesis aims to provide a more conclusive answer of how the microservice architecture differs performance wise compared to the monolithic architecture. In this study, we conducted several experiments on a self-developed microservice and monolithic system. We used JMeter to simulate users and after running the tests we looked at the latency, successful throughput for the tests and measured the RAM and CPU usage with Datadog. Results that were found, were that the microservice architecture can be more beneficial than the monolithic architecture. Docker was also proven to not have any negative impact on performance and computer cluster can improve performance. We have presented a conclusive answer that microservices can be better in some cases than a monolithic architecture.",0
Kuksa$$^{*}$$: Self-adaptive Microservices in Automotive Systems,"In pervasive dynamic environments, vehicles connect to other objects to send operational data and receive updates so that vehicular applications can provide services to users on demand. Automotive systems should be self-adaptive, thereby they can make real-time decisions based on changing operating conditions. Emerging modern solutions, such as microservices could improve self-adaptation capabilities and ensure higher levels of quality performance in many domains. We employed a real-world automotive platform called Eclipse Kuksa to propose a framework based on microservices architecture to enhance the self-adaptation capabilities of automotive systems for runtime data analysis. To evaluate the designed solution, we conducted an experiment in an automotive laboratory setting where our solution was implemented as a microservice-based adaptation engine and integrated with other Eclipse Kuksa components. The results of our study indicate the importance of design trade-offs for quality requirements' satisfaction levels of each microservices and the whole system for the optimal performance of an adaptive system at runtime.",0
On Challenges of Cloud Monitoring,"Cloud services are becoming increasingly popular: 60\% of information technology spending in 2016 was Cloud-based, and the size of the public Cloud service market will reach \$236B by 2020. To ensure reliable operation of the Cloud services, one must monitor their health. While a number of research challenges in the area of Cloud monitoring have been solved, problems are remaining. This prompted us to highlight three areas, which cause problems to practitioners and require further research. These three areas are as follows: A) defining health states of Cloud systems, B) creating unified monitoring environments, and C) establishing high availability strategies. In this paper we provide details of these areas and suggest a number of potential solutions to the challenges. We also show that Cloud monitoring presents exciting opportunities for novel research and practice.",0
Refactoring Monolithic Application into Cloud-Native Architecture,"Cloud Native is an approach, using which, applications are developed and run in such a way as to exploit and use the maximum features of cloud computing. Going cloud native does not just mean deploying your code to the cloud but following some rules and patterns to develop the application from the start. We want to evaluate the performance of an on-premise application with a parallel cloud native application through experimentation. We developed a cloud native application from scratch, using Platform as a service (PaaS) by Google cloud platform (GCP), following all the patterns that will be described in this report. GCP provides PaaS to develop,run and manage your applications without having to manage the infrastructure. This cloud native application is a counterpart of a monolithic and on-premises application called DUP (Delivery Platform). The performance analysis is based on metrics e.g. zero-downtime deployment, continuous deployment, automation of DevOps, extensibility of microservices, effective provisioning and efficient roll out strategies. We discover that the cloud native architecture performs better under these metrics.",0
Security Issues and Challenges in Service Meshes -- An Extended Study,"Service meshes have emerged as an attractive DevOps solution for collecting, managing, and coordinating microservice deployments. However, current service meshes leave fundamental security mechanisms missing or incomplete. The security burden means service meshes may actually cause additional workload and overhead for administrators over traditional monolithic systems. By assessing the effectiveness and practicality of service mesh tools, this work provides necessary insights into the available security of service meshes. We evaluate service meshes from two perspectives: skilled system administrators (who deploy optimal configurations of available security mechanisms) and default configurations. Under these two models, we consider a comprehensive set of adversarial scenarios and uncover important design flaws with contradicting goals, as well as the limitations and challenges encountered in employing service mesh tools for operational environments.",0
"Microservices Migration in Industry: Intentions, Strategies, and Challenges","To remain competitive in a fast changing environment, many companies started to migrate their legacy applications towards a Microservices architecture. Such extensive migration processes require careful planning and consideration of implications and challenges likewise. In this regard, hands-on experiences from industry practice are still rare. To fill this gap in scientific literature, we contribute a qualitative study on intentions, strategies, and challenges in the context of migrations to Microservices. We investigated the migration process of 14 systems across different domains and sizes by conducting 16 in-depth interviews with software professionals from 10 companies. Along with a summary of the most important findings, we present a separate discussion of each case. As primary migration drivers, maintainability and scalability were identified. Due to the high complexity of their legacy systems, most companies preferred a rewrite using current technologies over splitting up existing code bases. This was often caused by the absence of a suitable decomposition approach. As such, finding the right service cut was a major technical challenge, next to building the necessary expertise with new technologies. Organizational challenges were especially related to large, traditional companies that simultaneously established agile processes. Initiating a mindset change and ensuring smooth collaboration between teams were crucial for them. Future research on the evolution of software systems can in particular profit from the individual cases presented.",0
Remodularization Analysis for Microservice Discovery Using Syntactic and Semantic Clustering,"This paper addresses the challenge of automated remodularization of large systems as microservices. It focuses on the analysis of enterprise systems, which are widely used in corporate sectors and are notoriously large, monolithic and challenging to manually decouple because they manage asynchronous, user-driven business processes and business objects (BOs) having complex structural relationships. The technique presented leverages semantic knowledge of enterprise systems, i.e., BO structure, together with syntactic knowledge of the code, i.e., classes and interactions as part of static profiling and clustering. On a semantic level, BOs derived from databases form the basis for prospective clustering of classes as modules, while on a syntactic level, structural and interaction details of classes provide further insights for module dependencies and clustering, based on K-Means clustering and optimization. Our integrated techniques are validated using two open source enterprise customer relationship management systems, SugarCRM and ChurchCRM. The results demonstrate improved feasibility of remodularizing enterprise systems (inclusive of coded BOs and classes) as microservices. Furthermore, the recommended microservices, integrated with ‘backend’ enterprise systems, demonstrate improvements in key non-functional characteristics, namely high execution efficiency, scalability and availability.",1
Towards an Automatic Identification of Microservices from Business Processes,"Microservices have emerged as an alternative solution to many existing technologies allowing to break monolithic applications into “small” fine-grained, highly-cohesive, and loosely-coupled units. However, identifying microservices remains a challenge that could undermine this migration success. This paper proposes an approach for microservices automatic-identification from a set of business processes (BP). The approach is multi-models combining different independent models that represent a BP’s control dependencies, data dependencies, semantic dependencies, respectively. the approach is also based on collaborative clustering. A case study about renting bikes is adopted to illustrate and demonstrate the approach. In term of precision, the results show how BPs as inputs permit to generate better microservices compared to other approaches discussed in the paper, as well.",0
Threat Simulations of Cloud-Native Telecom Applications,"The cloud-native approach has proven very beneficial in developing agile, distributed, and scalable applications. That is why telecom companies have adopted it to build telecom applications and solutions such as the 5G core and other telecom network functions. Following this approach helps speeding up the development process, utilising many benefits of cloud computing and easing the integration with other applications. Despite all the benefits of following this approach in developing and building telecom applications, it requires more security attention because of the increase in the attack surface. Following the cloud-native approach means adopting microservice-based architecture instead of the old monolith approach in traditional telecom applications. These microservices will be running in containers and managed by container orchestrators. All of these will involve using new technologies and tools. These tools will increase the attack surface, which requires higher security attention. This thesis has two main goals; the first is to study the threats and risks that come with using the cloud-native approach. The second goal is to understand and simulate the intruders' behaviour in cloud-native environments. The best way to secure a system against intruders is to understand how they behave and simulate this behaviour to observe how that system acts under these intruders threats. This goal will be achieved by building a tool that can simulate several adversary threats in cloud environments for telecom applications. This tool will create realistic threats in development environments. It will help in the development and demonstration of threat detection tools for telecom cloud-native applications.",0
A Framework for Microservice Migration and Performance Assesment,"In a large Smart Grid, smart meters produce tremendous amount of data that are hard to process, analyze and store. Fog computing is an environment that offers a place for collecting, computing and storing smart meter data before transmitting them to the cloud. Due to the distributed, heterogeneous and resource constrained nature of the fog computing nodes, fog applications need to be developed as a collection of interdependent, lightweight modules. Since this concept aligns with the goals of microservices architecture (MSA), efficient placement of microservices-based Smart Grid applications within fog environments has the potential to fully leverage capabilities of fog devices. Microservice architecture is an emerging software architectural style. It is based on microservices to provide several advantages over a monolithic solution, such as autonomy, composability, scalability, and fault-tolerance. However, optimizing the migration of microservices from one fog environment to other while assuring certain quality is still a big issue that needs to be addressed. In this paper, we propose an approach for assisting the migration of microservices in MSA-based Smart Grid systems, based on the analysis of their performance within the possible candidate destinations. Developers create microservices that will be eventually deployed at a given infrastructure. Either the developer, cosidering the design, or the entity deploying the service have a good knowledge of the quality required by the microservice. Due to that, they can create tests that determine if a destination meets the requirements of a given microservice and embed these tests as part of the microservice. Our goal is to automate the execution of performance tests by attaching a specification that contains the test parameters to each microservice.",0
"Evaluating the Operational, Performance, and Extensibility Characteristics of SOA, ESB, and Microservices Architectures","SOA represents a newer software architecture that has spawned even newer technologies such as ESB and Microservices. This annotated bibliography examines the operational characteristics of each of these approaches regarding extensibility, performance, scalability, maintainability, and flexibility. It also considers the costs, both in runtime operations as well as for the development, maintainability, and reuse of each. Conclusions on the relative and absolute merits of each technology can be drawn from the selected literature.",0
Investigating differences in response time and error rate between a monolithic and a microservice based architecture,"With great advancements in cloud computing, the microservice architecture has become a promising architectural style for enterprise software. It has been proposed to cope with problems of the traditional monolithic architecture which includes slow release cycles, limited scalability and low developer productivity. Therefore, this thesis aims to investigate the affordances and challenges of adopting microservices as well as the difference in performance compared to the monolithic approach at one of Sweden’s largest banks, SEB - the Scandinavian Individual Bank. The investigation consisted of a literature study of research papers and official documentation of microservices. Moreover, two applications were developed and deployed using two different system architectures - a monolithic architecture and a microservice architecture. Performance tests were executed on both systems to gather quantitative data for analysis. The two metrics investigated in this study were response time and error rate. The results indicate the microservice architecture has a significantly higher error rate but a slower response time than the monolithic approach, further strengthening the results of Ueda et. al. [47] and Villamizar et. al. [48]. The findings have then been discussed with regards to the challenges and complexity involved in implementing distributed systems. From this study, it becomes clear the complexity shifts from inside the application out towards infrastructure with a microservice architecture. Therefore, microservices should not be seen as a silver bullet. Rather, the type of architecture is highly dependent on the scope of the project and the size of the organization.",0
Automated identification of security discussions in microservices systems: Industrial surveys and experiments,"Lack of awareness and knowledge of microservices-specific security challenges and solutions often leads to ill-informed security decisions in microservices system development. We claim that identifying and leveraging security discussions scattered in existing microservices systems can partially close this gap. We define security discussion as “a paragraph from developer discussions that includes design decisions, challenges, or solutions relating to security”. We first surveyed 67 practitioners and found that securing microservices systems is a unique challenge and that having access to security discussions is useful for making security decisions. The survey also confirms the usefulness of potential tools that can automatically identify such security discussions. We developed fifteen machine/deep learning models to automatically identify security discussions. We applied these models on a manually constructed dataset consisting of 4,813 security discussions and 12,464 non-security discussions. We found that all the models can effectively identify security discussions: an average precision of 84.86%, recall of 72.80%, F1-score of 77.89%, AUC of 83.75% and G-mean 82.77%. DeepM1, a deep learning model, performs the best, achieving above 84% in all metrics and significantly outperforms three baselines. Finally, the practitioners’ feedback collected from a validation survey reveals that security discussions identified by DeepM1 have promising applications in practice.",0
Ensuring Continuous Security in the Cloud and Compliance with GDPR,"Scania is currently in the process of migrating from an on-premise infrastructure to a cloud environment. In parallel, General Data Protection Regulation (GDPR) will come into effect in 2018 and the combination of migrating infrastructure and a new regulation resulted in a need for guidance in how to progress. This thesis' goal is to establish guidelines for the Connected Services department on how to conduct development in a cloud environment whilst complying with GDPR. The finalized versions of these guidelines are the result of several interviews with experts in the field along with a proof of concept on how to secure an example application in a cloud environment.",0
Visualizing Interfirm Collaboration in the Microservices Ecosystem,"The shift from monolithic software solutions to a microservices architecture is fundamentally changing the way software is developed, deployed, and managed. In this paper, we aim to uncover the collaborative fabric of the microservices ecosystem using a data-driven visualization approach of 2,608 software firms. Our visual analysis reveals a core-periphery structure with several subcommunities, suggesting both complementary and competing arrangements between software vendors. Theoretically, our paper contributes to our understanding of interfirm relationships in a software context. Managerially, our results show that there are wide range of partnership strategies that shape the microservices ecosystem. Methodologically, we demonstrate how a data-driven ecosystem visualization approach can help decision makers augment their sensemaking capability of emerging software ecosystems. The paper concludes with opportunities for future research.",0
Architecting with microservices: A systematic mapping study,"Context A microservice architecture is composed of a set of small services, each running in its own process and communicating with lightweight mechanisms. Many aspects on architecting with microservices are still unexplored and existing research is still far from being crispy clear. Objective We aim at identifying, classifying, and evaluating the state of the art on architecting with microservices from the following perspectives: publication trends, focus of research, and potential for industrial adoption. Method We apply the systematic mapping methodology. We rigorously selected 103 primary studies and we defined and applied a classification framework to them for extracting key information for subsequent analysis. We synthesized the obtained data and produced a clear overview of the state of the art. Results This work contributes with (i) a classification framework for research studies on architecting with microservices, (ii) a systematic map of current research of the field, (iii) an evaluation of the potential for industrial adoption of research results, and (iv) a discussion of emerging findings and implications for future research. Conclusion This study provides a solid, rigorous, and replicable picture of the state of the art on architecting with microservices. Its results can benefit both researchers and practitioners of the field.",0
Mono2Micro: a practical and effective tool for decomposing monolithic Java applications to microservices,"In migrating production workloads to cloud, enterprises often face the daunting task of evolving monolithic applications toward a microservice architecture. At IBM, we developed a tool called Mono2Micro to assist with this challenging task. Mono2Micro performs spatio-temporal decomposition, leveraging well-defined business use cases and runtime call relations to create functionally cohesive partitioning of application classes. Our preliminary evaluation of Mono2Micro showed promising results. How well does Mono2Micro perform against other decomposition techniques, and how do practitioners perceive the tool? This paper describes the technical foundations of Mono2Micro and presents results to answer these two questions. To answer the first question, we evaluated Mono2Micro against four existing techniques on a set of open-source and proprietary Java applications and using different metrics to assess the quality of decomposition and tool’s efficiency. Our results show that Mono2Micro significantly outperforms state-of-the-art baselines in specific metrics well-defined for the problem domain. To answer the second question, we conducted a survey of twenty-one practitioners in various industry roles who have used Mono2Micro. This study highlights several benefits of the tool, interesting practitioner perceptions, and scope for further improvements. Overall, these results show that Mono2Micro can provide a valuable aid to practitioners in creating functionally cohesive and explainable microservice decompositions.",1
Optimization of Microservice Composition Based on Artificial Immune Algorithm Considering Fuzziness and User Preference,"Microservices is a new paradigm in cloud computing that separates traditional monolithic applications into groups of services. These individual services may correlate or cross multi-clouds. Compared to a monolithic architecture, microservices are faster to develop, easier to deploy, and maintain by leveraging modern containers or other lightweight virtualization. To satisfy the requirements of end-users and preferences, appropriate microservices must be selected to compose complicated workflows or processes from within a large space of candidate services. The microservice composition should consider several factors, such as user preference, correlation effects, and fuzziness. Due to this problem being NP-hard, an efficient metaheuristic algorithm to solve large-scale microservice compositions is essential. We describe a microservice composition problem for multi-cloud environments that considers service grouping relations and corresponding correlation effects of the service providers within intra- or inter-clouds. We use the triangular fuzzy number to describe the uncertainty of QoS attributes, the improved fuzzy analytic hierarchy process to calculate multi-attribute QoS, construct fuzzy weights related to user preferences, and transform the multi-optimal problem into a single-optimal problem. We propose a new artificial immune algorithm based on the immune memory clone and clone selection algorithms. We also introduce several optimal strategies and conduct numerical experiments to verify effects and efficiencies. Our proposed method combines the advantages of monoclone, multi-clone, and co-evolution, which are suitable for the large-scale problems addressed in this paper.",0
Improving Agility by Managing Shared Libraries in Microservices,"Using microservices is a way of supporting an agile architecture. However, if the microservices development is not properly managed, the teams’ development velocity may be affected, reducing agility and increasing architectural technical debt. This paper investigates how to manage the use of shared libraries in microservices to improve agility during development. We interviewed practitioners from four large international companies involved in microservices projects to identify problems when using shared libraries. Our results show that the participating companies had issues with shared libraries as follows: coupling among teams, delays on fixes due to overhead on libraries development teams, and need to maintain many versions of the libraries. Our results highlight that the use of shared libraries may hinder agility on microservices. Thus, their use should be restricted to situations where shared libraries cannot be replaced by a microservice and the costs of replicating the code on each service is very high.",0
A development process of enterprise applications with microservices,"This paper presents a development process of enterprises applications with microservices. We identify the construction phases, practices, fundamentals, methods and tools that are being used in the development of microservices based enterprise applications. After identifying and proposing the development process, it is validated and tested in the construction of an application called Sinplafut. By using microservices the size of enterprise applications is reduced and easier to manage, deployment, scaling, test and replace using the resources offered by cloud computing. In this way the costs and efforts necessary to maintain the application in the cloud are considerably reduced.",0
Incremental Integration of Microservices in Cloud Applications.,"Microservices have recently appeared as a new architectural style that is native to the cloud. The high availability and agility of the cloud demands organizations to migrate or design microservices, promoting the building of applications as a suite of small and cohesive services (microservices) that are independently developed, deployed and scaled. Current cloud development approaches do not support the incremental integration needed for microservice platforms, and the agilityofgetting new functionalities out to customers is consequently affected by the lack of support for the integration design and automation of the development and deployment tasks. This paper presents an approach for the incremental integration of microservices that will allow developers to specify and design microservice integration, and provide mechanisms with which to automatically obtain the implementation code for business logic and interoperation among microservices along with deployment and architectural reconfiguration scripts specific to the cloud environment in which the microservice will be deployed.",0
Practical Service Placement Approach for Microservices Architecture,"Community networks (CNs) have gained momentum in the last few years with the increasing number of spontaneously deployed WiFi hotspots and home networks. These networks, owned and managed by volunteers, offer various services to their members and to the public. To reduce the complexity of service deployment, community micro-clouds have recently emerged as a promising enabler for the delivery of cloud services to community users. By putting services closer to consumers, micro-clouds pursue not only a better service performance, but also a low entry barrier for the deployment of mainstream Internet services within the CN. Unfortunately, the provisioning of the services is not so simple. Due to the large and irregular topology, high software and hardware diversity of CNs, it requires of a ""careful"" placement of micro-clouds and services over the network. To achieve this, this paper proposes to leverage state information about the network to inform service placement decisions, and to do so through a fast heuristic algorithm, which is vital to quickly react to changing conditions. To evaluate its performance, we compare our heuristic with one based on random placement in Guifi.net, the biggest CN worldwide. Our experimental results show that our heuristic consistently outperforms random placement by 211% in terms of bandwidth gain. We quantify the benefits of our heuristic on a real live video-streaming service, and demonstrate that video chunk losses decrease significantly, attaining a 37% decrease in the loss packet rate. Further, using a popular Web 2.0 service, we demonstrate that the client response times decrease up to an order of magnitude when using our heuristic.",0
From monolith to microservices,"Mikropalveluarkkitehtuurista on viime vuosina tullut yksi suosituimmista ohjelmistokehitykses- sä käytettävistä arkkitehtuurityyleistä. Mikropalveluarkkitehtuuri ei määrittele kokonaan uut- ta, itsenäistä arkkitehtuurityyliä, vaan se määrittelee tietyn tavan toteuttaa palvelukeskeistä arkkitehtuuria. Mikropalveluarkkitehtuuri yhdessä automatisoidun ohjelmistokehitysprosessin kanssa mahdollistaa organisaatioille ketterän ja nopean tavan julkaista uusia ominaisuuksia sekä parannuksia sovelluksiinsa. Perinteisessä ohjelmistokehitysarkkitehtuurissa sovellukset koostuvat usein yhdestä suoritetta- vasta ohjelmasta, jota voidaan kutsua monoliitiksi. Mikropalveluarkkitehtuuri nähdään yleen- sä vaihtoehtoiseksi tavaksi toteuttaa sovelluksia perinteiseen tapaan verrattuna. Monoliittisten ohjelmistojen ajatellaan olevan vaikeasti kehitettäviä ja ylläpidettäviä, skaalautuvuudeltaan rajoittuneita, aiheuttavan pidempiä tuotantokatkoksia sekä johtavan teknologisiin riippuvuuk- siin. Mikropalveluarkkitehtuuri saattaa ratkaista joitain monoliittisten ohjelmistojen yleisiä on- gelmia, mutta mikropalveluarkkitehtuuri aiheuttaa myös uusia, erilaisia ongelmia, jotka pitää ottaa huomioon. Yksi huomioon otettava asia on se, että mikropalveluarkkitehtuurissa julkais- tavien ohjelmistokomponenttien lukumäärä kasvaa, mikä aiheuttaa lisää monimutkaisuutta ko- konaisuuden kannalta. Monet organisaatiot harkitsevat monoliittiisten ohjelmistojensa arkkitehtuurin vaihtamista mikropalveluarkkitehtuuriin. Ei ole kuitenkaan selvää, missä tapauksissa ohjelmistoarkkiteh- tuurin vaihtaminen on kustannustehokasta. Tässä opinnäytetyössä perehdytään organisaatioon, joka yrittää löytää vaihtoehtoista tapaa toteuttaa monoliittisia ohjelmistoja ja joka on jo vaihta- nut joidenkin monoliittisten sovellustensa arkkitehtuurin mikropalveluarkkitehtuuriin. Työssä tutkitaan, kuinka valitut teoriat kirjallisuudesta toimivat käytännössä kyseisen organisaation kohdalla.",0
Towards Microservice Identification Approaches for Architecting Data Science Workflows,"In order to support fast development cycles and deploying software components in productive environments, there are three crucial trends in data science. These are agile process models, development of many technologies and increasing usage of cloud platforms. Therefore, effective architectures are needed to support this trend in data science context. This paper explores and evaluates first approaches for, why and how microservice architecture style can support fast development cycles for data science workflows. Microservices are becoming a popular architectural style for designing modern applications due to several advantages like scalability, reliability and maintainability. First, this paper points out the research gap on why microservices could be a suitable way to design data science workflows. Second, it defines relevant research questions for future research that addresses challenges of the microservice architectural style in the data science context. An essential prerequisite for this architecture style is to identify the “right context” of a microservice for data science workflows.",0
ReSIde: Reusable service identification from software families,"The clone-and-own approach becomes a common practice to quickly develop Software Product Variants (SPVs) that meet variability in user requirements. However, managing the reuse and maintenance of the cloned codes is a very hard task. Therefore, we aim to analyze SPVs to identify cloned codes and package them using a modern systematic reuse approach like Service-Oriented Architecture (SOA). The objective is to benefit from all the advantages of SOA when creating new SPVs. The development based on services in SOA supports the software reuse and maintenance better than the development based on individual classes in monolithic object-oriented software. Existing service identification approaches identify services based on the analysis of a single software product. These approaches are not able to analyze multiple SPVs to identify reusable services of cloned codes. Identifying services by analyzing several SPVs allows to increase the reusability of identified services. In this paper, we propose ReSIde (Reusable Service Identification): an automated approach that identifies reusable services from a set of object-oriented SPVs. This is based on analyzing the commonality and the variability between SPVs to identify the implementation of reusable functionalities corresponding to cloned codes that can be packaged as reusable services. To validate ReSIde, we have applied it on three product families of different sizes. The results show that the services identified based on the analysis of multiple product variants using ReSIde are more reusable than services identified based on the analysis of singular ones.",0
Measuring the Modeling Complexity of Microservice Choreography and Orchestration: The Case of E-Commerce Applications,"Objective Comparing the complexity of the two leading composition techniques on small, midsized, and end-to-end e-commerce scenarios, using complexity metrics from the software engineering and business process literature. More specifically, we use the metrics to assess the complexity of BPMN-based models representing the abovementioned e-commerce scenarios. Method This research follows a five-step process for conducting a Design Science Research (DSR) methodology to define, develop and evaluate BPMN-based models for microservice compositions. Results A series of BPMN workflows are designed as artifacts to investigate microservice Choreography and Orchestration. The results derived from the complexity evaluation of our proposed models show a higher level of complexity in orchestrating microservices for e-commerce applications given the number of services used in modeling Orchestration compared to Choreography. Conclusion This research uncovers insights on modeling microservice Choreography and Orchestration and discusses the impacts of complexity on the modifiability and understandability of the proposed models.",0
Cloud Migration and Global Digitalization of Business Models,"This paper analyzes and emphasizes the importance of cloud migration of global economic processes and activities. This is based on the digitization of business models as capabilities to increase collaboration with various partners, to generate competitive and cost advantages through vertical integration. All aspects of business models, such as new channels, delivery markets and revenue streams, relate to improving them. The global business environment is facing a digital and mobile transformation (using 5G), with more data and information available (big data), in real time or faster, and in more environments than ever (IoT). Consumers have integrated social networks and various other digital platforms into their interaction, many relying on them as their priority collaboration support. We are witnessing an innovative revolution through the development of digital business platforms. We consider it important that companies find in Public or Hybrid Cloud platforms new and interesting ideas for using the services, moving from Pay-as-you-go transactions to the new Pay-per-use models, depending on certain specific considerations.",0
"stream-MSA: A microservices’ methodology for the creation of short, fast-paced, stream processing pipelines","Broad deployment of IoT solutions has resulted in the emergence of a large number of applications that generate value from processing the resulting high-frequency data streams. To meet the temporal requirements of those arbitrary simple applications, practitioners commonly employ monolithic approaches. However, the need for low cost and reusable solutions have rendered those approaches obsolete. This paper addresses this issue by discussing how microservice architectures (MSA) can deliver robust and low-cost solutions to manage the data load and real-time requirements. The motivation is to provide a methodology (stream-MSA) that will enable the easy and effective migration of suchlike applications to an MSA approach.",0
On the Performance and Adoption of Search-Based Microservice Identification with toMicroservices,"The expensive maintenance of legacy systems leads companies to migrate such systems to microservice architectures. This migration requires the identification of system’s legacy parts to become microservices. However, the successful identification of microservices, which are promising to be adoptable in practice, requires the simultaneous satisfaction of many criteria, such as coupling, cohesion, reuse and communication overhead. Search-based microservice identification has been recently investigated to address this problem. However, state-of-the-art search-based approaches are limited as they only consider one or two criteria (namely cohesion and coupling), possibly not fulfilling the practical needs of developers. To overcome these limitations, we propose toMicroservices, a many-objective search-based approach that considers five criteria, the most cited by practitioners in recent studies. Our approach was evaluated in a real-life industrial legacy system undergoing a microservice migration process. The performance of toMicroservices was quantitatively compared to a baseline. We also gathered qualitative evidence based on developers’ perceptions, who judged the adoptability of the recommended microservices. The results show that our approach is both: (i) very similar to the most recent proposed approach on optimizing the traditional criteria of coupling and cohesion, but (ii) much better when taking into account all the five criteria. Finally, most of the microservice candidates were considered adoptable by practitioners.",0
Designing Software Architecture to Support Continuous Delivery and DevOps: A Systematic Literature Review,"This paper presents a systematic literature review of software architecture approaches that support the implementation of Continuous Delivery (CD) and DevOps. Its goal is to provide an understanding of the state-of-the-art on the topic, which is informative for both researchers and practitioners. We found 17 characteristics of a software architecture that are beneficial for CD and DevOps adoption and identified ten potential software architecture obstacles in adopting CD and DevOps in the case of an existing software system. Moreover, our review indicated that micro-services are a dominant architectural style in this context. Our literature review has some implications: for researchers, it provides a map of the recent research efforts on software architecture in the CD and DevOps domain. For practitioners, it describes a set of software architecture principles that possibly can guide the process of creating or adapting software systems to fit in the CD and DevOps context.",0
Configuration based process and knowledge management by structuring the software landscape of global operating industrial enterprises with Microservices,"An increasing amount of enterprises is currently facing the topic “knowledge and process management” to be more efficient and to be able to introduce concepts of Industry 4.0. The challenge for these companies, which are mostly not Original Equipment Manufacturers (OEM), but medium to large component suppliers, is that they do not have resources and expertise to establish large corporate departments that will be responsible for standardization. With our concept based on Microservices (MS), we deliver a smart and straightforward system approach that can be implemented, dependent on the available resources, with little external IT support. There is no need of an organizational restructuring that goes along with major invests. Existing stand-alone tools are transferred into a common structured system.",0
Towards a Roadmap for the Migration of Legacy Software Systems to a Microservice based Architecture,"The migration of legacy software systems to a microservice based architecture is not a trivial task due to challenges and difficulties as reported in the literature. The concept of microservices mainly consists in software organized as a suite of small, modular, and independently deployed services that run on their own processes and communicate through well-defined, lightweight mechanisms to serve a business goal. However, the literature is still incipient in relation to step-by-step guidelines supporting practitioners to accomplish the migration from an existing, monolithic structure to a microservice based architecture. Goal: Discuss lessons learned from the migration of legacy software systems to microservices-based architecture. Method: We conducted two studies (a pilot and a case study) aiming at characterizing the relevants steps of such guidelines. Results: We report the steps and challenges observed during the migration reported in this study. Conclusion: We identify at least three main phases that drive the migration process.",0
A Decoupled Health Software Architecture using Microservices and OpenEHR Archetypes,"Coupling is a challenge in software engineering, because errors or failures compromise the whole software execution. To address this issue in the healthcare domain, a Decoupled Health Software Architecture (DHSA) is proposed in this paper. This study presents the development of three components, a tool, and a formal metric. The Connector, Container and Archetype-based microservice (Archemicro) components make the DHSA, which is dynamically generated by the Microservice4EHR tool. For assessing, a legacy software used in Brazilian hospitals is migrated to the DHSA. A comparison is performed between three tools (MARCIA, Template4EHR, and EhrScape). The Archetype-based Software Architecture Coupling (ASAC) is a formal metric to measure the coupling level of Health software architectures. As a result, DHSA increases by 66,6% the decoupling index of the healthcare software. The healthcare domain therefore is benefited with a software architecture that maintains the software operation even if a component from the software architecture causes errors.",0
Secure Architecture for Virtual Machine to Container Migration in Cloud Computing,"Cloud Computing is extension of virtualization concepts which can be included 'As a Service'. It has extensive resource scaling and automation capability to integrate everything together in holistic view. In recent days, Cloud Computing has multiple enhancements and it is maturing with more flexibility but still security issues such as Confidentiality, Integrity and Availability remain exists and cloud adoption is happening drastically even though if issues persist. Virtual machine is building blocks for the application landscape and application architecture is monolithic. Container is the next level of abstraction layer in cloud computing. To migrate the existing virtual machine workload into container based will get into lot of security issues. In this paper, we propose secure architecture to migrate the virtual machine workload to containers in Cloud Computing align with security parameters. Current industry trends and challenges migrate the workload into cloud with server-less architecture and containerization.",0
On the Migration to and Synthesis of (Micro-)services: The Use of Intelligent Techniques,"This chapter investigates the use of Computational Intelligence (CI) to tackle two challenges in the area of services. The first is involved with providing efficient decision support for migrating from monolithic to service-oriented software, while the latter addresses automatic service composition, which is a special form of service migration. Migration to service-oriented architecture (SOA) is influenced by a number of different and intertwined factors. These factors are identified through literature review and expert consultation. Different CI models, such as Fuzzy Influence Diagrams and Fuzzy Cognitive Maps, are employed to organize the factors and study their behavior. Various simulations are conducted that enable decision makers to execute what-if scenarios and take informed decisions as to whether to migrate or not to SOA, as well as to study the decisive factors contributing in favor or against this migration. Service synthesis is a tedious task considering on one hand the plethora of available services and on the other their different, often conflicting characteristics. Automation of this task is therefore a critical issue which deserves attention. In this context, the challenge of automatic service synthesis is addressed through specific methods and techniques based on Evolutionary Computation to achieve such automation to the best possible extent.",0
Micro service Testing Practices in Public Sector Software Projects,"Online services are constantly evolving, which makes service maintainability challenging. This has led to micro service architecture, where big applications are split into smaller services in order to improve applications' maintainability, scalability, and flexibility. However, splitting a single process application into multiple services causes the testing process to be more challenging. This Master's thesis is exploring these testing problems in a micro service context and finding practical guidance for the test implementation. Moreover, this Master's thesis focuses on public sector software projects. Public sector software projects are clearly predefined and the provider has open information about the project's needs. Thus, the project has a clear goal and known boundaries right from the beginning. The research approach for this study is an exploratory multiple case study consisting of three case projects. The data of the case projects were collected through semi-structural interviews and version history commit analysis. The results of this study present a set of successful practices and recommendations for taking testing into account during a micro service oriented agile development process. Successful testing requires monitoring of the project's maturity level to focus testing resources at the right time. Additionally, the case projects brought up practical testing guidance, such as understanding of the common testing responsibility, the importance of peer review, and the value of assigning a specific tester after the project has reached its end-to-end testing phase.",0
Investigating practices and challenges in microservice-based development,"Microservice-based architecture is a principle inspired by service-oriented approaches for building complex systems as a composition of small, loosely coupled components that communicate with each other using language-agnostic APIs. This architectural principle is now becoming increasingly popular in industry due to its advantages, such as greater software development agility and improved scalability of deployed applications. In this thesis, we report on a broad interview study we conducted, which involved practitioners developing microservice-based applications for commercial use for at least two years. By deliberately excluding “newcomers” and focusing the study on “mature” teams, our goal was to collect best practices, lessons learned, and technical challenges practitioners face. Our study helps inform researchers of challenges in developing microservice-based applications, which can inspire novel software engineering methods and techniques. The study also benefits practitioners who are interested to learn from each other, to borrow successful ideas, and to avoid common mistakes.",0
Creating a sustainable digital infrastructure: The role of service-oriented architecture,"The United Nations’ goal of generating sustainable industry, innovation, and infrastructure is the point of departure for our reflective paper. The paper elaborates on the concepts of digital infrastructure, service-oriented architecture, and microservices. It emphasizes the benefits and challenges of creating a sustainable infrastructure based on a service-oriented environment, in which cloud services constitute an important part. We outline the prerequisites for obtaining a sustainable digital infrastructure based on services. Service-oriented architecture (SOA) and recently, microservice architecture, and cloud services, can provide organizations with the improved agility and flexibility essential for generating sustainability in a market focusing on digitalization. The reuse capability of SOA provides a common pool of information technology (IT) resources and qualifies as a green IT approach that impacts environmental protection. Previous research has identified IT and business alignment together with SOA governance as the most critical criteria when implementing SOA. This paper discusses these issues in-depth to explain sustainability.",0
We’re doing it live: A multi-method empirical study on continuous experimentation,"Context Continuous experimentation guides development activities based on data collected on a subset of online users on a new experimental version of the software. It includes practices such as canary releases, gradual rollouts, dark launches, or A/B testing. Objective Unfortunately, our knowledge of continuous experimentation is currently primarily based on well-known and outspoken industrial leaders. To assess the actual state of practice in continuous experimentation, we conducted a mixed-method empirical study. Method In our empirical study consisting of four steps, we interviewed 31 developers or release engineers, and performed a survey that attracted 187 complete responses. We analyzed the resulting data using statistical analysis and open coding. Results Our results lead to several conclusions: (1) from a software architecture perspective, continuous experimentation is especially enabled by architectures that foster independently deployable services, such as microservices-based architectures; (2) from a developer perspective, experiments require extensive monitoring and analytics to discover runtime problems, consequently leading to developer on call policies and influencing the role and skill sets required by developers; and (3) from a process perspective, many organizations conduct experiments based on intuition rather than clear guidelines and robust statistics. Conclusion Our findings show that more principled and structured approaches for release decision making are needed, striving for highly automated, systematic, and data- and hypothesis-driven deployment and experimentation.",0
"Serverless Computing-Where Are We Now, and Where Are We Heading?","Serverless systems are becoming more popular and being adopted by a large number of companies. Serverless computing is a new paradigm that provides a platform to efficiently develop and deploy applications to the market without having to manage any underlying infrastructure.1,2 However, serverless solutions introduce several new issues that companies need to tackle. In this article, we introduce serverless technology and its evolution, discuss its benefits and issues, and describe future challenges that researchers should address.",0
MAMS: Multi-Agent MicroServices✱,"This paper explores the intersection between microservices and Multi-Agent Systems (MAS), introducing the notion of a new approach to building MAS known as Multi-Agent MicroServices (MAMS). Our approach is illustrated through a worked example of a Vickrey Auction implemented as a microservice.",0
Towards a Methodology to Form Microservices from Monolithic Ones,"Cloud computing is the cornerstone for elastic and on-demand service provisioning to achieve more efficient resource utilisation and quicker responses to varying application loads. Virtual machines, one of the building blocks of clouds, can be created using provider specific templates stored in proprietary repositories, which may lead to provider lock-in and decreased portability. Despite these enabling technologies, large scale service oriented applications are still mostly inelastic. Such applications often use monolithic services that limit the elasticity (e.g., by obstructing the replicability of parts of a monolithic service). Decomposing these services to smaller, more targeted and more modular services would open towards elasticity, but the decomposition process is mostly manual. This paper introduces a methodology for decomposing monolithic services to several so called microservices. The proposed methodology applies several achievements of the ENTICE project: its image synthesis and optimisation tools. Finally, the paper provides insights on how these achievements help revitalise past monolithic services, and what techniques are applied to aid future microservice developers.",0
"Motivations, benefits, and issues for adopting Micro-Frontends: A Multivocal Literature Review","Context: Micro-Frontends are increasing in popularity, being adopted by several large companies, such as DAZN, Ikea, Starbucks and may others. Micro-Frontends enable splitting of monolithic frontends into independent and smaller micro applications. However, many companies are still hesitant to adopt Micro-Frontends, due to the lack of knowledge concerning their benefits. Additionally, provided online documentation is often times perplexed and contradictory. Objective: The goal of this work is to map the existing knowledge on Micro-Frontends, by understanding the motivations of companies when adopting such applications as well as possible benefits and issues. Method: For this purpose, we surveyed the academic and grey literature by means of the Multivocal Literature Review process, analysing 173 sources, of which 43 reported motivations, benefits and issues. Results: The results show that existing architectural options to build web applications are cumbersome if the application and development team grows, and if multiple teams need to develop the same frontend application. In such cases, companies adopted Micro-Frontends to increase team independence and to reduce the overall complexity of the frontend. The application of the Micro-Frontend, confirmed the expected benefits, and Micro-Frontends resulted to provide the same benefits as microservices on the back end side, combining the development team into a fully cross-functional development team that can scale processes when needed. However, Micro-Frontends also showed some issues, such as the increased payload size of the application, increased code duplication and coupling between teams, and monitoring complexity. Conclusions: Micro-Frontends allow companies to scale development according to business needs in the same way microservices do with the back end side. In addition, Micro-Frontends have a lot of overhead and require careful planning if an advantage is achieved by using Micro-Frontends. Further research is needed to carefully investigate this new hype, by helping practitioners to understand how to use Micro-Frontends as well as understand in which contexts they are the most beneficial.",0
Analysis of requirements and technologies to migrate software development to the PaaS model,"Software development has been evolving during the last years and, more and more, the software architecture to support this development has become more complex to meet the new requirements and new technologies. With the new cloud computing architecture and models, IT departments and ISV are developing new applications and moving the traditional software architecture to the cloud. In this context, Platform as a Service (PaaS) model can provide software development services and components within a new architecture for building a new generation of software with all benefits of cloud, like scalability and elasticity. However, currently, most companies have significant challenges to adapt and change its software development process to use the PaaS architecture and the cloud services. In this dissertation, it will first be identified and analyzed the changes and challenges for develop software with the PaaS architecture. Afterwards, will be analyzed and identified the requirements in a traditional software development and architecture (on premise) to development new software or adapt the existents software with the PaaS.",0
The Feasibility of Function as a Service to Improve Backend,"Since cloud computing emerged, business paradigm was changed more dynamically, thus application architecture was required to have a capability to be interact with new requirements as fast as possible. Therefore, Microservices has been the trend of application architecture due to its flexibility. However, some of issues have been surfaced and the movement to solve those issues have been processing. Recently, cloud computing providers such as Amazon, Microsoft, IBM, and Google introduced the possible solution that is Function as a Service. The paper aimed to examine whether FaaS can be improved application backend via integrating FaaS architecture into Microservices architecture. For implementation, two prototypes were designed. One is the prototype of Microservices backend was implemented. The other is Microservices combined with FaaS that some of services in the prototype of Microservices were changed to FaaS via Kubeless framework, one of Serverless framework. The result of benchmarking both prototypes was that Microservices performed better than Microservices combined with FaaS in terms of backend performance. On the other hands, CPU and memory usage and development cycle was more efficient in Microservice combined with FaaS than Microservices. To summarize, FaaS did not improve backend performance but improve CPU and memory usage and development cycle. Therefore, readers need to consider which point is important in their use case to decide incorporating FaaS into their system.",0
How to transition incrementally to microservice architecture,A field study examines technological advances that have created versatile software ecosystems to develop and deploy microservices.,0
Research on Micro Service Architecture of Power Information System Based on Docker Container,"With the development of energy internet, the complexity of power information system is increasing day by day, and the ecosphere of cooperation and sharing among different industries is gradually formed. Based on Docker container technology and Kubernetes container layout technology, this paper studies the design principle and top-level architecture of power information system micro-service platform, and proposes the implementation scheme of service discovery, message communication and load balancing in power information system micro-service. Finally, the performance of the system is verified by simulation experiments.",0
Microservice architecture design for autograder using distributed architecture,"An autograder is a system for grading student code submission so the lecturer and student can get the result immediately after code has been submitted. This system using distributed architecture which uses multiple backends as a grader in purpose to reduce execution time caused by the queue. This system needs some components to make it work. Based on distributed architecture applied in this system design, the components need to be separated and run independently but still running their respective orchestras. In this paper, we propose a microservice architecture design to determine components that might be needed by autograder to complete its purpose and run well.",0
Microservices Architecture for Tenant-oriented Cloud-based Control Software Services: POC and Proposals,"Microservices architecture, where application is composed of a set of independently deployable services is a popular modern approach for building enterprise-level applications, meanwhile most of the cloud solutions for control software (including IoT) are designed in so called monolithic way. LXC-based (docker) microservices allow developers to seamlessly migrate current software solutions from VMs to containers. Nowadays, such container-based applications are used primarily for simple semi-automated deployments, when containers are deployed only at the launch time of the whole system and modified when needed. In this paper we analyze application of docker-microservices as functional blocks for control software, propose on-demand tenant-oriented microservices approach (where entire independent topologies of microservices are being deployed on per-tenant basis) for building clouds of control software, review requirements for management system of such cloud and investigate contemporary container-management systems. Constructed test cluster highlighted some disadvantages of Kubernetes regarding multi-tenant container administration. Advanced Container Management System (AMS) is designed as one more level of orchestration on top of Kubernetes. Conducted demo showed practical value and flexibility of the introduced tenant-oriented microservices method. Described design will be helpful for cloud providers of control software who want to organize elastic on-demand service provisioning.",0
An Approach to Modeling Microservice Solutions,"Modeling occupies an important place in microservice solutions. However, as far as approaches covering whole development cycle are concerned, either their modeling languages are too simple, or modeling processes are incomplete. This paper presents an approach to modeling microservice solutions based on CBDI SAE metamodel for SOA 3, which has gotten the widely attention of academic and industrial circles. The paper discusses which modeling activities can output which models and how to build and describe the models, and prescribes the relations between the models.",0
Designing Online Healthcare Using DDD in Microservices Architecture,"Today, the system development had been transformed to service-oriented architecture. It more specific in microservices architecture to responds the agility and flexibility in software maintenance. This transformation is an important part that promoting independence, speed and security, while still kept balanced with the company’s condition through comprehensive and effective steps. Culture of the development cycle of a company highly affected by the adaptation of microservices architecture. Thus, in order to achieve flexibility, speed and security, which are the main goal of adapting microservices, changes must be deliver well and sustainably. This study focused on designing of microservices architecture for health system using domain driven design (DDD) approach.",0
Microservices in Software Development,"The purpose of this thesis was to examine microservice-based architecture and compare it to the traditional monolithic approach. The thesis project was conducted in a case company, where a new welfare application is under development. It is implemented with microservices and will eventually replace a preceding, monolithic legacy system. The goals were to analyze the advantages of using microservices in software development and study various principles, design aspects and technologies that are commonly paired with them. The reform of welfare and social care in Finland is tightly related to this application project. However, even if the reform was not passed, the need for a renewed application remains. The legacy application is not compliant with the new national requirements regarding, for example, service code classifications. Furthermore, the new application can be integrated with external resources and services. Microservice architecture is based on independent and isolated services, which resemble multiple small applications. Each microservice offers a logically separated set of functionalities and the collaboration of the services forms the overall functionality of the application. All communication between the services happens via versioned interfaces. Microservice architecture was an apt choice for this whole project based on its features, since the migration from the preceding legacy software can be done gradually by deploying new features in the form of microservices. Additionally, it fits together with Agile development methodologies. Microservices do not share resources and their lifecycles are handled separately, thus different teams and team members are able to work simultaneously without interruptions. The developers are also able to choose the tools they are most comfortable with for each service. The main advantages of microservices proved to be modularity, scalability and fault tolerance. The development cycles are faster and more flexible compared to monoliths. When a service is under strain, more instances of it can be created and the network traffic shared among them instead of adding more physical resources, which presents financial savings and enhanced service availability. The microservices of this project were managed with container technologies, which is a lightweight deployment method and allows them to be easily transferred to cloud services in the future.",0
Migrating Towards Microservice Architectures: An Industrial Survey,"Microservices are gaining tremendous traction in industry and a growing scientific interest in academia. More and more companies are adopting this architectural style for modernizing their products and taking advantage of its promised benefits (e.g., agility, scalability). Unfortunately, the process of moving towards a microservice-based architecture is anything but easy, as there are plenty of challenges to address from both technical and organizational perspectives. In this paper we report about an empirical study on migration practices towards the adoption of microservices in industry. Specifically, we designed and conducted a survey targeting practitioners involved in the process of migrating their applications and we collected information (by means of interviews and questionnaires) on (i) the performed activities, and (ii) the challenges faced during the migration. Our findings benefit both (i) researchers by highlighting future directions for industryrelevant problems and (ii) practitioners by providing a reference framework for their (future) migrations towards microservices.",0
The ENTICE approach to decompose monolithic services into microservices,"Cloud computing has enabled elastic and on-demand service provisioning to achieve more efficient resource utilisation and quicker responses to varying application loads. Virtual machines, the building blocks of clouds, can be created using provider specific templates stored in proprietary repositories, which may lead to provider lock-in and decreased portability. Despite these enabling technologies, large scale service oriented applications are still mostly inelastic. Such applications often use monolithic services that limit the elasticity (e.g., by obstructing the replicability of parts of a monolithic service). Decomposing these services (leading to smaller, more targeted and more modular services) would open towards elasticity, but the decomposition process is mostly manual. This paper introduces a methodology for decomposing monolithic services to several so called microservices. The proposed methodology applies several outcomes of the ENTICE project (namely its image synthesis and optimisation tools). Finally, the paper provides insights on how these outcomes help revitalise past monolithic services, and what techniques are applied to aid future microservice developers.",0
Autonomous Network Slicing Prototype Using Machine-Learning-Based Forecasting for Radio Resources,"With the emergence of virtualization and software automation for mobile networks, network slicing is enabling operators to dynamically provision network resources tuned to suit heterogeneous service requirements. This article investigates the architectures of the fifth generation (5G) of mobile networks experimental prototypes with a focus on network slicing. We present some existing 5G prototypes and identify their gaps. We then propose an architecture and a design of a 5G micro-service-based prototype. This prototype has the ability to auto-con-figure radio resources for network slices using machine-learning-powered decisions based on real-time acquired performance metrics. Finally, we discuss some use cases on top of this prototype and their related results before concluding.",0
Assuring the Evolvability of Microservices: Insights into Industry Practices and Challenges,"While Microservices promise several beneficial characteristics for sustainable long-term software evolution, little empirical research covers what concrete activities industry applies for the evolvability assurance of Microservices and how technical debt is handled in such systems. Since insights into the current state of practice are very important for researchers, we performed a qualitative interview study to explore applied evolvability assurance processes, the usage of tools, metrics, and patterns, as well as participants' reflections on the topic. In 17 semi-structured interviews, we discussed 14 different Microservice-based systems with software professionals from 10 companies and how the sustainable evolution of these systems was ensured. Interview transcripts were analyzed with a detailed coding system and the constant comparison method. We found that especially systems for external customers relied on central governance for the assurance. Participants saw guidelines like architectural principles as important to ensure a base consistency for evolvability. Interviewees also valued manual activities like code review, even though automation and tool support was described as very important. Source code quality was the primary target for the usage of tools and metrics. Despite most reported issues being related to Architectural Technical Debt (ATD), our participants did not apply any architectural or service-oriented tools and metrics. While participants generally saw their Microservices as evolvable, service cutting and finding an appropriate service granularity with low coupling and high cohesion were reported as challenging. Future Microservices research in the areas of evolution and technical debt should take these findings and industry sentiments into account.",0
A Prescriptive Model for Migration to Microservices Based on SDLC Artifacts,"Microservices architectural style is gaining popularity in industry and is being widely adopted by large corporations like Amazon, Netflix, Spotify, eBay, and many more. Several other organizations are also preferring to migrate their existing enterprise scale applications to microservices architecture. Researchers have proposed various approaches for microservices decomposition to be used in migrating or rebuilding a monolithic application to microservices. Applying any available approach to an existing monolithic application is not a straightforward decision; thus, there is a need for guidelines that assist in the migration process. There are various challenges in a migration process because different migration approaches use different sets of input data to identify microservices. Since the available migration techniques are not structured, logically, selection of an appropriate migration strategy is a difficult decision for any system architect. So, it is a recurrent open research question – which migration technique should be adopted to get microservices for a legacy monolithic application? This paper addresses this research challenge by examining existing approaches for microservices migration and groups them based on software development life cycle (SDLC) artifacts. Our research also proposes a microservices prescriptive model (MPM) from the existing prominent microservice migration techniques. This model provides recommendation (1) for refactoring an existing legacy system to microservices, and (2) for new microservices development projects. Our study also helps in gaining more insight about greenfield and brownfield development approaches in microservices applications. Moreover, researchers and practitioners of the field can benefit from this model to further validate their migration approaches based on the available system artifacts.",0
A Brief History of Cloud Application Architectures: From Deployment Monoliths via Microservices to Serverless Architectures and Possible Roads Ahead,"This paper presents a review of cloud application architectures and its evolution. It reports observations being made during the course of a research project that tackled the problem to transfer cloud applications between different cloud infrastructures. As a side effect we learned a lot about commonalities and differences from plenty of different cloud applications which might be of value for cloud software engineers and architects. Throughout the course of the research project we analyzed industrial cloud standards, performed systematic mapping studies of cloud-native application related research papers, performed action research activities in cloud engineering projects, modeled a cloud application reference model, and performed software and domain specific language engineering activities. Two major (and sometimes overlooked) trends can be identified. First, cloud computing and its related application architecture evolution can be seen as a steady process to optimize resource utilization in cloud computing. Second, this resource utilization improvements resulted over time in an architectural evolution how cloud applications are being build and deployed. A shift from monolithic servce-oriented architectures (SOA), via independently deployable microservices towards so called serverless architectures is observable. Especially serverless architectures are more decentralized and distributed, and make more intentional use of independently provided services. In other words, a decentralizing trend in cloud application architectures is observable that emphasizes decentralized architectures known from former peer-to-peer based approaches. That is astonishing because with the rise of cloud computing (and its centralized service provisioning concept) the research interest in peer-to-peer based approaches (and its decentralizing philosophy) decreased. But this seems to change. Cloud computing could head into future of more decentralized and more meshed services.",0
An analysis of microservice frameworks,"Microservice architecture has entered the industry to solve some of the problems with the monolithic architecture. However, this architecture comes with its own set of problems. In order to solve the microservice architecture problems while also providing additional functionalities, microservice frameworks have been developed. In this thesis, microservice frameworks were compared and thereafter two were chosen to implement a small part of a large monolithic system as microservices. This was done in order to see how well they could implement the different functionalities that the frameworks provided in relation to the benefits and the cross-cutting concerns of the microservice architecture which are concerns that is applicable to the entire system. The results showed that the frameworks embraced the benefits of the microservice architecture in the aspects of maintainability and scalability. However, in the terms of being able to change frameworks in the pursuit of newer technologies there were problems. Some functionalities such as service discovery requires all of the new services created to use the same mechanism in order to create a unified system. There were also problems caused by the load balancing mechanism provided by the frameworks used in this thesis. The load balancing mechanism made the system unable to send large data files which was crucial for the system that was to be implemented as a microservice system.",0
Java Code Analysis and Transformation into AWS Lambda Functions,"Software developers are faced with the issue of either adapting their programming model to the execution model (e.g. cloud platforms) or finding appropriate tools to adapt the model and code automatically. A recent execution model which would benefit from automated enablement is Function-as-a-Service. Automating this process requires a pipeline which includes steps for code analysis, transformation and deployment. In this paper, we outline the design and runtime characteristics of Podilizer, a tool which implements the pipeline specifically for Java source code as input and AWS Lambda as output. We contribute technical and economic metrics about this concrete 'FaaSification' process by observing the behaviour of Podilizer with two representative Java software projects.",0
A Design For Application Of Mobile Agent Technology To Microservice Architecture,"A monolithic service is based on the N-tier architecture in many cases. In order to divide a monolithic service into microservices, it is necessary to redefine a model as a new microservice by extracting and merging existing models across layers. Refactoring a monolithic service into microservices requires advanced technical capabilities, and it is a difficult way. This paper proposes a design and concept to ease the migration of a monolithic service to microservices using the mobile agent technology. Our proposed approach, mobile agents-based design and concept, enables to ease dividing and merging services.",0
A Capillary Computing Architecture for Dynamic Internet of Things: Orchestration of Microservices from Edge Devices to Fog and Cloud Providers,"The adoption of advanced Internet of Things (IoT) technologies has impressively improved in recent years by placing such services at the extreme Edge of the network. There are, however, specific Quality of Service (QoS) trade-offs that must be considered, particularly in situations when workloads vary over time or when IoT devices are dynamically changing their geographic position. This article proposes an innovative capillary computing architecture, which benefits from mainstream Fog and Cloud computing approaches and relies on a set of new services, including an Edge/Fog/Cloud Monitoring System and a Capillary Container Orchestrator. All necessary Microservices are implemented as Docker containers, and their orchestration is performed from the Edge computing nodes up to Fog and Cloud servers in the geographic vicinity of moving IoT devices. A car equipped with a Motorhome Artificial Intelligence Communication Hardware (MACH) system as an Edge node connected to several Fog and Cloud computing servers was used for testing. Compared to using a fixed centralized Cloud provider, the service response time provided by our proposed capillary computing architecture was almost four times faster according to the 99th percentile value along with a significantly smaller standard deviation, which represents a high QoS.",0
Pattern‐based multi‐cloud architecture migration,"Many organizations migrate on-premise software applications to the cloud. However, current coarse-grained cloud migration solutions have made such migrations a non transparent task, an endeavor based on trial-and-error. This paper presents Variability-based, Pattern-driven Architecture Migration (V-PAM), a migration method based on (i) a catalogue of fine-grained service-based cloud architecture migration patterns that target multi-cloud, (ii) a situational migration process framework to guide pattern selection and composition, and (iii) a variability model to structure system migration into a coherent framework. The proposed migration patterns are based on empirical evidence from several migration projects, best practice for cloud architectures and a systematic literature review of existing research. Variability-based, Pattern-driven Architecture Migration allows an organization to (i) select appropriate migration patterns, (ii) compose them to define a migration plan, and (iii) extend them based on the identification of new patterns in new contexts. The patterns are at the core of our solution, embedded into a process model, with their selection governed by a variability model.",0
An Open Source Testbed for Virtualized Communication Networks,"Communication networks and the systems they interconnect are going through a phase of tremendous change. The former agnostic delivery of content between endpoints has given way to networks increasingly adding functionality beyond moving data. Softwarization technologies including network function virtualization (NFV) and soft-ware-defined networking (SDN) are key enablers that introduce computing into the network. This revolution, especially for mobile communication networks, represents a major paradigm shift away from agnostic data delivery. Subsequently, there is a significant need to provide well-defined environments offering replicability to effectively test and evaluate protocols and mechanisms that integrate computing into networks. This article presents the Communication Networks Emulator (ComNetsEmu), which provides an SDN and NFV network emulation environment based on community-embraced open source packages and enables replicable research and development on limited resource commodity hardware. In this article, we describe the underlying ComNetsEmu architecture and provide a hands-on description of its use for researchers, practitioners, and educators alike.",0
Designing microservice architectures for scalability and reliability in e-commerce,"The rapid growth of ICT is one of the challenges and opportunities in the field of purchasing, selling, and marketing goods and services are better known in the world of ICT as e-commerce. The need for e-commerce requires various strategies to increase revenue and customer satisfaction. E-commerce companies are required to share various services in increasing customer satisfaction. The problem that occurs is that e-commerce is demanded to have reusability services, automated service deployments, and fast service scalability. The best approach now is to use microservice to support current e-commerce needs. This paper discusses the design of a microservice on e-commerce services with the design science research methodology (DSRM) approach. The evaluation process was testing the performance, accessibility, best practices, search engine optimization. The results from the proof of concept microservice architecture for e-commerce already presented in this paper. Performance testing result shown the microservice architecture shows a better 30 percent and 4 percent compare with monolithic architecture for scripting and painting.",0
No Free Lunch: Microservice Practices Reconsidered in Industry,"Microservice architecture advocates a number of technologies and practices such as lightweight container, container orchestration, and DevOps, with the promised benefits of faster delivery, improved scalability, and greater autonomy. However, microservice systems implemented in industry vary a lot in terms of adopted practices and achieved benefits, drastically different from what is advocated in the literature. In this article, we conduct an empirical study, including an online survey with 51 responses and 14 interviews for experienced microservice experts to advance our understanding regarding to microservice practices in industry. As a part of our findings, the empirical study clearly revealed three levels of maturity of microservice systems (from basic to advanced): independent development and deployment, high scalability and availability, and service ecosystem, categorized by the fulfilled benefits of microservices. We also identify 11 practical issues that constrain the microservice capabilities of organizations. For each issue, we summarize the practices that have been explored and adopted in industry, along with the remaining challenges. Our study can help practitioners better position their microservice systems and determine what infrastructures and capabilities are worth investing. Our study can also help researchers better understand industrial microservice practices and identify useful research problems.",0
QoS and efficiency for FaaS platforms,"Serverless computing or function-as-a-service (FaaS) provides a way to write applications composed of scalable and manageable independent tasks communicating seamlessly without developer involvement. Strict performance guarantees or service-level agreements (SLAs) provided by cloud vendors demand predictable performance of serverless applications. Performance predictability in a datacenter environment suffers due to contention for hardware resources. In this study, we evaluate the effects of contention on two FaaS platforms; AWS Lambda, an industry leader in serverless, and the open-source OpenFaaS serverless stack. We develop a complete set of microbenchmarks as well as end-to-end applications composed of multiple functions as a benchmark suite to facilitate our study. We quantify baseline system costs of these applications across both stacks given traditional orchestration mechanisms in an isolated system. We also quantify the same with co-located workloads in datacenter-like setting with Kubernetes orchestration. We show, via experiments, that significant performance slack exists at low to moderate loads and we can intelligently colocate workloads to maximize hardware utilization while still meeting QoS target latencies. Finally, we present a contention-aware static scheduling solution for FaaS platforms with predictable performance and compare it to static versions of baseline related works. We find that an intelligent FaaS orchestrator can be based along similar lines (similar hardware-level features) as a microservices one.",0
Microservice Maturity of Organizations: towards an assessment framework,"This early work aims to allow organizations to diagnose their capacity to properly adopt microservices through initial milestones of a Microservice Maturity Model (MiMMo). The objective is to prepare the way towards a general framework to help companies and industries to determine their microservices maturity. Organizations lean more and more on distributed web applications and Line of Business software. This is particularly relevant during the current Covid-19 crisis, where companies are even more challenged to offer their services online, targeting a very high level of responsiveness in the face of rapidly increasing and diverse demands. For this, microservices remain the most suitable delivery application architectural style. They allow agility not only on the technical application, as often considered, but on the enterprise architecture as a whole, influencing the actual financial business of the company. However, microservices adoption is highly risk-prone and complex. Before they establish an appropriate migration plan, first and foremost, companies must assess their degree of readiness to adopt microservices. For this, MiMMo, a Microservices Maturity Model framework assessment, is proposed to help companies assess their readiness for the microservice architectural style, based on their actual situation. MiMMo results from observations of and experience with about thirty organizations writing software. It conceptualizes and generalizes the progression paths they have followed to adopt microservices appropriately. Using the model, an organization can evaluate itself in two dimensions and five maturity levels and thus: (i) benchmark itself on its current use of microservices; (ii) project the next steps it needs to achieve a higher maturity level and (iii) analyze how it has evolved and maintain a global coherence between technical and business stakes.",0
Improving the Performance and Availability of Microservice-Based Cloud Applications,"With the advent of cloud computing, many organizations are moving their software systems to cloud environments. This migration from on-premises to cloud infrastructure has led to the emergence of cloud applications. One of the essential concepts around cloud applications and cloud services is Quality of Service (QoS). Cloud providers are responsible for maintaining the QoS of the cloud services according to the Service Level Agreement (SLA). In this thesis, we focus on performance as one of QoS's dimensions and explore three different ways to improve the performance of cloud applications. In the first part of this thesis, we use the serverless paradigm to improve the performance of a cloud application with a monolithic architecture running on a single virtual machine. The results suggest that the serverless paradigm improves the performance of the application under study by 93x. In the second part of this thesis, we introduce an autoscaling approach for microservice applications that leverages machine learning to model the performance behaviour of each service in the application and the performance impact of services on each other. The results show that the proposed autoscaling method improves the performance of microservice applications compared to Kubernetes HPA, the de facto standard for autoscaling in the industry. In the third part of this thesis, we leverage software multi-versioning as a cost-effective way to improve the performance and availability of cloud applications, particularly in situations where our computational resources are limited. The results show that multi-versioning can be used as an effective method for maintaining the performance of cloud applications at the desired level.",0
A mixed-method empirical study of Function-as-a-Service software development in industrial practice,"Function-as-a-Service (FaaS) describes cloud computing services that make infrastructure components transparent to application developers, thus falling in the larger group of “serverless” computing mod- els. When using FaaS offerings, such as AWS Lambda, developers provide atomic and short-running code for their functions, and FaaS providers execute and horizontally scale them on-demand. Currently, there is nosystematic research on how developers use serverless, what types of applications lend themselves to this model, or what architectural styles and practices FaaS-based applications are based on. We present results from a mixed-method study, combining interviews with practitioners who develop applications and systems that use FaaS, a systematic analysis of grey literature, and a Web-based survey. We find that successfully adopting FaaS requires a different mental model, where systems are primarily constructed by composing pre-existing services, with FaaS often acting as the “glue” that brings these services to- gether. Tooling availability and maturity, especially related to testing and deployment, remains a major difficulty. Further, we find that current FaaS systems lack systematic support for function reuse, and ab- stractions and programming models for building non-trivial FaaS applications are limited. We conclude with a discussion of implications for FaaS providers, software developers, and researchers.",0
Towards Micro Service Architecture Recovery: An Empirical Study,"Micro service architectures are rapidly establishing themselves in the software industry as a more efficient and effective substitute for monolithic applications. In a micro service architecture, the application is broken down into many small elements called micro services. These are managed in a distributed way and typically involve several development teams. In such an environment, an architectural model can get lost along the way, making it difficult to perform many downstream software engineering tasks, such as migration, audit, integration or impact analysis. To address this problem, we are developing support for Micro Service Architecture Recovery (MiSAR) using a Model Driven Engineering approach. In this paper, we describe an empirical study which aims to identify the core elements of our approach, by undertaking manual analysis on 8 micro service-based open source projects. From this analysis, we define a metamodel for micro service-based architectures and a set of mapping rules which map between the software and the metamodel. The resulting metamodel and mapping rules provide a solid foundation for any micro service architecture recovery approach and hence are a key first step towards managing the architectural integrity of micro service-based applications.",0
A Design with Mobile Agent Architecture for Refactoring A Monolithic Service into Microservices,"Refactoring monolithic architecture into microservice architecture is a difficult task. In many cases, a monolithic service is divided into N-tiers based on the N-tier architecture. In order to divide a monolithic service into microservices, it is necessary to redefine a model as a new microservice by extracting models across layers and integrating them. However, since different layers and architectures are used for each layer, such as a database, an application framework, server software, etc., programs and models extracted from each tier are often redesigned and re-implemented in many cases. In this paper, we focus to the mobile agent technology that builds a system only by the simple two methods of agent's migration between computers and messaging between agents; and we propose the system architecture to facilitate the migration of a monolithic service to microservices.",0
Towards a Technique for Extracting Relational Actors from Monolithic Applications,"Relational actors, or reactors for short, integrate the actor model with the relational data model, providing an abstraction for enabling actor-relational database systems. However, as a novel model of computation for databases, there is no extensive work on reasoning about reactor modeling. To close this gap, this paper aims to propose as well as evaluate a technique to extract reactors from a monolithic system. For evaluation, we selected a REST-based open-source OLTP system in which a decomposition to microservices was conducted and applied our technique on its predecessor monolithic version. Our technique led to the same set of decisions, regarding table and behavior selection, taken by experts when decomposing the same system into microservices. The proposed technique can be seen as a first step towards supporting practitioners in decomposing OLTP systems into reactors.",0
Domain Objects and Microservices for Systems Development: A Roadmap,"This paper discusses a roadmap to investigate Domain Objects being an adequate formalism to capture the peculiarity of microservice architecture, and to support Software development since the early stages. It provides a survey of both Microservices and Domain Objects, and it discusses plans and reflections on how to investigate whether a modeling approach suited to adaptable service-based components can also be applied with success to the microservice scenario.",0
Snafu: Function-as-a-Service (FaaS) Runtime Design and Implementation,"Snafu, or Snake Functions, is a modular system to host, execute and manage language-level functions offered as stateless (micro-)services to diverse external triggers. The system interfaces resemble those of commercial FaaS providers but its implementation provides distinct features which make it overall useful to research on FaaS and prototyping of FaaS-based applications. This paper argues about the system motivation in the presence of already existing alternatives, its design and architecture, the open source implementation and collected metrics which characterise the system.",0
Integrasi Data Pada Learning Management System Canvas Menggunakan Microservice,"Monolithic Architecture is an architecture that represents an application created and wrapped in one section. The main problem in using monolithic architecture once the system is big lies in the factors of maintenance, scalability, and availability. This research aims to apply microservice architecture with pattern API Gateway for data integration purposes I the Canvas learning management system. The container technology using docker is selected to wrap services along with the packages and configuration, as well as the use of the docker swarm to manage containers. The result of this research shows that microservice architecture can be applied to integrate data, the use of container technology and docker swarm can do more than one scalability service, and can keep the service availability service active even when the other services are experiencing problems, and the use of API Gateway technology can centralize service requests to access separate services on the microservice architecture through one track.",0
Improving microservice-based applications with runtime placement adaptation,"Microservices are a popular method to design scalable cloud-based applications. Microservice-based applications (μApps) rely on message passing for communication and to decouple each microservice, allowing the logic in each service to scale independently. Complex μApps can contain hundreds of microservices, complicating the ability of DevOps engineers to reason about and automatically optimize the deployment. In particular, the performance and resource utilization of a μApp depends on the placement of the microservices that compose it. However, existing tools for μApps, like Kubernetes, provide minimal ability to influence the placement and utilization of a μApp deployment. In this paper, we first identify the runtime aspects of microservice execution that impact the placement of microservices in a μApp. We then review the challenges of reconfiguring a μApp based on these aspects. Our main contribution is an adaptation mechanism, named REMaP, to manage the placement of microservices in an μApp automatically. To achieve this, REMaP uses microservice affinities and resource usage history. We evaluate our REMaP prototype and demonstrate that our solution is autonomic, lowers resource utilization, and can substantially improve μApp performance.",0
Providing ultra‐short latency to user‐centric 5G applications at the mobile network edge,"Mobile Edge Computing (MEC) will play a key role in next-generation mobile networks to extend the range of supported delay-sensitive applications. Furthermore, an increasing attention is paid to provide user-centric services, to better address the strict requirements of novel immersive applications. In this scenario, MEC solutions need to efficiently cope with user mobility, which requires fast relocation of service instances to guarantee the desired Quality of Experience. However, service migration is still an open issue, especially for resource-constrained edge nodes interconnected by high-latency and low-bandwidth links. In this paper, by leveraging the potential of lightweight container-based virtualization techniques, we investigate a novel approach to support service provisioning in dynamic MEC environments. In particular, we present a framework where proactive service replication for stateless applications is exploited to drastically reduce the time of service migration between different cloudlets and to meet the latency requirements. The performance evaluation shows promising results of our approach with respect to classic reactive service migration.",0
Microservices and Its Applications An Overview,"International Journal of Computer Sciences and Engineering (A UGC Approved and indexed with DOI, ICI and Approved, DPI Digital Library) is one of the leading and growing open access, peer-reviewed, monthly, and scientific research journal for scientists, engineers, research scholars, and academicians, which gains a foothold in Asia and opens to the world, aims to publish original, theoretical and practical advances in Computer Science,Information Technology, Engineering (Software, Mechanical, Civil, Electronics & Electrical), and all interdisciplinary streams of Computing Sciences. It intends to disseminate original, scientific, theoretical or applied research in the field of Computer Sciences and allied fields. It provides a platform for publishing results and research with a strong empirical component. It aims to bridge the significant gap between research and practice by promoting the publication of original, novel, industry-relevant research.",0
Architecture for Analysis of Streaming Data,"While several attempts have been made to construct a scalable and flexible architecture for analysis of streaming data, no general model to tackle this task exists. Thus, our goal is to build a scalable and maintainable architecture for performing analytics on streaming data. To reach this goal, we introduce a 7-layered architecture consisting of microservices and publish-subscribe software. Our study shows that this architecture yields a good balance between scalability and maintainability due to high cohesion and low coupling of the solution, as well as asynchronous communication between the layers. This architecture can help practitioners to improve their analytic solutions. It is also of interest to academics, as it is a building block for a general architecture for processing streaming data.",0
Performance Estimation of Container-Based Cloud-to-Fog Offloading,"Fog computing offloads latency critical services of a Cloud application onto resources located at the edge of the network that are in close proximity to end-user devices. The research in this paper is motivated towards characterising and estimating the time taken to offload a service using containers, which is investigated in the context of the 'Save and Load' container migration technique. To this end, the research addresses questions such as whether fog offloading can be accurately modelled and which system and network related parameters influence offloading. These are addressed by exploring a catalogue of 21 different metrics both at the system and process levels that is used as input to four estimation techniques using a collective model and individual models to predict the time taken for offloading. The study is pursued by collecting over 1.1 million data points and the preliminary results indicate that offloading can be modelled accurately.",0
Automation of the Incremental Integration of Microservices Architectures,"Microservices have appeared as a new architectural style that is native to the cloud. The high availability and agility of the cloud demands organizations to migrate or design microservices, promoting the building of applications as a suite of small and cohesive services that are independently developed, deployed and scaled. Current cloud development approaches do not support the incremental integration needed for microservice platforms, and the agility of getting new functionalities out to customers is consequently affected by the lack of support for the integration design and automation of the development and deployment tasks. This paper presents an approach for the incremental integration of microservices that will allow architects to specify and design microservice integration, and provide mechanisms to automatically obtain the implementation code for business logic and interoperation among microservices, along with deployment and architectural reconfiguration scripts specific to the cloud environment in which the microservice will be deployed.",0
Externalization of Packet Processing in Software Defined Networking,"Current software defined networking (SDN) controllers aggregate all control plane subsystems into a monolithic program. A controller that follows the aggregated approach defines its own set of programming interfaces and services, making application development dependent on a particular SDN controller, and restricting portability of management applications across controllers. We propose a new architecture that disaggregates controller functionality and externalizes packet processing, a critical first step towards migrating from a centralized, monolithic design to a decentralized microservice control plane architecture in which SDN controller functions are divided into a smaller, interconnected set. We argue that dividing a monolithic controller into smaller pieces has advantages.",0
A Kubernetes controller for managing the availability of elastic microservice based stateful applications,"The architectural style of microservices has been gaining popularity in recent years. In this architectural style, small and loosely coupled modules are deployed and scaled independently to compose cloud-native applications. Carrier-grade service providers are migrating their legacy applications to a microservice based architecture running on Kubernetes which is an open source platform for orchestrating containerized microservice based applications. However, in this migration, service availability remains a concern. Service availability is measured as the percentage of time the service is provisioned. High Availability (HA) is achieved when the service is available at least 99.999% of the time. In this paper, we identify possible architectures for deploying stateful microservice based applications with Kubernetes and evaluate Kubernetes from the perspective of availability it provides for its managed applications. The results of our experiments show that the repair actions of Kubernetes cannot satisfy HA requirements, and in some cases cannot guarantee service recovery. Therefore, we propose an HA State Controller which integrates with Kubernetes and allows for application state replication and automatic service redirection to the healthy microservice instances by enabling service recovery in addition to the repair actions of Kubernetes. Based on experiments we evaluate our solution and compare the different architectures from the perspective of availability and scaling overhead. The results of our investigations show that our solution can improve the recovery time of stateful microservice based applications by 50%.",0
Microservices for Redevelopment of Enterprise Information Systems and Business Processes Optimization,"Due to cost pressure and static technological development, the lifecycle of large enterprise information systems in operation is coming to an end. At the same time and as part of possible solutions, the demands for cloud systems in the enterprise context is continuously growing. Although microservices have become an established architectural pattern used by well-known companies, many especially smaller corporations are shying away from using them. In this paper we present the positive and negative effects of converting legacy applications into cloud-based microservice architectures. In addition to technical aspects such as maintainability and scalability, organizational consequences are considered and analyzed. Furthermore, the positive effects on existing business processes, especially ITIL Service Management Processes, are addressed and it is demonstrated how ITIL metrics such as MTRS, MRTT or TRD can be optimized by using microservices. We show advantages of a microservice architecture in the optimization of existing business fields and how new business areas can be opened up easier compared to conventional enterprise architectures. Even if microservices are not a silver bullet, they should be considered and evaluated as an opportunity for a new software lifecycle of a legacy enterprise application or as an architectural pattern for profound redevelopment.",0
A Feature-Based Framework for Structuring Industrial Digital Twins,"Digital twin is a virtual entity that is linked to a real-world entity. Both the link and the virtual representation can be realized in several different ways. However, the ambiguous meanings associated with the term digital twin are causing unnecessary miscommunications as people have different interpretations of what can be accomplished with it. To provide clarity around the concept, we introduce a general approach to analyze and construct digital twins in various applications. We identify the common features of digital twins from earlier literature and propose an analysis method that compares digital twin instances based on these features. The method is used to verify the existence of the features and can be further enhanced. We formulate the observations to a feature-based digital twin framework (FDTF) to universally define and structure digital twins. The framework consists of three main principles: i) the idea that all digital twins consist of a definite set of features, ii) the features can be used to compare digital twin instances to each other, and iii) the features can be combined via a data link feature to construct future digital twins more efficiently. As key contributions, we found that the features can be identified in existing digital twin implementations and the feature combinations of the implementations are diverse. We suggest that the features should be leveraged to provide clarity and efficiency in digital twin discussion and implementation. We further propose a general procedure for building digital twins.",0
Real-Time Context-Aware Microservice Architecture for Predictive Analytics and Smart Decision-Making,"The impressive evolution of the Internet of Things and the great amount of data flowing through the systems provide us with an inspiring scenario for Big Data analytics and advantageous real-time context-aware predictions and smart decision-making. However, this requires a scalable system for constant streaming processing, also provided with the ability of decision-making and action taking based on the performed predictions. This paper aims at proposing a scalable architecture to provide real-time context-aware actions based on predictive streaming processing of data as an evolution of a previously provided event-driven service-oriented architecture which already permitted the context-aware detection and notification of relevant data. For this purpose, we have defined and implemented a microservice-based architecture which provides real-time context-aware actions based on predictive streaming processing of data. As a result, our architecture has been enhanced twofold: on the one hand, the architecture has been supplied with reliable predictions through the use of predictive analytics and complex event processing techniques, which permit the notification of relevant context-aware information ahead of time. On the other, it has been refactored towards a microservice architecture pattern, highly improving its maintenance and evolution. The architecture performance has been evaluated with an air quality case study.",0
Migration of Software Components to Microservices: Matching and Synthesis,"Nowadays more and more software companies, as well as individual software developers, adopt the microservice architecture for their software solutions. Although many software systems are being designed and developed from scratch, a significant number of existing monolithic solutions tend to be transformed to this new architectural style. What is less common, though, is how to migrate component-based software systems to systems composed of microservices and enjoy the benefits of ease of changes, rapid deployment and versatile architecture. This paper proposes a novel and integrated process for the decomposition of existing software components with the aim being to fully or partially replace their functional parts with by a number of suitable and available microservices. The proposed process is built on semi-formal profiling and utilizes ontologies to match between properties of the decomposed functions of the component and those offered by microservices residing in a repository. Matching concludes with recommended solutions yielded by multi-objective optimization which considers also possible dependencies between the functional parts.",1
Microservices From Day One,"Learn what a microservices architecture is, its advantages, and why you should consider using one when starting a new application. The book describes how taking a microservices approach from the start helps avoid the complexity and expense of moving to a service-oriented approach after applications reach a critical code base size or traffic load. Microservices from Day One discusses many of the decisions you face when adopting a service-oriented approach and defines a set of rules to follow for easily adopting microservices. The book provides simple guidelines and tips for dividing a problem domain into services. It also describes best practices for documenting and generating APIs and client libraries, testing applications with service dependencies, optimizing services for client performance, and much more. Throughout the book, you will follow the development of a sample project to see how to apply the best practices described. What You Will Learn: Apply guidelines and best practices for developing projects that use microservices Define a practical microservices architecture at the beginning of a project that allows for fast development Define and build APIs based on real-world best practices Build services that easily scale by using tools available in most programming languages Test applications in a distributed environment Who This Book is For: Software engineers and web developers who have heard about microservices, and want to either move the project/applications they work on to a service-oriented environment, or want to start a new project knowing that building services helps with ease of scaling and maintainability. The book is a reference for developers who have a desire to build software in smaller, more focused and manageable chunks, but do not know how to get started. .",0
Design and Implement of Microservice System for Edge Computing,"In the Internet of Things (IoT) scenario, the hardware resources in the edge computing paradigm are limited, so the applications in the cloud computing paradigm are not suitable for edge computing. New system architecture and key technologies are needed for application implement and deployment in edge computing. Based on the hardware performance constraints and scene functional requirements under edge computing, this paper designs and develops a microservice system for edge computing. So it introduces the design of microservice system architecture for edge computing. And it analyzes the key technologies of the system. It selects the PostgreSQL database to achieve data storage, the Flask framework to build back-end services, and the Vue.js framework to build front-end services. Meanwhile, docker containers are used for system deployment and testing. The test results prove that the system has perfect functions and stable operation, which is very suitable for edge devices with limited resources. According to the start-up time and resource consumption of the project, the distributed deployment of applications has better performance than the unified deployment.",0
Microservice architecture patterns with GraphQL,"In this thesis the GraphQL query language was studied in the context of the microservice architecture. The thesis was a combination of a literary study and expert interviews. Most prevalent microservice architecture patterns were gathered from peer reviewed studies and grey literature. Four expert interviews were held to detect which patterns were used in projects which used a microservice architecture and GraphQL APIs. Based on the interviews, a typical GraphQL microservice architecture consists of up to 10 REST or GraphQL microservices exposed to public networks using a GraphQL API gateway. The studied microservice architectures typically had a flat structure where a GraphQL API gateway exposed the other microservices in a protected network, which used a persistence layer to store data. Most of the microservice architectures seemed to rely on synchronous communication patterns, using a platform provided service discovery mechanisms to implement load balancing. The most prominent authorization mechanism was to use web tokens via an authorization header. An aggregating GraphQL service seemed to work well as an API gateway layer, which exposes the functionality of underlying microservices to clients. A pattern called schema stitching was successfully used in some of the interviewed projects to automatically combine multiple microservice GraphQL schemas together. Overall the interviewed developers had a positive experience using GraphQL in their projects. The API exploration tools and built-in documentation enabled by the GraphQL schema introspection functionality made client application development easier.",0
An Implementation of Service Composition for Enterprise Business Processes,"The Microservice Architecture (MSA) is an advanced architecture with flexible technology selection, independent on-demand expansion, and high availability. It is one of the best solution for enterprise software systems to cope with cloud deployment. Moreover, Spring Cloud provides comprehensive technical support for microservice architecture; also, it is the best technical framework for implementing microservice architecture. The container technology represented by Dockers provides an independent and undisturbed deployment environment for microservice architecture. Based on the microservice architecture and lightweight container technology, this article propose an implementation idea for service composition.",0
Kubernetes as an Availability Manager for Microservice Applications,"The move towards the microservice based architecture is well underway. In this architectural style, small and loosely coupled modules are developed, deployed, and scaled independently to compose cloud-native applications. However, for carrier-grade service providers to migrate to the microservices architectural style, availability remains a concern. Kubernetes is an open source platform that defines a set of building blocks which collectively provide mechanisms for deploying, maintaining, scaling, and healing containerized microservices. Thus, Kubernetes hides the complexity of microservice orchestration while managing their availability. In a preliminary work we evaluated Kubernetes, using its default configuration, from the availability perspective in a private cloud settings. In this paper, we investigate more architectures and conduct more experiments to evaluate the availability that Kubernetes delivers for its managed microservices. We present different architectures for public and private clouds. We evaluate the availability achievable through the healing capability of Kubernetes. We investigate the impact of adding redundancy on the availability of microservice based applications. We conduct experiments under the default configuration of Kubernetes as well as under its most responsive one. We also perform a comparative evaluation with the Availability Management Framework (AMF), which is a proven solution as a middleware service for managing high-availability. The results of our investigations show that in certain cases, the service outage for applications managed with Kubernetes is significantly high.",0
Microservice-based reengineering of enterprise systems for cloud migration,"Enterprise systems, such as enterprise resource planning and customer relationship management are widely used in corporate sectors and are notoriously large and monolithic. They are challenging to decouple because they manage asynchronous, user-driven business processes and business objects (BOs) having complex structural relationships. This thesis presents the remodularization technique combined with novel microservice patterns which utilizes both semantic properties of enterprise systems, i.e., BO structure, together with syntactic features of their code, i.e., methods and interactions, for identifying suitable parts of enterprise systems which can be run as fine-grained microservices in highly scalable Cloud systems while achieving high performance characteristics.",0
Application Management in Fog Computing Environments,"The Internet of Things (IoT) paradigm is being rapidly adopted for the creation of smart environments in various domains. The IoT-enabled cyber-physical systems associated with smart city, healthcare, Industry 4.0 and Agtech handle a huge volume of data and require data processing services from different types of applications in real time. The Cloud-centric execution of IoT applications barely meets such requirements as the Cloud datacentres reside at a multi-hop distance from the IoT devices. Fog computing, an extension of Cloud at the edge network, can execute these applications closer to data sources. Thus, Fog computing can improve application service delivery time and resist network congestion. However, the Fog nodes are highly distributed and heterogeneous, and most of them are constrained in resources and spatial sharing. Therefore, efficient management of applications is necessary to fully exploit the capabilities of Fog nodes. In this work, we investigate the existing application management strategies in Fog computing and review them in terms of architecture, placement and maintenance. Additionally, we propose a comprehensive taxonomy and highlight the research gaps in Fog-based application management. We also discuss a perspective model and provide future research directions for further improvement of application management in Fog computing.",0
IoT Architectural Framework: Connection and Integration Framework for IoT Systems,"The proliferation of the Internet of Things (IoT) has since seen a growing interest in architectural design and adaptive frameworks to promote the connection between heterogeneous IoT devices and IoT systems. The most widely favoured software architecture in IoT is the Service Oriented Architecture (SOA), which aims to provide a loosely coupled systems to leverage the use and reuse of IoT services at the middle-ware layer, to minimise system integration problems. However, despite the flexibility offered by SOA, the challenges of integrating, scaling and ensuring resilience in IoT systems persist. One of the key causes of poor integration in IoT systems is the lack of an intelligent, connection-aware framework to support interaction in IoT systems. This paper reviews existing architectural frameworks for integrating IoT devices and identifies the key areas that require further research improvements. The paper concludes by proposing a possible solution based on microservice. The proposed IoT integration framework benefits from an intelligent API layer that employs an external service assembler, service auditor, service monitor and service router component to coordinate service publishing, subscription, decoupling and service combination within the architecture.",0
ClouNS - a Cloud-Native Application Reference Model for Enterprise Architects,"The capability to operate cloud-native applications can generate enormous business growth and value. But enterprise architects should be aware that cloud-native applications are vulnerable to vendor lock-in. We investigated cloud-native application design principles, public cloud service providers, and industrial cloud standards. All results indicate that most cloud service categories seem to foster vendor lock-in situations which might be especially problematic for enterprise architectures. This might sound disillusioning at first. However, we present a reference model for cloud-native applications that relies only on a small subset of well standardized IaaS services. The reference model can be used for codifying cloud technologies. It can guide technology identification, classification, adoption, research and development processes for cloud-native application and for vendor lock-in aware enterprise architecture engineering methodologies.",0
Time Complexity of an Distributed Algorithm for Load Balancing of Microservice-oriented Applications in the Cloud,"Microservice architecture is a relatively new cloud application design pattern. Each microservice has a single responsibility in terms of functional requirement, and that can be managed independently from other microservices. This is done using automated cloud orchestration systems. In this paper we analyze the time complexity of an simple swarm-like decentralized load balancing algorithm for microservices running inside OpenVZ virtualization containers. We show that it can offer performance improvements with respect to the existing centralized container orchestration systems.",0
Orchestrating Service Migration for Low Power MEC-Enabled IoT Devices,"Multi-Access Edge Computing (MEC) is a key enabling technology for Fifth Generation (5G) mobile networks. MEC facilitates distributed cloud computing capabilities and information technology service environment for applications and services at the edges of mobile networks. This architectural modification serves to reduce congestion, latency, and improve the performance of such edge colocated applications and devices. In this paper, we demonstrate how reactive service migration can be orchestrated for low-power MEC-enabled Internet of Things (IoT) devices. Here, we use open-source Kubernetes as container orchestration system. Our demo is based on traditional client-server system from user equipment (UE) over Long Term Evolution (LTE) to the MEC server. As the use case scenario, we post-process live video received over web real-time communication (WebRTC). Next, we integrate orchestration by Kubernetes with S1 handovers, demonstrating MEC-based software defined network (SDN). Now, edge applications may reactively follow the UE within the radio access network (RAN), expediting low-latency. The collected data is used to analyze the benefits of the low-power MEC-enabled IoT device scheme, in which end-to-end (E2E) latency and power requirements of the UE are improved. We further discuss the challenges of implementing such schemes and future research directions therein.",0
Analysis of problems of storage and processing of data in serverless technologies,"The object of research is the problems of storing and processing data in serverless technologies. The research carried out is based on a logical approach to storage, data processing and transmission processes. The main hypothesis of the study is that when moving from a monolithic architecture to microservice architecture, and then from a microservice architecture to a serverless architecture, the process of storing and processing data requires modifications and new approaches to solving classical problems of working with data. The problem of interacting with data is an integral part of the work of almost all computer systems, as they lay the basis for the goal of creating such systems. Serverless computing has already taken root in cloud computing. Improving its work is now one of the most popular tasks in the research field. In this article, let’s review one of the global problems – integrating serverless computing system with a database. As well as currently existing partial or complete solutions. Progress in this area can give impetus to the development of serverless technologies that supplant more outdated software development approaches. The result of these studies brings a certain understanding at what stage of development the above question is now. It also describes the advantages and disadvantages of the new systems. It is considered what innovations have been brought by the global giants in the development of serverless platforms, and what solutions are applied to open source platforms. This issue has not been fully resolved and requires developments and improvements, and therefore remains an excellent direction for development and new research.",0
Serverless computing for container-based architectures,"New architectural patterns (e.g. microservices), the massive adoption of Linux containers (e.g. Docker containers), and improvements in key features of Cloud computing such as auto-scaling, have helped developers to decouple complex and monolithic systems into smaller stateless services. In turn, Cloud providers have introduced serverless computing, where applications can be defined as a workflow of event-triggered functions. However, serverless services, such as AWS Lambda, impose serious restrictions for these applications (e.g. using a predefined set of programming languages or difficulting the installation and deployment of external libraries). This paper addresses such issues by introducing a framework and a methodology to create Serverless Container-aware ARchitectures (SCAR). The SCAR framework can be used to create highly-parallel event-driven serverless applications that run on customized runtime environments defined as Docker images on top of AWS Lambda. This paper describes the architecture of SCAR together with the cache-based optimizations applied to minimize cost, exemplified on a massive image processing use case. The results show that, by means of SCAR, AWS Lambda becomes a convenient platform for High Throughput Computing, specially for highly-parallel bursty workloads of short stateless jobs.",0
Ensuring and Assessing Architecture Conformance to Microservice Decomposition Patterns,"Microservice-based software architecture design has been widely discussed, and best practices have been published as architecture design patterns. However, conformance to those patterns is hard to ensure and assess automatically, leading to problems such as architectural drift and erosion, especially in the context of continued software evolution or large-scale microservice systems. In addition, not much in the component and connector architecture models is specific (only) to the microservices approach, whereas other aspects really specific to that approach, such as independent deployment of microservices, are usually modeled in other views or not at all. We suggest a set of constraints to check and metrics to assess architecture conformance to microservice patterns. In comparison to expert judgment derived from the patterns, a subset of these constraints and metrics shows a good relative performance and potential for automation.",0
On the Nature of Issues in Five Open Source Microservices Systems: An Empirical Study,"Due to its enormous benefits, the research and industry communities have shown an increasing interest in the Microservices Architecture (MSA) style over the last few years. Despite this, there is a limited evidence-based and thorough understanding of the types of issues (e.g., faults, errors, failures, mistakes) faced by microservices system developers and causes that trigger the issues. Such evidence-based understanding of issues and causes is vital for long-term, impactful, and quality research and practice in the MSA style. To that end, we conducted an empirical study on 1,345 issue discussions extracted from five open source microservices systems hosted on GitHub. Our analysis led to the first of its kind taxonomy of the types of issues in open source microservices systems, informing that the problems originating from Technical debt (321, 23.86%), Build (145, 10.78%), Security (137, 10.18%), and Service execution and communication (119, 8.84%) are prominent. We identified that “General programming errors”, “Poor security management”, “Invalid configuration and communication”, and “Legacy versions, compatibility and dependency” are the predominant causes for the leading four issue categories. Study results streamline a taxonomy of issues, their mapping with underlying causes, and present empirical findings that could facilitate research and development on emerging and next-generation microservices systems.",0
Re-architecting OO Software into Microservices,"Due to its tremendous advantages, microservice architectural style has become an essential element for the development of applications deployed on the cloud and for those adopting the DevOps practices. Migrating existing applications to microservices allow them to benefit from these advantages. Thus, in this paper, we propose an approach to automatically identify microservices from OO source code. The approach is based on a quality function that measures both the structural and behavioral validity of microservices and their data autonomy. Unlike existing works, ours is based on a well-defined function measuring the quality of microservices and use the source code as the main source of information.",0
Container Vulnerability Scanners: An Analysis,"Containers are rising in popularity as a technique for deploying services to cloud infrastructures. A Container image is a static format of a running container, storing all essential information needed to boot and run a container. Container images are often stored in repositories and widely shared among users. Container images stored on registries such as Docker Hub are shown to contain numerous known vulnerabilities.‌ This study investigates differences between containers and VMs, and why security tooling, such as known-vulnerability scanners, need to adapt. Further, we present necessary steps of a workflow when implementing container vulnerability scanners, along with problems and solutions to consider for each step. Finally, a comparison was conducted of two open-source scanners, Anchore and Clair. The tools were compared on 8 versions of common OS distributions. We show that there are differences between the two tools when scanning OS-packages. A majority of these differences likely appear because of definition disagreement. Disregarding definition disagreements, other differences are more likely due to implementation, but these differences are not large enough to be significant.",0
Split and Migrate: Resource-Driven Placement and Discovery of Microservices at the Edge,"Microservices architectures combine the use of fine-grained and independently-scalable services with lightweight communication protocols, such as REST calls over HTTP. Microservices bring flexibility to the development and deployment of application back-ends in the cloud. Applications such as collaborative editing tools require frequent interactions between the front-end running on users' machines and a back-end formed of multiple microservices. User-perceived latencies depend on their connection to microservices, but also on the interaction patterns between these services and their databases. Placing services at the edge of the network, closer to the users, is necessary to reduce user-perceived latencies. It is however difficult to decide on the placement of complete stateful microservices at one specific core or edge location without trading between a latency reduction for some users and a latency increase for the others. We present how to dynamically deploy microservices on a combination of core and edge resources to systematically reduce user-perceived latencies. Our approach enables the split of stateful microservices, and the placement of the resulting splits on appropriate core and edge sites. Koala, a decentralized and resource-driven service discovery middleware, enables REST calls to reach and use the appropriate split, with only minimal changes to a legacy microservices application. Locality awareness using network coordinates further enables to automatically migrate services split and follow the location of the users. We confirm the effectiveness of our approach with a full prototype and an application to ShareLatex, a microservices-based collaborative editing application.",0
Towards a Process for Migrating Legacy Systems into Microservice Architectural Style,"Microservice architectural style is a paradigm to develop systems as a suite of small and autonomous services, communicating thought a lightweight protocol. Currently, the most common way of adopting microservice architectures is by the modernization of legacy monolith systems. The migration of a legacy system into a microservice architecture is not a trivial task. In addition, there is a lack of recommendation or guidelines on how to perform such process. In view of this, this paper presents a preliminary process for conducting the migration of legacy systems into microservice architectures. This process was defined by analyzing and discussing pieces of work on the topic. As result, we propose a process composed of eight steps, grouped in four phases, which we describe together with their common input and output.",0
Getting the query right for crisis informatics design issues for web-based analysis environments,"Web-based data analysis environments are powerful platforms for exploring large data sets. To ensure that these environments meet the needs of analysts, a human-centered design perspective is needed. Interfaces to these platforms should provide flexible search, support user-generated content, and enable collaboration. We report on our efforts to design and develop a web interface for a custom analytics platform—EPIC Analyze— which provides interactive search over large Twitter data sets collected during crisis events. We performed seven think-aloud sessions with researchers who regularly analyze crisis data sets and compiled their feedback. They identified a need for a big picture view of an event, flexible querying capabilities, and user-defined coding schemes. Adding these features allowed EPIC Analyze to meet the needs of these analysts and enable exploratory research on crisis data. In performing this work, we identified an opportunity to migrate the software architecture of EPIC Analyze to one based on microservices. We report on the lessons learned in performing this migration and the impact it had on EPIC Analyze's capabilities. We also reflect on the benefits a microservices approach can have on the design of data-intensive software systems like EPIC Analyze.",0
Machine Learning Methods for Reliable Resource Provisioning in Edge-Cloud Computing,"Large-scale software systems are currently designed as distributed entities and deployed in cloud data centers. To overcome the limitations inherent to this type of deployment, applications are increasingly being supplemented with components instantiated closer to the edges of networks—a paradigm known as edge computing. The problem of how to efficiently orchestrate combined edge-cloud applications is, however, incompletely understood, and a wide range of techniques for resource and application management are currently in use. This article investigates the problem of reliable resource provisioning in joint edge-cloud environments, and surveys technologies, mechanisms, and methods that can be used to improve the reliability of distributed applications in diverse and heterogeneous network environments. Due to the complexity of the problem, special emphasis is placed on solutions to the characterization, management, and control of complex distributed applications using machine learning approaches. The survey is structured around a decomposition of the reliable resource provisioning problem into three categories of techniques: workload characterization and prediction, component placement and system consolidation, and application elasticity and remediation. Survey results are presented along with a problem-oriented discussion of the state-of-the-art. A summary of identified challenges and an outline of future research directions are presented to conclude the article.",0
From Monolithic Systems to Microservices: A Comparative Study of Performance,"Currently, organizations face the need to create scalable applications in an agile way that impacts new forms of production and business organization. The traditional monolithic architecture no longer meets the needs of scalability and rapid development. The efficiency and optimization of human and technological resources prevail; this is why companies must adopt new technologies and business strategies. However, the implementation of microservices still encounters several challenges, such as the consumption of time and computational resources, scalability, orchestration, organization problems, and several further technical complications. Although there are procedures that facilitate the migration from a monolithic architecture to micro-services, none of them accurately quantifies performance differences. The current study aims primarily to analyze some related work that evaluated both architectures. Furthermore, we assess the performance and relationship between different variables of an application that runs in a monolithic structure compared to one of the micro-services. With this, the state-of-the-art review was initially conducted, which confirms the interest of the industry. Subsequently, two different scenarios were evaluated: the first one comprises a web application based on a monolithic architecture that operates on a virtual server with KVM, and the second one demonstrates the same web application based on a microservice architecture, but it runs in containers. Both situations were exposed to stress tests of similar characteristics and with the same hardware resources. For their validation, we applied the non-parametric regression mathematical model to explain the dependency relationship between the performance variables. The results provided a quantitative technical interpretation with precision and reliability, which can be applied to similar issues.",0
"Microservices: Yesterday, Today, and Tomorrow","Microservices is an architectural style inspired by service-oriented computing that has recently started gaining popularity. Before presenting the current state of the art in the field, this chapter reviews the history of software architecture, the reasons that led to the diffusion of objects and services first, and microservices later. Finally, open problems and future challenges are introduced. This survey primarily addresses newcomers to the discipline, while offering an academic viewpoint on the topic. In addition, we investigate some practical issues and point out a few potential solutions.",0
MicroShare: Privacy-Preserved Medical Resource Sharing through MicroService Architecture,"This paper takes up the problem of medical resource sharing through MicroService architecture without compromising patient privacy. To achieve this goal, we suggest refactoring the legacy EHR systems into autonomous MicroServices communicating by the unified techniques such as RESTFul web service. This lets us handle clinical data queries directly and far more efficiently for both internal and external queries. The novelty of the proposed approach lies in avoiding the data de-identification process often used as a means of preserving patient privacy. The implemented toolkit combines software engineering technologies such as Java EE, RESTful web services, JSON Web Tokens to allow exchanging medical data in an unidentifiable XML and JSON format as well as restricting users to the need-to-know principle. Our technique also inhibits retrospective processing of data such as attacks by an adversary on a medical dataset using advanced computational methods to reveal Protected Health Information (PHI). The approach is validated on an endoscopic reporting application based on openEHR and MST standards. From the usability perspective, the approach can be used to query datasets by clinical researchers, governmental or non-governmental organizations in monitoring health care and medical record services to improve quality of care and treatment.",0
"Emerging Trends, Challenges, and Experiences in DevOps and Microservice APIs","In August 2019, we organized the second Vienna Software Seminar (VSS) with the topic ""DevOps and Microservice APIs.""1 Embracing the positive reception of its first iteration in 2017,2 VSS is an opportunity for attendees to discuss recent software technologies, practices, and related research. The seminar's 34 participants included a mix of practitioners and academics, who were invited based on their roles and experiences. The explicit intention of the seminar was to provide ample opportunities for exchange and communication: six themed sessions consisted of one invited keynote and two lightning talks, giving different perspectives on the session?s topic and (ideally) sparking ideas for follow-up discussions. After the talks, all participants decided on subtopics for two to three breakout sessions (i.e., informal, self-organized discussions among interested participants). Breakout session topics included microservice security, tooling for application programming interface (API) evolution, serverless programming models, and identification of microservices using domaindriven design. The sessions provided opportunities for detailed discussions and identifying challenges to address in future collaborations. Toward the end of each session, all participants gathered once more to summarize the breakout discussions. Additional opportunities for communication were provided during shared lunch breaks and social events in the evenings.",0
Matrix Clustering based Migration of System Application to Microservices Architecture,"A microservice architecture (MSA) style is an emerging approach which is gaining strength with the passage of time. Micro services are recommended by a number of researchers to overcome the limitations and issues encountered by usage of aging method of monolithic architecture styles. Previously the monolithic applications cannot be decomposed into smaller and different services. Monolithic styles application was the one build application. The issue resolution has the focus on lightweight independent application services in the form of sizable services, self-contained units with primary focus on maintenance, performance, scalability, and online services eliminating dependency. All quality factors have been thoroughly discussed in literature, system application migration is becoming an emerging issue with different challenges. This study is addressing the tight coupling to reducing this issue. Moreover, this literature review indicates some complex problems about the migration or conversion of system application into microservice. In architecture, dependency is a big challenge and issue in recent technology. Microservices are recommended by a number of researchers to overcome the limitations issue about how to migrate the existing system application to microservice. The need for a systematic mapping is essential in order to recap the improvement and identify the gaps and requirements for future studies. This study shows open issues first, new findings of quality attributes of microservices and then this study helps to understand the difference between previous traditional systems and microservices based systems. This research study creates awareness about system migration to microservices.",0
Low-Level Exploitation Mitigation by Diverse Microservices,"This paper discusses a combination of isolatable microservices and software diversity as a mitigation technique against low-level exploitation; the effectiveness and benefits of such an architecture are substantiated. We argue that the core security benefit of microservices with diversity is increased control flow isolation. Additionally, a new microservices mitigation technique leveraging a security monitor service is introduced to further exploit the architectural benefits inherent to microservice architectures.",0
A curated Dataset of Microservices-Based Systems,"Microservices based architectures are based on a set of modular, independent and fault-tolerant services. In recent years, the software engineering community presented studies investigating potential, recurrent, effective architectural patterns in microservices-based architectures, as they are very essential to maintain and scale microservice-based systems. Indeed, the organizational structure of such systems should be reflected in so-called microservice architecture patterns, that best fit the projects and development teams needs. However, there is a lack of public repositories sharing open sources projects microservices patterns and practices, which could be beneficial for teaching purposes and future research investigations. This paper tries to fill this gap, by sharing a dataset, having a first curated list microservice-based projects. Specifically, the dataset is composed of 20 open-source projects, all using specific microservice architecture patterns. Moreover, the dataset also reports information about inter-service calls or dependencies of the aforementioned projects. For the analysis, we used two different tools (1) SLOCcount and (2) MicroDepGraph to get different parameters for the microservice dataset. Both the microservice dataset and analysis tool are publicly available online. We believe that this dataset will be highly used by the research community for understanding more about microservices architectural and dependencies patterns, enabling researchers to compare results on common projects.",0
Facing the Giant: a Grounded Theory Study of Decision-Making in Microservices Migrations,"Background: Microservices migrations are challenging and expensive projects with many decisions that need to be made in a multitude of dimensions. Existing research tends to focus on technical issues and decisions (e.g., how to split services). Equally important organizational or business issues and their relations with technical aspects often remain out of scope or on a high level of abstraction. Aims: In this study, we aim to holistically chart the decision-making that happens on all dimensions of a migration project towards microservices (including, but not limited to, the technical dimension). Method: We investigate 16 different migration cases in a grounded theory interview study, with 19 participants that recently migrated towards microservices. This study strongly focuses on the human aspects of a migration, through stakeholders and their decisions. Results: We identify 3 decision-making processes consisting of 22decision-points and their alternative options. The decision-points are related to creating stakeholder engagement and assessing feasibility, technical implementation, and organizational restructuring. Conclusions: Our study provides an initial theory of decision-making in migrations to microservices. It also outfits practitioners with a roadmap of which decisions they should be prepared to make and at which point in the migration.",0
Systematic Approach for Generation of Feasible Deployment Alternatives for Microservices,"Microservice architectures rely on the development of modular and independent software units, which typically address a single task and communicate with other microservices via well-defined interfaces. This has several benefits such as easier maintenance and update of services. However, deploying a microservice-based application is often more complicated than a monolithic application. While a monolithic application can be deployed one at a time on a group of similar servers behind a load balancer, a microservice-based application consists of different microservices and each microservice usually has more than one runtime instance that needs to be configured and deployed. For a small number of microservices and applications, the deployment could be done manually. However, a large number of microservices are frequently observed in practice. In such cases, the deployment becomes cumbersome and error-prone and does not scale with the increased number of services. To cope with this problem, we present a systematic approach and the corresponding tool support for enabling the deployment of microservices to resources that have limited capacity. Hereby, we model and define the design space given the deployment parameters and automatically derive the feasible deployment solution. The approach is validated using a taxi-hailing system case study inspired by Uber which has spread all over the world in recent years.",0
A Feature Table approach to decomposing monolithic applications into microservices,"Microservice architecture refers to the use of numerous small-scale and independently deployed services, instead of encapsulating all functions into one monolith. It has been a challenge in software engineering to decompose a monolithic system into smaller parts. In this paper, we propose the Feature Table approach, a structured approach to service decomposition based on the correlation between functional features and microservices: (1) we defined the concept of Feature Cards and 12 instances of such cards; (2) we formulated Decomposition Rules to decompose monolithic applications; (3) we designed the Feature Table Analysis Tool to provide semi-automatic analysis for identification of microservices; and (4) we formulated Mapping Rules to help developers implement microservice candidates. We performed a case study on Cargo Tracking System to validate our microservice-oriented decomposition approach. Cargo Tracking System is a typical case that has been decomposed by other related methods (dataflow-driven approach, Service Cutter, and API Analysis). Through comparison with the related methods in terms of specific coupling and cohesion metrics, the results show that the proposed Feature Table approach can deliver more reasonable microservice candidates, which are feasible in implementation with semi-automatic support.",0
Problems and Solutions of Continuous Deployment: A Systematic Review,"Context: The software industry needs to adapt itself to a rapidly changing market. Continuous practices (Continuous Integration, Continuous Delivery and Continuous Deployment), commonly found in Agile development processes, it is possible to deliver new features more frequently to clients, integrating of smaller features is less likely to cause conflicts than the more traditional approach of merging big features less frequently all at once. However, Continuous Deployment is no clear way on the best approaches for their implementation. Objective: The goal of this paper is to identify the challenges and the solutions related to Continuous Deployment, and then see which of those solutions can be applied to which challenges. Method: This paper is a systematic literature review of the problems and the solutions found when implementing the continuous deployment practice inside an organization. It also presents which solution can be applied to which problem. Thirty-one articles published after 2015 were analyzed for this SLR. Results: 22 problems were grouped inside the categories Human and Organizational, Process, Tools, Infrastructure, Application Architecture and Testing. The 19 solutions found were grouped inside the categories Human and Organizational, Architecture, Process and Tools. Solutions have been found for 14 problems and some questions have been identified for future research. Conclusion: this article is to serve as a reference for the practitioner who wants to find how to solve a specific challenge when implementing the continuous deployment practice.",0
Adoption of microservices in industrial information systems: a systematic literature review,"The internet, digitalization and globalization have transformed customer expectations and the way business is done. Product life cycles have shortened, products need to be customizable, and the production needs to be scalable. These changes reflect also to the industrial operations. Quick technological advancements have increased the role of software in industrial facilities. The software in use has to enable untraditional flexibility, interoperability and scalability. Microservices based architecture has been seen as the state of the art way for developing flexible, interoperable and scalable software. Microservices have been applied to cloud native applications for consumers with enormous success. The goal of this thesis is to analyze how to adopt microservices to indstrial information systems. General information and characteristics of microservices are provided as background information and a systematic literature review is conducted to answer the research problem. Material for the systematic literature review was found from multiple digital libraries and 17 scientific papers matched the set inclusion cirteria. The material was then analyzed with an extensively documentated method. The thesis brought together the available publications on the topic. Guidelines for adopting microservices to industrial information systems were derived based on the analysis. Real time applications need special attention when using microservices architecture, the developers need to use proper tools for the tasks, and the developers and users need to be properly introduced to service-oriented systems. Based on this thesis microservices seems like a suitable approach for developing flexible industrial information systems, which satisfy the new business requirements.",0
IMPLEMENTATION OF A WEB-BASED AUDIENCE RESPONSE SYSTEM AS MICROSERVICE APPLICATION VS. MONOLITHIC APPLICATION,"Microservice architectures became very popular in the last years. These small services can be developed, tested and deployed more easily than a single complex monolith. Another aspect which favors microservice architectures is their vast horizontal scalability under high load. But it is often overlooked if their performance is really superior compared to monolithic applications. We investigated test strategies on microservices and defined performance metrics in order to compare the performance of a web-based test application implemented as a monolith as well as a microservices re-implementation. The goal is to decide whether the effort was worth to re-implement our audience response system as microservices or not.",0
Does migrating a monolithic system to microservices decrease the technical debt?,"Background: The migration from a monolithic system to microservices requires a deep refactoring of the system. Therefore, such a migration usually has a big economic impact and companies tend to postpone several activities during this process, mainly to speed up the migration itself, but also because of the demand for releasing new features. Objective: We monitored the technical debt of an SME while it migrated from a legacy monolithic system to an ecosystem of microservices. Our goal was to analyze changes in the code technical debt before and after the migration to microservices. Method: We conducted a case study analyzing more than four years of the history of a twelve-year-old project (280K Lines of Code) where two teams extracted five business processes from the monolithic system as microservices. For the study, we first analyzed the technical debt with SonarQube and then performed a qualitative study with company members to understand the perceived quality of the system and the motivation for possibly postponed activities. Results: The migration to microservices helped to reduce the technical debt in the long run. Despite an initial spike in the technical debt due to the development of the new microservice, after a relatively short period of time the technical debt tended to grow slower than in the monolithic system.",0
Arsitektur Microservice untuk Resiliensi Sistem Informasi,"Resilien berarti tahan/mampu beradaptasi terhadap perubahan maupun kesalahan/kerusakan infrastruktur. Pada penelitian sistem informasi, resilience sering dilihat sebagai nonfunctional requirements yang dapat dilihat dari unsur scalability, reliability, maintainability dan availability. Penelitian ini melanjutkan hasil penelitian sebelumnya, yaitu pengembangan software Open Source untuk manajemen asosiasi/keanggotaan, dengan tujuan untuk meningkatkan kualitas software pada aspek resiliensi nya. Software tersebut saat ini telah dipakai pada sistem manajemen anggota AISINDO (Asosiasi Profesi Sistem Informasi Indonesia). Lanjutan dari penelitian-penelitian tersebut berupa penyusunan model dan pembuatan proof of concept dari modifikasi arsitektur software yang terdistribusi, berbasis microservice dan Docker-container, untuk Resilient Information Systems. Dilakukan refactoring (penulisan ulang kode program) dari software hasil penelitian sebelumnya, dengan menggunakan model arsitektur software baru yang dihasilkan di penelitian ini. Hasil pengujian pada sistem yang telah dibuat, menunjukkan bahwa sistem dengan arsitektur yang diusulkan telah menunjukkan peningkatan kualitas pada aspek resiliensi, misalkan ketika beberapa node servive mengalami gangguan, sistem dapat tetap berjalan sebagaimana mestinya. Kontribusi penelitian ini yaitu implementasi microservice untuk studi kasus sistem manajemen asosiasi/keanggotaan, lalu mengevaluasi model tersebut setelah selesai pengerjaan refactoring software menjadi sistem yang berbasis microservices.",0
Containerization for shipping Scientific Workloads in Cloud,"In Cloud computing environment, researchers are actively looking for opting containerization technology using various tools to achieve better performance in High Performance Computing (HPC) applications execution. In virtualization world, containers are getting more popular and found suitable in comparison of virtual machines as they are giving better performance. Along with agility, support micro services and integrated easily with management and monitoring tools. To have containerization in place, Docker is one of the most suitable open source platforms with Operating System (OS) level virtualization. Singularity is also one of the popular solutions to work with HPC applications. Before directly start using the technologies and tools, they must be analyzed, explored and have a proof of concept for performance first. This paper presents (1) Containers evaluation using open source platform Singularity and Docker (2) monitoring of containers using orchestration and monitoring system Kubernetes (3) feature analysis of scientific workloads using Containers in cloud. Feature analysis reports having performance result sets are primarily aimed for helping the DevOps on making the decisions for choosing the right technology and tools to run their parallel and high performance computing applications.",0
A Serverless FaaS-Architecture: Experiences from an Implementation in the Core Banking Domain,"The goal of this paper is to analyze experiences from a FaaS-based cloud native implementation of an ETL process based on AWS Lambda functions. Therefore, the actual implementation is outlined and the experiences from that implementation are evaluated. This results in an overview of pros and cons of a cloud native implementation in general and determines best practices for other implementations in other cloud environments or business domains.",0
Architectural Implications of Serverless and Function-as-a-Service,"Serverless or Function-as-a-Service (FaaS) is a recent architectural style that is based on the principles of abstracting infrastructure management and scaling to zero, meaning application instances are dynamically started and shut down to accommodate load. This concept of no idling servers and inherent autoscaling comes with benefits but also drawbacks. This study presents an evaluation of the performance and implications of the serverless architecture and contrasts it with the so-called monolith architectures. Three distinct architectures are implemented and deployed on the FaaS platform Microsoft Azure Functions as well as the PaaS platform Azure Web App. Results were produced through experiments measuring cold starts, response times, and scaling for the tested architectures as well as observations of traits such as cost and vendor lock-in. The results indicate that serverless architectures, while it is subjected to drawbacks such as vendor lock-in and cold starts, provides several benefits to a system such as reliability and cost reduction.",0
"Emerging Trends, Techniques and Open Issues of Containerization: A Review","Containerization is revolutionizing the way that many industries operate, provisioning major impact to modern computing technologies because it is extra lightweight, highly portable, energy, resource and storage efficient, cost-effective, performance efficient, and extremely quick during boot up. These often facilitate efficient load balancing, low-level system maintenance, server consolidation (for efficient energy and resource utilization) and replication of instances over geographical locations for better fault tolerance to escalate application reliability. However, some recent literature have addressed various challenges (such as complex networking, persistent storage facilities, cross data centers and multicloud supports, security issues, and lack of available, capable container management APIs, etc.) regarding successful container adoption in industries, which might have resulted in a seemingly meager increase in industrial deployments of containerization over the past few years despite bestowing efficient lightweight virtualization. Moreover, a comprehensive overview of containerizations along with their popularity dynamics has still not been found in contemporary literature, which further extends knowledge gap between developers and available technologies. Hence, current study touches upon different technicalities involved in containerization with potential problems and possible solutions along with various important industrial applications to manifest its existing supports and technical hardships. Finally, we have conducted a comprehensive experimental study to compare the performance of VMs, containers and unikernels in terms of CPU utilization, memory footprints, network bandwidth, execution time and technological maturity using standard benchmarks and observed containers to deliver satisfactory performance in almost all aspects, however, are still not free from issues regarding isolation & security, performance stability, lack of available efficient tools for crossplatform support and persistent storage. Unikernels deliver good performance with VM-like isolation but still need to achieve desired technical maturity (in terms of microprocessor stability, process containment, persistent storage, etc.). VMs, on the other hand, are found to provide stable performance throughout, though bigger memory footprints and slower spin up/down remain their biggest weaknesses.",0
Continuous Architecting with Microservices and DevOps: A Systematic Mapping Study,"Several companies are re-architecting their monolithic information systems with microservices. However, many companies migrated without experience on microservices, mainly learning how to migrate from books or from practitioners' blogs. Because of the novelty of the topic, practitioners and consultancy are learning by doing how to migrate, thus facing several issues but also several benefits. In this chapter, we introduce a catalog and a taxonomy of the most common microservices anti-patterns in order to identify common problems. Our anti-pattern catalogue is based on the experience summarized by different practitioners we interviewed in the last three years. We identified a taxonomy of 20 anti-patterns, including organizational (team oriented and technology/tool oriented) anti-patterns and technical (internal and communication) anti-patterns. The results can be useful to practitioners to avoid experiencing the same difficult situations in the systems they develop. Moreover, researchers can benefit of this catalog and further validate the harmfulness of the anti-patterns identified.",0
Design of an Enterprise Level Architecture Based on Microservices,"Building or transformation of an enterprise software system is an onerous process which requires a precise definition of business demands. Then to enable the satisfaction of business requirements, the well-thought-of and convenient software architecture must be determined and designed. According to common sense, there are two methods to be followed in order to find the right solution for a problem. One is to handle the problem as a whole; like the traditional monolith architecture. The second method is to divide the problem into easily understandable and soluble fine-grains. If the second path is chosen in the software world, microservices architecture can be shown. When the entire enterprise-level system design is considered, to the best of our knowledge, there is no any leading empirical research on the evaluation of software architectures, selection of communication protocol, data formats, and database. In this paper, an easily scalable, maintainable, highly-available, reliable and observable software system is designed by comparing variant architectures, communication methods, and data models that would help to choose the most appropriate architecture or model for the right purpose. All the paper is about designing a backend API system. The client types or technologies are out of scope.",0
Transforming monolithic architecture towards microservice architecture,"Monolithic architecture has been the standard way to architect applications for years. Monolithic applications use a single codebase which makes the deploying and development easier without adding any additional complexity as long as the size of the application stays relatively small. When the size of the codebase grows the architecture might deteriorate. This slows down the development and making it harder to on-board new developers. Microservice architecture is a novel architecture style that tries to solve these issues in larger codebases. Microservice architecture consists of multiple small autonomous services that are deployed and developed separately. Microservice architecture enables more fine-grained scaling and makes it possible to have faster development cycles by decreasing the amount of regression testing that is needed, because each of the services can be deployed and updated separately from each other. Microservice architecture provides also multiple new challenges that have to be solved in order to get the benefit from them. These challenges are such as the handling of distributed transactions, communication between microservices, separation of concerns in microservices and so on. On top of the technical challenges there are also organizational and operational challenges. The operational challenges are such as monitoring, logging and automated deployment of microservices. This thesis studies the differences between monolithic and microservice architecture and pinpoints the main challenges on the transition from monolithic architecture to microservice architecture. A proof of concept on how to transform a single bounded context from monolith to microservices will be made to get a better understanding of the challenges. Also a plan how to migrate tangled bounded contexts from monolith to microservices will be made in order to fully support the transition process in the future. The results from the proof of concept and the plan that was made show that the cohesion and loose coupling is more likely to stay when the bounded context is transformed to microservice.",0
Microservice Remodularisation of Monolithic Enterprise Systems for Embedding in Industrial IoT Networks,"This paper addresses the challenge of decoupling “back-office” enterprise system functions in order to integrate them with the Industrial Internet-of-Things (IIoT). IIoT is a widely anticipated strategy, combining IoT technologies managing physical object movements, interactions and contexts, with business contexts. However, enterprise systems, supporting these contexts, are notoriously large and monolithic, and coordinate centralised business processes through software components dedicated to managing business objects (BOs). Such objects and their associated operations are difficult to manually decouple because of the asynchronous and user-driven nature of the business processes and complex BO dependencies, such as many-to-many and aggregation relationships. Here we present a software remodularisation technique for enterprise systems, to support the discovery of fine-grained microservices, which can be extracted and embedded to run on IIoT network nodes. It combines the semantic knowledge of enterprise systems, i.e., the BO structure, with syntactic knowledge of the code, i.e., various dependencies at the level of classes and methods. Using extracted feature sets based on both semantic and syntactic dependencies, K-Means clustering and optimisation is then used to recommend microservices, i.e., redistributions of BO operations through microservices from BO-centric components of enterprise systems. The approach is validated using the Dolibarr open source ERP system, in which we identify processes comprising both “edge” operations and request-response calls to the Cloud-based enterprise system. Through experimentation using Amazon GreenGrass deployments, simulating IIoT nodes, we show that the recommended microservices demonstrate key non-functional characteristics, of high execution efficiency, scalability and availability.",1
"Microservices, Continuous Architecture, and Technical Debt Interest: An Empirical Study","Continuous Architecture (CA) is an approach that supports companies in decreasing the time between deliveries. Migration to microservices is one of the most common situations when companies adopt continuous architecting processes [4]. Companies commonly adopt an initial migration strategy to extract some components from the monolithic system as microservices, making use of simplified microservices patterns [5][4]. As an example, companies commonly directly connect the microservices to the legacy monolithic system and do not adopt any message bus at the beginning. When the system starts to grow in complexity, they usually start re-architecting their systems, considering different architectural patterns. Some companies introduce API gateway patterns to simplify the management and load balancing of the different services, while others also consider a lightweight message bus [4][5][6]. All these architectural changes require deep refactoring of the system, thereby increasing the risk of new faults being introduced. In this paper, we report the preliminary results of work in progress, where we monitored the TD of an SME (SMEs = small and medium enterprises) that adopted a CA approach while migrating a legacy monolithic system to an ecosystem of microservices. To the best of our knowledge, no studies exist on the impact of postponed activities on the TD, especially in the context of CA and microservices. This work will help companies understand how TD grows and changes over time while at the same time opening up new avenues for future research on the analysis of TD interest in continuous architecting processes.",0
Availability and Scalability Optimized Microservice Discovery from Enterprise Systems,"Microservices have been introduced to industry as a novel architectural design for software development in cloud-based applications. This development has increased interest in finding new methodologies to migrate existing enterprise systems into microservices to achieve desirable performance characteristics such as high scalability, high availability, high cohesion and low coupling. A key challenge in this context is discovering microserviceable components with promising characteristics from a complex monolithic code base while predicting their resulting characteristics. This paper presents a technique to support such re-engineering of an enterprise system based on the fundamental mechanisms for structuring its architecture, i.e., business objects managed by software functions and their interactions. The technique relies on queuing theory and business object relationship analysis. A prototype for microservice discovery and characteristic analysis was developed using the NSGA II software clustering and optimization technique and has been validated against two open-source enterprise systems, SugarCRM and ChurchCRM. Our experiments demonstrate that the proposed approach can recommend microservice design which improves scalability, availability and execution efficiency of the system while achieving high cohesion and low coupling in software modules.",0
Monitoring and Maintenance of Telecommunication Systems: Challenges and Research Perspectives,"In this paper, we present challenges associated with monitoring and maintaining a large telecom system at Ericsson that was developed with high degree of component reuse. The system constitutes of multiple services, composed of both legacy and modern systems that are constantly changing and need to be adapted to changing business needs. The paper is based on firsthand experience from architecting, developing and maintaining such a system, pointing out current challenges and potential avenues for future research that might contribute to addressing them.",0
Risk and Complexity Assessment on the Context of Language Migration,"Language Migration is a highly risky and complex process. Many authors have provided different ways to tackle down the problem, but it still not completely resolved, even-more it is considered almost impossible on many circumstances. Despite the approaches and solutions available, no work has been done on measuring the risks and complexity of a migration process based on the technological gap. In this article we contribute a first iteration on Language Migration complexity metrics, we apply and interpret metrics on an industrial project. We end the article with a discussion and proposing future works.",0
A case study of performance comparison between monolithic and microservice-based quality control system,"Microservice architecture has emerged as a new way to create large complex applications by removing some problems that exist for a monolithic counterpart. While this will asset agility, resilience, maintainability and scalability within the application, other problems will be predominant such as performance. This case study aims to provide more clarity on this matter by comparing a microservice architecture with a monolithic architecture. By conducting several experiment on two self-developed systems it could be found that microservice architecture will must likely show a lower performance in terms of throughput and latency on HTTP requests which use internal communication requests. On small intensive HTTP requests with minimum internal communication the difference between the architectures is so low it could almost be neglected. With microservice architecture comes other challenges that a company must keep into account such loadbalancing, caching and orchestration which are beneficial for the performance.",0
"Sliceable Monolith: Monolith First, Microservices Later","We propose Sliceable Monolith, a new methodology for developing microservice architectures and perform their integration testing by leveraging most of the simplicity of a monolith: a single codebase and a local execution environment that simulates distribution. Then, a tool compiles a codebase for each microservice and a cloud deployment configuration. The key enabler of our approach is the technology-agnostic service definition language offered by Jolie.",0
The pains and gains of microservices: A Systematic grey literature review,"The design, development, and operation of microservices are picking up more and more momentum in the IT industry. At the same time, academic work on the topic is at an early stage, and still on the way to distilling the actual “Pains & Gains” of microservices as an architectural style. Having witnessed this gap, we set forth to systematically analyze the industrial grey literature on microservices, to identify the technical/operational pains and gains of the microservice-based architectural style. We conclude by discussing research directions stemming out from our analysis.",0
DSEOM: A Framework for Dynamic Security Evaluation and Optimization of MTD in Container-based Cloud,"Due to the lightweight features, the combination of container technology and microservice architecture makes container-based cloud environment more efficient and agile than VM-based cloud environment. However, it also greatly amplifies the dynamism and complexity of the cloud environment and increases the uncertainty of security issues in the system concurrently. In this case, the effectiveness of defense mechanisms with fixed strategies would fluctuate as the updates occur in cloud environment. We refer this problem as effectiveness drift problem of defense mechanisms, which is particularly acute in the proactive defense mechanisms, such as moving target defense (MTD). To tackle this problem, we present DSEOM, a framework that can automatically perceive updates of container-based cloud environment, rapidly evaluate the effectiveness change of MTD and dynamically optimize MTD strategies. Specifically, we establish a multi-dimensional attack graphs model to formalize various complex attack scenarios. Combining with this model, we introduce the concept of betweenness centrality to effectively evaluate and optimize the implementation strategies of MTD. In addition, we present a series of security and performance metrics to quantify the effectiveness of MTD strategies in DSEOM. And we conduct extensive experiments to illustrate the existence of the effectiveness drift problem and demonstrate the usability and scalability of DSEOM.",0
SDN Enhanced Resource Orchestration of Containerized Edge Applications for Industrial IoT,"With the rise of the Industrial Internet of Things (IIoT), there is an intense pressure on resource and performance optimization leveraging on existing technologies, such as Software Defined Networking (SDN), edge computing, and container orchestration. Industry 4.0 emphasizes the importance of lean and efficient operations for sustainable manufacturing. Achieving this goal would require engineers to consider all layers of the system, from hardware to software, and optimizing for resource efficiency at all levels. This emphasizes the need for container-based virtualization tools such as Docker and Kubernetes, offering Platform as a Service (PaaS), while simultaneously leveraging on edge technologies to reduce related latencies. For network management, SDN is poised to offer a cost-effective and dynamic scalability solution by customizing packet handling for various edge applications and services. In this paper, we investigate the energy and latency trade-offs involved in combining these technologies for industrial applications. As a use case, we emulate a 3D-drone-based monitoring system aimed at providing real-time visual monitoring of industrial automation. We compare a native implementation to a containerized implementation where video processing is orchestrated while streaming is handled by an external UE representing the IIoT device. We compare these two scenarios for energy utilization, latency, and responsiveness. Our test results show that only roughly 16 percent of the total power consumption happens on the mobile node when orchestrated. Virtualization adds up about 4.5 percent of the total power consumption while the latency difference between the two approaches becomes negligible after the streaming session is initialized.",0
Migration from monolith to microservices with legacy compatibility,"Today’s ISR (Intelligence, Surveillance and Reconnaissance) defense coalitions require storage and disseminationmechanisms that are able to cope with emerging changes to requirements and new features. Previous Systemof systems (SOS) architectures used to be built with years of planning, development, testing and deployment,usually in the form of distributed monoliths. Due to new requirements in ISR, shorter response cycles arerequired. To reach this goal, new approaches are of interest in the architectural style and workload sharingwithin the development team, resulting in the ability to better maintain and change existing software solutions.Ideally, such a shift results in improved scalability, replaceability, modularity and resilience.In this context we examined our existing software that provides and also internally uses legacy middlewaresuch as “Common Object Request Broker Architecture” (CORBA) (among others). The overall codebase waswritten in such a manner that it was easy to produce, i.e., technically motivated. The development team israther small, so efficiency and the possibility to share (developer) knowledge is important.Our goal was to evaluate the state of the art, thus being able to reasonably apply modern software developmentapproaches that support mandatory legacy support. We attempted a restructuring of the codebase applying theprinciples of “Domain-Driven Design” with its “bounded contexts”, resulting in domain-oriented source codethat is easy to verify and maintain.Keeping in mind our small development team, we aimed for shared responsibility, giving us the necessaryresilience for unplanned staff absence.In this publication, we present a possible migration path with its operational constraints (e.g., legacy interfaces) towards a more suitable software solution and the lessons learned during the process. In addition, weoutline how this was achieved with a small headcount.",0
"Towards Offloadable and Migratable Microservices on Disaggregated Architectures: Vision, Challenges, and Research Roadmap","Microservice and serverless computing systems open up massive versatility and opportunity to distributed and datacenter-scale computing. In the meantime, the deployments of modern datacenter resources are moving to disaggregated architectures. With the flourishing growths from both sides, we believe this is high time to write this vision paper to propose a potential research agenda to achieve efficient deployments, management, and executions of next-generation microservices on top of the emerging disaggregated datacenter architectures. In particular, we envision a critical systems research direction of designing and developing offloadable and migratable microservices on disaggregated architectures. With this vision, we have surveyed the recent related work to demonstrate the importance and necessity of researching it. We also outline the fundamental challenges that distributed systems and datacenter-scale computing research may encounter. We further propose a research roadmap to achieve our envisioned objectives in a promising way. Within the roadmap, we identify potential techniques and methods that can be leveraged.",0
Cloud Security : Penetration Testing of Application in Micro-service architecture and Vulnerability Assessment.,"Software as a Service (SaaS) is a modern software product model that provides an awesome experience and dynamic platform for the expedition, communication and creating new features in a short amount of time. Cloud platforms provide an outstanding foundation for Software as a solution with their on user-demand infrastructure and application service. We can say that microservice architecture as the optional architecture for a cloud-hosted solution. Microservice architecture is not that much build-up, it just started getting attraction from various industries who want to market for their product in a short time by expanding productivity through increasing automation in the whole product lifecycle[1]. Microservice architecture approach come-up with lots of new complexity and it need a certain level of maturity development to confidently apply the architectural style. The challenge we are facing is how do we make sure the system stays safe and doesn't get hacked or leak data in this more complex and versatile cloud environment. Hence, we need to do penetration testing on the newly developed application in a microservice architecture.",0
Performance Modeling of Microservice Platforms,"Microservice architecture has transformed the way developers are building and deploying applications in the nowadays cloud computing centers. This new approach provides increased scalability, flexibility, manageability, and performance while reducing the complexity of the whole software development life cycle. The increase in cloud resource utilization also benefits microservice providers. Various microservice platforms have emerged to facilitate the DevOps of containerized services by enabling continuous integration and delivery. Microservice platforms deploy application containers on virtual or physical machines provided by public/private cloud infrastructures in a seamless manner. In this paper, we study and evaluate the provisioning performance of microservice platforms by incorporating the details of all layers (i.e., both micro and macro layers) in the modelling process. To this end, we first build a microservice platform on top of Amazon EC2 cloud and then leverage it to develop a comprehensive performance model to perform what-if analysis and capacity planning for microservice platforms at scale. In other words, the proposed performance model provides a systematic approach to measure the elasticity of the microservice platform by analyzing the provisioning performance at both the microservice platform and the back-end macroservice infrastructures.",0
Architecture and Examples of Implementing the Informational Platform for Creation and Provision of Thematic Services Using Earth Remote Sensing Data,"The article describes the basics of the design and examples of practical implementation of systems (platforms) for creating and providing thematic services using Earth remote sensing data. The principal features of such systems should be, firstly, the possibility of integrating territorially distributed information resources, including heterogeneous ground-space data and calculation and analysis modules, and secondly, the fullest possible automation of these processes, ensuring interaction with untrained (in the sense of information technologies) user. It is shown that a service-oriented architecture can be the basic approach to creating such systems. Based on a comparative analysis of existing and promising information technologies, the necessary components of the Thematic Services Information Platform (TSIP) were selected. The constructiveness and feasibility of the proposed approach is demonstrated on the examples of practical testing of TSIP when creating thematic services.",0
Scaling Policies Derivation for Predictive Autoscaling of Cloud Applications,"Cloud Computing enables the provision of services based on a pay-as-you-go model. Allocation and release of resources happen dynamically according to customers’ needs following a Service Level Agreement (SLA). However, as there are a wide diversity of cloud applications and different business goals, the selection of a provisioning plan that adapts to the business dynamic becomes challenging. Cloud applications may have an under-provisioning or over-provisioning problem since the Cloud Service Provider face the trade-off between minimize resources costs and meet the stringent Quality of Service (QoS) requirements. Known Auto Scaling solutions adjust the number of available computing resources according to the current service demand but they are either restricted to a single type of resource or they do not consider the type of cloud application to be scaled and do not anticipate workloads that arise at runtime which may cause SLA violations. This thesis aims to improve the Auto Scaling process by deriving a set of scaling policies through the analysis of load patterns, application’s performance profiles, resource types, and pricing model. The outcome of this research includes the implementation of the Scaling Policy Derivation Tool (SPDT) which based on different scaling strategies selects a cost-efficient scaling policy able to meet the current and predicted service demand. The proposed solution helps Cloud Services Providers to efficiently manage the deployment and scaling of applications by answering questions like Which is the right number of resources needed?, what type or combination of type resources fits better?, what parameters and conditions should be considered before scaling?, When to start the scaling of resources?, how the type of application influence the scaling decisions?.",0
"Migración de un monolito a una arquitectura basada en microservicios, caso de estudio sistema “kbus”","El sistema de monitoreo y control de flota Kbus esta presente en 15 ciudades del Ecuador y 2 de Colombia, maneja diariamente alrededor de 5 millones de datos los cuales en mayor medida provienen de los equipos de rastreo GPS, ademas recibe 200 mil peticiones al dia de los diversos clientes, sea desde la web o desde las aplicaciones moviles. Para realizar la migracion se obtuvo el modelo tecnologico del monolito, los recursos disponibles, el numero de peticiones diarias, etc. Gracias a esta informacion fue posible la definicion de los microservicios, la comunicacion entre ellos y su agrupacion, lo que permitio obtener una nueva Arquitectura. El monolito previo se encontraba en Java, sin embargo, para la migracion se uso NodeJs bajo un contenedor Docker, para la implementacion se trazo un plan de trabajo mediante Sprints basados en la metodologia SCRUM. Finalmente se realizo la comparativa de rendimiento entre las 2 arquitecturas, obteniendo mejores resultados en tiempo de carga y de actualizacion con la arquitectura de microservicios.",0
Achieving a Reusable Reference Architecture for Microservices in Cloud Environments,"Microservices are a new trend in application development. They allow for breaking down big monolithic applications into smaller parts that can be updated and scaled independently. However, there are still many uncertainties when it comes to the standards of the microservices, which can lead to costly and time consuming creations or migrations of system architectures. One of the more common ways of deploying microservices is through the use of containers and container orchestration platform, most commonly the open-source platform Kubernetes. In order to speed up the creation or migration it is possible to use a reference architecture that acts as a blueprint to follow when designing and implementing the architecture. Using a reference architecture will lead to more standardized architectures, which in turn are most time and cost effective. This thesis proposes such a reference architecture to be used when designing microservice architectures. The goal of the reference architecture is to provide a product that meets the needs and expectations of companies that already use microservices or might adopt microservices in the future. In order to achieve the goal of the thesis, the work was divided into three main phases. First, a questionnaire was conducted and sent out to be answered by experts in the area of microservices or system architectures. Second, literature studies were made on the state of the art and practice of reference architectures and microservice architectures. Third, studies were made on the Kubernetes components found in the Kubernetes documentation, which were evaluated and chosen depending on how well they reflected the needs of the companies. This thesis finally proposes a reference architecture with components chosen according to the needs and expectations of the companies found from the questionnaire.",0
Optimal Blind and Adaptive Fog Orchestration under Local Processor Sharing,"This paper studies the tradeoff between running cost and processing delay in order to optimally orchestrate multiple fog applications. Fog applications process batches of objects' data along chains of containerised microservice modules, which can run either for free on a local fog server or run in cloud at a cost. Processor sharing techniques, in turn, affect the applications' processing delay on a local edge server depending on the number of application modules running on the same server. The fog orchestrator copes with local server congestion by offloading part of computation to the cloud trading off processing delay for a finite budget. Such problem can be described in a convex optimisation framework valid for a large class of processor sharing techniques. The optimal solution is in threshold form and depends solely on the order induced by the marginal delays of N fog applications. This reduces the original multidimensional problem to an unidimensional one which can be solved in O(N-2) by a parallelised search algorithm under complete system information. Finally, an online learning procedure based on a primal-dual stochastic approximation algorithm is designed in order to drive optimal reconfiguration decisions in the dark, by requiring only the unbiased estimation of the marginal delays. Extensive numerical results characterise the structure of the optimal solution, the system performance and the advantage attained with respect to baseline algorithmic solutions.",0
Towards Migrating from Monolithic-Based Web Application to Micro Service: A Case Study of ezScrum Product Backlog,"The software ezScrum is a legacy web application that has been developed and maintained for more than ten years. With web technology constantly evolving, the ezScrum development team has found it increasingly difficult to keep up and many older technologies are still used. A consequence is the slowdown of release. Examining the issues, we have found the main cause to be the coupling of ezScrum modules since ezScrum is a monolith. Thus, effort has been taken to convert ezScrum into a set of microservices so that coupling is reduced. This thesis reports our work on extracting the product backlog from ezScrum. As demonstrated, the extracted product backlog microservice operates as an independent web application that collaborates with other extracted microservices from ezScrum including account management.",0
Management of API Gateway Based on Micro-service Architecture,"Micro-services are activities that run in your own programs and communicate with HTTP APIS through lightweight devices. Under the Micro-service architecture, the API gateway is an important component of the overall architecture. It abstracts the common functions that are needed in the Micro-services. As the only entry for a Micro-service, the API gateway encapsulates the specific internal implementation and interface of the system. Based on the analysis and comparison of the traditional framework and the Micro-service framework, this paper mainly analyzes the realization of the functions: load balancing, automatic service blowing, and Gray release, and gives the implement scheme of the key technology of the API gateway under the Micro-service architecture. The scheme discusses the case study of the technology selection and application architecture under micro service. And it also provides a new solution for the difficulties in manage API gateway under micro service by giving a detailed design for the authentication of the API gateway, reverse proxy function and flow control function. By using API gateway, the problem of how a caller can call an independent service can be solved, thus the development efficiency can be greatly improved.",0
A Container Orchestration Development that Optimizes the Etherpad Collaborative Editing Tool through a Novel Management System,"The use of collaborative tools has notably increased recently. It is common to see distinct users that need to work simultaneously on shared documents. In most cases, large companies provide tools whose implementations have been a very complicated and expensive task. Likewise, their platform deployment requirements should be robust hardware infrastructures. It becomes even more critical when their main target is to reach scalability and highavailability. Therefore, this study aims to design and implement a microservices-based collaborative architecture using assembled containers in the cloud, enabling them to deploy Etherpad instances to guarantee high availability. To ensure such a task, we developed and optimized a central management system that creates Etherpad instances and continuously interacts with other Etherpad tools running on Docker containers. This design goes from the monolithic Etherpad instantiation and handling towards a service architecture, where every Etherpad is offered as a microservice. Furthermore, the management system follows (implements) the Observer, Factory Method, Proxy, and Service Layerpopular design patterns. This allows users to gain more privacy through access to validations and shared resources. Our results indicate both the correct operation in the automation of containers’ creation for new users who register in the system and quantifiable improvement in performance.",0
Open ICT‐PaaS platform enabling 5G network slicing,"With a traditional static model of telecommunications service, it is difficult to deal with the uncertain factors and differentiation of massive mobile Internet services. Cloud computing, software-defined networking (SDN), and network function virtualisation (NFV) drive telecom networks to a new round of network reconstruction. The IaaS platform can partially solve the ‘production tool’ problem of operators; however, the ‘production relationship’ problem persists. After infrastructure reconstruction is completed, due to the 5G service vision of networks on demand and sliced networks, a PaaS environment is introduced to implement a new-generation of virtual network functions (VNFs). Based on the analysis of the necessity and feasibility of an Information and Communications Technology PaaS (ICT-PaaS) Platform, following the technical trend of 5G, the ICT-PaaS platform is proposed to construct a future network featuring elasticity, automation, flexibility, and openness. The adoption of lightweight VNF design ideas based on componentisation, containerisation, and microservice can better satisfy the requirements of flexible ‘network slicing’ than the traditional heavy monolith VNF-based on VMs. The measured results show that the optimisation implementations can significantly improve network forwarding performance. From the evaluation result of the cost benefits of it is possible to highlight potentials of the platform introduction.",0
Energy Efficient Next-Gen of Virtualization for Cloud-native Applications in Modern Data Centres,"In the new software-driven world this is the need of the hour to achieve success by accelerating development, delivery of applications and services rapidly that make customers happy and business competitive. To achieve faster delivery of resources and applications to strengthen the business with more transformations containers have been introduced. At the existing scenario, the hyper-converged data centre uses the concept of virtualization which creates software abstraction of the underlying hardware using Hypervisor software that enables to execute several Virtual Machines (VMs) with dissimilar Operating System (OS) flavours. But virtualization is heavyweight and it may take more time to boot. The proposed containerization and docker in hybrid cloud composable data centre is lightweight supports Operating System (OS) level virtualization that isolates resources, libraries and other binaries bundled into a single package for agile modern scalable workloads. This paper focuses on the container-based virtualization to shape the future cloud-based modern data centre for supporting the micro-services based applications for faster deployment to Developer Operations (DevOps) teams in IT with resiliency, High Availability and better resource management with energy savings.",0
"Container Security: Issues, Challenges, and the Road Ahead","Containers emerged as a lightweight alternative to virtual machines (VMs) that offer better microservice architecture support. The value of the container market is expected to reach $2.7 billion in 2020 as compared to $762 million in 2016. Although they are considered the standardized method for microservices deployment, playing an important role in cloud computing emerging fields such as service meshes, market surveys show that container security is the main concern and adoption barrier for many companies. In this paper, we survey the literature on container security and solutions. We have derived four generalized use cases that should cover security requirements within the host-container threat landscape. The use cases include: (I) protecting a container from applications inside it, (II) inter-container protection, (III) protecting the host from containers, and (IV) protecting containers from a malicious or semi-honest host. We found that the first three use cases utilize a software-based solutions that mainly rely on Linux kernel features (e.g., namespaces, CGroups, capabilities, and seccomp) and Linux security modules (e.g., AppArmor). The last use case relies on hardware-based solutions such as trusted platform modules (TPMs) and trusted platform support (e.g., Intel SGX). We hope that our analysis will help researchers understand container security requirements and obtain a clearer picture of possible vulnerabilities and attacks. Finally, we highlight open research problems and future research directions that may spawn further research in this area.",0
A Brief History of Cloud Application Architectures,"This paper presents a review of cloud application architectures and its evolution. It reports observations being made during a research project that tackled the problem to transfer cloud applications between different cloud infrastructures. As a side effect, we learned a lot about commonalities and differences from plenty of different cloud applications which might be of value for cloud software engineers and architects. Throughout the research project, we analyzed industrial cloud standards, performed systematic mapping studies of cloud-native application-related research papers, did action research activities in cloud engineering projects, modeled a cloud application reference model, and performed software and domain-specific language engineering activities. Two primary (and sometimes overlooked) trends can be identified. First, cloud computing and its related application architecture evolution can be seen as a steady process to optimize resource utilization in cloud computing. Second, these resource utilization improvements resulted over time in an architectural evolution of how cloud applications are being built and deployed. A shift from monolithic service-oriented architectures (SOA), via independently deployable microservices towards so-called serverless architectures, is observable. In particular, serverless architectures are more decentralized and distributed, and make more intentional use of separately provided services. In other words, a decentralizing trend in cloud application architectures is observable that emphasizes decentralized architectures known from former peer-to-peer based approaches. This is astonishing because, with the rise of cloud computing (and its centralized service provisioning concept), the research interest in peer-to-peer based approaches (and its decentralizing philosophy) decreased. However, this seems to change. Cloud computing could head into the future of more decentralized and more meshed services.",0
vNIDS,"Traditional Network Intrusion Detection Systems (NIDSes) are generally implemented on vendor proprietary appliances or middleboxes with poor versatility and flexibility. Emerging Network Function Virtualization (NFV) and Software-Defined Networking (SDN) technologies can virtualize NIDSes and elastically scale them to deal with attack traffic variations. However, such an elasticity feature must not come at the cost of decreased detection effectiveness and expensive provisioning. In this paper, we propose an innovative NIDS architecture, vNIDS, to enable safe and efficient virtualization of NIDSes. vNIDS addresses two key challenges with respect to effective intrusion detection and non-monolithic NIDS provisioning in virtualizing NIDSes. The former challenge is addressed by detection state sharing while minimizing the sharing overhead in virtualized environments. In particular, static program analysis is employed to determine which detection states need to be shared. vNIDS addresses the latter challenge by provisioning virtual NIDSes as microservices and employing program slicing to partition the detection logic programs so that they can be executed by each microservice separately. We implement a prototype of vNIDS to demonstrate the feasibility of our approach. Our evaluation results show that vNIDS could offer both effective intrusion detection and efficient provisioning for NIDS virtualization.",0
Architectural Technical Debt in Microservices: A Case Study in a Large Company,"Introduction: Software companies aim to achieve continuous delivery to constantly provide value to their customers. A popular strategy is to use microservices architecture. However, such an architecture is also subject to debt, which hinders the continuous delivery process and thus negatively affects the software released to the customers. Objectives: The aim of this study is to identify issues, solutions and risks related to Architecture Technical Debt in microservices. Method: We conducted an exploratory case study of a real life project with about 1000 services in a large, international company. Through qualitative analysis of documents and interviews, we investigated Architecture Technical Debt in the communication layer of a system with microservices architecture. Results: Our main contributions are a list of Architecture Technical Debt issues specific for the communication layer in a system with microservices architecture, as well as their associated negative impact (interest), a solution to repay the debt and the its cost (principal). Among the found Architecture Technical Debt issues were the existence of business logic in the communication layer and a high amount of point-to-point connections between services. The studied solution consists of the implementation of different canonical models specific to different domains, the removal of business logic from the communication layer, and migration from services to use the communication layer correctly. We also contributed with a list of possible risks that can affect the payment of the debt, as lack of funding and inadequate prioritization. Conclusion: We found issues, solutions and possible risks that are specific for microservices architectures not yet encountered in the current literature. Our results may be useful for practitioners that want to avoid or repay Technical Debt in their microservices architecture.",0
Discovering Microservices in Enterprise Systems Using a Business Object Containment Heuristic,"The growing impact of IoT and Blockchain platforms on business applications has increased interest in leveraging large enterprise systems as Cloud-enabled microservices. However, large and monolithic enterprise systems are unsuitable for flexible integration with such platforms. This paper presents a technique to support the re-engineering of an enterprise system based on the fundamental mechanisms for structuring its architecture, i.e., business objects managed by software functions and their relationships which influence business object interactions via the functions. The technique relies on a heuristic for deriving business object exclusive containment relationships based on analysis of source code and system logs. Furthermore, the paper provides an analysis of distributing enterprise systems based on the business object containment relationships using the NSGA II software clustering and optimization technique. The heuristics and the software clustering and optimization techniques have been validated against two open-source enterprise systems: SugarCRM and ChurchCRM. The experiments demonstrate that the proposed approach can identify microservice designs which support multiple desired microservice characteristics, such as high cohesion, low coupling, high scalability, high availability, and processing efficiency.",0
An Overview of Self-Adaptive Techniques for Microservice Architectures,"Contemporary software systems are continuously growing insize and a large number of users need to deal with new class of problems- complexity and evolution. To overcome this, new technologies andmethods in software engineering emerge. One of them is the architecturalstyle of microservices. It tends to provide solutions, however it introducesadditional complexity in terms of administration, detecting fault behaviorand applying fxes. Self-adaptive systems address the problems ofcomplexity and evolution by providing mechanisms that allow systems torespond to external environmental changes without human interaction.Currently, there is a lack of understanding on how microservices canutilize the notion of self-adaptiveness and in this paper we make anoverview of the current solutions in the feld.ACM Computing Classifiation Sstem (1998): C.2.4, D.2.11.*The research presented in this paper was partially supported by the DFNI I02-2/2014project, funded by the National Science Fund, Ministry of Education and Science in Bulgaria.",0
Application of HL7 FHIR in a Microservice Architecture for Patient Navigation on Registration and Appointments,"Electronic Health Record Systems (EHR-S) are commonly developed in monolithic architectures. This architectural style presents greater complexity and demands more effort when we think of interoperability. A solution proposal is the creation of Microservices that use HL7 FHIR as an interoperability strategy. In this sense, it is presented the development of a prototype, based on a microservices architecture, to act in a real scenario of Patient Navigation (PN). The problem was subdivided into 3 steps: definition of architecture, development and construction of an interface to simulate the role of the navigator. The Patient and Appointment microservices are capable of synchronous communication to query and record information. In general, the implemented architectural style not only isolates information domains but can receive data from multiple sources while maintaining essential functionality. This type of approach plays a crucial role in a hospital environment, specifically in PN, highlighting the importance of the standard and expanding the possibilities for further research to be conducted.",0
On the Modularization of ExplorViz towards Collaborative Open Source Development,"Software systems evolve over their lifetime. Changing conditions such as requirements or customer requests make it inevitable for developers to perform adjustments to the underlying code base. Especially in the context of open source software where everybody can contribute, demands can change over time and new user groups may be addressed. In particular, research software is often not structured with a maintainable and extensible architecture. In combination with obsolescent technologies, this is a challenging task for developers, especially, when students are involved. In this paper, we report on the modularization process and architecture of our open source research project ExplorViz towards a microservice architecture, which facilitates a collaborative development process for both researchers and students. We describe the modularization measures and present how we solved occurring issues and enhanced our development process. Afterwards, we illustrate our modularization approach with our modernized, extensible software system architecture and highlight the improved collaborative development process. Finally, we present a proof-of-concept implementation featuring several developed extensions in terms of architecture and extensibility.",0
A Proposal of Event Stream Processing Frameworks applicable to Asynchronous-based Microservice,"Micro-service Architecture is a service architecture optimized for large-scale distributed systems such as real-time realistic broadcasting systems, so that are fiercely adopted by Global leading service platform vendors such as Netflix and Twitter due to the merit of horizontal performance scalability enabling the scale-out technique. In addition, micro-service architecture makes it possible to execute image processing and real-time data analysis using an asynchronous-based processing that are difficult to handle in Web API such as REST. In this paper, an event stream processing framework applicable to asynchronous based micro services is proposed in the sense that the accountability of event processing order is not guaranteed in the events such as IoT sensor data analysis or cloud-based image editing because these are the situations where the real-time media editing generates multiple event streams and asynchronous processes in the platform.",0
Dekomposition und Komposition von Microservices,"Microservices haben in den letzten Jahren zunehmend an Popularität gewonnen und werden von einigen großen Unternehmen für hochgradig skalierbare Anwendungen eingesetzt. Beim Entwurf einer Microservice-Architektur stellen sich die Fragen, wie man zu einer geeigneten Service-Aufteilung gelangt und wie man die einzelnen Services zu einer einzigen Anwendung zusammenfügt, sodass die Service-Topologie für die Nutzer transparent bleibt. In einigen Quellen, darunter zahlreiche Blogartikel, werden unterschiedliche Antworten auf diese Fragen präsentiert. Ein systematischer Vergleich konnte jedoch in keiner Quelle gefunden werden. Die vorliegende Arbeit analysiert verschiedene Ansätze zur grundlegenden Aufteilung einer Microservice-Anwendung sowie zur Integration der einzelnen Services, stellt diese anhand verschiedener Kriterien gegenüber und benennt jeweils konkrete Anwendungsfälle dafür. Kriterien zur feingranularen Aufteilung werden aufgezählt und der Einsatz von gemeinsamen Bibliotheken wird diskutiert. Des Weiteren werden die Kompositionsprinzipien Orchestrierung und Choreographie verglichen sowie Möglichkeiten zur Umsetzung von Authentifizierung und Autorisierung bewertet. Im Rahmen einer prototypischen Implementierung werden einige dieser Konzepte angewandt und zuvor gewonnene Erkenntnisse anhand der praktischen Anwendung diskutiert.",0
Building Continuous Delivery Pipeline for Microservices,"During the last two decades, there has been an impressive growth in software engineering industry. As a result, a considerable amount of applications are built every day. Meanwhile, modern technologies are also published at lightning speed to improve performance and scalability. Deploying an application using a modern software stack to a cloud platform is really challenging without a container technology standard solution. Moreover, containerised application deployment and management are much more comfortable with the help of a cluster management tool. In addition, to adapt to the need of customers, products must be delivered continuously and reliably. With the help of Continuous Delivery pipeline, the duration of development, testing, compiling, building and deployment procedures are optimised. The objective of this project was to set up a pipeline to continuously deliver containerised applications to Google Cloud Platform with the help of Docker, Kubernetes, and CircleCI. Additionally, the meaning behind the implementation was to show the need of setting up a Continuous Delivery pipeline in every software development project. The goal was achieved by researching and implementing a Continuous Delivery pipeline for an application which was being developed in a company. In addition, the benefits of using Docker containers, Kubernetes, CircleCI, Codecov and Google Cloud Platform in software development were investigated and showed during the implementation of the project. Generally, the project illustrated how to set up a Continuous Delivery pipeline. Though there were several challenges, a considerable amount of benefits was shown by setting up a pipeline for a software engineering project.",0
Experiences of using serverless microservices on video publishing platform,"This thesis presents concepts of microservices and serverless computing. Subsequently, a video on demand service is used as a case study and various examples of serverless microservices are presented and experiences of building them are discussed. First goal is to study the literature and then discuss real life experiences of building serverless microservices and see if it frees time from infrastructure management to building business logic while saving money on hosting costs. Second goal is to gather information on suitable use cases for serverless approach as of today. Microservices are small, autonomous and independently deployable services that work together using message-based communication in a highly automated infrastructure. Serverless computing refers to concept of developing applications built with functions and backend as a service components whose usage is invoiced based on actual execution times. These applications are deployed to infrastructure fully managed by a cloud vendor and thus there's no need to manage servers by a cloud user. While considerable amount of effort is still needed for defining cloud resources with infrastructure as code process, serverless approach was found to be beneficial as it allowed teams to focus on business logic instead of challenges like capacity planning, auto-scaling and high-availability. Cost savings were discovered, but mostly because of more efficient development time was possible. Serverless is a good option for services where really low latency isn’t required and things like high-throughput and time-to-market are important.",0
Microservices: A Systematic Mapping Study,"Microservices have recently emerged as an architectural style, addressing how to build, manage, and evolve architectures out of small, self-contained units. Particularly in the cloud, the microservices architecture approach seems to be an ideal complementation of container technology at the PaaS level However, there is currently no secondary study to consolidate this research. We aim here to identify, taxonomically classify and systematically compare the existing research body on microservices and their application in the cloud. We have conducted a systematic mapping study of 21 selected studies, published over the last two years until end of 2015 since the emergence of the microservices pattern. We classified and compared the selected studies based on a characterization framework. This results in a discussion of the agreed and emerging concerns within the microservices architectural style, positioning it within a continuous development context, but also moving it closer to cloud and container technology.",0
Microservices: How To Make Your Application Scale,"The microservice architecture is a style inspired by service-oriented computing that has recently started gaining popularity and that promises to change the way in which software is perceived, conceived and designed. In this paper, we describe the main features of microservices and highlight how these features improve scalability.",0
MMLite,"With increase in cellular-enabled IoT devices having diverse traffic characteristics and service level objectives (SLOs), handling the control traffic in a scalable and resource-efficient manner in the cellular packet core network is critical. The traditional monolithic design of the cellular core adopted by service-providers is inflexible with respect to the diverse requirements and bursty loads of IoT devices, specifically for properties such as elasticity, customizability, and scalability. To address this key challenge, we focus on the most critical control plane component of the cellular packet core network, the Mobility Management Entity (MME). We present MMLite, a functionally decomposed and stateless MME design wherein individual control procedures are implemented as microservices and states are decoupled from their processing, thus enabling elasticity and fault tolerance. For SLO compliance, we develop a multi-level load balancing approach based on skewed consistent hashing to efficiently distribute incoming connections. We evaluate the performance benefits of MMLite over existing approaches with respect to scaling, fault tolerance, SLO compliance and resource efficiency.",0
Microservices: Migration of a Mission Critical System,"The microservices paradigm aims at changing the way in which software is perceived, conceived and designed. One of the foundational characteristics of this new promising paradigm, compared for instance to monolithic architectures, is scalability. In this paper, we present a real world case study in order to demonstrate how scalability is positively affected by re-implementing a monolithic architecture into microservices. The case study is based on the FX Core system, a mission critical system of Danske Bank, the largest bank in Denmark and one of the leading financial institutions in Northern Europe.",0
"Data Management in Microservices: State of the Practice, Challenges, and Research Directions","Microservices have become a popular architectural style for data-driven applications, given their ability to functionally decompose an application into small and autonomous services to achieve scalability, strong isolation, and specialization of database systems to the workloads and data formats of each service. Despite the accelerating industrial adoption of this architectural style, an investigation of the state of the practice and challenges practitioners face regarding data management in microservices is lacking. To bridge this gap, we conducted a systematic literature review of representative articles reporting the adoption of microservices, we analyzed a set of popular open-source microservice applications, and we conducted an online survey to cross-validate the findings of the previous steps with the perceptions and experiences of over 120 experienced practitioners and researchers. Through this process, we were able to categorize the state of practice of data management in microservices and observe several foundational challenges that cannot be solved by software engineering practices alone, but rather require system-level support to alleviate the burden imposed on practitioners. We discuss the shortcomings of state-of-the-art database systems regarding microservices and we conclude by devising a set of features for microservice-oriented database systems.",0
Performance Analysis of Service in Heterogeneous Operational Environments,"In recent years there is a rapid increase in demand for cloud services, as cloud computing has become a flexible platform for hosting microservices over the Internet. Microservices are the core elements of service oriented architecture (SOA) that facilitate the deployment of distributed software systems. As the user requires good quality of service the response time of microservices is critical in assessing the performance of the application from the end user perspective.This thesis work aims at developing a typical service architecture to facilitate the deployment of compute and I/O intensive services. The work also aims at evaluating the service times of these service when their respective subservices are deployed in heterogeneous environments with various loads.The research work has been carried out using an experimental testbed in order to evaluate the performance. The transport level performance metric called Response time is measured. It is the time taken by the server to serve the request sent by the client. Experiments have been conducted based on the objectives that are to be achieved.The results obtained from the experimentation contain the average service times of a service when it is deployed on both virtual and non-virtual environment. The virtual environment is provided by Docker containers. They also include the variation in position of their subservices. From results it can be concluded that the total service times obtained are less in case of non-virtual environments when compared to container environment.",0
Projecting Microservices: A Study over Asynchronous Queues to Achieve Reactive Design,"Microsservicos (MS) sao uma nova abordagem com o intuito de incrementar a escalabilidade e flexibilidade em grandes aplicacoes. Um dos maiores desafios com a abordagem de MS esta em como desenvolver adequadamente um unico servico em termos do seu escopo, eficiencia e confiabilidade. Neste trabalho e proposto um modelo arquitetural para estruturar internamente um microsservico, inspirada em conceitos da programacao reativa. Este modelo e coordenado internamente por filas assincronas, que preservam a compatibilidade com a maioria dos componentes legados(monoliticos). Um estudo comparativo entre a abordagem tradicional e a arquitetura proposta foi executado afim de medir os impactos que desta estrategia em termos de desempenho, elasticidade e resiliencia.",0
Implementation of Microservices Architecture for Application of Cyclooxygenase-2 Inhibitors Identifier,"The identification of drug compounds that react to the body’s cells is known as structure screening. This process can be assisted by a computer known as Structure-Based Virtual Screening (SBVS). This virtual screening process has been carried out by Istyastono for Cyclooxygenase-2 (COX-2). The screening process that has been carried out needs to be documented so that researchers can utilize for further research. Web-based applications with microservices architecture were chosen to develop a means of compound documentation because this application will be developed by bringing together two platforms, web and Linux shell script. An urgent need for this application to be built with the microservices architecture is the speed of application development for other enzymes based on this application. Application consist of web user interface, web service, data access and compound table. These components are mutually independent. Based on the results of implementation and discussion, the microservices architecture has provided guidance in developing applications so that applications are quickly built and easy to maintain and develop. It can be done because application is developed independently of each other.",0
PREvant (Preview Servant): Composing Microservices into Reviewable and Testable Applications,"This paper introduces PREvant (preview servant), a software tool which provides a simple RESTful API for deploying and composing containerized microservices as reviewable applications. PREvant’s API serves as a connector between continuous delivery pipelines of microservices and the infrastructure that hosts the applications. Based on the REST API and a web interface developers and domain experts at aixigo AG developed quality assurance workflows that help to increase and maintain high microservice quality.",0
From Monolith to Microservices: A Classification of Refactoring Approaches,"While the recently emerged Microservices architectural style is widely discussed in literature, it is difficult to find clear guidance on the process of refactoring legacy applications. The importance of the topic is underpinned by high costs and effort of a refactoring process which has several other implications, e.g. overall processes (DevOps) and team structure. Software architects facing this challenge are in need of selecting an appropriate strategy and refactoring technique. One of the most discussed aspects in this context is finding the right service granularity to fully leverage the advantages of a Microservices architecture. This study first discusses the notion of architectural refactoring and subsequently compares 10 existing refactoring approaches recently proposed in academic literature. The approaches are classified by the underlying decomposition technique and visually presented in the form of a decision guide for quick reference. The review yielded a variety of strategies to break down a monolithic application into independent services. With one exception, most approaches are only applicable under certain conditions. Further concerns are the significant amount of input data some approaches require as well as limited or prototypical tool support.",0
"Identifying architectural technical debt, principal, and interest in microservices: A multiple-case study","Background: Using a microservices architecture is a popular strategy for software organizations to deliver value to their customers fast and continuously. However, scientific knowledge on how to manage architectural debt in microservices is scarce. Objectives: In the context of microservices applications, this paper aims to identify architectural technical debts (ATDs), their costs, and their most common solutions. Method: We conducted an exploratory multiple case study by conducting 25 interviews with practitioners working with microservices in seven large companies. Results: We found 16 ATD issues, their negative impact (interest), and common solutions to repay each debt together with the related costs (principal). Two examples of critical ATD issues found were the use of shared databases that, if not properly planned, leads to potential breaks on services every time the database schema changes and bad API designs, which leads to coupling among teams. We identified ATDs occurring in different domains and stages of development and created a map of the relationships among those debts. Conclusion: The findings may guide organizations in developing microservices systems that better manage and avoid architectural debts.",0
"ExplorViz: Research on software visualization, comprehension and collaboration","ExplorViz supports research on software visualization, software comprehension tasks and software collaboration. To achieve this, ExplorViz provides multi-level visualization from the software landscape layer toward the level of individual software applications. Via immersive 3D visualizations in virtual reality, ExplorViz also supports collaboration in software development teams. The research tool development commenced in 2012, and grew toward a powerful, extensible open-source software that has been employed in a variety of software engineering research projects. In this paper, we review its history, development and research impact.",0
Migrating Monoliths to Microservices-based Customizable Multi-tenant Cloud-native Apps,"It was common that software vendors sell licenses to their clients to use software products, such as Enterprise Resource Planning, which are deployed as a monolithic entity on clients’ premises. Moreover, many clients, especially big organizations, often require software products to be customized for their specific needs before deployment on premises. While software vendors are trying to migrate their monolithic software products to Cloud-native Software-as-a-Service (SaaS), they face two big challenges that this paper aims at addressing: 1) How to migrate their exclusive monoliths to multi-tenant Cloud-native SaaS; and 2) How to enable tenant-specific customization for multi-tenant Cloud-native SaaS. This paper suggests an approach for migrating monoliths to microservice-based Cloud-native SaaS, providing customers with a flexible customization opportunity, while taking advantage of the economies of scale that the Cloud and multi-tenancy provide. Our approach shows not only the migration to microservices but also how to introduce the necessary infrastructure to support the new services and enable tenant-specific customization. We illustrate the application of our approach on migrating a reference application of Microsoft called SportStore.",0
Refactoring Arsitektur Microservice Pada Aplikasi Absensi PT. Graha Usaha Teknik,"Meningkatnya jumlah pengguna aplikasi berbasis arsitektur monolithic dapat mempengaruhi proses pemeliharaan, kinerja dan kompleksnya pembaruan aplikasi. Resilient challenges merupakan salah satu permasalahan yang sering terjadi pada arsitektur monolithic , dimana jika terjadi kegagalan pada saat pembaruan atau penambahan fitur baru pada aplikasi, maka seluruh fitur aplikasi akan mengalami kegagalan sistem. Permasalahan selanjutnya jika terjadi perubahan salah satu modul aplikasi pada arsitektur monolithic, maka dibutuhkan proses restart seluruh aplikasi. Semakin besar sebuah aplikasi, maka proses restart aplikasi menjadi semakin lama sehingga selama proses restart berlangsung, aplikasi tidak dapat digunakan. Dengan berbagai permasalahan pada arsitektur monolithic , penggunaan arsitektur microservice dalam mengembangkan sebuah aplikasi dapat memperbaiki permasalahan pada arsitektur monolithic melalui pemisahan servis - servis menjadi kecil. Untuk dapat mengatasi permasalahan aplikasi dengan menggunakan arsitektur monolithic , diperlukan proses refactoring aplikasi dari arsitektur monolithic menjadi arsitektur microservice . Pada penelitian ini, dilakukan refactoring arsitektur monolithic menjadi arsitektur microservice dengan menggunakan 13 tahapan dan strategi strangler pattern pada aplikasi absensi PT. Graha Usaha Teknik. Proses refactoring dengan strategi strangler pattern hanya digunakan pada 10 tahapan dari 13 tahapan refactoring . Tahapan strategi strangler pattern dilakukan hingga seluruh servis pada arsitektur monolithic berhasil dilakukan refactoring . Hasil refactoring yang dilakukan pada aplikasi absensi PT. Graha Usaha Teknik menghasilkan tujuh servis yang dapat dikembangkan pada arsitektur microservice . Berdasarkan hasil pengujian dengan menggunakan load test , arsitektur microservice yang telah dibangun lebih optimal dibandingkan arsitektur monolithic pada saat jumlah pengguna dinaikan menjadi 15 tps dengan menggunakan spesifikasi komputer yang sama.",0
Minerva: A Portable Machine Learning Microservice Framework for Traditional Enterprise SaaS Applications,"In traditional SaaS enterprise applications, microservices are an essential ingredient to deploy machine learning (ML) models successfully. In general, microservices result in efficiencies in software service design, development, and delivery. As they become ubiquitous in the redesign of monolithic software, with the addition of machine learning, the traditional applications are also becoming increasingly intelligent. Here, we propose a portable ML microservice framework Minerva (microservices container for applied ML) as an efficient way to modularize and deploy intelligent microservices in traditional legacy SaaS applications suite, especially in the enterprise domain. We identify and discuss the needs, challenges and architecture to incorporate ML microservices in such applications. Minervas design for optimal integration with legacy applications using microservices architecture leveraging lightweight infrastructure accelerates deploying ML models in such applications.",0
GraphQL for building microservices,"Most of the current day web applications follow a strict decoupling of the client and the backend. While REST has become the industry standard for writing APIs, it has its shortcomings - most notably data under- and over-fetching. GraphQL has been hyped as the successor of REST as the new standard for building Web based APIs. GraphQL offers clients a way to describe precisely the data and interactions they are interested in. Its big-name adopters include Shopify, Twitter, Atlassian and PayPal. This thesis is a case study of a GraphQL microservice, which combines data from multiple different sources and offers it in a single cohesive data model. The objective of the study is to gather information on building GraphQL based microservices, best practices on resolving GraphQL queries and maintainability of a GraphQL server. The results showed that GraphQL suited well for building microservices, but it is highly oriented towards serving client applications. There are some caveats on resolving hierarchical queries with GraphQL, which are well known and documented and can be avoided. GraphQL provides some benefits in the terms of project maintainability but might require more code to be written when compared to REST.",0
Container overhead in microservice systems,"Containers have been gaining popularity in recent years due to their ability to provide higher flexibility, higher reliability and dynamic scalability to enterprise software systems. In order to fully utilize containers, software developers aim to build their software using microservice architecture, meaning that instead of working on a single large codebase for the whole project, the software is split into smaller units. These microservices can be deployed in their own container instead of the traditional virtual machine setup where a server has to configured with all necessary dependencies. Moving away from the monolithic software architecture to containerized microservices is bound to bring performance penalties due to increased network calls between services and container overhead. The integration must therefor be carefully planned in order to fully utilize the container setup while minimizing the overhead. The purpose of this thesis project was to measure how much overhead can be expected due to containers in an enterprise environment. By using a combination of virtual machines and Docker containers, a microservice system was deployed with four different deployment strategies and the system’s performance was measured by analyzing request response times under various loads. The services were made to run on a single server and on multiple servers, with and without Docker. The performance measurements showed that the system performed worse in every case when Docker was used. Furthermore, the results showed that Docker can have significant negative impact on performance when there is a heavy load on the system.",0
Distributed Queries: An Evaluation of the Microservice Architecture,"The microservice architecture is a new architectural style that structures an application into a set of small, independently deployable microservices, as opposed to the traditional monolith approach with a single executable. The microservice architecture is a distributed system that results in new challenges and increased complexity. This study expands the previous related research and investigates the implications of using the one-database-per-service pattern and a solution to the introduced need of queries spanning multiple microservices. In this thesis, two applications are presented, one with the microservice architecture and one monolithic counterpart, which are compared in terms of response time and throughput. As a solution for the distributed queries, the API Composition pattern was chosen. The results of the experiments conclude in a greater understanding of the difficulty in distributed queries as well as the benefits and limitations of the API composition pattern. It shows that the API composition pattern is a valid solution for distributed queries. However, it does perform worse in terms of response time and throughput than the monolith prototype. This results in the insights that one must carefully choose, with respect to the requirements of the system, when to apply it.",0
Swarm-Like Distributed Algorithm for Scheduling a Microservice-Based Application to the Cloud Servers,"Introduction of virtualization containers and container orchestrators fundamentally changed the landscape of cloud application development. Containers provide an ideal way for practical implementation of microservice-based architecture, which allows for repeatable, generic patterns that make the development of reliable, distributed applications more approachable and efficient. Orchestrators allow for shifting the accidental complexity from inside of an application into the automated cloud infrastructure. Existing container orchestrators are centralized systems that schedule containers to the cloud servers only at their startup. In this paper, we propose a swarm-like distributed cloud management system that uses live migration of containers to dynamically reassign application components to the different servers. It is based on the idea of “pheromone” robots. An additional mobile agent process is placed inside each application container to control the migration process. The number of parallel container migrations needed to reach an optimal state of the cloud is obtained using models, experiments, and simulations. We show that in the most common scenarios the proposed swarm-like algorithm performs better than existing systems, and due to its architecture it is also more scalable and resilient to container death. It also adapts to the influx of containers and addition of new servers to the cloud automatically.",0
Microservices: The Journey So Far and Challenges Ahead,"Microservices are an architectural approach emerging out of service-oriented architecture, emphasizing self-management and lightweightness as the means to improve software agility, scalability, and autonomy. This article examines microservice evolution from the technological and architectural perspectives and discusses key challenges facing future microservice developments.",0
From monolithic systems to Microservices: An assessment framework,"Context: Re-architecting monolithic systems with Microservices-based architecture is a common trend. Various companies are migrating to Microservices for different reasons. However, making such an important decision like re-architecting an entire system must be based on real facts and not only on gut feelings. Objective: The goal of this work is to propose an evidence-based decision support framework for companies that need to migrate to Microservices, based on the analysis of a set of characteristics and metrics they should collect before re-architecting their monolithic system. Method: We conducted a survey done in the form of interviews with professionals to derive the assessment framework based on Grounded Theory. Results: We identified a set consisting of information and metrics that companies can use to decide whether to migrate to Microservices or not. The proposed assessment framework, based on the aforementioned metrics, could be useful for companies if they need to migrate to Microservices and do not want to run the risk of failing to consider some important information.",0
Industry practices and challenges for the evolvability assurance of microservices,"Microservices as a lightweight and decentralized architectural style with fine-grained services promise several beneficial characteristics for sustainable long-term software evolution. Success stories from early adopters like Netflix, Amazon, or Spotify have demonstrated that it is possible to achieve a high degree of flexibility and evolvability with these systems. However, the described advantageous characteristics offer no concrete guidance and little is known about evolvability assurance processes for microservices in industry as well as challenges in this area. Insights into the current state of practice are a very important prerequisite for relevant research in this field. We therefore wanted to explore how practitioners structure the evolvability assurance processes for microservices, what tools, metrics, and patterns they use, and what challenges they perceive for the evolvability of their systems. We first conducted 17 semi-structured interviews and discussed 14 different microservice-based systems and their assurance processes with software professionals from 10 companies. Afterwards, we performed a systematic grey literature review (GLR) and used the created interview coding system to analyze 295 practitioner online resources. The combined analysis revealed the importance of finding a sensible balance between decentralization and standardization. Guidelines like architectural principles were seen as valuable to ensure a base consistency for evolvability and specialized test automation was a prevalent theme. Source code quality was the primary target for the usage of tools and metrics for our interview participants, while testing tools and productivity metrics were the focus of our GLR resources. In both studies, practitioners did not mention architectural or service-oriented tools and metrics, even though the most crucial challenges like Service Cutting or Microservices Integration were of an architectural nature. Practitioners relied on guidelines, standardization, or patterns like Event-Driven Messaging to partially address some reported evolvability challenges. However, specialized techniques, tools, and metrics are needed to support industry with the continuous evaluation of service granularity and dependencies. Future microservices research in the areas of maintenance, evolution, and technical debt should take our findings and the reported industry sentiments into account.",0
A Lightweight Service Placement Approach for Community Network Micro-Clouds,"Community networks (CNs) have gained momentum in the last few years with the increasing number of spontaneously deployed WiFi hotspots and home networks. These networks, owned and managed by volunteers, offer various services to their members and to the public. While Internet access is the most popular service, the provision of services of local interest within the network is enabled by the emerging technology of CN micro-clouds. By putting services closer to users, micro-clouds pursue not only a better service performance, but also a low entry barrier for the deployment of mainstream Internet services within the CN. Unfortunately, the provisioning of these services is not so simple. Due to the large and irregular topology, high software and hardware diversity of CNs, a “careful” placement of micro-clouds services over the network is required to optimize service performance. This paper proposes to leverage state information about the network to inform service placement decisions, and to do so through a fast heuristic algorithm, which is critical to quickly react to changing conditions. To evaluate its performance, we compare our heuristic with one based on random placement in Guifi.net, the biggest CN worldwide. Our experimental results show that our heuristic consistently outperforms random placement by 2x in bandwidth gain. We quantify the benefits of our heuristic on a real live video-streaming service, and demonstrate that video chunk losses decrease significantly, attaining a 37% decrease in the packet loss rate. Further, using a popular Web 2.0 service, we demonstrate that the client response times decrease up to an order of magnitude when using our heuristic. Since these improvements translate in the QoE (Quality of Experience) perceived by the user, our results are relevant for contributing to higher QoE, a crucial parameter for using services from volunteer-based systems and adapting CN micro-clouds as an eco-system for service deployment.",0
Modularization of Research Software for Collaborative Open Source Development,"Software systems evolve over their lifetime. Changing conditions, such as requirements or customer requests make it inevitable for developers to perform adjustments to the underlying code base. Especially in the context of open source software where everybody can contribute, requirements can change over time and new user groups may be addressed. In particular, research software is often not structured with a maintainable and extensible architecture. In combination with obsolescent technologies, this is a challenging task for new developers, especially, when students are involved. In this paper, we report on the modularization process and architecture of our open source research project ExplorViz towards a microservice architecture. The new architecture facilitates a collaborative development process for both researchers and students. We describe the modularization measures and present how we solved occurring issues and enhanced our development process. Afterwards, we illustrate our modularization approach with our modernized, extensible software system architecture and highlight the improved collaborative development process. Finally, we present a proof-of-concept implementation featuring several developed extensions in terms of architecture and extensibility.",0
Towards service discovery and autonomic version management in self-healing microservices architecture,"Microservices architectures (MSAs) contribute to building complex distributed systems by decomposing monolithic systems into a set of independent microservices. This makes it possible to design, develop and deploy scalable and flexible systems. However, various unexpected changes could happen during execution, such as a service upgrade, a sudden increase of traffic, or an infrastructural failure. In this cases, how to react autonomously to these changes without outages becomes a challenge to consider. A PhD project has been launched to propose a self-healing microservices architecture, which can adapt dynamically to inside and outside changes without human intervention. In this paper, we present the first results of a systematic state of the art in the field of self-healing MSA systems. As an entry point of our research, we focus on self-healing triggered by upgrade changes. The initial contribution is a new component of a version manager in our self-healing MSA solution, in relation with service discovery elements. This approach can provide an autonomic version management on both the application level and the system level, and helps to control services upgrading changes. We plan to validate our proposition in a company project use case by deploying it in an emulated production environment, and applying a chaos engineering approach.",0
From Backend to Frontend - Case study on adopting Micro Frontends from a Single Page ERP Application monolith,"Viele Softwareunternehmen verwenden bereits eine Microservice (MS) Architektur, um deren Software sowie die Entwicklungsteams dieser Software skalieren zu können. Diese Architektur verbessert die Projektwartbarkeit und erlaubt es den Entwickler*innen,schnell auf geänderte Anforderungen zu reagieren oder neu entwickelte Technologien einzusetzen.Dennoch verwenden viele Firmen diesen Architekturtyp nur für Services, welche im Hintergrund laufen, und entwickeln eine einzige, monolithische Frontend Applikation,welche mit den verschiedenen Services im Hintergrund kommuniziert.Existierende Micro Frontend (MF) Entwicklungsansätze werden meistens direkt von Softwaregiganten wie Amazon oder SAP entwickelt, welche sich hauptsächlich auf serverseitige Renderingansätze spezialisieren. Es gibt nur wenig Literatur, welche die Verwendung des MS Architekturtyps für clientseitig gerenderte Frontends geprüft hat. Keine dieser Arbeiten behandelt eine MF Performanceanalyse oder benutzt verschiedene clientseitige Frontend Technologien in einer MF Architektur.Diese Arbeit liefert eine Analyse von existierenden MS Arbeiten und zeigt, wie diese Prinzipien auf MFs übertragen werden können. Die in dieser Arbeit durchgeführte Fallstudie inkludiert eine Implementierung der gleichen Applikation als monolithisches Frontend, eine MF Architektur aufbauend auf dem single-spa MF Framework und eine MF Architektur, die mit Webpack Module Federation entwickelt wurde.Der letzte Teil der Arbeit beschreibt eine Performanceanalyse, welche diese drei Fallstudien in der gleichen Umgebung bereitstellt und überprüft. Diese Analyse zeigt auf, dasses möglich ist, ein monolitisches Frontend durch eine MF Architektur zu ersetzen,ohne Performanceverluste hinnehmen zu müssen. Stattdessen profitiert man von dieser Ersetzung und kann auf die Vorteile, die bereits jetzt in MSs genutzt werden, auch im Frontend zurückgreifen.",0
Determining Microservice Boundaries: A Case Study Using Static and Dynamic Software Analysis,"A number of approaches have been proposed to identify service boundaries when decomposing a monolith to microservices. However, only a few use systematic methods and have been demonstrated with replicable empirical studies. We describe a systematic approach for refactoring systems to microservice architectures that uses static analysis to determine the system’s structure and dynamic analysis to understand its actual behavior. A prototype of a tool was built using this approach (MonoBreaker) and was used to conduct a case study on a real-world software project. The goal was to assess the feasibility and benefits of a systematic approach to decomposition that combines static and dynamic analysis. The three study participants regarded as positive the decomposition proposed by our tool, and considered that it showed improvements over approaches that rely only on static analysis.",1
Modernization of enterprise systems,"A growing trend in the digital transformation of Enterprises has led to an increase in the modernization of enterprise architecture. Service-Oriented Architecture (SOA) and Microservices (MSA) are the latest trends in software architecture; however, they have their advantages and disadvantages. This thesis explores the strategies to modernize enterprise systems such as Monolithic and Legacy applications to modern systems using a trade-off of SOA, MSA, and Enterprise Integration Patterns (EIP). Based on design science this research contributes an artifact to be used as a reference when modernizing enterprise architecture.",0
A Partial Pre-composing Method for Composition of Web Services,"In recent years, web service compositions are deemed to be one of the new technologies to build an application system. By composing independent web services, loosely coupled services are integrated into value-added service compositions. In this paper, we address the web service composition problem and propose a partial pre-composing approach. This approach picks and generates popular user requests as service combinations stored in the service repository. We compare our approach with QoS driven, extended A* and Graphplan methods, the experimental results indicate that our algorithm can return a solution with fewer web services or less execution time.",0
From Monolithic Systems to Microservices: A Decomposition Framework based on Process Mining,"Decomposition is one of the most complex tasks during the migration from monolithic systems to microservices, generally performed manually, based on the experience of the software architects. In this work, we propose a 6-step framework to reduce the subjectivity of the decomposition process. The framework provides software architects with a set of decomposition options, together with a set of measures to evaluate and compare their quality. The decomposition options are identified based on the independent execution traces of the system by means of the application of a process-mining tool to the log traces collected at runtime. We validated the process, in an industrial project, by comparing the proposed decomposition options with the one proposed by the software architect that manually analyzed the system. The application of our framework allowed the company to identify issues in their software that the architect did not spot manually, and to discover more suitable decomposition options that the architect did not consider. The framework could be very useful also in other companies to improve the quality of the decomposition of any monolithic system, identifying different decomposition strategies and reducing the subjectivity of the decomposition process. Moreover, researchers could extend our approach increasing the support and further automating the decomposition support. a",0
Does Domain-Driven Design Lead to Finding the Optimal Modularity of a Microservice?,"Information systems are moving into the cloud. The new requirements enforced by cloud standards are high availability, high scalability, and a reduced mean time to recovery. Due to these new requirements, information system architecture styles are also evolving. Microservice architecture is becoming the de facto standard for developing highly modular cloud information systems. Since microservices were introduced, there has been an ongoing debate concerning how to choose the granularity of a microservice. In this study, the optimal point of granularity for microservices is examined based on coupling and cohesion values. The present study is based on two design examples generated in previous studies that applied domain-driven design in proposing microservices. Both examples are modified to generate more and less granular microservices. The coupling and cohesion values of the original examples are compared to those of the more and less granular microservices. We observe that domain-driven design has delivered a good end result for finding modular microservices.",0
A highly-available and scalable microservice architecture for access management,"Access management is a key aspect of providing secure services and applications in information technology. Ensuring secure access is particularly challenging in a cloud environment wherein resources are scaled dynamically. In fact keeping track of dynamic cloud instances and administering access to them requires careful coordination and mechanisms to ensure reliable operations. PrivX is a commercial offering from SSH Communications and Security Oyj that automatically scans and keeps track of the cloud instances and manages access to them. PrivX is currently built on the microservices approach, wherein the application is structured as a collection of loosely coupled services. However, PrivX requires external modules and with specific capabilities to ensure high availability. Moreover, complex scripts are required to monitor the whole system. The goal of this thesis is to make PrivX highly-available and scalable by using a container orchestration framework. To this end, we first conduct a detailed study of mostly widely used container orchestration frameworks: Kubernetes, Docker Swarm and Nomad. We then select Kubernetes based on a feature evaluation relevant to the considered scenario. We package the individual components of PrivX, including its database, into Docker containers and deploy them on a Kubernetes cluster. We also build a prototype system to demonstrate how microservices can be managed on a Kubernetes cluster. Additionally, an auto scaling tool is created to scale specific services based on predefined rules. Finally, we evaluate the service recovery time for each of the services in PrivX, both in the RPM deployment model and the prototype Kubernetes deployment model. We find that there is no significant difference in service recovery time between the two models. However, Kubernetes ensured high availability of the services. We find that Kubernetes is the preferred mode for deploying PrivX and it makes PrivX highly available and scalable.",0
Optimizing Container Elasticity for Microservices in Hybrid Clouds,"Containerisierte Microservices stellen den aktuellen Stand der Technik für das Deployment von komplexen Software-Applikationen in der Cloud dar. Durch die Nutzung von Platform-as-a-Service- oder Container-as-a-Service-Angeboten (PaaS bzw. CaaS) können die für die Bereitstellung von Containern benötigten Rechenkapazitäten rasch entsprechend den Bedürfnissen einer Organisation skaliert werden. Bestehende Ansätze setzen zur Optimierung der Elastizität solcher Systeme fortgeschrittene Skalierungsmethoden ein, um Container und/oder virtuelle Maschinen (VMs) vertikal oder horizontal zu skalieren – dabei sind Kosteneffizienz und Dienstgüteanforderungen meist die primären Treiber. Das Lösen derartiger Optimierungsprobleme erweist sich jedoch oft als schwierig, da sich je nach Optimierungsansatz zu lange, nicht praktikable Laufzeiten ergeben können. Des Weiteren sind Aspekte wie die Berücksichtigung von Netzwerklatenzen zwischen kommunizierenden Microservices, insbesondere zusammen mit hybriden Cloud-Deployments und in Kombination mit fortgeschrittenen Skalierungsmethoden, Gegenstand offener Forschungsfragen. In dieser Arbeit greifen wir diese Aspekte in einem vereinheitlichten Ansatz für ein CaaS-Modell auf, welches (i) die elastische Skalierung von Containern und VMs, (ii) mehrere Datencenter in hybriden Clouds, und (iii) Co-Location von Containern im Hinblick auf deren Interaktionsaffinität und Netzwerklatenzen berücksichtigt. Das zugrundeliegende Optimierungsmodell wird mittels ganzzahliger linearer Optimierung (ILP) formuliert. Wir implementieren Cooper, eine auf der MAPE-K-Rückkopplungsschleife basierende Middleware, die zwei verschiedene Optimierungsansätze ermöglicht: Eine exakte Optimierung basierend auf dem ILP-Modell mittels IBM CPLEX, sowie einen heuristischen Ansatz, der einen genetischen Algorithmus verwendet um kürzere Laufzeiten für große Probleminstanzen bei gleichzeitig guten Ergebnissen zu erzielen. Abschließend evaluieren wird die vorgestellten Optimierungsansätze mittels simulierter Szenarien und stellen einen Vergleich von Laufzeiten, Kostenersparnissen und Latenzreduktionen an. Als Vergleichsbasis dient dabei ein einfacher heuristischer Ansatz, welcher einen First-Fit-Algorithmus einsetzt. Die Ergebnisse für den genetischen Algorithmus weisen eine Latenzreduktion von 30% und Kostenersparnisse von 8% in einem mittelgroßen Szenario aus. Die ILP-basierte Optimierung erweist sich aufgrund des übermäßigen Ressourcenbedarfs als nicht praktikabel, mit Ausnahme von sehr kleinen Probleminstanzen. Das Weglassen des Co-Location-Aspekts in der ILP-Optimierung ermöglicht jedoch die Anwendung in größeren Szenarien.",0
Towards a Technique for Extracting Microservices from Monolithic Enterprise Systems,"The idea behind microservices architecture is to develop a single large, complex application as a suite of small, cohesive, independent services. On the other way, monolithic systems get larger over the time, deviating from the intended architecture, and becoming risky and expensive to evolve. This paper describes a technique to identify and define microservices on monolithic enterprise systems. As the major contribution, our evaluation shows that our approach was able to identify relevant candidates to become microservices on a 750 KLOC banking system.",0
Experience Report: First Steps towards a Microservice Architecture for Virtual Power Plants in the Energy Sector,"Virtual Power Plants provide energy sector stakeholders a useful abstraction for distributed energy resources by aggregating them. Software systems enabling this are critical infrastructure and must handle a fast-growing number of distributed energy resources. Modern architecture such as Microservice architecture can therefore be a good choice for dealing with such scalable systems where changing market and regulation requirements are part of every day business. In this report, we outline first experiences gained during the change from the existing Virtual Power Plant software monolith to Microservice architecture.",0
A Systematic Mapping Study in Microservice Architecture,"The accelerating progress of network speed, reliability and security creates an increasing demand to move software and services from being stored and processed locally on users' machines to being managed by third parties that are accessible through the network. This has created the need to develop new software development methods and software architectural styles that meet these new demands. One such example in software architectural design is the recent emergence of the microservices architecture to address the maintenance and scalability demands of online service providers. As microservice architecture is a new research area, the need for a systematic mapping study is crucial in order to summarise the progress so far and identify the gaps and requirements for future studies. In this paper we present a systematic mapping study of microservices architectures and their implementation. Our study focuses on identifying architectural challenges, the architectural diagrams/views and quality attributes related to microsevice systems.",0
Microservices Identification Through Interface Analysis,"The microservices architectural style is gaining more and more momentum for the development of applications as suites of small, autonomous, and conversational services, which are then easy to understand, deploy and scale. One of today’s problems is finding the adequate granularity and cohesiveness of microservices, both when starting a new project and when thinking of transforming, evolving and scaling existing applications. To cope with these problems, the paper proposes a solution based on the semantic similarity of foreseen/available functionality described through OpenAPI specifications. By leveraging a reference vocabulary, our approach identifies potential candidate microservices, as fine-grained groups of cohesive operations (and associated resources). We compared our approach against a state-of-the-art tool, sampled microservices-based applications and decomposed a large dataset of Web APIs. Results show that our approach is able to find suitable decompositions in some 80% of the cases, while providing early insights about the right granularity and cohesiveness of obtained microservices.",1
Service fabric,"We describe Service Fabric (SF), Microsoft's distributed platform for building, running, and maintaining microservice applications in the cloud. SF has been running in production for 10+ years, powering many critical services at Microsoft. This paper outlines key design philosophies in SF. We then adopt a bottom-up approach to describe low-level components in its architecture, focusing on modular use and support for strong semantics like fault-tolerance and consistency within each component of SF. We discuss lessons learned, and present experimental results from production data.",0
"Design principles, architectural smells and refactorings for microservices: a multivocal review","Potential benefits such as agile service delivery have led many companies to deliver their business capabilities through microservices. Bad smells are however always around the corner, as witnessed by the considerable body of literature discussing architectural smells that possibly violate the design principles of microservices. In this paper, we systematically review the white and grey literature on the topic, in order to identify the most recognised architectural smells for microservices and to discuss the architectural refactorings allowing to resolve them.",0
Towards a Smart &amp; Sustainable Campus: An Application-Oriented Architecture to Streamline Digitization and Strengthen Sustainability in Academia,"The concept of the Internet of Things (IoT) has been a recurrent view of the physical technological environment, in the light of which it is expected that everyday artifacts are connected, enhancing the availability and ubiquity of “smart” services. Higher education institutions can be seen as a privileged ecosystem for the development of intelligent and smart solutions, due to its dynamic and everyday changing environment, which includes not only physical infrastructures, digital services, but also people, i.e., students, researchers, lecturers, and staff. This work introduces an Application-oriented Architecture-AoA that has been designed to streamline the design and development of “smart” solutions inside the campus, by focusing on the Application side and reshaping the concept of “service” to a piece of “functionality” with a clear and objective purpose, rather than the classic and conventional approach, more focused on the development or technical sides. The proposed approach provides the mechanism to have multiple applications interacting and sharing data and functionalities, ensuring coexistence between new and legacy systems that are in use on the campus, removing the major drawbacks that basic monolithic applications typically require. The generic AoA model is described and the procedure to create a new application is systematized. Lastly, three case studies (RnMonitor, Refill_H2O, and BiRa) are presented end elaborated using the AoA procedure designed to create a new application.",0
Eleven quick tips for architecting biomedical informatics workflows with cloud computing,"Cloud computing has revolutionized the development and operations of hardware and software across diverse technological arenas, yet academic biomedical research has lagged behind despite the numerous and weighty advantages that cloud computing offers. Biomedical researchers who embrace cloud computing can reap rewards in cost reduction, decreased development and maintenance workload, increased reproducibility, ease of sharing data and software, enhanced security, horizontal and vertical scalability, high availability, a thriving technology partner ecosystem, and much more. Despite these advantages that cloud-based workflows offer, the majority of scientific software developed in academia does not utilize cloud computing and must be migrated to the cloud by the user. In this article, we present 11 quick tips for architecting biomedical informatics workflows on compute clouds, distilling knowledge gained from experience developing, operating, maintaining, and distributing software and virtualized appliances on the world’s largest cloud. Researchers who follow these tips stand to benefit immediately by migrating their workflows to cloud computing and embracing the paradigm of abstraction.",0
A Decomposition and Metric-Based Evaluation Framework for Microservices,"Migrating from monolithic systems into microservice is a very complex task. Companies are commonly decomposing the monolithic system manually, analyzing dependencies of the monolith and then assessing different decomposition options. The goal of our work is two-folded: 1) we provide a microservice measurement framework to objectively evaluate and compare the quality of microservices-based systems; 2) we propose a decomposition system based on business process mining. The microservice measurement framework can be applied independently from the decomposition process adopted, but is also useful to continuously evaluate the architectural evolution of a system. Results show that the decomposition framework helps companies to easily identify the different decomposition options. The measurement framework can help to decrease the subjectivity of the decision between different decomposition options and to evaluate architectural erosion in existing systems.",1
A Study on the Most Prominent Areas of Research in Microservices,"Microservices have recently gained a lot of attention in the software industry. Their modularity and smaller size offer flexibility advantageous to both development and operational teams. However, the bigger picture is still lacking despite numerous researches on microservices. There are few aspects of microservices that have never been discussed in depth despite being acknowledged repeatedly. The current research is the continuation of our previous paper, ""A systematic mapping on microservices"". In the named paper we have identified the focus areas of microservices' researches. Along with our previous findings we have spotted several crucial key points that require further discussions. These includes: definition of microservices, their sizes and boundaries. We have also explored the relationship of microservices with SOA and DDD. These are the two terms that are frequently associated with microservices. Finally, we have discussed DevOps, cloud and virtualization as three of the most essential factors in microservices ecosystem. We attempted to clarify the role of each of these factors. Based on our findings, there is still no standardized definition for microservices to-date. In absence of clear guidelines, SOA and DDD concepts are widely being used to develop microservices. DevOps practices together with the cloud environment are playing an important role in facilitating the implementation of microservices. We have also identified containerization as an effective method to overcome the hardware limitation besides speeding up the delivery process.",0
DevOps and Its Philosophy: Education Matters!,"DevOps processes comply with principles and offer practices with the main objective of efficiently supporting the evolution of IT systems. To be efficient, a DevOps process relies on a set of integrated tools. DevOps is among the first competencies, together with agile method, required by the industry. As a new approach it is necessary to develop and offer to the academy and to the industry training programs to prepare engineers in the best possible way. In this chapter we present the main aspects of the educational effort made in recent years to educate engineers on the concepts and values of the DevOps philosophy. This includes principles, practices, tools, and architectures, primarily the microservices architectural style, which shares many aspects of DevOps approaches, especially modularity and flexibility, which enable continuous change and delivery. Two experiments have been carried out, one at the academic level as a master program course and the other as an industrial training. Based on those two, we provide a comparative analysis and some proposals in order to develop and improve DevOps education for the future.",0
Hybrid Cloud Migration Challenges. A case study at King,"Migration to the cloud has been a popular topic in industry and academia in recent years. Despite many benefits that the cloud presents, such as high availability and scalability, most of the on-premise application architectures are not ready to fully exploit the benefits of this environment, and adapting them to this environment is a non-trivial task.Therefore, many organizations consider a gradual process of moving to the cloud with Hybrid Cloud architecture. In this paper, the author is making an effort of analyzing particular enterprise case in cloud migration topics like cloud deployment, cloud architecture and cloud management.This paper aims to identify, classify, and compare existing challenges in cloud migration, illustrate approaches to resolve these challenges and discover the best practices in cloud adoption and process of conversion teams to the cloud.",0
SECURE MICROSERVICES - A REVIEW APPLYING THE THEORY OF THE CONSOLIDATED META-ANALYTIC APPROACH,"The goal of this paper is to address the relevance of applying microservice based system architecture, with an emphasis on the challenges of implementing security in this model.Based on the impact this brought to the academic literature, an in-depth bibliographic analysis was performed using the Theory of the Consolidated Meta-Analytic Approach to trace inter-relationships between the studies already performed on security in microservices in order to identify trends, main authors, research centers, relevant papers and keywords.. From a base of 837 Scopus papers, some of the main facts found through the analysis of bibliographic metadata were that the authors of greatest influence are M.",0
Service Cutter: A Systematic Approach to Service Decomposition,"Decomposing a software system into smaller parts always has been a challenge in software engineering. It is particularly important to split distributed systems into loosely coupled and highly cohesive units. Service-oriented architectures and their microservices deployments tackle many related problems, but remain vague on how to cut a system into discrete, autonomous, network-accessible services. In this paper, we propose a structured, repeatable approach to service decomposition based on 16 coupling criteria distilled from the literature and industry experience. These coupling criteria form the base of Service Cutter, our method and tool framework for service decomposition. In the Service Cutter approach, coupling information is extracted from software engineering artifacts such as domain models and use cases and represented as an undirected, weighted graph to find and score densely connected clusters. The resulting candidate service cuts promise to reduce coupling between and promote high cohesion within services. In our validation activities, which included prototyping, action research and case studies, we successfully decomposed two sample applications with acceptable performance; most (but not all) test scenarios resulted in appropriate service cuts. These results as well as early feedback from members of the target audience in industry and academia suggest that our coupling criteria catalog and tool-supported service decomposition approach have the potential to assist a service architect’s design decisions in a viable and practical manner.",1
The Hidden Dividends of Microservices,"Microservices are an approach to building distributed systems in which services are exposed only through hardened APIs; the services themselves have a high degree of internal cohesion around a specific and well-bounded context or area of responsibility, and the coupling between them is loose. Such services are typically simple, yet they can be composed into very rich and elaborate applications. The effort required to adopt a microservices-based approach is considerable, particularly in cases that involve migration from more monolithic architectures. The explicit benefits of microservices are well known and numerous, however, and can include increased agility, resilience, scalability, and developer productivity. This article identifies some of the hidden dividends of microservices that implementers should make a conscious effort to reap.",0
Right Scaling for Right Pricing: A Case Study on Total Cost of Ownership Measurement for Cloud Migration,"Cloud computing promises traditional enterprises and independent software vendors a myriad of advantages over on-premise installations including cost, operational and organizational efficiencies. The decision to migrate software configured for on-premise delivery to the cloud requires careful technical consideration and planning. In this chapter, we discuss the impact of right-scaling on the cost modelling for migration decision making and price setting of software for commercial resale. An integrated process is presented for measuring total cost of ownership, taking in to account IaaS/PaaS resource consumption based on forecast SaaS usage levels. The process is illustrated with a real world case study.",0
Integrating Reactive Cloud Applications in SERECA,"A consolidated trend in designing cloud-based applications is to make use of a reactive microservice architecture, which allows to divide an application in several well-partitioned software units with specific responsibilities. Such an architecture perfectly fits in cloud environments, ensuring a number of advantages (i.e., high availability and scalability, ease of deployment and development). However, the new way of designing cloud applications introduces challenging security threats. Besides the difficulty in monitoring security of the overall distributed application, an important aspect of concern relates to the risk of break the chain of trust established among the different microservices belonging to the application. That is, a compromised single microservice may bring down the other related ones.In this paper, we present the approach pursued in the context of SERECA1 project to secure microservice based applications. We leveraged the new extension of Intel's CPU, namely Software Guard eXtension (SGX), to enhance the security of applications using Eclipse Vert.x, the tool-kit for building reactive cloud applications. We developed an infrastructure composed by several SGX-enabled facilities (e.g. Database, Containers, Coordination Services) to support the process of integration between Intel SGX and micro-service applications. Our platform has been, then, validated through two use cases that made use of the developed secure facilities, i.e., a Critical Infrastructure (CI) monitoring application - having strong requirements in terms of data integrity - and an application for performance analysis of cloud-based services where the confidentiality of data is of main interest.",0
A Roadmap for Migration System-Architecture Decision by Neutrosophic-ANP and Benchmark for Enterprise Resource Planning Systems,"The selection of the system-architecture is critical step in software-engineering lifecycle. Unfortunately, the selecting a suitable architecture is a hard mission. The difficulty of the adopting architecture increases in inconsistence case as in SOA and MSA. The paper answers “when architecture transform”, “to which architecture migrate” and “how”. The paper addresses the lack of evaluation ERPs in post-implementation phase. The paper provides static and dynamic analysis for monolith, SOA and MSA by numerical-comparison and Benchmark. This paper proposes a roadmap for migration-architecture. The roadmap consists of flowchart of migration and migration-decision model that is supported with criteria of evaluation form for assessing system’s baseline and making a consistence decision by Neutrosophic-ANP. Because of the dependency between factors of information system evolution, ANP is used. Furthermore, Neutrosophic set is selected because its accuracy in inconsistence. Benchmark assesses OpenBravoERP, Odoo12 and Metasfresh5.144 to represent monolith, SOA and MSA respectively. Benchmark assesses performance, time to the market, stability, future proof, network issue and cost. They are tested based on scenario tests which grantee that transactions are executed within more than one module of ERPS, simulates real business’s procedures, huge number of records and concurrent load by virtual users. The proposed model and benchmark help “Hitac’ enterprise in two decisions for its expansion-plan in COVID-19 crisis. The numerical steps of this case-study are provided. Most published papers and literatures about Microservices are not empirical. The main paper’s result is filling this gap by a one of the empirical aspects with an academic study support.",0
Sage: Leveraging ML to Diagnose Unpredictable Performance in Cloud Microservices,"Cloud applications are increasingly shifting from large monolithic services, to complex graphs of loosely-coupled microservices. Despite their advantages, microservices also introduce cascading QoS violations in cloud applications, which are difficult to diagnose and correct. We present Sage, a ML-driven root cause analysis system for interactive cloud microservices. Sage leverages unsupervised learning models to circumvent the overhead of trace labeling, determines the root cause of unpredictable performance online, and applies corrective actions to restore performance. On experiments on both dedicated local clusters and large GCE clusters we show that Sage achieves high root cause detection accuracy and predictable performance.",0
Transition of web services from service oriented architecture to microservice architecture,"Recent growing trend of cloud adoption and new agile business needs of enterprise have led to transform their legacy systems to more modern architecture styles. Microservice architecture has become a popular choice to them and adopted widely in cloud platform. Microservice architecture fills the gap of both monolithic architecture and service-oriented architecture and gives a modern way to solve the issues of agile business needs. In this thesis, the author presents practical transition of web services from service-oriented architecture to microservice architecture. Based on the design science research approach, this thesis contributes an artifact along with the implementation process and workflow of the transition project. Furthermore, the thesis evaluates the result of transitioned web service with agility, reliability, scalability, performance, and the cost.",0
Det mindre i det störres tjänst : En studie om mikrotjänster i systemutveckling,"Microservices is perhaps the latest addition to the list of buzzwords in software engineering. And since 2014 the research on the subject been constantly growing. In this paper I conduct a comparative literature overview over microservices. Based on the findings and analysis of the overview, I propose a model called the microservices-triad for a better understanding what microservices are, and how it relates to other techniques in software engineering. The three legs of the triad are the following, 1) A style of designing one small service, 2) The system administrative approach, where DevOps, CI/CD and distributed computer system dictates what kind of application one build, and lastly, 3) Microservices as a new form of architectural design. Furthermore, I’ve migrated – a part of – one monolithic IoT-application into using a microservice. This migration is also benchmarked to see if the performance is better with the new, re-designed IoT-application.",0
A multi-model based microservices identification approach,"Microservices are hailed for their capabilities to tackle the challenge of breaking monolithic business systems down into small, cohesive, and loosely-coupled services. Indeed, these systems are neither easy to maintain nor to replace undermining organizations’ efforts to cope with user’s changing needs and governments’ complex regulations. Microservices constitute an architectural style for developing a new generation of systems as a suite of services that, although they are separate, engage in collaborative execution and communication sessions. However, microservices success depends, among many other things, on the existence of an approach that would automatically identify the necessary microservices according to organizations’ requirements. In this paper, we present such an approach and demonstrate its technical doability in the context of a case study, Bicing, for renting bikes. Some salient features of this approach are business processes as input for the identification needs, three models known as control, data, and semantic to capture dependencies between these processes’ activities, and, finally, a collaborative clustering technique that recommends potential microservices. Conducted experiments in the context of Bicing clearly indicate that our approach outperforms similar ones for microservices identification and reinforce the important role of business processes in this identification. The approach constitutes a major milestone towards a better architectural style for future microservices systems.",1
A Modeling Method for Systematic Architecture Reconstruction of Microservice-Based Software Systems,"Microservice Architecture (MSA) is an approach to architecting service-based software systems, which aims for decreasing service coupling to enable independent service development and deployment. Consequently, the adoption of MSA is expected to particularly benefit the scalability, maintainability, and reliability of monolithic systems. However, MSA adoption also increases architectural complexity in service design, implementation, and operation. As a result, Software Architecture Reconstruction (SAR) of microservice architectures is aggravated. This paper presents a modeling method that systematizes SAR of microservice architectures with the goal to facilitate its execution. The method yields reconstruction models for certain architecture viewpoints in MSA to enable efficient architecture analysis. We validate the method’s applicability by means of a case study architecture and the assessment of its risk in technical debt using derived reconstruction models.",0
A Microservice Decomposition Method Through Using Distributed Representation of Source Code,"This research proposed a novel decomposition method for refactoring monolithic applications into microservices applications using a neural network model (code2vec) for creating code embeddings from the monolithic application source code. As a Result, semantically similar code embeddings are clustered through a hierarchical clustering algorithm to produce microservices candidates to resemble the domain model more efficiently. The quality characteristics of the results were measured using two metrics for measuring cohesion. These metrics were Cohesion at Message Level (CHM) and Cohesion at Domain Level (CHD). Also, four applications were used as test cases with different sizes ranging from small to big applications. The proposed method showed promising results in terms of cohesion when compared to other decomposition methods. The proposed method scored better scores in 5 out of 8 tests compared to other methods. Also, averaged CHD and CHM results were 0.52 and 0.76, respectively, for the proposed method, better results when compared to the other methods.",1
A Delivery Robot Cloud Platform Based on Microservice,"Delivery robots face the problem of storage and computational stress when performing immediate tasks, exceeding the limits of on-board computing power. Based on cloud computing, robots can offload intensive tasks to the cloud and acquire massive data resources. With its distributed cluster architecture, the platform can help offload computing and improve the computing power of the control center, which can be considered the external “brain” of the robot. Although it expands the capabilities of the robot, cloud service deployment remains complex because most current cloud robot applications are based on monolithic architectures. Some scholars have proposed developing robot applications through the microservice development paradigm, but there is currently no unified microservice-based robot cloud platform. This paper proposes a delivery robot cloud platform based on microservice, providing dedicated services for autonomous driving of delivery robot. The microservice architecture is adopted to split the monomer robot application into multiple services and then implement automatic orchestration and deployment of services on the cloud platform based on components such as Kubernetes, Docker, and Jenkins. This enables containerized CI/CD (continuous integration, continuous deployment, and continuous delivery) for the cloud platform service, and the whole process can be visualized, repeatable, and traceable. The platform is prebuilt with development tools, and robot application developers can use these tools to develop in the cloud, without the need for any customization in the background, to achieve the rapid deployment and launch of robot cloud service. Through the cloud migration of traditional robot applications and the development of new APPs, the platform service capabilities are continuously improved. This paper verifies the feasibility of the platform architecture through the delivery scene experiment.",0
Migração de Sistemas Monolíticos para Microserviços: Uma Abordagem Híbrida sem Downtime,"The recent Microservices paradigm is based on building a system as a set of small distributed services developed in an independent fashion that are deployed, scaled and replicated in a transparent way as it was a single application. Several organizations that are adopting this paradigm have to cope with the challenge to migrate current traditional monolithic applications in production to microservices, preferably, without having to schedule maintenances to take the application offline. This paper presents an approach for hybrid migrating to microservices with no downtime and practically no changes in the monolithic code. A real application is used as a proof of concept to demonstrate that the proposed approach enables to go forward or backward among different versions of the application without needing to take the application offline, considering code or data changes. Moreover, an evaluation performed in the cloud demonstrates that this work does not introduce significant performance or costs overhead and still enables to support higher loads in the monolith, due to the removal of part of its functionality to be processed in microservices.",0
Modernização de Arquiteturas de Sistemas para suporte à Transformação Digital,"Com a massificação no uso da tecnologia, empresas e o governo têm empregado tecnologias para viabilizar a transformação digital dos produtos e serviços demandados pela sociedade. Contudo, a descentralização dos sistemas torna-se importante para criar novas soluções e/ou serviços aos usuários com uma experiência mais conectada e em tempo real. Há dois desafios: 1) como descentralizar os sistemas legados existentes para fornecer uma solução de tecnologia que atenda as novas necessidades dos usuários desta sociedade mais digital; e 2) como criar uma arquitetura de sistemas que contemple as característıcas inerentes na transformação digital. Neste sentido, esta proposta de projeto busca apresentar uma abordagem de modernização de sistemas legados de maneira à convergir os negócios um cenàrio de transformação digital.",0
PRINCIPLES OF THE NEWDIMENSIONS SOFTWARE CREATION FOR A CONTROL CENTRE OF THE FUTURE: CLOUD COMPUTING AND SOFTWARE ARCHITECTURE,"The ongoing technological evolution implies a continuous effort to update OCC (Operation Control Centre) solutions to match market needs and directives. Given that, EFACEC, a long-time player on the transportation business domain, is actively seeking novel solutions to correspond to customer requirements. From this context NewDimensions was born, a project that aims to make use of the current scientific state-of-the-art technologies and architectures for a new generation of company's software solutions for the railway market, through seamless integration of cloud computing, machine learning and cybersecurity. A particular product (INOSS PIS Rail) is becoming a pilot project for the ongoing modernization that is taking place within EFACEC's transportation solutions. A modular microservice oriented approach was chosen to drive the development onwards. Moving from legacy architecture to microservices allows us to build more reliable products, that are easier to scale up and down while having simpler deployment processes. In this paper we reveal the first steps taken to achieve a modern ""OCC-as-a-service"" solution. It is analysed the impact of the new architectures and technologies implemented, why they were chosen and their practical application. We also address the principles followed during the progressive modernization process. Finally, we present the next steps to continue this modernization and the direction that shall be taken.",0
Challenges When Moving from Monolith to Microservice Architecture,"One of the more recent avenues towards more flexible installations and execution is the transition from monolithic architecture to microservice architecture. In such architecture, where microservices can be more liberally updated, relocated, and replaced, building liquid software also becomes simpler, as adaptation and deployment of code is easier than when using a monolithic architecture where almost everything is connected. In this paper, we study this type of transition. The objective is to identify the reasons why the companies decide to make such transition, and identify the challenges that companies may face during this transition. Our method is a survey based on different publications and case studies conducted about these architectural transitions from monolithic architecture to microservices. Our findings reveal that typical reasons moving towards microservice architecture are complexity, scalability and code ownership. The challenges, on the other hand, can be separated to architectural challenges and organizational challenges. The conclusion is that when a software company grows big enough in size and starts facing problems regarding the size of the codebase, that is when microservices can be a good way to handle the complexity and size. Even though the transition provides its own challenges, these challenges can be easier to solve than the challenges that monolithic architecture presents to company.",0
An empirical study of architecting for continuous delivery and deployment,"Recently, many software organizations have been adopting Continuous Delivery and Continuous Deployment (CD) practices to develop and deliver quality software more frequently and reliably. Whilst an increasing amount of the literature covers different aspects of CD, little is known about the role of software architecture in CD and how an application should be (re-) architected to enable and support CD. We have conducted a mixed-methods empirical study that collected data through in-depth, semi-structured interviews with 21 industrial practitioners from 19 organizations, and a survey of 91 professional software practitioners. Based on a systematic and rigorous analysis of the gathered qualitative and quantitative data, we present a conceptual framework to support the process of (re-) architecting for CD. We provide evidence-based insights about practicing CD within monolithic systems and characterize the principle of “small and independent deployment units” as an alternative to the monoliths. Our framework supplements the architecting process in a CD context through introducing the quality attributes (e.g., resilience) that require more attention and demonstrating the strategies (e.g., prioritizing operations concerns) to design operations-friendly architectures. We discuss the key insights (e.g., monoliths and CD are not intrinsically oxymoronic) gained from our study and draw implications for research and practice.",0
Optimising microservice-based reliable NFV management &amp; orchestration architectures,"A highly reliable set up of Management and Orchestration (MANO) functionality is crucial for telecom operators in order to support demanding NFV-powered telecom services such as elastic emergency or security services, or other applications requiring fast, dynamic and reliable (re-) provisioning processes. NFV MANO functionality controls the entire life cycle of such services, from instantiation and configuration to monitoring, migrating, scaling and terminating them. In this paper, we introduce tunable and scalable mechanisms that provide MANO with high availability and fault recovery, two reliability facets that are barely covered in the data plane dominated state-of-the-art. The mechanisms use state sharing and distributed load balancing in the context of both a centralised and distributed microservice-based architecture. The proposed mechanisms are unique as they are able to quantitatively characterise the trade-offs between both the degree of reliability and the associated cost in terms of bandwidth and computing power. This feature allows us to introduce a cost function to determine which configuration of the mechanism is optimal with respect to an operator's needs.",0
A Model-Driven Approach to Microservice Software Architecture Establishment,"In this positional paper we propose a modeldriven approach which addresses challenges related to modeling, development and deployment of software applications that follow the microservice architecture (MSA) design principles. We argue in favor of a model-driven tool which can be used to resolve challenges from the MSA establishment domain by providing a domain-specific language for MSA modeling and code generators for producing: (i) program and configuration code for MSA implementation; and (ii) program procedures for MSA building, packaging and installation. We give a brief description of two approaches to software application development which emerged in the last decade: the monolithic architecture approach and the MSA approach. We focus on challenges related to MSA establishment and argue that our model-driven approach could be suitable for their resolution. We also propose a plan of research activities aimed at improving our approach and which will lead to the final implementation of a model-driven tool to support such an approach",0
Boosting the Cloud Meta-Operating System with Heterogeneous Kernels. A Novel Approach Based on Containers and Microservices,"A high SLA is a big challenge for the Cloud providers as they have to ensure the sustainability of their customers' workloads that depend closely on the undelying OS. The kernels are the cores of the OS, and the monolithic kernels are still the most performant despite of their fragility and unreliability. We think that the superposition of the kernels in such way that a healthy kernel replaces the vulnerable services of another kernel is a good track to operate. This replacement is accomplished via the transfer of system calls from the vulnerable kernel to a more reliable and efficient remote discovered kernel. We propose the architecture of a Meta-OS based on heterogeneous monolithic kernels in order to ensure reliability and performance. The features of this Meta-OS are encapsulated in microservices hosted on containers. Two technologies are used to implement our solution: Virtualization (hardware and OS based) and Web Services.",0
Technical report: Discovery of microservices in enterprise systems using containment heuristics,"The growth of IoT and Blockchain platform adaptation for business applications has increased the interest in leveraging large enterprise systems, such as ERP and CRM, as Cloud enabled microservices. However, large and monolithic enterprise systems are unsuitable for flexible integration with such platforms and are virtually in-feasible to evolve through a microservice architecture. We present a technique to support the re-engineering of enterprise systems based on the fundamental mechanism for structuring their architecture: business objects managed by software functions (modules) and their relationships which influence their interactions with functions. Heuristics are provided for deriving business object composition (i.e.~exclusive containment) and aggregation (i.e.~inclusive containment) based on analysis of source code and system logs. An analysis of distributing the systems based on these relationship types is provided using software clustering and optimization technique (NSGAII). The heuristics and the software clustering and optimization techniques are validated against open-source enterprise systems: SugarCRM and ChurchCRM, and experiments show that it can identify microservice designs which support multiple microservice characteristics, such as high cohesion, low coupling, high scalability, availability, and processing efficiency.",0
Cloud Applications Adoption: User Study Survey From Industry and Academia,"Cloud computing has changed the ways software systems are developed, deployed, and managed. Even though cloud computing could reduce cost, time to market, and increase the scalability of applications and systems, there are some debates about the actual adoption of cloud computing in general and cloud applications in particular by organizations from both, industry and academia, and whether stakeholders of organizations look for them as opportunities or risks. To answer these debates, we conducted a user study that included professionals from industry and academia, with various experience levels and job-roles, to be able to get a common understanding of the real value of cloud computing. In particular, the study included questions about the preferred approach of developing green-field applications and the availability of resources and expertise. In addition, it included questions about the cost of development, maintainability, and operations of cloud applications. The results of the user study are presented and discussed, and we believe that it is promising and could be used as the base of future directions of research and technology innovation.",0
Microservice-Based Platform for Space Situational Awareness Data Analytics,"The development, deployment, and maintenance of the current space situational awareness (SSA) information system have become increasingly complex. However, researchers cannot flexibly and conveniently apply the research results to practical applications due to the lack of basic research platforms for SSA. Inspired by X as a Service (XaaS), we propose the microservice-based platform for SSA data analytics to provide a scaffold-like platform for researchers. Based on microservice, the architecture for this platform is proposed to meet the requirements of flexible development and loosely coupled deployment. To facilitate the use of the platform, the hybrid data service layer is established to provide basic data for research and the functional service layer is designed to provide services for clients and applications. Due to the massive data processing requirements, the data analysis architecture and processing model, which can easily integrate various user-defined algorithms and significantly improve the computational efficiency, are proposed based on the Lambda architecture. To verify the platform’s effectiveness, two cases are established and implemented. The results show that this platform can provide a convenient, flexible, and efficient platform for the requirements of algorithm integration, experiment, and data display from users and researchers.",0
Containerization of telco cloud applications,"Mobile service providers and manufacturers have moved towards virtualized network functions, because the amount of mobile data traffic has increased a lot during the past few years. Virtual machines offer high flexibility and easier management. They also enable flexible scaling, which makes it easier to respond to the varying traffic patterns during the day. However, the traditional virtual machines contain overhead and have reduced performance in most of the operations. One high performing alternative to a virtual machine is a Linux container. Linux containers do not contain additional operating system or any unnecessary services. Containers are isolated user spaces which share host computer's kernel. This makes processes inside them perform almost as well as if they would be running directly on host. Also, the startup time of containers is extremely fast compared to virtual machines. This thesis studies, if Linux containers are suitable for telco applications. The research is conducted via proof-of-concept where parts of an existing telco application are moved to containers. First, the container technology and related tools are discussed. Benefits and requirements of the Linux containers are then studied based on the proof-of-concept. In this thesis, it was found out that containers are suitable for running small parts of the application. For example, the software update and scaling are a much more efficient processes with containers than with virtual machines. However, the isolation is weaker in containers than in virtual machines, and at the moment they are not suitable for applications or environments where strict isolation is a necessity.",0
From monolithic architectural style to microservice one : structure-based and task-based approaches,"Les technologies logicielles ne cessent d'evoluer pour faciliter le developpement, le deploiement et la maintenance d'applications dans differents domaines. En parallele, ces applications evoluent en continu pour garantir une bonne qualite de service et deviennent de plus en plus complexes. Cette evolution implique souvent des couts de developpement et de maintenance de plus en plus importants, auxquels peut s'ajouter une augmentation des couts de deploiement sur des infrastructures d'execution recentes comme le cloud. Reduire ces couts et ameliorer la qualite de ces applications sont actuellement des objectifs centraux du domaine du genie logiciel. Recemment, les microservices sont apparus comme un exemple de technologie ou style architectural favorisant l'atteinte de ces objectifs.Alors que les microservices peuvent etre utilises pour developper de nouvelles applications, il existe des applications monolithiques (i.e., monolithes) cons-truites comme une seule unite et que les proprietaires (e.g., entreprise, etc.) souhaitent maintenir et deployer sur le cloud. Dans ce cas, il est frequent d'envisager de redevelopper ces applications a partir de rien ou d'envisager une migration vers de nouveaux styles architecturaux. Redevelopper une application ou realiser une migration manuellement peut devenir rapidement une tâche longue, source d'erreurs et tres couteuse. Une migration automatique apparait donc comme une solution evidente.L'objectif principal de notre these est de contribuer a proposer des solutions pour l'automatisation du processus de migration d'applications monolithiques orientees objet vers des microservices. Cette migration implique deux etapes : l'identification de microservices et le packaging de ces microservices. Nous nous focalisons sur d'identification en s'appuyant sur une analyse du code source. Nous proposons en particulier deux approches.La premiere consiste a identifier des microservices en analysant les relations structurelles entre les classes du code source ainsi que les acces aux donnees persistantes. Dans cette approche, nous prenons aussi en compte les recommandations d'un architecte logiciel. L'originalite de ce travail peut etre vue sous trois aspects. Tout d'abord, les microservices sont identifies en se basant sur l'evaluation d'une fonction bien definie mesurant leur qualite. Cette fonction repose sur des metriques refletant la semantique du concept microservice. Deuxiemement, les recommandations de l'architecte logiciel ne sont exploitees que lorsqu'elles sont disponibles. Enfin, deux modeles algorithmiques ont ete utilises pour partitionner les classes d'une application orientee objet en microservices : un algorithme de regroupement hierarchique et un algorithme genetique.La deuxieme approche consiste a extraire a partir d'un code source oriente objet un workflow qui peut etre utilise en entree de certaines approches existantes d'identification des microservices. Un workflow decrit le sequencement de tâches constituant une application suivant deux formalismes: un flot de controle et/ou un flot de donnees. L'extraction d'un workflow a partir d'un code source necessite d'etre capable de definir une correspondance entre les concepts du mon-de objet et ceux d'un workflow.Pour valider nos deux approches, nous avons implemente deux prototypes et mene des experimentations sur plusieurs cas d'etude. Les microservices identifies ont ete evalues qualitativement et quantitativement. Les workflows obtenus ont ete evalues manuellement sur un jeu de tests. Les resultats obtenus montrent respectivement la pertinence des microservices identifies et l'exactitude des workflows obtenus.",0
Linking Stakeholders' Viewpoint Concerns and Microservices-based Architecture,"Widespread adoption of agile project management, independent delivery with microservices, and automated deployment with DevOps has tremendously speedup the systems development. The real game-changer is continuous integration (CI), continuous delivery, and continuous deployment (CD). Organizations can do multiple releases a day, shortening the test, release, and deployment cycles from weeks to minutes. Maturity of container technologies like Docker and container orchestration platforms like Kubernetes has promoted microservices architecture, especially in the cloud-native developments. Various tools are available for setting up CI/CD pipelines. Organizations are moving away from monolith applications and moving towards microservices-based architectures. Organizations can quickly accumulate hundreds of such microservices accessible via application programming interfaces (APIs). The primary purpose of these modern methodologies is agility, speed, and reusability. While DevOps offers speed and time to market, agility and reusability may not be guaranteed unless microservices and API's are linked to enterprise-wide stakeholders' needs. The link between business needs and microservices/APIs is not well captured nor adequately defined. In this publication, we describe a structured method to create a logical link among APIs and microservices-based agile developments with enterprise stakeholders' needs and viewpoint concerns. This method enables capturing and documenting enterprise-wide stakeholders' needs, whether these are business owners, planners (product owners, architects), designers (developers, DevOps engineers), or the partners and subscribers of an enterprise.",0
A reference model for continuous delivery for microservice architectures,"Informations- und Kommunikations Technologien sind bereits weit verbreitet im Alltag. Mit ihrer Fähigkeit zu kommunizieren sind sie in der Lage große Netzwerke zu erstellen, welche Informationen eigenständig austauschen. Die Industrie integriert diese Eigenschaften in ihre Fabriken, um die Kommunikation zwischen den Maschinen zu verbessern. Dieser neue Ansatz hilft dabei mit den komplexen Szenarien und die wechselnd Anforderungen umzugehen. Die Softwareentwicklung stellt sich ebenfalls diesen Herausforderungen bei der Entwicklung und Auslieferung ihrer Anwendungen. Aktuelle Systeme sind meistens komplex, statisch und schwierig in Betrieb zu bringen. Ein Architekturansatz, welcher der Flexibilität hilft und die Komplexität der Software erleichtert, is Microservice-Architektur. Viele bekannte Unternehmen wie Amazon und Netflix haben dieses Muster eingeführt. Statt eines Monolithen - eine zusammenhängende Softwareeinheit - setzen Microservices auf kleine Services mit einer einzigen Aufgabe. Diese sind flexibel erstellt und sind ohne große Aufwände zu ersetzen. Bei der Einführung gibt es Herausforderungen, welche in dieser Arbeit diskutiert werden. Automatisierung der Auslieferung kann durch Continuous Delivery erreicht werden. Der Build der Software wird oftmalig von der unabhängigen Continuous Delivery Pipeline ausgeführt. Dies führt zu vereinfachten Auslieferungen und schnelleren Inbetriebnahme. Umgebungen mit beiden Technologien, Continuous Delivery und Microservices, sind nicht oft Bestandteil von wissenschaftlichen Arbeiten. Daher es ist das Ziel, die beiden Technologien zu komibinieren und ein Referenzmodell für die Integration von Continuous Delivery in eine Microservice-Architektur zu erstellen. Hierfür bietet diese Arbeit einen Überblick über die Referenzmodellierung. Anschließend wird das resultierende Referenzmodell vorgestellt und in einer Anwendung ausgewertet. Die Ergebnisse werden am Ende der Arbeit diskutiert und ein Ausblick wird gegeben.",0
Microservice-based cloud robotics system for intelligent space,"Cloud robotics (CR) is a red-hot branch of the burgeoning field of service robots that is centered on the benefits of integrating infrastructure and shared services via a cloud computing environment. Although it extends the computation power and information sharing capabilities of the network robots, the development and operations (DevOps) of the CR system are currently limited for enterprise-scale projects due to the heavy framework. In fact, current developed CR systems are typical distributed monomer architectures followed by a “top-down” design. As the scale of the applications gets larger, the operation and maintenance of CR systems will become a very difficult task. In this paper, a new architecture for a microservice-based cloud robotics system in intelligent space is proposed to solve the present dilemma. To enable this, we design a service management architecture based on a microservice to provide a highly efficient and flexible development/deployment mechanism. The container technology based on the docker engine is then used to functionally decompose the application into a set of collaborating services to ensure the software design methods, based on microservice, easy for implementation. Finally, a real experiment on SLAM (Simulation localization and mapping) in an intelligent space is implemented to verify the proposed architecture. Compared with traditional monomer architectures, the results show that the proposed framework is more productive, flexible and cost effective.",0
Lightweight service replication for ultra-short latency applications in mobile edge networks,"Edge Cloud infrastructure will play a key role in extending the range of supported real-time cloud applications, by guaranteeing extremely fast response times. However, user mobility requires fast relocation of service instances, which represents an open challenge for resource-constrained cloudlets interconnected by high-latency and low-bandwidth links. In this paper, we investigate container-based virtualization techniques to support dynamic Mobile Edge Computing (MEC) environments. In particular, we design a framework to guarantee fast response time, by proactively exploiting service replication. A preliminary performance analysis is conducted to identify the possible advantages introduced by the proposed approach compared to classic migration procedures.",0
Enterprise Architecture Planning for Enterprise University Information System Using the TOGAF Architecture Development Method,"One of the important strategies in dealing with the development of information technology is the usage and increase of information systems support for the enterprise. Enterprise University Information System (EUIS), a product released by the University of Indonesia Computer Science Center, is a cloud-based system that can help the academic community-run main and supporting processes with data that can be tracked in real-time. EUIS is currently used by several clients. In the future, the company is targeting technological developments in EUIS that can be used by many other universities, so it can be easily adjusted and integrated with existing information systems at the client. Therefore, an update of enterprise architecture is needed to support the alignment of IT with existing business needs. The enterprise architecture design method used in Enterprise Architecture Planning (EAP) with the Open Group Architecture Framework (TOGAF). In this research using a qualitative methodology, TOGAF ADM can assist in planning architectural changes from monolithic to micro services by identifying several scenarios. The results showed that the decentralized microservice architecture design can be applied to EUIS. Pusilkom UI currently has implemented this design with a client that has condition 2, so that further research can be tested for other conditions.",0
Conceptualizing a framework for cyber-physical systems of systems development and deployment,"Cyber-physical systems (CPS) refer to the next generation of embedded ICT systems that are interconnected, collaborative and that provide users and businesses with a wide range of smart applications and services. Software in CPS applications ranges from small systems to large systems, aka. Systems of Systems (SoS), such as smart grids and cities. CPSoS require managing massive amounts of data, being aware of their emerging behavior, and scaling out to progressively evolve and add new systems. Cloud computing supports processing and storing massive amounts of data, hosting and delivering services, and configuring self-provisioned resources. Therefore, cloud computing is the natural candidate to solve CPSoS needs. However, the diversity of platforms and the low-level cloud programming models make difficult to find a common solution for the development and deployment of CPSoS. This paper presents the architectural foundations of a cloud-centric framework for automating the development and deployment of CPSoS service applications to converge towards a common open service platform for CPSoS applications. This framework relies on the well-known qualities of the microservices architecture style, the autonomic computing paradigm, and the model-driven software development approach. Its implementation and validation is on-going at two European and national projects.",0
<i>μ</i> NDN,"As an extension of Network Function Virtualization, microservice architectures are a promising way to design future network services. At the same time, Information-Centric Networking architectures like NDN would benefit from this paradigm to offer more design choices for the network architect while facilitating the deployment and the operation of the network. We propose μNDN, an orchestrated suite of microservices as an alternative way to implement NDN forwarding and support functions. We describe seven essential micro-services we developed, explain the design choices behind our solution and how it is orchestrated. We evaluate each service in isolation and the entire microservice architecture through two realistic scenarios to show its ability to react and mitigate some performance and security issues thanks to the orchestration. Our results show that μNDN can replace a monolithic NDN forwarder while being more powerful and scalable.",0
Titus: Introducing Containers to the Netflix Cloud,"We believe our approach has enabled Netflix to quickly adopt and benefit from containers. Though the details may be Netflix-specific, the approach of providing low-friction container adoption by integrating with existing infrastructure and working with the right early adopters can be a successful strategy for any organization looking to adopt containers.",0
Cloud Deployment Tradeoffs for the Analysis of Spatially Distributed Internet of Things Systems,"Internet-enabled devices operating in the physical world are increasingly integrated in modern distributed systems. We focus on systems where the dynamics of spatial distribution is crucial; in such cases, devices may need to carry out complex computations (e.g., analyses) to check satisfaction of spatial requirements. The requirements are partly global—as the overall system should achieve certain goals—and partly individual, as each entity may have different goals. Assurance may be achieved by keeping a model of the system at runtime, monitoring events that lead to changes in the spatial environment, and performing requirements analysis. However, computationally intensive runtime spatial analysis cannot be supported by resource-constrained devices and may be offloaded to the cloud. In such a scenario, multiple challenges arise regarding resource allocation, cost, performance, among other dimensions. In particular, when the workload is unknown at the system’s design time, it may be difficult to guarantee application-service-level agreements, e.g., on response times. To address and reason on these challenges, we first instantiate complex computations as microservices and integrate them to an IoT-cloud architecture. Then, we propose alternative cloud deployments for such an architecture—based on virtual machines, containers, and the recent Functions-as-a-Service paradigm. Finally, we assess the feasibility and tradeoffs of the different deployments in terms of scalability, performance, cost, resource utilization, and more. We adopt a workload scenario from a known dataset of taxis roaming in Beijing, and we derive other workloads to represent unexpected request peaks and troughs. The approach may be replicated in the design process of similar classes of spatially distributed IoT systems.",0
Cloud migration strategy factors and migration processes,"Organisaatiot ottavat pilvitekniikoita ja -palveluita käyttöönsä yhä laajemmin. Merkittävä osa pilvipalveluiden kasvusta johtuu nykyisten sovellusten siirtämisestä pilvipalveluun. Olemassa olevien vanhojen sovellusten siirtäminen pilvipalvelualustaan ei ole triviaali tehtävä. Migraatiomenetelmät tehostavat sovellusten siirtoa pilvialustoille ja vähentävät siirrosta aiheutuvia riskejä käyttäen vakioituja prosessimalleja. Keskeinen osa pilvimigraatioprosessia on valita sopivin strategia pilvimigraatiolle useiden vaihtoehtoisten tilanteesta riippuvien vaihtoehtojen joukosta. Migraatiostrategia määrittelee keskeiset migraatioprosessin vaiheet sekä käytettävän pilviarkkitehtuurin sekä palvelumallit. Nykyiset pilven migraatiomenetelmät eivät erityisesti huomioi tai määrittele migraatiostrategian valintaa määrääviä tekijöitä. Migraatiostrategian valinta on kriittinen osa pilvimigraation suunnittelua, johon tyypillisesti osallistuu useita eri organisaatioita ja asiantuntijoita. Tässä opinnäytetyössä esitetään ryhmittely sekä tekijät, jotka ohjaavat pilvimigraatiostrategian valintaa. Tekijät on johdettu nykyisistä pilvimigraatiomenetelmistä ja -prosesseista. Tekijät on validoitu deduktiivisella temaattisella analyysillä käyttäen kvalitatiivisia tapaustutkimuksia ja niistä saatuja haastattelutietoja. Pilvimigraatiostrategioihin vaikuttavien tekijöiden tunnistamisella ja käsittelyllä voidaan parantaa pilvimigraatioiden onnistumista ja tehostaa pilvimigraatioiden suunnittelua.",0
Scalable Software Platform Architecture for the Power Distribution Protection and Analysis,"This thesis explores the benefits of microservice architecture over traditional monolithic application architecture and traditional environments for deploying software to the cloud or the edge. The microservice architecture consists of multiple services that serve a single purpose and all separate functions of the application are stored in their own containers. Containers are separate environments based on the Linux kernel. This thesis was done for ABB (ASEA Brown Boveri) Distribution Solutions to modernize one of their existing applications. The main goal of this thesis is to describe the transition from a monolithic application architecture to a micro-service architecture. However, during the case study, we encountered problems that prevented us from going through with the project. The most significant of these problems was the high degree of dependence of the monolithic application between different parts of the program. The end result of the project was to be a proof of concept-level software. We couldn't achieve it. We used design science as a methodology to guide us in decision-making. We chose Action Design Research (ADR) as the methodology for our work because we found it supported interactive work. This fits in very well with our situation as we were doing this research daily at the ABB’s office. Design science primarily aims at the end result, which in our case would have been to plant the old application in the new architecture. One of our most important results is that we were able to identify critical issues that need to be addressed before moving from monolithic to microservice architecture. These findings included technological debt accumulated over the years, incomplete knowledge of the legacy application, and internal system dependencies. These dependencies represent a significant challenge in re-structuring the monolith to a microarchitecture. As a fourth finding, we found that the resources available, such as time, experts and funding, must be sufficient to produce an appropriate result. As a theoretical contribution, we produced our own version of the Action Design Research Method. We combined the first two steps of the method so that while the customer organization was defining the problem, our research team provided solutions to the problem. Of these solutions, the client organization chose the one that suited them best. This process was possible because we had an open and continuing discussion with ABB's development unit.",0
N2SkyC: User Friendly and Efficient Neural Network Simulation Fostering Cloud Containers,"Sky computing is a new computing paradigm leveraging resources of multiple Cloud providers to create a large scale distributed infrastructure. N2Sky is a research initiative promising a framework for the utilization of Neural Networks as services across many Clouds. This involves a number of challenges ranging from the provision, discovery and utilization of services to the management, monitoring, metering and accounting of the infrastructure. Cloud Container technology offers fast deployment, good portability, and high resource efficiency to run large-scale and distributed systems. In recent years, container-based virtualization for applications has gained immense popularity. This paper presents the new N2SkyC system, a framework for the utilization of Neural Networks as services, aiming for higher flexibility, portability, dynamic orchestration, and performance by fostering microservices and Cloud container technology.",0
Technical Experiences on a Microservices-oriented Transformation using Open Source Software,"Adopting emerging computing paradigms such as cloud applications include challenges associated to transform legacy software to essential characteristics of the mentioned computing model, e.g. on-demand self-service, broad network access, resource pooling, rapid elasticity and measured services. This paper presents a summary of technical experiences on applying one of the most popular approaches to address transformation of legacy software to cloud-native applications: a microservice-oriented architecture with connections to legacy systems through anti-corruption layers. Several technical considerations are presented, focusing on Open Source Software to include particular features on modern development practices as well as solving issues related to the cloud-native transformation.",0
Migrating from Monolithic Application to Microservices,"The following work focuses on the concept of microservices and the adoption process from monolithic application to microservices. Microservices has been proven to be a preferable choice for enterprises to develop software. About 84% of organizations have embraced microservices architecture to accelerate innovation efforts and stay competitive. However, the migration process to microservices is not clear for organizations. 32% of organizations admit that difficulty integrating with monolithic legacy apps remains a challenge for their microservices adoption. This work shows how the migration process to microservices can be applied practically by implementing a case study on an eCommerce store. The work uses and describes in detail Strangler pattern as well as with the service domain as a framework for implementation. In the end, there will be an evaluation using a monitoring system from Postman to determine the availability and resilience of the system during the migration process. Results collected from the monitoring system are discussed and analyzed. They show that using Strangler pattern in migration process keeps the system availability over 97%, including system configuration and user errors. This result shows that Strangler pattern works well as a migration process method and allows organizations to have an incremental improvement over migration while changes are not likely noticed by customers. Although to ensure that the migration process succeeds, further research has to be conducted based on the complexity of the system.",0
"Research on Architecting Microservices: Trends, Focus, and Potential for Industrial Adoption","Microservices are a new trend rising fast from the enterprise world. Even though the design principles around microservices have been identified, it is difficult to have a clear view of existing research solutions for architecting microservices. In this paper we apply the systematic mapping study methodology to identify, classify, and evaluate the current state of the art on architecting microservices from the following three perspectives: publication trends, focus of research, and potential for industrial adoption. More specifically, we systematically define a classification framework for categorizing the research on architecting microservices and we rigorously apply it to the 71 selected studies. We synthesize the obtained data and produce a clear overview of the state of the art. This gives a solid basis to plan for future research and applications of architecting microservices.",0
Drivers and Barriers for Microservice Adoption – A Survey among Professionals in Germany,"Microservices are an architectural style for software which currently receives a lot of attention in both industry and academia. Several companies employ microservice architectures with great success, and there is a wealth of blog posts praising their advantages. Especially so-called Internet-scale systems use them to satisfy their enormous scalability requirements and to rapidly deliver new features to their users. But microservices are not only popular with large, Internet-scale systems. Many traditional companies are also considering whether microservices are a viable option for their applications. However, these companies may have other motivations to employ microservices, and see other barriers which could prevent them from adopting microservices. Furthermore, these drivers and barriers possibly differ among industry sectors. In this article, we present the results of a survey on drivers and barriers for microservice adoption among professionals in Germany. In addition to overall drivers and barriers, we particularly focus on the use of microservices to modernize existing software, with special emphasis on implications for runtime performance and transactionality. We observe interesting differences between early adopters who emphasize scalability of their Internet-scale systems, compared to traditional companies which emphasize maintainability of their IT systems.",0
Evolving Container to Unikernel for Edge Computing and Applications in Process Industry,"Industry 4.0 promotes manufacturing and process industry towards digitalization and intellectualization. Edge computing can provide delay-sensitive services in industrial processes to realize intelligent production. Lightweight virtualization technology is one of the key elements of edge computing, which can implement resource management, orchestration, and isolation services without considering heterogenous hardware. It has revolutionized software development and deployment. The scope of this review paper is to present an in-depth analysis of two such technologies, Container and Unikernel, for edge computing. We discuss and compare their applicability in terms of migration, security, and orchestration for edge computing and industrial applications. We describe their performance indexes, evaluation methods and related findings. We then discuss their applications in industrial processes. To promote further research, we present some open issues and challenges to serve as a road map for both researchers and practitioners in the areas of Industry 4.0, industrial process automation, and advanced computing.",0
Patterns for Migration of SOA Based Applications to Microservices Architecture,"Service oriented architecture (SOA) has been widely used in the design of enterprise applications over the last two decades. Though SOA has become popular in the integration of multiple applications using the enterprise service bus, there are few challenges related to delivery, deployment, governance, and interoperability of services. To overcome the design and maintenance challenges in SOA, a new architecture of microservices has emerged with loose coupling, independent deployment, and scalability as its key features. With the advent of microservices, software architects have started to migrate legacy systems to microservice architecture. However, many challenges arise during the migration of SOA to microservices, including the decomposition of SOA to microservice, the testing of microservices designed using different programming languages, and the monitoring the microservices. In this paper, we aim to provide patterns for the most recurring problems highlighted in the literature i.e, the decomposition of SOA services, the size of each microservice, and the detection of anomalies in microservices. The suggested patterns are combined with our experience in the migration of SOA-based applications to the microservices architecture, and we have also used these patterns in the migration of other SOA applications. We evaluated these patterns with the help of a standard web-based application.",0
SDN-assisted Service Placement for the IoT-based Systems in Multiple Edge Servers Environment,"Edge computing is proved to be an effective solution for the Internet of Things (IoT)-based systems. Bringing the resources closer to the end devices has improved the performance of the networks and reduced the load on the cloud. On the other hand, edge computing has some constraints related to the amount of the resources available on the edge servers, which is considered to be limited as compared with the cloud. In this paper, we propose Software-Defined Networking (SDN)-based resources allocation and service placement system in the multi-edge networks that serve multiple IoT applications. In this system, the resources of the edge servers are monitored using the proposed Edge Server Application (ESA) to determine the state of the edge server and, therefore, the acceptable services by each server. Benefiting from the information gathered by ESA, the service offloading decision would be taken by the proposed SDN Non-core Application (SNA) in a way that ensures an efficient load distribution and better resources utilization for the edge servers. A Weighted Aggregated Sum Product Assessment Method (WASPAS) was used to determine the best edge server. The proposed system was compared with a non-SDN system and showed improvement in the performance and the utilization of resources of the edge servers. Furthermore, the request handling time was considerably reduced and settled in constant rates for a different number of devices.",0
Migration of a legacy web application to the cloud,"The idea of this thesis work was to study the area of containerization and cloud computing. Nowadays these technologies are gaining popularity very rapidly and becoming de-facto standards in information technology. The skills gained during the implementation of this thesis are necessary to be up to date with the current trends in IT industry. This thesis was commissioned by the company called NeosIT Services GmbH. It is a Germany-based enterprise specialising in the creation of high transaction platforms. The company has experience in cloud computing and that is where the idea for the thesis topic came from. Before doing the practical part, a theoretical study was conducted. It was important not only to understand how microservices and the cloud are functioning nowadays, but also to look back in the history and understand why they appeared. When it comes to cloud computing, the most typical task is to containerize an application and move it to the cloud. For this thesis, a simple Silex application was created in a monolithic (legacy) way. It was then converted into API. The refactored application was containerized and moved to a cloud service provider – Amazon Web Services. This thesis covered the main aspects of cloud computing and microservices as well as how they were implemented in practice. Ideally, applications should be developed with the cloud in mind. However, this thesis described the workflow of a typical working-life case – an old-style application already existing without time and resources to build a new one. The ability to refactor legacy applications is a good starting point when moving businesses to the cloud.",0
The IPOL Demo System: A Scalable Architecture of Microservices for Reproducible Research,"We identified design problems related to the architecture, ergonomy, and performance in the previous version of the Image Processing on Line (IPOL) demonstration system. In order to correct them we moved to an architecture of microservices and performed many refactorings. This article first describes the state of the art in Reproducible Research platforms and explains IPOL in that context. The specific problems which were found are discussed, along with the solutions implemented in the new demo system, and the changes in its architecture with respect to the previous system. Finally, we expose the challenges of the system in the short term.",0
Continuous architecture in a large distributed agile organization : A case study at Ericsson,"Agile practices have become norm, also in large scale organizations. Applying agile methods includes introducing continuous practices, including continuous architecture. For web scale applications microservices is a rising star. This thesis investigates if microservices could be an answer also for embedded systems to tackle the synchronizing problem of many parallel teams.",0
Design of WeChat Service System Based on Microservice Architecture,"In order to design a stable WeChat service system which provides one-stop service for Huaiyin Institute of Technology students, a method for building system based on microservice architecture is proposed. Different from monolithic application, application based on microservice consists of a mount of service modules. Users request web service module which invokes via service registry. Service modules communicate with RESTful API interface, a mechanism based on Http protocol. The results show that the proposed WeChat service system can satisfy the requirements for the users.",0
Implementation of Micro Services Architecture on Comrades Backend,"This research aims to increase the scalability and maintainability of Comrades backend. The experimental method that was used in this research is Domain-Driven Design. Applying Domain-Driven Design, Comrades backend will have more scalable and high-level scalability architecture, namely, microservices architecture. The result of this research is a new model of backend architecture and a prototype to measure the performances of this new model. To achieve this result, the transformation of architecture from monolithic into several context and implementation of the context to be microservices architecture are the main steps of this research. Moreover, complete software architecture and infrastructure will be developed as the output of this research. To make it possible, the research uses several technologies including Docker, Kubernetes, and Gateway API. By using this architecture, Comrades developer are able to create Comrades backend more reliable because each functional of Comrades will have their architecture. They can use the services to give a better experience for Comrades users in accessing the features in comrades. For the conclusion, a new model of Comrades backend architecture has more scalable level without any error.",0
A design study on the migration of an on-premise software application to the cloud,"This research paper aims to highlight two things; the difference in development time when migrating an on-premise application to the cloud with two different migration strategies and the performance of the application after migration with the two strategies. This design study features an experience report where the two migration strategies are evaluated in the aspect of development time. The experience report serves to answer research question 1; “What are the differences between the rehosting (lift-and-shift) strategy and the refactoring (making it cloud native) strategy in the aspect of development time?”. Research question 2; “How will the performance of the application differ after being migrated to the cloud using the rehosting (lift-and-shift) strategy and the refactoring (to cloud native) strategy?“ was answered by measuring execution time for the mobile applications methods. The study shows that although the development time for refactoring was longer than for rehosting, it did not differ as much as expected for inexperienced cloud platform users who are migrating a small 3-tier application. The refactored application performed better than the rehosted application in the method execution time tests.",0
Serverless computing: economic and architectural impact,"Amazon Web Services unveiled their ""Lambda"" platform in late 2014. Since then, each of the major cloud computing infrastructure providers has released services supporting a similar style of deployment and operation, where rather than deploying and running monolithic services, or dedicated virtual machines, users are able to deploy individual functions, and pay only for the time that their code is actually executing. These technologies are gathered together under the marketing term ""serverless"" and the providers suggest that they have the potential to significantly change how client/server applications are designed, developed and operated. This paper presents two case industrial studies of early adopters, showing how migrating an application to the Lambda deployment architecture reduced hosting costs - by between 66% and 95% - and discusses how further adoption of this trend might influence common software architecture design practices.",0
From Monolith to Microservices: Lessons Learned on an Industrial Migration to a Web Oriented Architecture,"MGDIS SA is a software editing company that underwent a major strategic and technical change during the past three years, investing 17 300 man. Days rewriting its core business software from monolithic architecture to a Web Oriented Architecture using microservices. The paper presents technical lessons learned during and from this migration by addressing three crucial questions for a successful context-adapted migration towards a Web Oriented Architecture: how to determine (i) the most suitable granularity of micro-services, (ii) the most appropriate deployment and (iii) the most efficient orchestration?",0
Dynamic Microservices to Create Scalable and Fault Tolerance Architecture,"One of the industry’s most important trends in enterprise architecture is related to the use of microservices, to the detriment of monolithic architectures, which are beginning to no longer be used. Due the cloud-native architectures the deployment of microservices systems is more productive, flexible and cost effective. Anyway, a lot of companies started to migrate from one type of architecture to another, but it is still in the early phase. In this paper we address the challenges raised by the need to develop a scalable and fault tolerance system based on microservices. In our experiments we consider two types of microservices, simple and extended and the proposed solution proves to be an innovative one especially based on its dynamic behavior.",0
Towards Reference Architecture for a Multi-layer Controlled Self-adaptive Microservice System,"With the features of high distribution in deployment and independence in running, the microservice systems that operate in heterogeneous infrastructures and open Internet environment are expected to be self-adaptive to adapt to various changes of both operating contexts and application requirements.This requires the adaptability of the microservice systems to be diverse and flexible, and independent of implementation technologies and platforms.This paper presents a reference architecture for self-adaptive microservice systems with the abilities of multi-layer controlled self-adaptations, including infrastructure-controlled layer and application-controlled layer.Such reference architecture presents a blueprint to cope with diverse changes from different levels in microservice systems and supports the interactions between layers.We have implemented a practical platform called SAMSP based on the reference architecture and Kubernetes and evaluated our approach using a sample.The experimental results are promising, and demonstrate the feasibility and effectiveness of our proposed reference architecture.",0
“Functional-First” Recommendations for Beneficial Microservices Migration and Integration Lessons Learned from an Industrial Experience,"MGDIS is a French software development company which successfully migrated her monolith application towards a microservices architecture. This migration was due to a major strategic and technical change and needed an investment of 17 300 person.days over three years. While some results were initially targeted, others were not expected at all. However, with hindsight following an afterward in-depth analysis, they eventually proved to be unexpected best-practices that should be adopted for successful microservices adoption. These lessons learned are outlined following four crucial aspects: functional approach, norms and standards, microservices granularity and their semantics, and finally technical and integration outcomes.",0
Microservices in Audiovisual Archives,"This document describes and examines strategies for designing lightweight microservice environments for the processing of digital, file-based, audiovisual data within an archive. The document presumes an overview understanding of the Reference Model for an Open Archival Information System (OAIS). The document also makes references to programming archival routines in command languages, but seeks to provide examples in pseudo-code rather than favoring any particular computer language. Since the document intends to focus on archival routines for audiovisual content, an introduction to ffmpeg can be helpful. Additionally, this document does not intend to purport to be a standard for the design of audiovisual microservices but seeks to contribute to and build upon the work and dialogue of many audiovisual archives that has been exploring and successfully implementing microservices in audiovisual archives; see in particularly the compiled, collaborative documentation at https://github.com/amiaopensource/open-workflows.",0
The run-time impact of business functionality when decomposing and adopting the microservice architecture,"In line with the growth of software, code bases are getting bigger and more complex. As a result of this, the architectural patterns, which systems rely upon, are becoming increasingly important. Recently, decomposed architectural styles have become a popular choice. This thesis explores system behavior with respect to decomposing system granularity and external communication between the resulting decomposed services. An e-commerce scenario was modeled and implemented at different granularity levels to measure the response time. In establishing the communication, both REST with HTTP and JSON and the gRPC framework were utilized. The results showed that decomposition has impact on run-time behaviour and external communication. The highest granularity level implemented with gRPC for communication establishment adds 10ms. In the context of how the web behaves today, it can be interpreted as feasible but there is no discussion yet on whether it is theoretically desirable.",0
Kuksa: A Cloud-Native Architecture for Enabling Continuous Delivery in the Automotive Domain,"Connecting vehicles to cloud platforms has enabled innovative business scenarios while raising new quality concerns, such as reliability and scalability, which must be addressed by research. Cloud-native architectures based on microservices are a recent approach to enable continuous delivery and to improve service reliability and scalability. We propose an approach for restructuring cloud platform architectures in the automotive domain into a microservices architecture. To this end, we adopted and implemented microservices patterns from literature to design the cloud-native automotive architecture and conducted a laboratory experiment to evaluate the reliability and scalability of microservices in the context of a real-world project in the automotive domain called Eclipse Kuksa. Findings indicated that the proposed architecture could handle the continuous software delivery over-the-air by sending automatic control messages to a vehicular setting. Different patterns enabled us to make changes or interrupt services without extending the impact to others. The results of this study provide evidences that microservices are a potential design solution when dealing with service failures and high payload on cloud-based services in the automotive domain.",0
Migrating a Modern Web Application to the Cloud,"Web technologies have been evolving fast since the adaptation of the modern web, and new tools and frameworks keep on coming into existence. With rapidly evolving technologies, the risk of accumulating technical debt becomes more common and must be taken into account at various stages of a software project. At the same time, new ways of working are generalising throughout development teams to ensure the quality of these projects. The purpose of this thesis is to explore modern web technologies, methodologies, as well as different categories of technical debt that these might bring. It also takes a look into the public cloud and its most common cloud service providers and their services. Based on these, it proposes a strategy for bringing an existing web application onto a cloud environment. Based on the case study project and literature evaluation, it is concluded that any application undertaking any larger work would benefit from having its technical debt at a manageable level and codebase in a good shape. It is also seen that when dealing with modern technologies, said technical debt might accumulate more rapidly than with projects implemented with more established technologies. When it comes to hosting web applications on the cloud, it is concluded that while a platform migration might bring some benefits in itself, a larger restructuring and careful redesigning work might be called for in order to fully reap the benefits of the public cloud.",0
Architectural Patterns for Microservices: A Systematic Mapping Study,"Microservices is an architectural style increasing in popularity. However, there is still a lack of understanding how to adopt a microservice-based architectural style. We aim at characterizing different microservice architectural style patterns and the principles that guide their definition. We conducted a systematic mapping study in order to identify reported usage of microservices and based on these use cases extract common patterns and principles. We present two key contributions. Firstly, we identified several agreed microservice architecture patterns that seem widely adopted and reported in the case studies identified. Secondly, we presented these as a catalogue in a common template format including a summary of the advantages, disadvantages, and lessons learned for each pattern from the case studies. We can conclude that different architecture patterns emerge for different migration, orchestration, storage and deployment settings for a set of agreed principles.",0
Machine Learning-based Orchestration of Containers: A Taxonomy and Future Directions,"Containerization is a lightweight application virtualization technology, providing high environmental consistency, operating system distribution portability, and resource isolation. Existing mainstream cloud service providers have prevalently adopted container technologies in their distributed system infrastructures for automated application management. To handle the automation of deployment, maintenance, autoscaling, and networking of containerized applications, container orchestration is proposed as an essential research problem. However, the highly dynamic and diverse feature of cloud workloads and environments considerably raises the complexity of orchestration mechanisms. Machine learning algorithms are accordingly employed by container orchestration systems for behavior modeling and prediction of multi-dimensional performance metrics. Such insights could further improve the quality of resource provisioning decisions in response to the changing workloads under complex environments. In this article, we present a comprehensive literature review of existing machine learning-based container orchestration approaches. Detailed taxonomies are proposed to classify the current researches by their common features. Moreover, the evolution of machine learning-based container orchestration technologies from the year 2016 to 2021 has been designed based on objectives and metrics. A comparative analysis of the reviewed techniques is conducted according to the proposed taxonomies, with emphasis on their key characteristics. Finally, various open research challenges and potential future directions are highlighted.",0
Security in Microservices Architectures,"A Microservice is a small or even micro independent process that communicates, acts, and returns via messages through lightweight mechanisms like Thrift, HTTP or RESTAPI. Microservices Architecture is amateur evolution of the Monolithic Architecture. Observing it in afunctional way, it is correct to claim that it breaks down complex applications into a simpler abstraction. As this research demonstrates, Microservices Architecture is intrinsically connected as a symbiosis with container-based deployment, because these containers have no need for embedded operating systems and calls are made for OS resources, via an application programming interface. It is safe to claim that this technology is currently the focus of modern developers nowadays. Semantically speaking, Microservices functionally deconstruct larger applications into smaller, discrete services, and containers are viewed as a natural compute platform for this architecture [1]. A single service is and can be represented by multiple containers in a Microservices cluster, each single service is designed to provide a specific set of functions while services act to makeup the entire application. It’s common in large application the decomposition into multiple arms of more than twenty services, although less can be commonly found as well [1]. The main objective of Microservices Architecture is to disassemble the core components of a given type of application [2]. This study could be done in multiple ways, all of them different because practically everybody has their specific way of looking at Microservices, but one aspect is the same cross mentalities, Security. So, the focus of this research is to expose the main security aspects of this specific architecture, in this cost-effective era.",0
Migration from Monolith to Microservices: Benchmarking a Case Study.,"The migration from monolithic to microservice-based systems have become increasingly popular in the last decade. However, the advantages of this type of migration have not been extensively investigated in the literature, to the best of the authors' knowledge. This paper aims to present a methodology and performance indicators to support better assessment on whether the migration from a monolithic to microservice-based architecture is beneficial. A systematic review was conducted to identify the most relevant performance metrics in the literature, validated in a survey with professionals from the industry. Next, this set of metrics, including latency, throughput, scalability, CPU, memory usage, and network utilization -were used in two experiments to evaluate monolithic and microservice versions of the same system. The results reported here contribute to the body of knowledge on benchmarking different software architectures. In addition, this study illustrates how the identified metrics can more precisely assess both monolithic and microservice systems.",0
Systematic Literature Review of the Cloud-ready Software Architecture,"Many companies are adopting cloud for hosting applications delivered as a service over the Internet. An application service delivered in this way is referred as Software as a Service (SaaS). The SaaS providers get benefits from getting cloud resources provisioned on-demand and through pay-as-you-go billing models. These capabilities enable faster application development and deployment with lower upfront investment into infrastructure. To benefit the most from the cloud, software architecture must be designed with consideration that software will run on the cloud. However, a legacy application is often developed by using monolithic architecture approach and might not get all advantages provided by a cloud computing. A growing monolithic application gets less flexible in development, has longer provisioning time, slows down the speed of innovation and lowers economy of scale. As result of such problems, not only commercial companies, but also the various academic researchers aim to design software as a ""cloud-native"" application. This kind of software has specific non-functional requirements that define scalability, reliability, fault tolerance and other cloud-specific requirements. This systematic literature review is based on the case studies, published articles and other literature related to the cloud-native or cloud-ready applications. It generalizes common traits of non-functional requirements defined in analyzed resources. Also, it walks through architectural styles of the applications running on a cloud and presents recently developed architectures that are used for large-scale software services delivered on a cloud.",0
Chameleons on Cloudlets: Elastic Edge Computing Through Microservice Variants,"Common deployment models for Edge Computing are based on (composable) microservices that are offloaded to cloudlets. Runtime adaptations-in response to varying load, QoS fulfillment, mobility, etc.-are typically based on coarse-grained and costly management operations such as resource re-allocation or migration. The services themselves, however, remain non-adaptive, worsening the already limited elasticity of Edge Computing compared to Cloud Computing. Edge computing applications often have stringent requirements on the execution time but are flexible regarding the quality of a computation. The potential benefits of exploiting this trade-off remain untapped. This paper introduces the concept of adaptable microservices that provide alternative variants of specific functionalities. We define so-called service variants that differ w.r.t. the internal functioning of the service, manifested in different algorithms, parameters, and auxiliary data they use. Such variants allow fine-grained trade-offs between the QoS (e.g., a maximum tolerable execution time) and the quality of the computation. We integrate adaptable microservices into an Edge Computing framework, show the practical impact of service variants, and present a strategy for switching variants at runtime.",0
