key,N,t,p_fast,p_buscarpy,nan_buscarpy,abs_diff,same_decision
heldout|Walker_2018,11735,5,0.9999999999999988,0.9999999999999988,0,0.0,1
heldout|Walker_2018,11735,205,0.9994797537579457,0.9994797537579331,0,1.2656542480726785e-14,1
heldout|Walker_2018,11735,405,0.9928841521988431,0.992884152198832,0,1.1102230246251565e-14,1
heldout|Walker_2018,11735,600,0.9994411280131638,0.9994411280131655,0,1.7763568394002505e-15,1
heldout|Walker_2018,11735,800,0.9297238209197032,0.9297238209212164,0,1.5132339825640884e-12,1
heldout|Walker_2018,11735,1000,0.9349554258102438,0.934955425808407,0,1.8368639942423215e-12,1
heldout|Walker_2018,11735,1200,0.8671939948290613,0.8671939948276427,0,1.418642980866025e-12,1
heldout|Walker_2018,11735,1395,0.804740005019264,0.8047400050172407,0,2.0232704400768853e-12,1
heldout|Walker_2018,11735,1595,0.7442524699976063,0.7442524699912134,0,6.392886220396576e-12,1
heldout|Walker_2018,11735,1795,0.6872406349866136,0.6872406349838731,0,2.7404745139847364e-12,1
heldout|Walker_2018,11735,1995,0.633568732588082,0.6335687325876963,0,3.856914787547794e-13,1
heldout|Walker_2018,11735,2190,0.5843272938835741,0.5843272938828978,0,6.762368442991828e-13,1
heldout|Walker_2018,11735,2390,0.5368634284486309,0.536863428437768,0,1.0862866162142382e-11,1
heldout|Walker_2018,11735,2590,0.4923515813469972,0.4923515813348961,0,1.2101097901506819e-11,1
heldout|Walker_2018,11735,2790,0.45066673728779605,0.4506667372800208,0,7.775224908357359e-12,1
heldout|Walker_2018,11735,2985,0.41262909146778415,0.4126290914630957,0,4.688471832992036e-12,1
heldout|Walker_2018,11735,3185,0.3761708361773439,0.37617083616475505,0,1.2588874387375881e-11,1
heldout|Walker_2018,11735,3385,0.3421836571896999,0.34218365718246,0,7.239875365883108e-12,1
heldout|Walker_2018,11735,3585,0.3105532913454897,0.31055329133521126,0,1.02784447619797e-11,1
heldout|Walker_2018,11735,3780,0.2818763230565424,0.28187632304530097,0,1.124145221353956e-11,1
heldout|Walker_2018,11735,3980,0.25457550858094924,0.2545755085692528,0,1.1696421609030949e-11,1
heldout|Walker_2018,11735,4180,0.229307568043136,0.22930756803325467,0,9.881345741646896e-12,1
heldout|Walker_2018,11735,4380,0.20596899037835936,0.20596899036956925,0,8.79010753074283e-12,1
heldout|Walker_2018,11735,4580,0.18445896945221296,0.18445896944461307,0,7.599892937193431e-12,1
heldout|Walker_2018,11735,4775,0.16515357424134403,0.16515357423404547,0,7.298550652734548e-12,1
heldout|Walker_2018,11735,4975,0.14696933259686273,0.14696933257967562,0,1.7187112844041508e-11,1
heldout|Walker_2018,11735,5175,0.13032974318854107,0.1303297431851016,0,3.439470930288735e-12,1
heldout|Walker_2018,11735,5375,0.11514475204383268,0.11514475203000209,0,1.383058945148008e-11,1
heldout|Walker_2018,11735,5570,0.10165647493659735,0.10165647492762239,0,8.974959664342919e-12,1
heldout|Walker_2018,11735,5770,0.08909028271705699,0.0890902826998238,0,1.7233187099563452e-11,1
heldout|Walker_2018,11735,5970,0.07772677178201248,0.07772677176952092,0,1.2491563339267486e-11,1
heldout|Walker_2018,11735,6170,0.06748664024727513,0.06748664022965446,0,1.762066881294544e-11,1
heldout|Walker_2018,11735,6365,0.058510965621798916,0.058510965604178934,0,1.7619981862448952e-11,1
heldout|Walker_2018,11735,6565,0.050267063472252516,0.050267063457505985,0,1.4746530385689738e-11,1
heldout|Walker_2018,11735,6570,0.05007283238118321,0.05007283236376347,0,1.7419739262169998e-11,1
heldout|Walker_2018,11735,6575,0.049879164718352076,0.04987916469377337,0,2.4578707125133548e-11,1
heldout|Walker_2018,11735,6765,0.04292661131646214,0.042926611296245365,0,2.0216772700365482e-11,1
heldout|Walker_2018,11735,6965,0.03642105933598516,0.03642105932659982,0,9.3853397276078e-12,1
heldout|Walker_2018,11735,7160,0.03081911442745877,0.03081911440361594,0,2.3842830487730282e-11,1
heldout|Walker_2018,11735,7360,0.025771633113543135,0.025771633102234525,0,1.1308610298188526e-11,1
heldout|Walker_2018,11735,7560,0.021371110142466287,0.021371110124398775,0,1.8067512763675353e-11,1
heldout|Walker_2018,11735,7760,0.017559747810451,0.017559747789573518,0,2.087748030010772e-11,1
heldout|Walker_2018,11735,7960,0.014282453361698089,0.01428245335137758,0,1.0320508336825185e-11,1
heldout|Walker_2018,11735,8155,0.011551263082064445,0.011551263069227461,0,1.2836983212527464e-11,1
heldout|Walker_2018,11735,8355,0.009177429816057181,0.009177429798810699,0,1.7246482020283338e-11,1
heldout|Walker_2018,11735,8555,0.007189757298832311,0.007189757273016565,0,2.581574624210825e-11,1
heldout|Walker_2018,11735,8755,0.005543904868618443,0.0055439048587259485,0,9.892494809427e-12,1
heldout|Walker_2018,11735,8950,0.004228538002655102,0.0042285379794084685,0,2.324663378461267e-11,1
heldout|Walker_2018,11735,9150,0.003138045068354245,0.003138045050016295,0,1.833795008204797e-11,1
heldout|Walker_2018,11735,9350,0.0022734526350751683,0.0022734526170756072,0,1.7999561043036127e-11,1
heldout|Walker_2018,11735,9550,0.0016011721950263125,0.001601172160729361,0,3.429695156348389e-11,1
heldout|Walker_2018,11735,9745,0.0011013556571098926,0.001101355639406884,0,1.770300854693485e-11,1
heldout|Walker_2018,11735,9945,0.0007207437995995214,0.0007207437942563825,0,5.343138908750489e-12,1
heldout|Walker_2018,11735,10145,0.0004485118563301027,0.00044851184760294775,0,8.727154957900718e-12,1
heldout|Walker_2018,11735,10345,0.0002618233986078078,0.0002618233928516062,0,5.756201613450751e-12,1
heldout|Walker_2018,11735,10540,0.00014292707020047146,0.00014292704155769456,0,2.8642776898121086e-11,1
heldout|Walker_2018,11735,10740,6.862714390332147e-05,6.862713347743157e-05,0,1.0425889901302492e-11,1
heldout|Walker_2018,11735,10940,2.792618563651761e-05,2.792617615654302e-05,0,9.479974588671872e-12,1
heldout|Walker_2018,11735,11140,8.739890164810582e-06,8.739876262124458e-06,0,1.3902686124458562e-11,1
heldout|Walker_2018,11735,11335,1.7763896947853297e-06,1.7763639015370196e-06,0,2.5793248310110512e-11,1
heldout|Walker_2018,11735,11535,1.0935644112475273e-07,1.0935533156466885e-07,0,1.1095600838863646e-12,1
heldout|Walker_2018,11735,11735,0.0,,1,,1
clef|CD011686,9729,4,0.9997943867585062,0.9997943867585073,0,1.1102230246251565e-15,1
clef|CD011686,9729,168,0.9837431834550335,0.9837431834550879,0,5.440092820663267e-14,1
clef|CD011686,9729,332,0.9668690194463386,0.9668690194464451,0,1.0647038806155251e-13,1
clef|CD011686,9729,500,0.9495832904618072,0.9495832904619816,0,1.744160371686121e-13,1
clef|CD011686,9729,664,0.9327091264530956,0.9327091264533388,0,2.432498646953718e-13,1
clef|CD011686,9729,828,0.9158349624443822,0.915834962444696,0,3.1374902675906924e-13,1
clef|CD011686,9729,992,0.8989607984356367,0.898960798436053,0,4.163336342344337e-13,1
clef|CD011686,9729,1160,0.8816750694512906,0.8816750694515897,0,2.9909408283401717e-13,1
clef|CD011686,9729,1324,0.8648009054423853,0.8648009054429469,0,5.615508058554042e-13,1
clef|CD011686,9729,1488,0.8479267414339255,0.8479267414343039,0,3.7836400679225335e-13,1
clef|CD011686,9729,1652,0.831052577425136,0.8310525774256611,0,5.250244683452365e-13,1
clef|CD011686,9729,1816,0.8141784134162448,0.8141784134170182,0,7.734923812563466e-13,1
clef|CD011686,9729,1984,0.7968926844318166,0.7968926844325548,0,7.381872890732666e-13,1
clef|CD011686,9729,2148,0.7800185204232336,0.780018520423912,0,6.783462680459706e-13,1
clef|CD011686,9729,2312,0.7631443564144311,0.7631443564152691,0,8.379963389870682e-13,1
clef|CD011686,9729,2476,0.7462701924063059,0.7462701924066262,0,3.2029934260435766e-13,1
clef|CD011686,9729,2644,0.7289844634208482,0.7289844634221627,0,1.3145040611561853e-12,1
clef|CD011686,9729,2808,0.7121102994117126,0.7121102994135199,0,1.8073320617872923e-12,1
clef|CD011686,9729,2972,0.6952361354037965,0.695236135404877,0,1.0805800698676649e-12,1
clef|CD011686,9729,3136,0.6783619713969049,0.6783619713962341,0,6.707967514785196e-13,1
clef|CD011686,9729,3300,0.6614878073871723,0.6614878073875914,0,4.191091917959966e-13,1
clef|CD011686,9729,3468,0.6442020784017238,0.6442020784031279,0,1.4040990592434355e-12,1
clef|CD011686,9729,3632,0.6273279143938078,0.627327914394485,0,6.772360450213455e-13,1
clef|CD011686,9729,3796,0.6104537503839664,0.6104537503858422,0,1.875721800104202e-12,1
clef|CD011686,9729,3960,0.5935795863742759,0.5935795863771993,0,2.9234392684429622e-12,1
clef|CD011686,9729,4128,0.576293857391017,0.5762938573927359,0,1.7188472867246674e-12,1
clef|CD011686,9729,4292,0.5594196933814932,0.559419693384093,0,2.599809256764729e-12,1
clef|CD011686,9729,4456,0.5425455293781107,0.5425455293754502,0,2.660538456211725e-12,1
clef|CD011686,9729,4620,0.5256713653652031,0.5256713653668073,0,1.6041612482808887e-12,1
clef|CD011686,9729,4784,0.5087972013546154,0.5087972013581644,0,3.549049942819238e-12,1
clef|CD011686,9729,4952,0.4915114723747932,0.49151147237370096,0,1.092237411626229e-12,1
clef|CD011686,9729,5116,0.47463730836397267,0.47463730836505813,0,1.0854650511760155e-12,1
clef|CD011686,9729,5280,0.45776314435456933,0.45776314435641524,0,1.8459123118930165e-12,1
clef|CD011686,9729,5444,0.4408889803462096,0.4408889803477724,0,1.5628054406136016e-12,1
clef|CD011686,9729,5608,0.4240148163379749,0.4240148163391295,0,1.1546319456101628e-12,1
clef|CD011686,9729,5776,0.4067290873509465,0.4067290873546661,0,3.719635710552893e-12,1
clef|CD011686,9729,5940,0.3898549233388595,0.38985492334602323,0,7.1637140663938226e-12,1
clef|CD011686,9729,6104,0.3729807593292547,0.3729807593373804,0,8.12572231723152e-12,1
clef|CD011686,9729,6268,0.35610659533208067,0.3561065953287375,0,3.3431590829025026e-12,1
clef|CD011686,9729,6436,0.3388208663371961,0.3388208663442741,0,7.0780048488927605e-12,1
clef|CD011686,9729,6600,0.3219467023354754,0.3219467023356312,0,1.5581980150614072e-13,1
clef|CD011686,9729,6764,0.3050725383244026,0.3050725383269884,0,2.585764935503221e-12,1
clef|CD011686,9729,6928,0.2881983743128669,0.2881983743183455,0,5.47861755961776e-12,1
clef|CD011686,9729,7092,0.2713242103049316,0.27132421030970266,0,4.771072426024148e-12,1
clef|CD011686,9729,7260,0.2540384813200278,0.2540384813252392,0,5.211386877590485e-12,1
clef|CD011686,9729,7424,0.23716431730829002,0.23716431731659635,0,8.306327847762418e-12,1
clef|CD011686,9729,7588,0.2202901532946765,0.22029015330795348,0,1.3276990618038553e-11,1
clef|CD011686,9729,7752,0.20341598929766858,0.20341598929931062,0,1.6420476089962222e-12,1
clef|CD011686,9729,7920,0.1861302603188365,0.1861302603148472,0,3.989308883234344e-12,1
clef|CD011686,9729,8084,0.1692560962924219,0.16925609630620433,0,1.3782447405574771e-11,1
clef|CD011686,9729,8248,0.15238193228400143,0.15238193229756147,0,1.3560041978166737e-11,1
clef|CD011686,9729,8412,0.1355077682932041,0.1355077682889186,0,4.28548863062872e-12,1
clef|CD011686,9729,8576,0.11863360426792391,0.11863360428027575,0,1.235184177161841e-11,1
clef|CD011686,9729,8744,0.1013478753049879,0.10134787529581232,0,9.175576964892684e-12,1
clef|CD011686,9729,8908,0.08447371127177439,0.08447371128716946,0,1.5395074104418427e-11,1
clef|CD011686,9729,9072,0.06759954727641437,0.0675995472785266,0,2.112227059924976e-12,1
clef|CD011686,9729,9236,0.0507253832600143,0.05072538326988373,0,9.869431660813888e-12,1
clef|CD011686,9729,9240,0.05031381829245607,0.05031381829406317,0,1.6071033392961454e-12,1
clef|CD011686,9729,9244,0.04990225332293097,0.04990225331824261,0,4.68835387179567e-12,1
clef|CD011686,9729,9404,0.03343965427632123,0.03343965428542031,0,9.099082598496011e-12,1
clef|CD011686,9729,9568,0.016565490285012197,0.016565490276777447,0,8.234749687696663e-12,1
clef|CD011686,9729,9729,0.0,0.0,0,0.0,1
clef|CD011768,9160,4,0.9999999999687632,0.9999999999687632,0,0.0,1
clef|CD011768,9160,160,0.9918277537188943,0.9918277537189959,0,1.0158540675320182e-13,1
clef|CD011768,9160,316,0.9679967846772644,0.9679967846771926,0,7.172040739078511e-14,1
clef|CD011768,9160,468,0.9350073469109337,0.9350073469116162,0,6.825651155395462e-13,1
clef|CD011768,9160,624,0.9017444700624091,0.9017444700621335,0,2.7555735471196385e-13,1
clef|CD011768,9160,780,0.8690840206557894,0.8690840206566073,0,8.179013022413528e-13,1
clef|CD011768,9160,936,0.8370259986973875,0.8370259986950376,0,2.3498980539216063e-12,1
clef|CD011768,9160,1092,0.805570404180178,0.8055704041774244,0,2.7535751456753133e-12,1
clef|CD011768,9160,1244,0.7755008185609952,0.7755008185596766,0,1.3186118863472984e-12,1
clef|CD011768,9160,1400,0.7452346320704135,0.745234632072439,0,2.0254908861261356e-12,1
clef|CD011768,9160,1556,0.7155708730304078,0.7155708730291581,0,1.2496670365180762e-12,1
clef|CD011768,9160,1712,0.6865095414287149,0.6865095414298334,0,1.1185496973098452e-12,1
clef|CD011768,9160,1868,0.6580506372739126,0.6580506372744654,0,5.52891066263328e-13,1
clef|CD011768,9160,2020,0.6309009038059721,0.6309009038045462,0,1.4258594305260885e-12,1
clef|CD011768,9160,2176,0.6036314076832064,0.6036314076795538,0,3.652633751016765e-12,1
clef|CD011768,9160,2332,0.5769643390026792,0.576964338998518,0,4.161226918597549e-12,1
clef|CD011768,9160,2488,0.5508996977639978,0.5508996977614385,0,2.559286116365911e-12,1
clef|CD011768,9160,2644,0.5254374839691998,0.5254374839683156,0,8.841816168114747e-13,1
clef|CD011768,9160,2796,0.5012076026486639,0.5012076026462249,0,2.4390489627990064e-12,1
clef|CD011768,9160,2952,0.4769347968860709,0.47693479688347784,0,2.5930368963145156e-12,1
clef|CD011768,9160,3108,0.4532644185643798,0.4532644185646869,0,3.070876886113183e-13,1
clef|CD011768,9160,3264,0.4301964676874528,0.4301964676898526,0,2.399802578878507e-12,1
clef|CD011768,9160,3420,0.4077309442680075,0.4077309442589748,0,9.032663506047811e-12,1
clef|CD011768,9160,3572,0.38642091508809706,0.3864209150847129,0,3.384181823662402e-12,1
clef|CD011768,9160,3728,0.3651447996892888,0.3651447996842107,0,5.078104603484235e-12,1
clef|CD011768,9160,3884,0.34447111172582157,0.3444711117276651,0,1.8435253323900724e-12,1
clef|CD011768,9160,4040,0.3243998512228391,0.324399851215076,0,7.763123477388945e-12,1
clef|CD011768,9160,4196,0.3049310181510865,0.3049310181464434,0,4.643063711284867e-12,1
clef|CD011768,9160,4348,0.2865408411263699,0.28654084112001005,0,6.359857085413978e-12,1
clef|CD011768,9160,4504,0.2682614160877276,0.2682614160817531,0,5.974498673566586e-12,1
clef|CD011768,9160,4660,0.2505844184940541,0.2505844184874526,0,6.601497126723643e-12,1
clef|CD011768,9160,4816,0.23350984833976218,0.2335098483371086,0,2.6535718067322023e-12,1
clef|CD011768,9160,4968,0.2174525428717925,0.21745254287208474,0,2.9223845565695683e-13,1
clef|CD011768,9160,5124,0.20156738075649527,0.20156738075211636,0,4.378913898150927e-12,1
clef|CD011768,9160,5280,0.18628464607231232,0.18628464607610457,0,3.7922442963633785e-12,1
clef|CD011768,9160,5436,0.17160433884863469,0.17160433884404927,0,4.585415380731206e-12,1
clef|CD011768,9160,5592,0.15752645905234397,0.15752645905595042,0,3.6064484731923585e-12,1
clef|CD011768,9160,5744,0.14438900574726254,0.1443890057387551,0,8.507444748673265e-12,1
clef|CD011768,9160,5900,0.13150053398139683,0.13150053398103193,0,3.6490255261867333e-13,1
clef|CD011768,9160,6056,0.11921448967933912,0.11921448966726528,0,1.2073841926252271e-11,1
clef|CD011768,9160,6212,0.10753087280514306,0.1075308727974551,0,7.687961378621821e-12,1
clef|CD011768,9160,6368,0.09644968337087645,0.09644968337160142,0,7.249756350802272e-13,1
clef|CD011768,9160,6520,0.08623208220957168,0.08623208220223472,0,7.336964369386578e-12,1
clef|CD011768,9160,6676,0.07634030080067689,0.07634030080675669,0,6.079803327452282e-12,1
clef|CD011768,9160,6832,0.06705094685502644,0.06705094685523515,0,2.0870805084172162e-13,1
clef|CD011768,9160,6988,0.05836402035089139,0.05836402034767014,0,3.2212496559047565e-12,1
clef|CD011768,9160,7144,0.05027952128482094,0.050279521284061615,0,7.59323159904568e-13,1
clef|CD011768,9160,7148,0.05008014790430304,0.05008014790168054,0,2.6224994398305057e-12,1
clef|CD011768,9160,7152,0.0498811705908504,0.04988117059256967,0,1.7192705592528057e-12,1
clef|CD011768,9160,7296,0.04298177226791233,0.0429817722625235,0,5.388835211395104e-12,1
clef|CD011768,9160,7452,0.036086681231840334,0.03608668122929063,0,2.549703503884615e-12,1
clef|CD011768,9160,7608,0.029794017641902926,0.02979401764001425,0,1.8886767150227968e-12,1
clef|CD011768,9160,7764,0.024103781501777277,0.02410378149469437,0,7.082907177435871e-12,1
clef|CD011768,9160,7920,0.01901597280172085,0.019015972793330997,0,8.38985131368375e-12,1
clef|CD011768,9160,8072,0.01463807591213473,0.014638075919621484,0,7.486754272090224e-12,1
clef|CD011768,9160,8228,0.010739675258128911,0.010739675248633755,0,9.495156397254512e-12,1
clef|CD011768,9160,8384,0.0074437020202459125,0.007443702021602527,0,1.3566144735355223e-12,1
clef|CD011768,9160,8540,0.00475015623578301,0.004750156238527798,0,2.7447887712694907e-12,1
clef|CD011768,9160,8696,0.0026590378915980484,0.002659037899409568,0,7.811519660283484e-12,1
clef|CD011768,9160,8848,0.0012009931751216785,0.0012009931735286604,0,1.5930180351925172e-12,1
clef|CD011768,9160,9004,0.000299282864871353,0.00029928286478608107,0,8.527195876489868e-14,1
clef|CD011768,9160,9160,0.0,,1,,1
clef|CD010038,8867,4,0.9997743936830227,0.9997743936830231,0,4.440892098500626e-16,1
clef|CD010038,8867,156,0.987305905020981,0.9873059050209679,0,1.3100631690576847e-14,1
clef|CD010038,8867,304,0.9705315652272732,0.9705315652272469,0,2.631228568361621e-14,1
clef|CD010038,8867,456,0.9533038648986177,0.9533038648985606,0,5.717648576819556e-14,1
clef|CD010038,8867,604,0.9365295251049237,0.9365295251048397,0,8.404388296412435e-14,1
clef|CD010038,8867,756,0.9193018247761837,0.9193018247761533,0,3.042011087472929e-14,1
clef|CD010038,8867,904,0.9025274849826271,0.9025274849824323,0,1.9484414082171497e-13,1
clef|CD010038,8867,1056,0.8852997846538783,0.8852997846537459,0,1.3233858453531866e-13,1
clef|CD010038,8867,1204,0.8685254448601762,0.8685254448600249,0,1.5132339825640884e-13,1
clef|CD010038,8867,1356,0.8512977445314514,0.8512977445313386,0,1.127986593019159e-13,1
clef|CD010038,8867,1508,0.8340700442032374,0.8340700442026522,0,5.8519855627992e-13,1
clef|CD010038,8867,1656,0.8172957044089019,0.8172957044089313,0,2.942091015256665e-14,1
clef|CD010038,8867,1808,0.8000680040803426,0.8000680040802448,0,9.781064846947629e-14,1
clef|CD010038,8867,1956,0.7832936642870807,0.7832936642865238,0,5.568878691519785e-13,1
clef|CD010038,8867,2108,0.7660659639583022,0.7660659639578375,0,4.64628335805628e-13,1
clef|CD010038,8867,2256,0.7492916241652278,0.7492916241641165,0,1.1112222253473192e-12,1
clef|CD010038,8867,2408,0.7320639238349411,0.7320639238354302,0,4.890532423473815e-13,1
clef|CD010038,8867,2560,0.7148362235061645,0.7148362235067438,0,5.793143742494067e-13,1
clef|CD010038,8867,2708,0.698061883713029,0.6980618837130228,0,6.217248937900877e-15,1
clef|CD010038,8867,2860,0.6808341833851026,0.6808341833843364,0,7.661649092938205e-13,1
clef|CD010038,8867,3008,0.6640598435909183,0.6640598435906155,0,3.027578188152802e-13,1
clef|CD010038,8867,3160,0.646832143260901,0.6468321432619291,0,1.028066520802895e-12,1
clef|CD010038,8867,3308,0.6300578034669401,0.630057803468208,0,1.2679857164243913e-12,1
clef|CD010038,8867,3460,0.6128301031421043,0.6128301031395218,0,2.5824897775805766e-12,1
clef|CD010038,8867,3608,0.5960557633445286,0.5960557633458008,0,1.2722045639179669e-12,1
clef|CD010038,8867,3760,0.578828063017212,0.5788280630171143,0,9.769962616701378e-14,1
clef|CD010038,8867,3912,0.5616003626884466,0.5616003626884281,0,1.8540724511240114e-14,1
clef|CD010038,8867,4060,0.5448260228951032,0.544826022894707,0,3.9612757518625585e-13,1
clef|CD010038,8867,4212,0.5275983225654619,0.5275983225660206,0,5.586642259913788e-13,1
clef|CD010038,8867,4360,0.5108239827703114,0.5108239827722998,0,1.9884094371036554e-12,1
clef|CD010038,8867,4512,0.49359628243875364,0.49359628244361325,0,4.859612712238004e-12,1
clef|CD010038,8867,4660,0.47682194265277067,0.47682194264989225,0,2.878419724794412e-12,1
clef|CD010038,8867,4812,0.4595942423232162,0.4595942423212059,0,2.0103363418400022e-12,1
clef|CD010038,8867,4960,0.4428199025279086,0.442819902527485,0,4.236055950457285e-13,1
clef|CD010038,8867,5112,0.4255922021937326,0.42559220219879856,0,5.065947661364589e-12,1
clef|CD010038,8867,5264,0.408364501873252,0.40836450187011214,0,3.1398772470936365e-12,1
clef|CD010038,8867,5412,0.39159016207229647,0.3915901620763912,0,4.094724559422502e-12,1
clef|CD010038,8867,5564,0.37436246174770094,0.3743624617477048,0,3.885780586188048e-15,1
clef|CD010038,8867,5712,0.35758812195612266,0.3575881219539839,0,2.138789145789133e-12,1
clef|CD010038,8867,5864,0.3403604216258208,0.3403604216252975,0,5.233036226570675e-13,1
clef|CD010038,8867,6012,0.3235860818280645,0.3235860818315765,0,3.512024004947989e-12,1
clef|CD010038,8867,6164,0.3063583814926797,0.30635838150289013,0,1.0210443601721408e-11,1
clef|CD010038,8867,6312,0.28958404170961005,0.28958404170916924,0,4.408140519274184e-13,1
clef|CD010038,8867,6464,0.27235634137500275,0.2723563413804828,0,5.480060849549773e-12,1
clef|CD010038,8867,6616,0.2551286410530613,0.25512864105179645,0,1.2648770919554408e-12,1
clef|CD010038,8867,6764,0.23835430124890966,0.23835430125807547,0,9.165807002275983e-12,1
clef|CD010038,8867,6916,0.2211266009351247,0.2211266009293891,0,5.735606434242868e-12,1
clef|CD010038,8867,7064,0.20435226114710148,0.20435226113566812,0,1.1433354263346018e-11,1
clef|CD010038,8867,7216,0.1871245608019153,0.18712456080698173,0,5.066419506150055e-12,1
clef|CD010038,8867,7364,0.1703502210153004,0.17035022101326078,0,2.0396184741144907e-12,1
clef|CD010038,8867,7516,0.1531225206870921,0.15312252068457438,0,2.5177082640936987e-12,1
clef|CD010038,8867,7668,0.13589482036218814,0.135894820355888,0,6.3001270866891446e-12,1
clef|CD010038,8867,7816,0.11912048056931679,0.11912048056216706,0,7.149725256283546e-12,1
clef|CD010038,8867,7968,0.10189278024099269,0.10189278023348065,0,7.512032662582158e-12,1
clef|CD010038,8867,8116,0.08511844044174077,0.08511844043975972,0,1.9810542095655137e-12,1
clef|CD010038,8867,8268,0.06789074012320673,0.06789074011107334,0,1.2133391513735603e-11,1
clef|CD010038,8867,8416,0.051116400319547006,0.051116400317352366,0,2.194640302821682e-12,1
clef|CD010038,8867,8424,0.05020967923934827,0.050209679247421514,0,8.07324346263627e-12,1
clef|CD010038,8867,8428,0.04975631872473074,0.04975631871245608,0,1.227466045472525e-11,1
clef|CD010038,8867,8568,0.0338886999808623,0.033888699988665984,0,7.803681312257282e-12,1
clef|CD010038,8867,8716,0.017114360186275657,0.01711436019494503,0,8.669374246261796e-12,1
clef|CD010038,8867,8867,0.0,0.0,0,0.0,1
clef|CD012567,6735,3,0.9998514777959298,0.9998514777959305,0,7.771561172376096e-16,1
clef|CD012567,6735,117,0.9868774232031398,0.9868774232031017,0,3.808064974464287e-14,1
clef|CD012567,6735,231,0.9698777214435729,0.9698777214434835,0,8.93729534823251e-14,1
clef|CD012567,6735,345,0.9528780196840104,0.9528780196838652,0,1.4521717162097048e-13,1
clef|CD012567,6735,459,0.9358783179244394,0.9358783179242469,0,1.9251267247000214e-13,1
clef|CD012567,6735,573,0.9188786161648606,0.9188786161646287,0,2.318145675417327e-13,1
clef|CD012567,6735,687,0.9018789144052516,0.9018789144050104,0,2.41140440948584e-13,1
clef|CD012567,6735,801,0.8848792126457453,0.8848792126453922,0,3.531619441332623e-13,1
clef|CD012567,6735,915,0.8678795108860047,0.867879510885774,0,2.3070434451710753e-13,1
clef|CD012567,6735,1029,0.8508798091264355,0.8508798091261557,0,2.7977620220553945e-13,1
clef|CD012567,6735,1143,0.8338801073668956,0.8338801073665374,0,3.581579477440755e-13,1
clef|CD012567,6735,1257,0.8168804056075346,0.8168804056069192,0,6.153966225497243e-13,1
clef|CD012567,6735,1371,0.7998807038478272,0.7998807038473009,0,5.262457136723242e-13,1
clef|CD012567,6735,1485,0.7828810020879955,0.7828810020876826,0,3.128608483393691e-13,1
clef|CD012567,6735,1599,0.765881300328891,0.7658813003280645,0,8.26561041833429e-13,1
clef|CD012567,6735,1716,0.7484342379962652,0.7484342379958246,0,4.405364961712621e-13,1
clef|CD012567,6735,1830,0.7314345362369206,0.7314345362362065,0,7.140954494389007e-13,1
clef|CD012567,6735,1944,0.7144348344772623,0.7144348344765882,0,6.741274205523951e-13,1
clef|CD012567,6735,2058,0.6974351327177701,0.6974351327169699,0,8.002487561498128e-13,1
clef|CD012567,6735,2172,0.6804354309586206,0.6804354309573517,0,1.2688738948440914e-12,1
clef|CD012567,6735,2286,0.6634357291980811,0.6634357291977334,0,3.4772185131259903e-13,1
clef|CD012567,6735,2400,0.6464360274392171,0.6464360274381151,0,1.1020073742429304e-12,1
clef|CD012567,6735,2514,0.6294363256809652,0.6294363256784969,0,2.468247828346648e-12,1
clef|CD012567,6735,2628,0.6124366239197556,0.6124366239188787,0,8.769651671514112e-13,1
clef|CD012567,6735,2742,0.5954369221589166,0.5954369221592604,0,3.4372504842394846e-13,1
clef|CD012567,6735,2856,0.578437220401975,0.5784372203996422,0,2.332800619342379e-12,1
clef|CD012567,6735,2970,0.5614375186423062,0.561437518640024,0,2.2821744494194718e-12,1
clef|CD012567,6735,3084,0.544437816880244,0.5444378168804057,0,1.617594946878853e-13,1
clef|CD012567,6735,3198,0.5274381151200102,0.5274381151207874,0,7.772671395400721e-13,1
clef|CD012567,6735,3312,0.5104384133659525,0.5104384133611691,0,4.783395901597487e-12,1
clef|CD012567,6735,3426,0.4934387116020239,0.4934387116015508,0,4.731215419440105e-13,1
clef|CD012567,6735,3540,0.47643900984083976,0.4764390098419325,0,1.0927370119873103e-12,1
clef|CD012567,6735,3654,0.4594393080830008,0.45943930808231426,0,6.865619184281968e-13,1
clef|CD012567,6735,3768,0.4424396063217363,0.44243960632269597,0,9.596767824859853e-13,1
clef|CD012567,6735,3882,0.42543990456534564,0.4254399045630778,0,2.2678525724018073e-12,1
clef|CD012567,6735,3996,0.40844020280935656,0.40844020280345955,0,5.89700510644775e-12,1
clef|CD012567,6735,4110,0.3914405010500944,0.3914405010438413,0,6.253109141596269e-12,1
clef|CD012567,6735,4224,0.37444079928806573,0.3744407992842231,0,3.8426484216813606e-12,1
clef|CD012567,6735,4338,0.3574410975265585,0.3574410975246048,0,1.9537149675841192e-12,1
clef|CD012567,6735,4452,0.3404413957670247,0.3404413957649865,0,2.0382029397580936e-12,1
clef|CD012567,6735,4566,0.32344169400723866,0.32344169400536826,0,1.8703927295860012e-12,1
clef|CD012567,6735,4680,0.3064419922509207,0.30644199224575003,0,5.170697203737973e-12,1
clef|CD012567,6735,4794,0.2894422904844014,0.2894422904861318,0,1.730393606180769e-12,1
clef|CD012567,6735,4908,0.27244258873066574,0.27244258872651356,0,4.152178600946854e-12,1
clef|CD012567,6735,5022,0.25544288697560535,0.25544288696689527,0,8.710088206242972e-12,1
clef|CD012567,6735,5139,0.23799582463424862,0.23799582463465552,0,4.0689673852511987e-13,1
clef|CD012567,6735,5253,0.22099612287433545,0.22099612287503723,0,7.017719738655614e-13,1
clef|CD012567,6735,5367,0.20399642112048044,0.203996421115419,0,5.0614512581148574e-12,1
clef|CD012567,6735,5481,0.18699671935922513,0.18699671935580076,0,3.424371897153833e-12,1
clef|CD012567,6735,5595,0.16999701760318997,0.16999701759618252,0,7.007450175677832e-12,1
clef|CD012567,6735,5709,0.15299731584343523,0.15299731583656423,0,6.8710037659514e-12,1
clef|CD012567,6735,5823,0.13599761407883892,0.135997614076946,0,1.892930256985892e-12,1
clef|CD012567,6735,5937,0.11899791232447376,0.11899791231732776,0,7.146006009151051e-12,1
clef|CD012567,6735,6051,0.10199821056464187,0.1019982105577095,0,6.9323713436375556e-12,1
clef|CD012567,6735,6165,0.08499850879517434,0.08499850879809126,0,2.9169167081732894e-12,1
clef|CD012567,6735,6279,0.0679988070326174,0.067998807038473,0,5.855593787629232e-12,1
clef|CD012567,6735,6393,0.05099910528338847,0.05099910527885475,0,4.533720621147097e-12,1
clef|CD012567,6735,6399,0.05010438413587848,0.050104384133611686,0,2.2667909216345095e-12,1
clef|CD012567,6735,6402,0.049657023572264425,0.04965702356099015,0,1.1274273181705041e-11,1
clef|CD012567,6735,6507,0.033999403518240934,0.0339994035192365,0,9.955647417569935e-13,1
clef|CD012567,6735,6621,0.016999701755147423,0.01699970175961825,0,4.470826486802082e-12,1
clef|CD012567,6735,6735,0.0,0.0,0,0.0,1
clef|CD012080,6643,3,0.9998494202680317,0.9998494202680319,0,2.220446049250313e-16,1
clef|CD012080,6643,117,0.9999999996551094,0.9999999996551094,0,0.0,1
clef|CD012080,6643,228,0.991627950492407,0.99162795049236,0,4.707345624410664e-14,1
clef|CD012080,6643,342,0.9943074139879559,0.9943074139879492,0,6.661338147750939e-15,1
clef|CD012080,6643,453,0.9998697798793897,0.9998697798793886,0,1.1102230246251565e-15,1
clef|CD012080,6643,567,0.994095472712627,0.9940954727127883,0,1.6131540547803525e-13,1
clef|CD012080,6643,678,0.9853786620501949,0.9853786620499713,0,2.2359891715950653e-13,1
clef|CD012080,6643,792,0.994548100067626,0.9945481000676467,0,2.0761170560490427e-14,1
clef|CD012080,6643,903,0.9211796886279393,0.9211796886274254,0,5.13922238098985e-13,1
clef|CD012080,6643,1017,0.9854564638413462,0.9854564638413079,0,3.83026943495679e-14,1
clef|CD012080,6643,1128,0.9976240003103222,0.9976240003102845,0,3.7636560534792807e-14,1
clef|CD012080,6643,1242,0.8991642893019106,0.8991642893014145,0,4.961586697049825e-13,1
clef|CD012080,6643,1353,0.9425024237127596,0.9425024237129785,0,2.1893598045608087e-13,1
clef|CD012080,6643,1467,0.8451958612850183,0.8451958612869446,0,1.9262369477246466e-12,1
clef|CD012080,6643,1578,0.7583415871728191,0.7583415871745564,0,1.737276988933445e-12,1
clef|CD012080,6643,1692,0.6767254372409799,0.6767254372426819,0,1.701971896750365e-12,1
clef|CD012080,6643,1803,0.6041635891806865,0.6041635891818169,0,1.1304290836733344e-12,1
clef|CD012080,6643,1917,0.5362590918418475,0.5362590918415666,0,2.808864252301646e-13,1
clef|CD012080,6643,2028,0.47614857832513846,0.4761485783287639,0,3.6254332869134487e-12,1
clef|CD012080,6643,2142,0.4201507852019095,0.4201507852007257,0,1.1838308111578044e-12,1
clef|CD012080,6643,2256,0.3695499914289836,0.3695499914316804,0,2.6967872379657365e-12,1
clef|CD012080,6643,2367,0.32508564403332096,0.3250856440366009,0,3.2799318816501e-12,1
clef|CD012080,6643,2481,0.28398267687734013,0.2839826768803899,0,3.049782648645305e-12,1
clef|CD012080,6643,2592,0.24806418849098955,0.24806418848864834,0,2.3412105587539145e-12,1
clef|CD012080,6643,2706,0.215054663227077,0.21505466323057307,0,3.4960645489690023e-12,1
clef|CD012080,6643,2817,0.18638655894364087,0.18638655894303713,0,6.037392807911601e-13,1
clef|CD012080,6643,2931,0.16021187801184156,0.16021187801392991,0,2.088357264895535e-12,1
clef|CD012080,6643,3042,0.13763674284888305,0.13763674285634858,0,7.465528195638171e-12,1
clef|CD012080,6643,3156,0.11717610408863333,0.11717610408991426,0,1.2809336924490822e-12,1
clef|CD012080,6643,3267,0.09966680157858976,0.09966680157927509,0,6.853267953133013e-13,1
clef|CD012080,6643,3381,0.08392920646925606,0.08392920646943172,0,1.756650380713154e-13,1
clef|CD012080,6643,3492,0.07058109717906524,0.07058109718031937,0,1.2541218064043846e-12,1
clef|CD012080,6643,3606,0.05869735913509577,0.05869735913853867,0,3.442898743877265e-12,1
clef|CD012080,6643,3699,0.05023870221520177,0.050238702218010946,0,2.809176502527322e-12,1
clef|CD012080,6643,3702,0.04998307835529969,0.04998307835696729,0,1.6675966163504086e-12,1
clef|CD012080,6643,3717,0.048720519264786266,0.04872051926949312,0,4.706852962943486e-12,1
clef|CD012080,6643,3831,0.03993527188206736,0.03993527188214168,0,7.432249260475032e-14,1
clef|CD012080,6643,3942,0.032646711817495344,0.032646711822016325,0,4.520980811939523e-12,1
clef|CD012080,6643,4056,0.026310417105105177,0.026310417107696226,0,2.591048903211046e-12,1
clef|CD012080,6643,4167,0.021126300000675724,0.02112630000201608,0,1.3403549103951917e-12,1
clef|CD012080,6643,4281,0.016687256664597694,0.016687256668905814,0,4.308119833096313e-12,1
clef|CD012080,6643,4392,0.013115116985487396,0.01311511698622565,0,7.382532085653537e-13,1
clef|CD012080,6643,4506,0.01011146868838575,0.010111468689420925,0,1.035175417607448e-12,1
clef|CD012080,6643,4620,0.007685220925383929,0.007685220930920828,0,5.536899064240153e-12,1
clef|CD012080,6643,4731,0.0057941743872845786,0.005794174386538071,0,7.465078902257893e-13,1
clef|CD012080,6643,4845,0.004259477307134385,0.004259477312965488,0,5.831102961595391e-12,1
clef|CD012080,6643,4956,0.0030961648924116014,0.0030961648948987456,0,2.4871441711704634e-12,1
clef|CD012080,6643,5070,0.002181249604011337,0.0021812496083738757,0,4.362538542218575e-12,1
clef|CD012080,6643,5181,0.0015121280843179985,0.001512128090188466,0,5.8704675235526915e-12,1
clef|CD012080,6643,5295,0.0010070462647532308,0.0010070462621572314,0,2.595999370330615e-12,1
clef|CD012080,6643,5406,0.0006548754075440533,0.0006548754128357641,0,5.291710862900811e-12,1
clef|CD012080,6643,5520,0.0004035075460278037,0.00040350754141063567,0,4.6171680302860285e-12,1
clef|CD012080,6643,5631,0.00023956869120500546,0.00023956869171118755,0,5.061820916845566e-13,1
clef|CD012080,6643,5745,0.00013163235297430909,0.00013163235901201927,0,6.037710180992542e-12,1
clef|CD012080,6643,5856,6.794695626277658e-05,6.794696782630935e-05,0,1.156353276478804e-11,1
clef|CD012080,6643,5970,3.100508756503917e-05,3.1005097321163713e-05,0,9.756124544574394e-12,1
clef|CD012080,6643,6081,1.2553326986686208e-05,1.2553318032728863e-05,0,8.95395734519641e-12,1
clef|CD012080,6643,6195,4.022419205607086e-06,4.022431878706279e-06,0,1.2673099193189407e-11,1
clef|CD012080,6643,6306,9.616827577607623e-07,9.61678721076213e-07,0,4.036684549187328e-12,1
clef|CD012080,6643,6420,1.201597134015131e-07,1.2015510514364968e-07,0,4.608257863417863e-12,1
clef|CD012080,6643,6531,3.6617600063237887e-09,3.6695200163059016e-09,0,7.760009982112866e-12,1
clef|CD012080,6643,6643,0.0,,1,,1
clef|CD011787,4369,2,1.0,1.0,0,0.0,1
clef|CD011787,4369,76,0.9939703290603399,0.9939703290603339,0,5.995204332975845e-15,1
clef|CD011787,4369,150,0.979001984438623,0.979001984438726,0,1.0302869668521453e-13,1
clef|CD011787,4369,224,0.9913700510077011,0.9913700510076932,0,7.993605777301127e-15,1
clef|CD011787,4369,298,0.9859019749018327,0.9859019749016714,0,1.6131540547803525e-13,1
clef|CD011787,4369,372,0.9503812351615492,0.9503812351614611,0,8.804068585277491e-14,1
clef|CD011787,4369,446,0.9155121713204267,0.9155121713207861,0,3.5937919307116317e-13,1
clef|CD011787,4369,520,0.8812947833796698,0.8812947833796464,0,2.3425705819590803e-14,1
clef|CD011787,4369,594,0.8477290713382306,0.847729071338042,0,1.886268918838141e-13,1
clef|CD011787,4369,668,0.8148150351961473,0.8148150351959729,0,1.744160371686121e-13,1
clef|CD011787,4369,742,0.7825526749531686,0.7825526749534389,0,2.703393064962256e-13,1
clef|CD011787,4369,816,0.7509419906097042,0.7509419906104404,0,7.361888876289413e-13,1
clef|CD011787,4369,890,0.7199829821673303,0.719982982166977,0,3.532729664357248e-13,1
clef|CD011787,4369,964,0.6896756496244625,0.6896756496230491,0,1.4134249326502868e-12,1
clef|CD011787,4369,1038,0.6600199929804845,0.6600199929786563,0,1.8282042546502453e-12,1
clef|CD011787,4369,1112,0.6310160122342159,0.6310160122337989,0,4.169997680492088e-13,1
clef|CD011787,4369,1186,0.6026637073881909,0.6026637073884766,0,2.857714065385153e-13,1
clef|CD011787,4369,1260,0.5749630784450763,0.5749630784426898,0,2.3865354137342365e-12,1
clef|CD011787,4369,1334,0.5479141253977451,0.5479141253964381,0,1.3069545445887343e-12,1
clef|CD011787,4369,1408,0.5215168482509277,0.5215168482497219,0,1.2058132270453825e-12,1
clef|CD011787,4369,1482,0.4957712470042691,0.4957712470025407,0,1.7283952047364437e-12,1
clef|CD011787,4369,1556,0.47067732165591536,0.47067732165489506,0,1.0202949596305189e-12,1
clef|CD011787,4369,1630,0.4462350722087063,0.4462350722067845,0,1.921796055626146e-12,1
clef|CD011787,4369,1704,0.4224444986597514,0.4224444986582093,0,1.5420997812043424e-12,1
clef|CD011787,4369,1778,0.39930560101124035,0.39930560100916945,0,2.0708990078333045e-12,1
clef|CD011787,4369,1852,0.37681837926175177,0.37681837925966477,0,2.0869972416903693e-12,1
clef|CD011787,4369,1926,0.35498283341146,0.3549828334096954,0,1.7645884753392238e-12,1
clef|CD011787,4369,2000,0.3337989634598202,0.33379896345926136,0,5.588307594450725e-13,1
clef|CD011787,4369,2074,0.3132667694114062,0.31326676940836257,0,3.0436209108586354e-12,1
clef|CD011787,4369,2148,0.29338625125575,0.2933862512569991,0,1.2490564138545324e-12,1
clef|CD011787,4369,2224,0.2736467550113979,0.27364675500865776,0,2.740141447077349e-12,1
clef|CD011787,4369,2298,0.25508720152025655,0.2550872015185144,0,1.7421619702417956e-12,1
clef|CD011787,4369,2372,0.23717932393220642,0.23717932392790628,0,4.300143574553772e-12,1
clef|CD011787,4369,2446,0.21992312224211186,0.21992312223683347,0,5.278388837126613e-12,1
clef|CD011787,4369,2520,0.20331859644707473,0.20331859644529598,0,1.7787438189031946e-12,1
clef|CD011787,4369,2594,0.18736574655658278,0.18736574655329377,0,3.2890079548764106e-12,1
clef|CD011787,4369,2668,0.17206457256046725,0.17206457256082686,0,3.596012376760882e-13,1
clef|CD011787,4369,2742,0.1574150744728665,0.1574150744678952,0,4.971301148515295e-12,1
clef|CD011787,4369,2816,0.14341725227838098,0.14341725227449886,0,3.882116850206785e-12,1
clef|CD011787,4369,2890,0.13007110598402782,0.13007110598063776,0,3.3900660056929155e-12,1
clef|CD011787,4369,2964,0.11737663558800981,0.11737663558631196,0,1.697850193771444e-12,1
clef|CD011787,4369,3038,0.1053338410949336,0.10533384109152143,0,3.412173321670764e-12,1
clef|CD011787,4369,3112,0.09394272250099833,0.09394272249626619,0,4.732145231223228e-12,1
clef|CD011787,4369,3186,0.08320327980603337,0.08320327980054626,0,5.4871107657561424e-12,1
clef|CD011787,4369,3260,0.07311551301147179,0.07311551300436157,0,7.110215194394698e-12,1
clef|CD011787,4369,3334,0.06367942211437527,0.06367942210771219,0,6.663086749014724e-12,1
clef|CD011787,4369,3408,0.05489500711213369,0.05489500711059808,0,1.5356049765102853e-12,1
clef|CD011787,4369,3450,0.05019915624346116,0.050199156248698376,0,5.2372134407008275e-12,1
clef|CD011787,4369,3452,0.049980780557179694,0.04998078055920838,0,2.028689716215837e-12,1
clef|CD011787,4369,3482,0.04676226801532546,0.04676226801301925,0,2.3062107779026064e-12,1
clef|CD011787,4369,3556,0.039281204811361325,0.03928120481497569,0,3.6143657511367167e-12,1
clef|CD011787,4369,3630,0.0324518175117714,0.032451817516467425,0,4.696028288453391e-12,1
clef|CD011787,4369,3704,0.026274106120346086,0.026274106117494454,0,2.8516321248783782e-12,1
clef|CD011787,4369,3778,0.020748070618138215,0.02074807061805676,0,8.145567553796695e-14,1
clef|CD011787,4369,3852,0.015873711026812676,0.015873711018154334,0,8.658341404954584e-12,1
clef|CD011787,4369,3926,0.011651027323296148,0.011651027317787206,0,5.5089422607013105e-12,1
clef|CD011787,4369,4000,0.008080019520836923,0.008080019516955354,0,3.881568677588376e-12,1
clef|CD011787,4369,4074,0.005160687620367366,0.005160687615658788,0,4.708578145440345e-12,1
clef|CD011787,4369,4148,0.0028930316198761963,0.0028930316138975004,0,5.978695837016712e-12,1
clef|CD011787,4369,4222,0.0012770515168374352,0.0012770515116714962,0,5.165939074083803e-12,1
clef|CD011787,4369,4296,0.0003127473116284474,0.00031274730898077455,0,2.6476728253420345e-12,1
clef|CD011787,4369,4369,0.0,,1,,1
clef|CD006468,3874,1,1.0,1.0,0,0.0,1
clef|CD006468,3874,67,0.9883177570093683,0.9883177570093458,0,2.2537527399890678e-14,1
clef|CD006468,3874,132,0.9714434060229026,0.9714434060228453,0,5.728750807065808e-14,1
clef|CD006468,3874,198,0.9543094496366433,0.9543094496365524,0,9.092726571680032e-14,1
clef|CD006468,3874,264,0.9371754932503764,0.9371754932502596,0,1.1679546219056647e-13,1
clef|CD006468,3874,329,0.9203011422639097,0.920301142263759,0,1.5065726444163374e-13,1
clef|CD006468,3874,395,0.9031671858776393,0.9031671858774662,0,1.730837695390619e-13,1
clef|CD006468,3874,461,0.8860332294913867,0.8860332294911735,0,2.1327384303049257e-13,1
clef|CD006468,3874,526,0.8691588785049249,0.8691588785046729,0,2.5202062658991053e-13,1
clef|CD006468,3874,592,0.8520249221187006,0.8520249221183801,0,3.205213872092827e-13,1
clef|CD006468,3874,657,0.8351505711321868,0.8351505711318796,0,3.071987109137808e-13,1
clef|CD006468,3874,723,0.8180166147460237,0.8180166147455867,0,4.369837824924616e-13,1
clef|CD006468,3874,789,0.8008826583596682,0.8008826583592938,0,3.743672039036028e-13,1
clef|CD006468,3874,854,0.7840083073731001,0.7840083073727934,0,3.0675462170393075e-13,1
clef|CD006468,3874,920,0.7668743509872944,0.7668743509865006,0,7.938094626069869e-13,1
clef|CD006468,3874,986,0.749740394600641,0.7497403946002077,0,4.333200465111986e-13,1
clef|CD006468,3874,1051,0.7328660436140202,0.7328660436137072,0,3.1297187064183163e-13,1
clef|CD006468,3874,1117,0.7157320872282287,0.7157320872274144,0,8.142375662600898e-13,1
clef|CD006468,3874,1183,0.6985981308414609,0.6985981308411215,0,3.3939517862791035e-13,1
clef|CD006468,3874,1248,0.6817237798553724,0.681723779854621,0,7.513989430663059e-13,1
clef|CD006468,3874,1314,0.6645898234692773,0.6645898234683282,0,9.491296637520463e-13,1
clef|CD006468,3874,1380,0.6474558670828717,0.6474558670820354,0,8.363310044501304e-13,1
clef|CD006468,3874,1445,0.6305815160963297,0.6305815160955348,0,7.949196856316121e-13,1
clef|CD006468,3874,1511,0.6134475597100066,0.6134475597092419,0,7.647216193618078e-13,1
clef|CD006468,3874,1576,0.5965732087237592,0.5965732087227416,0,1.0176304243714185e-12,1
clef|CD006468,3874,1642,0.5794392523377361,0.5794392523364487,0,1.2874146193553315e-12,1
clef|CD006468,3874,1708,0.5623052959508393,0.5623052959501558,0,6.835643162617089e-13,1
clef|CD006468,3874,1773,0.5454309449649264,0.5454309449636553,0,1.2710943408933417e-12,1
clef|CD006468,3874,1839,0.5282969885786555,0.5282969885773625,0,1.2929657344784573e-12,1
clef|CD006468,3874,1905,0.511163032190507,0.5111630321910696,0,5.626610288800293e-13,1
clef|CD006468,3874,1970,0.49428868120555336,0.494288681204569,0,9.84379244783895e-13,1
clef|CD006468,3874,2036,0.4771547248192035,0.4771547248182762,0,9.27313781318162e-13,1
clef|CD006468,3874,2102,0.46002076843373985,0.46002076843198336,0,1.7564838472594602e-12,1
clef|CD006468,3874,2167,0.44314641744630656,0.4431464174454828,0,8.237854842718662e-13,1
clef|CD006468,3874,2233,0.4260124610589583,0.42601246105918994,0,2.316480340880389e-13,1
clef|CD006468,3874,2299,0.40887850467609277,0.40887850467289716,0,3.1956104429298193e-12,1
clef|CD006468,3874,2364,0.39200415368814123,0.39200415368639663,0,1.744604460895971e-12,1
clef|CD006468,3874,2430,0.37487019730166493,0.3748701973001038,0,1.5611401060766639e-12,1
clef|CD006468,3874,2495,0.3579958463143913,0.35799584631360326,0,7.880363028789361e-13,1
clef|CD006468,3874,2561,0.3408618899284279,0.3408618899273105,0,1.11743947428522e-12,1
clef|CD006468,3874,2627,0.3237279335404082,0.3237279335410176,0,6.094014182167484e-13,1
clef|CD006468,3874,2692,0.3068535825568659,0.30685358255451706,0,2.3488433420482124e-12,1
clef|CD006468,3874,2758,0.28971962616833946,0.2897196261682243,0,1.1518563880486e-13,1
clef|CD006468,3874,2824,0.27258566978387866,0.27258566978193144,0,1.947220162890062e-12,1
clef|CD006468,3874,2889,0.25571131879763853,0.2557113187954309,0,2.2076229733158925e-12,1
clef|CD006468,3874,2955,0.23857736240967142,0.2385773624091381,0,5.333233854543096e-13,1
clef|CD006468,3874,3021,0.2214434060262257,0.22144340602284526,0,3.3804348209542923e-12,1
clef|CD006468,3874,3086,0.20456905503794043,0.20456905503634476,0,1.5956680421425062e-12,1
clef|CD006468,3874,3152,0.18743509864949293,0.1874350986500519,0,5.589695373231507e-13,1
clef|CD006468,3874,3218,0.17030114226662962,0.17030114226375906,0,2.870564896895189e-12,1
clef|CD006468,3874,3283,0.15342679127952175,0.15342679127725853,0,2.2632173912739972e-12,1
clef|CD006468,3874,3349,0.13629283489710176,0.13629283489096572,0,6.1360361236495464e-12,1
clef|CD006468,3874,3414,0.11941848389854326,0.11941848390446522,0,5.921957368926201e-12,1
clef|CD006468,3874,3480,0.10228452751944006,0.10228452751817238,0,1.2676804050926194e-12,1
clef|CD006468,3874,3546,0.08515057113331681,0.08515057113187953,0,1.4372808498919198e-12,1
clef|CD006468,3874,3611,0.06827622014717483,0.06827622014537903,0,1.7957996201189985e-12,1
clef|CD006468,3874,3677,0.05114226375600317,0.05114226375908619,0,3.0830199504450206e-12,1
clef|CD006468,3874,3681,0.05010384216790709,0.05010384215991692,0,7.990164085924789e-12,1
clef|CD006468,3874,3682,0.049844236758230576,0.0498442367601246,0,1.8940266022227092e-12,1
clef|CD006468,3874,3743,0.03400830737295568,0.03400830737279335,0,1.623284839880057e-13,1
clef|CD006468,3874,3808,0.017133956386826577,0.017133956386292833,0,5.33743188535496e-13,1
clef|CD006468,3874,3874,0.0,0.0,0,0.0,1
clef|CD012069,3479,1,1.0,1.0,0,0.0,1
clef|CD012069,3479,60,0.9991228070175476,0.9991228070175439,0,3.774758283725532e-15,1
clef|CD012069,3479,119,0.9940652976227075,0.9940652976226689,0,3.852473895449293e-14,1
clef|CD012069,3479,178,0.9981829194427637,0.9981829194427619,0,1.7763568394002505e-15,1
clef|CD012069,3479,237,0.9999840603884131,0.9999840603884133,0,1.1102230246251565e-16,1
clef|CD012069,3479,296,0.9974874371859328,0.9974874371859297,0,3.1086244689504383e-15,1
clef|CD012069,3479,355,0.9942492130518361,0.9942492130518235,0,1.2656542480726785e-14,1
clef|CD012069,3479,414,0.9970645792563718,0.99706457925636,0,1.176836406102666e-14,1
clef|CD012069,3479,473,0.9834932611389308,0.9834932611390079,0,7.716050021144838e-14,1
clef|CD012069,3479,532,0.9504234894151825,0.9504234894152317,0,4.9182879990894435e-14,1
clef|CD012069,3479,590,0.9961937716262889,0.9961937716262976,0,8.770761894538737e-15,1
clef|CD012069,3479,649,0.961876373040397,0.9618763730405874,0,1.9040324872321435e-13,1
clef|CD012069,3479,708,0.8937834160120299,0.8937834160119369,0,9.303668946358812e-14,1
clef|CD012069,3479,767,0.9609452923686577,0.9609452923685048,0,1.5287771049088406e-13,1
clef|CD012069,3479,826,0.9219074475294694,0.9219074475294178,0,5.162537064506978e-14,1
clef|CD012069,3479,885,0.9771089380942184,0.9771089380941836,0,3.47499806707674e-14,1
clef|CD012069,3479,944,0.914114247038347,0.9141142470381581,0,1.8884893648873913e-13,1
clef|CD012069,3479,1003,0.8129642563257813,0.8129642563250391,0,7.421840919619171e-13,1
clef|CD012069,3479,1062,0.919157270686832,0.9191572706868901,0,5.81756864903582e-14,1
clef|CD012069,3479,1121,0.9206778246688128,0.9206778246687509,0,6.183942247162122e-14,1
clef|CD012069,3479,1180,0.6617209670723994,0.6617209670729642,0,5.648814749292796e-13,1
clef|CD012069,3479,1239,0.784949205419434,0.784949205419665,0,2.3092638912203256e-13,1
clef|CD012069,3479,1298,0.7144066723407887,0.7144066723404301,0,3.5860203695392556e-13,1
clef|CD012069,3479,1357,0.8383130584711043,0.8383130584713036,0,1.992850329202156e-13,1
clef|CD012069,3479,1416,0.7594631803900347,0.7594631803893944,0,6.402656183013278e-13,1
clef|CD012069,3479,1475,0.8529013237961002,0.85290132379631,0,2.0983215165415459e-13,1
clef|CD012069,3479,1534,0.8190622128152015,0.8190622128158049,0,6.034062138837726e-13,1
clef|CD012069,3479,1593,0.8655342848843868,0.865534284884635,0,2.48245868306185e-13,1
clef|CD012069,3479,1652,0.5718219129778517,0.5718219129776954,0,1.5631940186722204e-13,1
clef|CD012069,3479,1711,0.3726554183842873,0.3726554183842561,0,3.11972669919669e-14,1
clef|CD012069,3479,1769,0.5672861951952941,0.5672861951958303,0,5.362377208939506e-13,1
clef|CD012069,3479,1828,0.4205740131824973,0.42057401318332455,0,8.272271756482041e-13,1
clef|CD012069,3479,1887,0.7409687851657281,0.7409687851657154,0,1.2656542480726785e-14,1
clef|CD012069,3479,1946,0.7325359716506885,0.7325359716505309,0,1.5765166949677223e-13,1
clef|CD012069,3479,2005,0.43889315425009456,0.4388931542502815,0,1.8696155734687636e-13,1
clef|CD012069,3479,2064,0.5907235220502745,0.5907235220507944,0,5.199174424319608e-13,1
clef|CD012069,3479,2123,0.39143505371825726,0.3914350537172352,0,1.0220713164699191e-12,1
clef|CD012069,3479,2182,0.2189575104951319,0.21895751049332635,0,1.805555704947892e-12,1
clef|CD012069,3479,2241,0.3541986443302383,0.3541986443287845,0,1.4537815395954112e-12,1
clef|CD012069,3479,2300,0.22059693580862882,0.22059693580629475,0,2.334077375820698e-12,1
clef|CD012069,3479,2359,0.12988134596286272,0.12988134596101458,0,1.848132757942267e-12,1
clef|CD012069,3479,2418,0.07245008216266746,0.07245008216039686,0,2.2706003743877545e-12,1
clef|CD012069,3479,2452,0.050498015956942144,0.050498015954562686,0,2.379457741952251e-12,1
clef|CD012069,3479,2453,0.04995094790749033,0.049950947905257025,0,2.233303819654253e-12,1
clef|CD012069,3479,2477,0.03827591481981829,0.03827591481776045,0,2.057840009506151e-12,1
clef|CD012069,3479,2536,0.019108284614153814,0.01910828461193526,0,2.2185552006614984e-12,1
clef|CD012069,3479,2595,0.008497791378628383,0.0084977913784927,0,1.3568313139700194e-13,1
clef|CD012069,3479,2654,0.003440015728038981,0.0034400157285234025,0,4.844215306665234e-13,1
clef|CD012069,3479,2713,0.0013014782116264056,0.0013014782106868183,0,9.39587383591567e-13,1
clef|CD012069,3479,2772,0.00045517922653526277,0.00045517922558364557,0,9.516172030064884e-13,1
clef|CD012069,3479,2831,0.00014514032831591805,0.0001451403285052242,0,1.8930614454487626e-13,1
clef|CD012069,3479,2890,4.144799788630138e-05,4.144799795137442e-05,0,6.507304189853208e-14,1
clef|CD012069,3479,2948,1.0613440370454974e-05,1.0613440205059806e-05,0,1.653951684676058e-13,1
clef|CD012069,3479,3007,2.2530129299980217e-06,2.2530121804689797e-06,0,7.495290420257933e-13,1
clef|CD012069,3479,3066,3.8763042131684244e-07,3.876299687412064e-07,0,4.525756360190979e-13,1
clef|CD012069,3479,3125,5.0596750122977596e-08,5.0597892238202334e-08,0,1.1421152247373936e-12,1
clef|CD012069,3479,3184,4.519974616812306e-09,4.519884393428059e-09,0,9.022338424682621e-14,1
clef|CD012069,3479,3243,2.3202784138476318e-10,2.3208294801963986e-10,0,5.510663487668457e-14,1
clef|CD012069,3479,3302,2.9469759965650155e-12,4.915027233217694e-12,0,1.9680512366526785e-12,1
clef|CD012069,3479,3361,0.0,1.998063113293234e-14,0,1.998063113293234e-14,1
clef|CD012069,3479,3420,0.0,1.1624720830433177e-18,0,1.1624720830433177e-18,1
clef|CD012069,3479,3479,0.0,,1,,1
clef|CD012661,3367,1,0.9997029997030007,0.9997029997029997,0,9.992007221626409e-16,1
clef|CD012661,3367,58,0.9972842499627474,0.9972842499627314,0,1.609823385706477e-14,1
clef|CD012661,3367,115,0.9975426210517939,0.9975426210517983,0,4.3298697960381105e-15,1
clef|CD012661,3367,172,0.985109611259606,0.985109611259661,0,5.495603971894525e-14,1
clef|CD012661,3367,229,0.9904883361162794,0.9904883361162881,0,8.659739592076221e-15,1
clef|CD012661,3367,286,0.9983776768332184,0.9983776768332252,0,6.772360450213455e-15,1
clef|CD012661,3367,343,0.9502508652405599,0.9502508652408048,0,2.4491519923230953e-13,1
clef|CD012661,3367,400,0.9718187861249183,0.9718187861249241,0,5.773159728050814e-15,1
clef|CD012661,3367,457,0.9451416082662611,0.9451416082665803,0,3.191891195797325e-13,1
clef|CD012661,3367,514,0.974103611390607,0.9741036113906998,0,9.281464485866309e-14,1
clef|CD012661,3367,572,0.8789693558219477,0.878969355822213,0,2.653433028854124e-13,1
clef|CD012661,3367,629,0.9216701273428636,0.9216701273424375,0,4.261035968511351e-13,1
clef|CD012661,3367,686,0.9116872447482657,0.9116872447481906,0,7.505107646466058e-14,1
clef|CD012661,3367,743,0.8187394825656982,0.8187394825653087,0,3.894662370385049e-13,1
clef|CD012661,3367,800,0.7335321113411599,0.7335321113416613,0,5.013767179207207e-13,1
clef|CD012661,3367,857,0.6555712943964302,0.6555712943969471,0,5.168088179630104e-13,1
clef|CD012661,3367,914,0.584384661027855,0.5843846610274555,0,3.9956926656259384e-13,1
clef|CD012661,3367,971,0.5195208294841414,0.5195208294843634,0,2.220446049250313e-13,1
clef|CD012661,3367,1028,0.46054892995340546,0.4605489299520359,0,1.3695711231775931e-12,1
clef|CD012661,3367,1085,0.40705812752684845,0.40705812752632065,0,5.278000259067994e-13,1
clef|CD012661,3367,1142,0.3586571451941135,0.3586571451928491,0,1.2644330027455908e-12,1
clef|CD012661,3367,1199,0.6402310171265173,0.6402310171270534,0,5.361266985914881e-13,1
clef|CD012661,3367,1256,0.5891279839817058,0.589127983980944,0,7.618350394977824e-13,1
clef|CD012661,3367,1313,0.5388343975071817,0.5388343975065835,0,5.981881656680343e-13,1
clef|CD012661,3367,1370,0.4898681135519618,0.4898681135499995,0,1.962319196024964e-12,1
clef|CD012661,3367,1427,0.44265616678588215,0.44265616678528563,0,5.965228311310966e-13,1
clef|CD012661,3367,1484,0.397542528704398,0.3975425287043785,0,1.9484414082171497e-14,1
clef|CD012661,3367,1541,0.35479556637501697,0.35479556637458853,0,4.284350652028479e-13,1
clef|CD012661,3367,1598,0.3146152019645422,0.31461520196388104,0,6.611378111642807e-13,1
clef|CD012661,3367,1655,0.2771397730358369,0.2771397730339076,0,1.929345572193597e-12,1
clef|CD012661,3367,1713,0.24186920792396194,0.24186920792314653,0,8.154033004359462e-13,1
clef|CD012661,3367,1770,0.20352130398127555,0.20352130397891796,0,2.3575863483671355e-12,1
clef|CD012661,3367,1827,0.16966335569605473,0.16966335569339908,0,2.6556534749033744e-12,1
clef|CD012661,3367,1884,0.1404693574151339,0.14046935741363534,0,1.4985512830634207e-12,1
clef|CD012661,3367,1941,0.11543996031336157,0.1154399603108996,0,2.461961190469708e-12,1
clef|CD012661,3367,1998,0.09411280203803396,0.0941128020380722,0,3.823330541052883e-14,1
clef|CD012661,3367,2055,0.0760610832148958,0.07606108321211809,0,2.7777086186731026e-12,1
clef|CD012661,3367,2112,0.060892143897796625,0.06089214389656365,0,1.2329720577852754e-12,1
clef|CD012661,3367,2160,0.05008884671000691,0.05008884670804601,0,1.9608967227746632e-12,1
clef|CD012661,3367,2161,0.049881353558175245,0.04988135355681136,0,1.363888169070293e-12,1
clef|CD012661,3367,2169,0.04824604008478528,0.04824604008397378,0,8.114967031680465e-13,1
clef|CD012661,3367,2226,0.03779412018041961,0.037794120178428835,0,1.9907755999248877e-12,1
clef|CD012661,3367,2283,0.02923760148094723,0.029237601478001425,0,2.945803323495255e-12,1
clef|CD012661,3367,2340,0.022306146659665238,0.022306146657233582,0,2.4316555713443933e-12,1
clef|CD012661,3367,2397,0.01675644024961176,0.01675644024961356,0,1.8006429680639258e-15,1
clef|CD012661,3367,2454,0.012370765131782924,0.012370765130052835,0,1.730088294848997e-12,1
clef|CD012661,3367,2511,0.00895557899864119,0.008955578997363066,0,1.2781234404179997e-12,1
clef|CD012661,3367,2568,0.00634009086204157,0.0063400908567330435,0,5.308526188074758e-12,1
clef|CD012661,3367,2625,0.004374837502318041,0.004374837502205634,0,1.1240661179634515e-13,1
clef|CD012661,3367,2682,0.002930260003045193,0.0029302599991547383,0,3.890454798594067e-12,1
clef|CD012661,3367,2739,0.0018952801694026578,0.0018952801667622404,0,2.64041739861387e-12,1
clef|CD012661,3367,2796,0.001175877063172015,0.0011758770604949648,0,2.677050204777376e-12,1
clef|CD012661,3367,2854,0.0006869157578434093,0.0006869157556070956,0,2.23631367330529e-12,1
clef|CD012661,3367,2911,0.0003802559562682273,0.0003802559533246815,0,2.943545797731706e-12,1
clef|CD012661,3367,2968,0.00019442228850052867,0.00019442228778523965,0,7.152890205055357e-13,1
clef|CD012661,3367,3025,8.957423434785561e-05,8.957423209180662e-05,0,2.256048985322702e-12,1
clef|CD012661,3367,3082,3.5785934025200916e-05,3.578593402548682e-05,0,2.859041128844275e-16,1
clef|CD012661,3367,3139,1.1622702629998649e-05,1.1622698522404933e-05,0,4.1075937156433194e-12,1
clef|CD012661,3367,3196,2.717470793722754e-06,2.7174701506584476e-06,0,6.430643062150978e-13,1
clef|CD012661,3367,3253,3.473177532242744e-07,3.4731558727010345e-07,0,2.1659541709339085e-12,1
clef|CD012661,3367,3310,9.908016851412071e-09,9.906095140387424e-09,0,1.9217110246471296e-12,1
clef|CD012661,3367,3367,0.0,,1,,1
clef|CD009044,3169,1,0.9996844430419705,0.9996844430419691,0,1.3322676295501878e-15,1
clef|CD009044,3169,55,0.9967989756722144,0.9967989756722151,0,6.661338147750939e-16,1
clef|CD009044,3169,108,0.9798335467349515,0.9798335467349552,0,3.6637359812630166e-15,1
clef|CD009044,3169,162,0.9625480153649084,0.9625480153649167,0,8.326672684688674e-15,1
clef|CD009044,3169,216,0.9452624839948746,0.9452624839948783,0,3.774758283725532e-15,1
clef|CD009044,3169,269,0.9282970550576002,0.9282970550576184,0,1.8207657603852567e-14,1
clef|CD009044,3169,323,0.9110115236875678,0.91101152368758,0,1.2212453270876722e-14,1
clef|CD009044,3169,377,0.8937259923175193,0.8937259923175416,0,2.2315482794965646e-14,1
clef|CD009044,3169,431,0.8764404609474669,0.8764404609475032,0,3.630429290524262e-14,1
clef|CD009044,3169,484,0.859475032010201,0.8594750320102432,0,4.218847493575595e-14,1
clef|CD009044,3169,538,0.8421895006402006,0.8421895006402049,0,4.3298697960381105e-15,1
clef|CD009044,3169,592,0.8249039692700418,0.8249039692701664,0,1.2456702336294256e-13,1
clef|CD009044,3169,645,0.8079385403329139,0.8079385403329065,0,7.438494264988549e-15,1
clef|CD009044,3169,699,0.7906530089627781,0.7906530089628682,0,9.00390872971002e-14,1
clef|CD009044,3169,753,0.7733674775926133,0.7733674775928298,0,2.1649348980190553e-13,1
clef|CD009044,3169,806,0.7564020486556189,0.7564020486555698,0,4.907185768843192e-14,1
clef|CD009044,3169,860,0.7391165172855233,0.7391165172855314,0,8.104628079763643e-15,1
clef|CD009044,3169,914,0.7218309859155043,0.721830985915493,0,1.1324274851176597e-14,1
clef|CD009044,3169,968,0.7045454545454564,0.7045454545454546,0,1.7763568394002505e-15,1
clef|CD009044,3169,1021,0.6875800256082019,0.6875800256081945,0,7.327471962526033e-15,1
clef|CD009044,3169,1075,0.6702944942382723,0.6702944942381561,0,1.1612932837579137e-13,1
clef|CD009044,3169,1129,0.6530089628682432,0.6530089628681177,0,1.254552017826427e-13,1
clef|CD009044,3169,1182,0.6360435339312132,0.6360435339308579,0,3.552713678800501e-13,1
clef|CD009044,3169,1236,0.6187580025601942,0.6187580025608195,0,6.252776074688882e-13,1
clef|CD009044,3169,1290,0.6014724711911119,0.6014724711907811,0,3.3084646133829665e-13,1
clef|CD009044,3169,1343,0.5845070422538465,0.5845070422535211,0,3.254063685176334e-13,1
clef|CD009044,3169,1397,0.5672215108835934,0.5672215108834827,0,1.1068923555512811e-13,1
clef|CD009044,3169,1451,0.5499359795130127,0.5499359795134443,0,4.3165471197426086e-13,1
clef|CD009044,3169,1504,0.5329705505756603,0.5329705505761844,0,5.240252676230739e-13,1
clef|CD009044,3169,1558,0.5156850192054614,0.515685019206146,0,6.845635169838715e-13,1
clef|CD009044,3169,1612,0.4983994878368321,0.49839948783610755,0,7.245315458703772e-13,1
clef|CD009044,3169,1666,0.48111395646503974,0.48111395646606914,0,1.0293987884324451e-12,1
clef|CD009044,3169,1719,0.4641485275285999,0.4641485275288093,0,2.0938806244430452e-13,1
clef|CD009044,3169,1773,0.44686299615837033,0.44686299615877084,0,4.005129561335252e-13,1
clef|CD009044,3169,1827,0.42957746478834524,0.4295774647887324,0,3.871347686867921e-13,1
clef|CD009044,3169,1880,0.41261203585006434,0.41261203585147255,0,1.4082068844345486e-12,1
clef|CD009044,3169,1934,0.39532650448122075,0.39532650448143414,0,2.1338486533295509e-13,1
clef|CD009044,3169,1988,0.3780409731112996,0.3780409731113957,0,9.60898027813073e-14,1
clef|CD009044,3169,2041,0.36107554417543986,0.3610755441741357,0,1.3041789870271714e-12,1
clef|CD009044,3169,2095,0.34379001280455646,0.3437900128040973,0,4.591327318337335e-13,1
clef|CD009044,3169,2149,0.32650448143502553,0.3265044814340589,0,9.666156763898925e-13,1
clef|CD009044,3169,2202,0.30953905249471314,0.309539052496799,0,2.085887018665744e-12,1
clef|CD009044,3169,2256,0.2922535211249372,0.29225352112676056,0,1.823374784493126e-12,1
clef|CD009044,3169,2310,0.274967989757294,0.2749679897567222,0,5.717648576819556e-13,1
clef|CD009044,3169,2364,0.25768245838327153,0.25768245838668374,0,3.4122149550341874e-12,1
clef|CD009044,3169,2417,0.24071702944775186,0.2407170294494238,0,1.6719403639342545e-12,1
clef|CD009044,3169,2471,0.22343149808007112,0.22343149807938542,0,6.857014955841123e-13,1
clef|CD009044,3169,2525,0.2061459667073663,0.206145966709347,0,1.980721142658126e-12,1
clef|CD009044,3169,2578,0.1891805377702429,0.18918053777208707,0,1.844163710629232e-12,1
clef|CD009044,3169,2632,0.17189500640558208,0.17189500640204866,0,3.533423553747639e-12,1
clef|CD009044,3169,2686,0.15460947503272948,0.15460947503201025,0,7.19230230927792e-13,1
clef|CD009044,3169,2739,0.13764404609204095,0.13764404609475034,0,2.709388269295232e-12,1
clef|CD009044,3169,2793,0.12035851472612957,0.1203585147247119,0,1.417671535719478e-12,1
clef|CD009044,3169,2847,0.10307298335512582,0.1030729833546735,0,4.523187380200966e-13,1
clef|CD009044,3169,2901,0.08578745198378124,0.08578745198463508,0,8.538447726635923e-13,1
clef|CD009044,3169,2954,0.06882202304954965,0.06882202304737517,0,2.1744828160308316e-12,1
clef|CD009044,3169,3008,0.051536491677873775,0.05153649167733675,0,5.370218159050921e-13,1
clef|CD009044,3169,3012,0.05025608194618958,0.050256081946222796,0,3.32164851180039e-14,1
clef|CD009044,3169,3013,0.04993597951208939,0.0499359795134443,0,1.3549092403586371e-12,1
clef|CD009044,3169,3062,0.03425096030778263,0.034250960307298337,0,4.842931611293011e-13,1
clef|CD009044,3169,3115,0.01728553137479749,0.017285531370038413,0,4.759078547911244e-12,1
clef|CD009044,3169,3169,0.0,0.0,0,0.0,1
clef|CD010558,2815,1,1.0,1.0,0,0.0,1
clef|CD010558,2815,49,0.9875044626918782,0.9875044626918957,0,1.7541523789077473e-14,1
clef|CD010558,2815,96,0.9970663733039994,0.9970663733039971,0,2.3314683517128287e-15,1
clef|CD010558,2815,144,0.9794646131279963,0.9794646131279795,0,1.6764367671839864e-14,1
clef|CD010558,2815,192,0.9618628529519936,0.9618628529519618,0,3.175237850427948e-14,1
clef|CD010558,2815,239,0.9446277961129869,0.9446277961129447,0,4.218847493575595e-14,1
clef|CD010558,2815,287,0.9270260359369776,0.927026035936927,0,5.062616992290714e-14,1
clef|CD010558,2815,335,0.9094242757609768,0.9094242757609095,0,6.7390537594747e-14,1
clef|CD010558,2815,383,0.8918225155849976,0.8918225155848918,0,1.0580425424677742e-13,1
clef|CD010558,2815,430,0.8745874587459852,0.8745874587458746,0,1.1057821325266559e-13,1
clef|CD010558,2815,478,0.8569856985700193,0.856985698569857,0,1.6231460620019789e-13,1
clef|CD010558,2815,526,0.8393839383940377,0.8393839383938394,0,1.9828583219805296e-13,1
clef|CD010558,2815,573,0.8221488815549353,0.8221488815548221,0,1.1313172620930345e-13,1
clef|CD010558,2815,621,0.8045471213788863,0.8045471213788046,0,8.171241461241152e-14,1
clef|CD010558,2815,669,0.786945361202817,0.7869453612027869,0,3.008704396734174e-14,1
clef|CD010558,2815,716,0.7697103043637893,0.7697103043637697,0,1.9539925233402755e-14,1
clef|CD010558,2815,764,0.7521085441881088,0.7521085441877522,0,3.566036355096003e-13,1
clef|CD010558,2815,812,0.7345067840119264,0.7345067840117345,0,1.9184653865522705e-13,1
clef|CD010558,2815,860,0.7169050238359997,0.7169050238357169,0,2.828848266744899e-13,1
clef|CD010558,2815,907,0.6996699669970952,0.6996699669966997,0,3.9546144137148076e-13,1
clef|CD010558,2815,955,0.682068206820665,0.682068206820682,0,1.6986412276764895e-14,1
clef|CD010558,2815,1003,0.6644664466449421,0.6644664466446644,0,2.7777780076121417e-13,1
clef|CD010558,2815,1050,0.647231389806032,0.6472313898056472,0,3.8480330033507926e-13,1
clef|CD010558,2815,1098,0.6296296296299885,0.6296296296296297,0,3.588240815588506e-13,1
clef|CD010558,2815,1146,0.6120278694538509,0.6120278694536121,0,2.3880897259687117e-13,1
clef|CD010558,2815,1193,0.5947928126150301,0.5947928126145948,0,4.353184479555239e-13,1
clef|CD010558,2815,1241,0.5771910524386352,0.5771910524385773,0,5.795364188543317e-14,1
clef|CD010558,2815,1289,0.5595892922629087,0.5595892922625596,0,3.490541189421492e-13,1
clef|CD010558,2815,1336,0.542354235424235,0.5423542354235423,0,6.926681450636352e-13,1
clef|CD010558,2815,1384,0.5247524752479069,0.5247524752475248,0,3.821387650759789e-13,1
clef|CD010558,2815,1432,0.5071507150713195,0.5071507150715072,0,1.8773871346411397e-13,1
clef|CD010558,2815,1480,0.4895489548955263,0.4895489548954896,0,3.6692870963861424e-14,1
clef|CD010558,2815,1527,0.4723138980571371,0.4723138980564723,0,6.648015471455437e-13,1
clef|CD010558,2815,1575,0.45471213788096876,0.45471213788045467,0,5.140887715526787e-13,1
clef|CD010558,2815,1623,0.43711037770475736,0.4371103777044371,0,3.202438314531264e-13,1
clef|CD010558,2815,1670,0.4198753208660416,0.41987532086541984,0,6.217804049413189e-13,1
clef|CD010558,2815,1718,0.40227356068988485,0.4022735606894023,0,4.825584376533243e-13,1
clef|CD010558,2815,1766,0.3846718005142048,0.3846718005133847,0,8.201217482906031e-13,1
clef|CD010558,2815,1813,0.3674367436750662,0.3674367436743674,0,6.987743716990735e-13,1
clef|CD010558,2815,1861,0.3498349834972859,0.3498349834983498,0,1.0638712133470563e-12,1
clef|CD010558,2815,1909,0.3322332233224917,0.33223322332233224,0,1.5948353748740374e-13,1
clef|CD010558,2815,1956,0.31499816648411627,0.314998166483315,0,8.012479568719755e-13,1
clef|CD010558,2815,2004,0.2973964063072272,0.2973964063072974,0,7.022160630754115e-14,1
clef|CD010558,2815,2052,0.27979464613186467,0.2797946461312798,0,5.848654893725325e-13,1
clef|CD010558,2815,2100,0.2621928859581154,0.26219288595526213,0,2.8532731732866523e-12,1
clef|CD010558,2815,2147,0.24495782911648079,0.24495782911624495,0,2.358391260059989e-13,1
clef|CD010558,2815,2195,0.22735606893859928,0.22735606894022733,0,1.6280587988859452e-12,1
clef|CD010558,2815,2243,0.2097543087648145,0.20975430876420975,0,6.047384815133228e-13,1
clef|CD010558,2815,2290,0.19251925192787367,0.1925192519251925,0,2.6811608488941374e-12,1
clef|CD010558,2815,2338,0.17491749174883564,0.1749174917491749,0,3.392564007498322e-13,1
clef|CD010558,2815,2386,0.157315731572772,0.1573157315731573,0,3.853029006961606e-13,1
clef|CD010558,2815,2433,0.14008067473699304,0.14008067473414007,0,2.8529678619548804e-12,1
clef|CD010558,2815,2481,0.12247891455784865,0.12247891455812247,0,2.7382263123598705e-13,1
clef|CD010558,2815,2529,0.10487715438445577,0.10487715438210488,0,2.350897254643769e-12,1
clef|CD010558,2815,2577,0.08727539420722863,0.08727539420608728,0,1.1413509026780844e-12,1
clef|CD010558,2815,2624,0.0700403373672529,0.07004033736707004,0,1.828676099435711e-13,1
clef|CD010558,2815,2672,0.05243857719505529,0.05243857719105244,0,4.002853604134771e-12,1
clef|CD010558,2815,2678,0.05023835717089131,0.050238357169050236,0,1.841075902841993e-12,1
clef|CD010558,2815,2679,0.04987165383308567,0.04987165383204987,0,1.0358033875057515e-12,1
clef|CD010558,2815,2720,0.03483681701683339,0.034836817015034834,0,1.7985543609988497e-12,1
clef|CD010558,2815,2767,0.017601760173835634,0.0176017601760176,0,2.1819664131061955e-12,1
clef|CD010558,2815,2815,0.0,0.0,0,0.0,1
clef|CD010753,2539,1,1.0,1.0,0,0.0,1
clef|CD010753,2539,44,0.9987990392313794,0.9987990392313851,0,5.773159728050814e-15,1
clef|CD010753,2539,87,0.9995923359152054,0.9995923359152059,0,5.551115123125783e-16,1
clef|CD010753,2539,130,0.9820627802690349,0.9820627802690582,0,2.3314683517128287e-14,1
clef|CD010753,2539,173,0.9662158825345115,0.966215882534351,0,1.6053824936079764e-13,1
clef|CD010753,2539,216,0.9730027220235303,0.973002722023497,0,3.3306690738754696e-14,1
clef|CD010753,2539,259,0.9373068743271115,0.937306874326935,0,1.7641443861293737e-13,1
clef|CD010753,2539,302,0.9022780937538756,0.9022780937537769,0,9.869882688917642e-14,1
clef|CD010753,2539,345,0.8679163803042398,0.8679163803040224,0,2.1738166822160565e-13,1
clef|CD010753,2539,388,0.8342217339775178,0.8342217339776719,0,1.5409895581797173e-13,1
clef|CD010753,2539,431,0.8011941547752925,0.801194154774725,0,5.6754601018838e-13,1
clef|CD010753,2539,474,0.7688336426950657,0.7688336426951821,0,1.163513729807164e-13,1
clef|CD010753,2539,517,0.737140197738827,0.7371401977390428,0,2.1582735598713043e-13,1
clef|CD010753,2539,560,0.7061138199060037,0.7061138199063075,0,3.0375701953744283e-13,1
clef|CD010753,2539,603,0.675754509196687,0.675754509196976,0,2.8899105330992825e-13,1
clef|CD010753,2539,646,0.6460622656102195,0.6460622656110482,0,8.286704655802168e-13,1
clef|CD010753,2539,689,0.6170370891487439,0.6170370891485244,0,2.1949109196839345e-13,1
clef|CD010753,2539,732,0.5886789798103734,0.5886789798094042,0,9.692247004977617e-13,1
clef|CD010753,2539,775,0.5609879375936229,0.5609879375936878,0,6.494804694057166e-14,1
clef|CD010753,2539,818,0.533963962501385,0.5339639625013755,0,9.547918011776346e-15,1
clef|CD010753,2539,861,0.5076070545327513,0.5076070545324668,0,2.845501612114276e-13,1
clef|CD010753,2539,904,0.4819172136880129,0.48191721368696194,0,1.0509371151101732e-12,1
clef|CD010753,2539,947,0.4568944399653788,0.4568944399648608,0,5.18030063290098e-13,1
clef|CD010753,2539,990,0.4325387333647417,0.43253873336616366,0,1.4219736499399005e-12,1
clef|CD010753,2539,1033,0.40885009389118476,0.4088500938908701,0,3.1463720517876936e-13,1
clef|CD010753,2539,1076,0.38582852153935765,0.3858285215389805,0,3.771427614651657e-13,1
clef|CD010753,2539,1119,0.3634740163119775,0.3634740163104947,0,1.482813871689359e-12,1
clef|CD010753,2539,1162,0.34178657820508074,0.3417865782054127,0,3.319566843629218e-13,1
clef|CD010753,2539,1205,0.3207662072233578,0.3207662072237345,0,3.766986722553156e-13,1
clef|CD010753,2539,1248,0.30041290336552984,0.30041290336546006,0,6.977751709769109e-14,1
clef|CD010753,2539,1292,0.2802767841509439,0.28027678415201485,0,1.070921129553426e-12,1
clef|CD010753,2539,1335,0.26127312773073097,0.2612731277294644,0,1.2665424264923786e-12,1
clef|CD010753,2539,1378,0.2429365384305524,0.24293653843031784,0,2.3456236952767995e-13,1
clef|CD010753,2539,1421,0.22526701625361778,0.22526701625457504,0,9.572620474074256e-13,1
clef|CD010753,2539,1464,0.20826456120403358,0.2082645612022361,0,1.797478832443744e-12,1
clef|CD010753,2539,1507,0.19192917327334347,0.19192917327330092,0,4.2549297418759124e-14,1
clef|CD010753,2539,1550,0.1762608524682472,0.17626085246776954,0,4.77645700769358e-13,1
clef|CD010753,2539,1593,0.16125959878450669,0.161259598785642,0,1.135314064981685e-12,1
clef|CD010753,2539,1636,0.14692541222660171,0.1469254122269183,0,3.165800954718634e-13,1
clef|CD010753,2539,1679,0.1332582927922923,0.13325829279159832,0,6.939726571175697e-13,1
clef|CD010753,2539,1722,0.12025824048090461,0.12025824047968227,0,1.2223416723244895e-12,1
clef|CD010753,2539,1765,0.10792525528968167,0.10792525529116996,0,1.4882955978734458e-12,1
clef|CD010753,2539,1808,0.09625933722741653,0.09625933722606143,0,1.3550965904940426e-12,1
clef|CD010753,2539,1851,0.08526048628440963,0.08526048628435676,0,5.287437154777308e-14,1
clef|CD010753,2539,1894,0.07492870246582217,0.07492870246605589,0,2.3371582447140327e-13,1
clef|CD010753,2539,1937,0.06526398577094439,0.06526398577115883,0,2.1443957720634899e-13,1
clef|CD010753,2539,1980,0.05626633619817556,0.05626633619966557,0,1.4900095046677109e-12,1
clef|CD010753,2539,2012,0.05000333713912508,0.050003337139476196,0,3.5111497043160966e-13,1
clef|CD010753,2539,2013,0.04981357115339757,0.04981357115412714,0,7.295691828446138e-13,1
clef|CD010753,2539,2023,0.04793575375289982,0.04793575375157612,0,1.3237050344727663e-12,1
clef|CD010753,2539,2066,0.04027223842805483,0.04027223842689048,0,1.164346397075633e-12,1
clef|CD010753,2539,2109,0.03327579022621774,0.03327579022560867,0,6.090683513093609e-13,1
clef|CD010753,2539,2152,0.02694640914659474,0.026946409147730662,0,1.135921218198277e-12,1
clef|CD010753,2539,2195,0.021284095193862318,0.021284095193256455,0,6.058625823257557e-13,1
clef|CD010753,2539,2238,0.016288848363106068,0.016288848362186064,0,9.200036565903957e-13,1
clef|CD010753,2539,2281,0.011960668656038065,0.01196066865451948,0,1.5185856044874768e-12,1
clef|CD010753,2539,2324,0.008299556072451586,0.008299556070256708,0,2.194877959937891e-12,1
clef|CD010753,2539,2367,0.005305510609537989,0.005305510609397747,0,1.40241984691869e-13,1
clef|CD010753,2539,2410,0.0029785322736487485,0.002978532271942594,0,1.706154315050945e-12,1
clef|CD010753,2539,2453,0.00131862105760705,0.0013186210578912526,0,2.8420256599492877e-13,1
clef|CD010753,2539,2496,0.0003257769660003351,0.0003257769672437212,0,1.2433860907025418e-12,1
clef|CD010753,2539,2539,0.0,,1,,1
clef|CD008874,2382,1,1.0,1.0,0,0.0,1
clef|CD008874,2382,41,1.0,1.0,0,0.0,1
clef|CD008874,2382,82,0.9999999803643037,0.9999999803643037,0,0.0,1
clef|CD008874,2382,122,0.9842177542312776,0.9842177542313041,0,2.653433028854124e-14,1
clef|CD008874,2382,162,0.9865833733699718,0.9865833733700133,0,4.1522341120980855e-14,1
clef|CD008874,2382,203,0.9977064220183576,0.9977064220183486,0,8.992806499463768e-15,1
clef|CD008874,2382,243,0.9944016901875695,0.9944016901875706,0,1.1102230246251565e-15,1
clef|CD008874,2382,283,0.9971428571428542,0.9971428571428571,0,2.886579864025407e-15,1
clef|CD008874,2382,324,0.9826635491117548,0.9826635491118043,0,4.951594689828198e-14,1
clef|CD008874,2382,364,0.9881745535537894,0.9881745535537851,0,4.218847493575595e-15,1
clef|CD008874,2382,405,0.8999424371046242,0.8999424371045299,0,9.425793479067579e-14,1
clef|CD008874,2382,445,0.7959472137128651,0.7959472137135541,0,6.890044090823721e-13,1
clef|CD008874,2382,485,0.7021654832323048,0.7021654832335471,0,1.2423395645555502e-12,1
clef|CD008874,2382,526,0.903106677974592,0.9031066779751115,0,5.194733532221107e-13,1
clef|CD008874,2382,566,0.8569319363929084,0.8569319363935717,0,6.632472349110685e-13,1
clef|CD008874,2382,606,0.767417171491917,0.7674171714915737,0,3.432809592140984e-13,1
clef|CD008874,2382,647,0.6669353813126175,0.6669353813125678,0,4.973799150320701e-14,1
clef|CD008874,2382,687,0.5797173542751344,0.5797173542746323,0,5.020428517354958e-13,1
clef|CD008874,2382,727,0.5022188176829366,0.502218817681932,0,1.0046408149833042e-12,1
clef|CD008874,2382,768,0.43194252204753036,0.43194252204625716,0,1.2732037646401295e-12,1
clef|CD008874,2382,808,0.37147563805261274,0.3714756380523408,0,2.719491298819321e-13,1
clef|CD008874,2382,848,0.31823354055005804,0.31823354054803643,0,2.0216051055399475e-12,1
clef|CD008874,2382,889,0.27041808666712774,0.27041808666553974,0,1.5880075032725927e-12,1
clef|CD008874,2382,929,0.22969426750220479,0.22969426750118724,0,1.0175471576445716e-12,1
clef|CD008874,2382,970,0.19339005299692924,0.19339005299635884,0,5.704048344767898e-13,1
clef|CD008874,2382,1010,0.16271056657760896,0.16271056657635014,0,1.2588263764712337e-12,1
clef|CD008874,2382,1050,0.1361988573532068,0.13619885735235146,0,8.553435737468362e-13,1
clef|CD008874,2382,1091,0.11286253803283142,0.11286253803123941,0,1.5920043061612432e-12,1
clef|CD008874,2382,1131,0.09340592081700094,0.09340592081501446,0,1.986480424598369e-12,1
clef|CD008874,2382,1171,0.07682859488252336,0.07682859488144271,0,1.080649458806704e-12,1
clef|CD008874,2382,1212,0.062457430225768995,0.062457430223458,0,2.3109916758023985e-12,1
clef|CD008874,2382,1252,0.05066894689826851,0.05066894689619502,0,2.073487215259462e-12,1
clef|CD008874,2382,1254,0.050132061077616585,0.05013206107497116,0,2.645425545289015e-12,1
clef|CD008874,2382,1255,0.049865401177198176,0.04986540117563621,0,1.5619658344512288e-12,1
clef|CD008874,2382,1292,0.0407960339513882,0.04079603394951066,0,1.8775397903070257e-12,1
clef|CD008874,2382,1333,0.032394963140282895,0.03239496313826677,0,2.016123379355861e-12,1
clef|CD008874,2382,1373,0.025640381822422453,0.025640381819857425,0,2.565028051071394e-12,1
clef|CD008874,2382,1413,0.020102619204660388,0.020102619203076263,0,1.5841251921333566e-12,1
clef|CD008874,2382,1454,0.015498856813887407,0.015498856810731413,0,3.155994562908937e-12,1
clef|CD008874,2382,1494,0.011889733239128897,0.011889733237256422,0,1.8724743977571734e-12,1
clef|CD008874,2382,1535,0.00894619085724857,0.008946190854645469,0,2.603101761922133e-12,1
clef|CD008874,2382,1575,0.006686455879704178,0.006686455877672852,0,2.0313264958993216e-12,1
clef|CD008874,2382,1615,0.004923840777730115,0.0049238407759421175,0,1.7879977012857928e-12,1
clef|CD008874,2382,1656,0.003537280640887319,0.0035372806387716092,0,2.1157099509838684e-12,1
clef|CD008874,2382,1696,0.002514597871825508,0.0025145978686288463,0,3.1966616853562613e-12,1
clef|CD008874,2382,1736,0.001751167525949282,0.001751167523786028,0,2.1632539509708337e-12,1
clef|CD008874,2382,1777,0.0011797158213252557,0.001179715819046689,0,2.278566658270309e-12,1
clef|CD008874,2382,1817,0.000781211658621217,0.0007812116558355157,0,2.7857012486684485e-12,1
clef|CD008874,2382,1857,0.0005018216724199664,0.0005018216720270131,0,3.9295335648587004e-13,1
clef|CD008874,2382,1898,0.00030733139281258204,0.0003073313910959891,0,1.7165929593575269e-12,1
clef|CD008874,2382,1938,0.0001826460645315553,0.00018264606322878352,0,1.3027717739224481e-12,1
clef|CD008874,2382,1978,0.00010330831926652628,0.00010330831733717326,0,1.929353026083533e-12,1
clef|CD008874,2382,2019,5.413123740949377e-05,5.413123522494391e-05,0,2.184549863595321e-12,1
clef|CD008874,2382,2059,2.6728637286366208e-05,2.6728634465761767e-05,0,2.8206044406587152e-12,1
clef|CD008874,2382,2100,1.1756764139780884e-05,1.1756763764747582e-05,0,3.750333021429941e-13,1
clef|CD008874,2382,2140,4.6538527591621914e-06,4.6538503960057044e-06,0,2.3631564870032237e-12,1
clef|CD008874,2382,2180,1.5545624887369769e-06,1.5545599660476758e-06,0,2.5226893010558504e-12,1
clef|CD008874,2382,2221,3.909060222184735e-07,3.9090379316829775e-07,0,2.229050175729567e-12,1
clef|CD008874,2382,2261,6.82478361602179e-08,6.824722543202219e-08,0,6.107281957096068e-13,1
clef|CD008874,2382,2301,5.764525523588304e-09,5.762972951747816e-09,0,1.5525718404883733e-12,1
clef|CD008874,2382,2342,6.599654156502766e-11,6.815944227549837e-11,0,2.1629007104707167e-12,1
clef|CD008874,2382,2382,0.0,,1,,1
heldout|Bos_2018,2241,1,0.9995537706381065,0.999553770638108,0,1.5543122344752192e-15,1
heldout|Bos_2018,2241,39,0.9905533063427602,0.99055330634278,0,1.9872992140790302e-14,1
heldout|Bos_2018,2241,77,0.9894833104709522,0.9894833104709648,0,1.2656542480726785e-14,1
heldout|Bos_2018,2241,115,0.9721079103794819,0.9721079103795153,0,3.341771304121721e-14,1
heldout|Bos_2018,2241,153,0.9547325102880102,0.9547325102880658,0,5.562217353372034e-14,1
heldout|Bos_2018,2241,191,0.937357110196535,0.9373571101966164,0,8.137934770502397e-14,1
heldout|Bos_2018,2241,229,0.9199817101050826,0.9199817101051669,0,8.43769498715119e-14,1
heldout|Bos_2018,2241,267,0.9026063100136117,0.9026063100137174,0,1.056932319443149e-13,1
heldout|Bos_2018,2241,305,0.885230909922126,0.8852309099222679,0,1.41886502547095e-13,1
heldout|Bos_2018,2241,343,0.8678555098306429,0.8678555098308185,0,1.7563728249569976e-13,1
heldout|Bos_2018,2241,381,0.8504801097392147,0.850480109739369,0,1.5432100042289676e-13,1
heldout|Bos_2018,2241,419,0.8331047096477631,0.8331047096479196,0,1.5654144647214707e-13,1
heldout|Bos_2018,2241,457,0.8157293095561982,0.81572930955647,0,2.7189361873070084e-13,1
heldout|Bos_2018,2241,495,0.7983539094648082,0.7983539094650205,0,2.1227464230832993e-13,1
heldout|Bos_2018,2241,533,0.7809785093731839,0.780978509373571,0,3.871347686867921e-13,1
heldout|Bos_2018,2241,570,0.764060356652625,0.7640603566529492,0,3.2429614549300823e-13,1
heldout|Bos_2018,2241,608,0.7466849565610945,0.7466849565614998,0,4.0534242629064465e-13,1
heldout|Bos_2018,2241,646,0.7293095564696511,0.7293095564700502,0,3.991251773527438e-13,1
heldout|Bos_2018,2241,684,0.7119341563785566,0.7119341563786008,0,4.418687638008123e-14,1
heldout|Bos_2018,2241,722,0.6945587562864937,0.6945587562871514,0,6.576961197879427e-13,1
heldout|Bos_2018,2241,760,0.6771833561954426,0.6771833561957019,0,2.5934809855243657e-13,1
heldout|Bos_2018,2241,798,0.6598079561038532,0.6598079561042525,0,3.992361996552063e-13,1
heldout|Bos_2018,2241,836,0.6424325560124473,0.6424325560128029,0,3.5560443478743764e-13,1
heldout|Bos_2018,2241,874,0.6250571559208942,0.6250571559213535,0,4.592992652874273e-13,1
heldout|Bos_2018,2241,912,0.6076817558295905,0.6076817558299039,0,3.134159598516817e-13,1
heldout|Bos_2018,2241,950,0.5903063557380778,0.5903063557384545,0,3.766986722553156e-13,1
heldout|Bos_2018,2241,988,0.5729309556463302,0.572930955647005,0,6.747935543671701e-13,1
heldout|Bos_2018,2241,1026,0.5555555555548444,0.5555555555555556,0,7.112088695748753e-13,1
heldout|Bos_2018,2241,1064,0.5381801554636241,0.5381801554641061,0,4.82058837292243e-13,1
heldout|Bos_2018,2241,1102,0.5208047553718708,0.5208047553726567,0,7.859268791321483e-13,1
heldout|Bos_2018,2241,1140,0.5034293552805124,0.5034293552812072,0,6.948885911128855e-13,1
heldout|Bos_2018,2241,1178,0.4860539551887514,0.48605395518975764,0,1.0062506383690106e-12,1
heldout|Bos_2018,2241,1216,0.46867855509843037,0.46867855509830814,0,1.2223555501122974e-13,1
heldout|Bos_2018,2241,1254,0.4513031550057366,0.4513031550068587,0,1.1221024109886457e-12,1
heldout|Bos_2018,2241,1292,0.4339277549156195,0.4339277549154092,0,2.103317520152359e-13,1
heldout|Bos_2018,2241,1330,0.4165523548228811,0.41655235482395975,0,1.0786371795745708e-12,1
heldout|Bos_2018,2241,1368,0.3991769547313272,0.3991769547325103,0,1.183109166191798e-12,1
heldout|Bos_2018,2241,1406,0.3818015546405997,0.38180155464106075,0,4.610201109755963e-13,1
heldout|Bos_2018,2241,1444,0.36442615454849725,0.3644261545496113,0,1.1140532940601133e-12,1
heldout|Bos_2018,2241,1482,0.3470507544558228,0.34705075445816186,0,2.339073379431511e-12,1
heldout|Bos_2018,2241,1520,0.32967535436629425,0.32967535436671236,0,4.1810999107383395e-13,1
heldout|Bos_2018,2241,1558,0.31229995427514456,0.3122999542752629,0,1.1834977442504169e-13,1
heldout|Bos_2018,2241,1596,0.2949245541829709,0.2949245541838134,0,8.424927422368e-13,1
heldout|Bos_2018,2241,1634,0.27754915409202074,0.27754915409236397,0,3.4322544806286714e-13,1
heldout|Bos_2018,2241,1672,0.2601737539997303,0.26017375400091447,0,1.184163878065192e-12,1
heldout|Bos_2018,2241,1709,0.24325560127985868,0.24325560128029264,0,4.3395842475035806e-13,1
heldout|Bos_2018,2241,1747,0.22588020118998198,0.22588020118884314,0,1.13883902308487e-12,1
heldout|Bos_2018,2241,1785,0.20850480109468217,0.20850480109739367,0,2.71149769304202e-12,1
heldout|Bos_2018,2241,1823,0.19112940100406606,0.1911294010059442,0,1.8781365351827617e-12,1
heldout|Bos_2018,2241,1861,0.17375400091522875,0.17375400091449472,0,7.340239527309222e-13,1
heldout|Bos_2018,2241,1899,0.15637860082412913,0.15637860082304528,0,1.083855227790309e-12,1
heldout|Bos_2018,2241,1937,0.13900320072787187,0.13900320073159578,0,3.7239100691977e-12,1
heldout|Bos_2018,2241,1975,0.12162780063970169,0.12162780064014632,0,4.446304435745674e-13,1
heldout|Bos_2018,2241,2013,0.10425240054974072,0.10425240054869683,0,1.0438871989038034e-12,1
heldout|Bos_2018,2241,2051,0.08687700045707902,0.08687700045724736,0,1.6833756610878936e-13,1
heldout|Bos_2018,2241,2089,0.06950160036357544,0.06950160036579789,0,2.2224444506946384e-12,1
heldout|Bos_2018,2241,2127,0.052126200271538026,0.052126200274348417,0,2.8103908089605056e-12,1
heldout|Bos_2018,2241,2131,0.050297210789641,0.050297210791037945,0,1.3969450596285071e-12,1
heldout|Bos_2018,2241,2132,0.049839963419226696,0.04983996342021033,0,9.83636783136177e-13,1
heldout|Bos_2018,2241,2165,0.03475080017993948,0.034750800182898944,0,2.9594660055920485e-12,1
heldout|Bos_2018,2241,2203,0.017375400088977533,0.017375400091449472,0,2.4719393199035267e-12,1
heldout|Bos_2018,2241,2241,0.0,0.0,0,0.0,1
heldout|Chakraborty_2023,2233,1,0.9995521719659649,0.999552171965965,0,1.1102230246251565e-16,1
heldout|Chakraborty_2023,2233,39,0.9972727272727372,0.9972727272727273,0,9.880984919163893e-15,1
heldout|Chakraborty_2023,2233,77,0.9995363931386197,0.9995363931386184,0,1.3322676295501878e-15,1
heldout|Chakraborty_2023,2233,114,0.98238293926755,0.9823829392675012,0,4.884981308350689e-14,1
heldout|Chakraborty_2023,2233,152,0.964765878535102,0.9647658785350023,0,9.969802761133906e-14,1
heldout|Chakraborty_2023,2233,190,0.9471488178026531,0.9471488178025035,0,1.496580637194711e-13,1
heldout|Chakraborty_2023,2233,228,0.9295317570702079,0.9295317570700047,0,2.0317081350640365e-13,1
heldout|Chakraborty_2023,2233,266,0.9119146963377561,0.9119146963375058,0,2.503552920529728e-13,1
heldout|Chakraborty_2023,2233,304,0.8942976356053002,0.894297635605007,0,2.9320990080350384e-13,1
heldout|Chakraborty_2023,2233,341,0.8771441817342529,0.8771441817338896,0,3.632649736573512e-13,1
heldout|Chakraborty_2023,2233,379,0.8595271210017843,0.8595271210013908,0,3.934630399271555e-13,1
heldout|Chakraborty_2023,2233,417,0.8419100602693482,0.841910060268892,0,4.561906408184768e-13,1
heldout|Chakraborty_2023,2233,455,0.8242929995368653,0.8242929995363931,0,4.721778523730791e-13,1
heldout|Chakraborty_2023,2233,493,0.8066759388044307,0.8066759388038943,0,5.363487431964131e-13,1
heldout|Chakraborty_2023,2233,531,0.7890588780718949,0.7890588780713955,0,4.993783164763954e-13,1
heldout|Chakraborty_2023,2233,568,0.7719054242008884,0.7719054242002782,0,6.10178574333986e-13,1
heldout|Chakraborty_2023,2233,606,0.7542883634684076,0.7542883634677794,0,6.281641873329136e-13,1
heldout|Chakraborty_2023,2233,644,0.7366713027360516,0.7366713027352805,0,7.711609129046337e-13,1
heldout|Chakraborty_2023,2233,682,0.7190542420034564,0.7190542420027817,0,6.746825320647076e-13,1
heldout|Chakraborty_2023,2233,720,0.701437181271193,0.7014371812702829,0,9.101608355877033e-13,1
heldout|Chakraborty_2023,2233,758,0.6838201205387139,0.6838201205377841,0,9.298117831235686e-13,1
heldout|Chakraborty_2023,2233,795,0.6666666666676702,0.6666666666666667,0,1.0034195696562165e-12,1
heldout|Chakraborty_2023,2233,833,0.6490496059349662,0.6490496059341678,0,7.983613770079501e-13,1
heldout|Chakraborty_2023,2233,871,0.6314325452029061,0.631432545201669,0,1.237121516339812e-12,1
heldout|Chakraborty_2023,2233,909,0.6138154844703361,0.6138154844691702,0,1.1658451981588769e-12,1
heldout|Chakraborty_2023,2233,947,0.596198423737746,0.5961984237366713,0,1.0746958878371515e-12,1
heldout|Chakraborty_2023,2233,985,0.5785813630057133,0.5785813630041725,0,1.5407675135747922e-12,1
heldout|Chakraborty_2023,2233,1022,0.5614279091339818,0.5614279091330552,0,9.265921363521556e-13,1
heldout|Chakraborty_2023,2233,1060,0.5438108484019055,0.5438108484005564,0,1.3491430195244902e-12,1
heldout|Chakraborty_2023,2233,1098,0.5261937876695761,0.5261937876680576,0,1.5185630530822891e-12,1
heldout|Chakraborty_2023,2233,1136,0.5085767269369539,0.5085767269355588,0,1.3951062527439717e-12,1
heldout|Chakraborty_2023,2233,1174,0.49095966620458564,0.4909596662030598,0,1.5258350138935839e-12,1
heldout|Chakraborty_2023,2233,1212,0.47334260547201257,0.47334260547056095,0,1.4516166046973922e-12,1
heldout|Chakraborty_2023,2233,1249,0.45618915160127826,0.4561891515994437,0,1.83458803704184e-12,1
heldout|Chakraborty_2023,2233,1287,0.4385720908676445,0.43857209086694476,0,6.997180612700049e-13,1
heldout|Chakraborty_2023,2233,1325,0.4209550301352353,0.4209550301344459,0,7.893685705084863e-13,1
heldout|Chakraborty_2023,2233,1363,0.40333796940353395,0.4033379694019471,0,1.5868417690967362e-12,1
heldout|Chakraborty_2023,2233,1401,0.38572090867186515,0.38572090866944825,0,2.4169000134577345e-12,1
heldout|Chakraborty_2023,2233,1439,0.36810384793979223,0.3681038479369494,0,2.842837076855176e-12,1
heldout|Chakraborty_2023,2233,1476,0.35095039406690665,0.35095039406583217,0,1.0744738432322265e-12,1
heldout|Chakraborty_2023,2233,1514,0.3333333333343158,0.3333333333333333,0,9.824918656420323e-13,1
heldout|Chakraborty_2023,2233,1552,0.31571627260247215,0.31571627260083446,0,1.6376899836245684e-12,1
heldout|Chakraborty_2023,2233,1590,0.298099211871088,0.2980992118683356,0,2.752409411499457e-12,1
heldout|Chakraborty_2023,2233,1628,0.28048215113801367,0.2804821511358368,0,2.1768697955337757e-12,1
heldout|Chakraborty_2023,2233,1666,0.2628650904056854,0.26286509040333794,0,2.347455563267431e-12,1
heldout|Chakraborty_2023,2233,1703,0.24571163653490224,0.24571163653222064,0,2.6816049381039875e-12,1
heldout|Chakraborty_2023,2233,1741,0.2280945758020141,0.22809457579972184,0,2.292249723367945e-12,1
heldout|Chakraborty_2023,2233,1779,0.210477515069182,0.21047751506722295,0,1.95904403810232e-12,1
heldout|Chakraborty_2023,2233,1817,0.1928604543376603,0.19286045433472412,0,2.936179077650536e-12,1
heldout|Chakraborty_2023,2233,1855,0.175243393604828,0.1752433936022253,0,2.6026958366287545e-12,1
heldout|Chakraborty_2023,2233,1893,0.1576263328727504,0.15762633286972647,0,3.0239422077471545e-12,1
heldout|Chakraborty_2023,2233,1930,0.14047287900194205,0.14047287899860916,0,3.33288951992472e-12,1
heldout|Chakraborty_2023,2233,1968,0.12285581827020575,0.12285581826611032,0,4.095432326600701e-12,1
heldout|Chakraborty_2023,2233,2006,0.10523875753631617,0.10523875753361148,0,2.7046975770161907e-12,1
heldout|Chakraborty_2023,2233,2044,0.08762169680282395,0.08762169680111265,0,1.7112977701572163e-12,1
heldout|Chakraborty_2023,2233,2082,0.07000463607301655,0.0700046360686138,0,4.402742059816944e-12,1
heldout|Chakraborty_2023,2233,2120,0.05238757533985061,0.05238757533611497,0,3.735643738789207e-12,1
heldout|Chakraborty_2023,2233,2125,0.05006954103409589,0.05006954102920723,0,4.88865892211976e-12,1
heldout|Chakraborty_2023,2233,2126,0.04960593417136183,0.04960593416782568,0,3.5361505390518744e-12,1
heldout|Chakraborty_2023,2233,2157,0.03523412146735938,0.03523412146499768,0,2.3617011124521525e-12,1
heldout|Chakraborty_2023,2233,2195,0.017617060736074608,0.01761706073249884,0,3.5757681537962327e-12,1
heldout|Chakraborty_2023,2233,2233,0.0,0.0,0,0.0,1
heldout|Moran_2020,1992,1,1.0,1.0,0,0.0,1
heldout|Moran_2020,1992,35,0.9979586633233574,0.9979586633233587,0,1.3322676295501878e-15,1
heldout|Moran_2020,1992,68,0.997923696241453,0.9979236962414533,0,2.220446049250313e-16,1
heldout|Moran_2020,1992,102,0.9791618099989003,0.9791618099989304,0,3.008704396734174e-14,1
heldout|Moran_2020,1992,136,0.9442404263079186,0.9442404263080092,0,9.059419880941277e-14,1
heldout|Moran_2020,1992,170,0.9099531291568217,0.9099531291567362,0,8.548717289613705e-14,1
heldout|Moran_2020,1992,203,0.9651537918423899,0.9651537918424244,0,3.452793606584237e-14,1
heldout|Moran_2020,1992,237,0.9820076754490364,0.9820076754490903,0,5.384581669432009e-14,1
heldout|Moran_2020,1992,271,0.9693374323292601,0.9693374323292365,0,2.353672812205332e-14,1
heldout|Moran_2020,1992,305,0.993128816954427,0.9931288169544308,0,3.774758283725532e-15,1
heldout|Moran_2020,1992,338,0.9874026654786732,0.9874026654786714,0,1.7763568394002505e-15,1
heldout|Moran_2020,1992,372,0.9277186216223742,0.9277186216224118,0,3.7636560534792807e-14,1
heldout|Moran_2020,1992,406,0.8704894665783716,0.8704894665785761,0,2.0450308113595383e-13,1
heldout|Moran_2020,1992,440,0.8156636461658925,0.815663646165804,0,8.848477506262498e-14,1
heldout|Moran_2020,1992,473,0.7646998758715123,0.7646998758720016,0,4.892752869523065e-13,1
heldout|Moran_2020,1992,507,0.71445914431478,0.7144591443147055,0,7.4495964952348e-14,1
heldout|Moran_2020,1992,541,0.6664686011436887,0.6664686011438433,0,1.546540673302843e-13,1
heldout|Moran_2020,1992,575,0.6206766921772396,0.6206766921780551,0,8.154588115871775e-13,1
heldout|Moran_2020,1992,608,0.5782853719897489,0.5782853719902945,0,5.455635943008019e-13,1
heldout|Moran_2020,1992,642,0.5366751716281619,0.5366751716287677,0,6.057376822354854e-13,1
heldout|Moran_2020,1992,676,0.4971104592280752,0.49711045922768493,0,3.902433931557425e-13,1
heldout|Moran_2020,1992,710,0.45953968060487416,0.4595396806056864,0,8.122391648157645e-13,1
heldout|Moran_2020,1992,743,0.4249319347463666,0.42493193474733837,0,9.717782134543995e-13,1
heldout|Moran_2020,1992,777,0.3911394844768654,0.39113948447838626,0,1.5208390102827707e-12,1
heldout|Moran_2020,1992,811,0.3591878217435778,0.3591878217438889,0,3.111400026512001e-13,1
heldout|Moran_2020,1992,845,0.329025392362179,0.32902539236248624,0,3.0725422206501207e-13,1
heldout|Moran_2020,1992,878,0.3014123450556738,0.3014123450569209,0,1.247058012410207e-12,1
heldout|Moran_2020,1992,912,0.2746248637763873,0.27462486377734935,0,9.620637619889294e-13,1
heldout|Moran_2020,1992,946,0.24947346960564043,0.24947346960624314,0,6.027123244933819e-13,1
heldout|Moran_2020,1992,980,0.22590660836116028,0.225906608362242,0,1.0817180484679056e-12,1
heldout|Moran_2020,1992,1013,0.20449938383273258,0.20449938383282962,0,9.703349235223868e-14,1
heldout|Moran_2020,1992,1047,0.18390409043926437,0.18390409043944472,0,1.8035573035035668e-13,1
heldout|Moran_2020,1992,1081,0.1647401837282183,0.1647401837285355,0,3.171907181354072e-13,1
heldout|Moran_2020,1992,1115,0.1469561095185894,0.14695610951874166,0,1.5226708782734022e-13,1
heldout|Moran_2020,1992,1148,0.13096583198933676,0.13096583198885273,0,4.840294831609526e-13,1
heldout|Moran_2020,1992,1182,0.1157499453785189,0.11574994537846026,0,5.86475312758239e-14,1
heldout|Moran_2020,1992,1216,0.10176074502492405,0.10176074502455391,0,3.701344786222194e-13,1
heldout|Moran_2020,1992,1250,0.08894667674390644,0.08894667674577322,0,1.8667845047559695e-12,1
heldout|Moran_2020,1992,1283,0.07758447043795957,0.07758447043877813,0,8.185535582683201e-13,1
heldout|Moran_2020,1992,1317,0.06693520950707743,0.06693520950818395,0,1.10651765528047e-12,1
heldout|Moran_2020,1992,1351,0.05730793440656623,0.05730793440808621,0,1.5199785874386862e-12,1
heldout|Moran_2020,1992,1379,0.05011053049081893,0.05011053049113583,0,3.168992845914431e-13,1
heldout|Moran_2020,1992,1380,0.049865291353019425,0.049865291353332536,0,3.1311064851990977e-13,1
heldout|Moran_2020,1992,1385,0.04865109095654119,0.04865109095712455,0,5.833597493953846e-13,1
heldout|Moran_2020,1992,1418,0.04112808009524338,0.04112808009639363,0,1.1502465646628934e-12,1
heldout|Moran_2020,1992,1452,0.03423266374209044,0.0342326637424036,0,3.131592207772371e-13,1
heldout|Moran_2020,1992,1486,0.028154532791577758,0.02815453279292036,0,1.3426031120200577e-12,1
heldout|Moran_2020,1992,1520,0.022842133067188186,0.022842133066583555,0,6.046309286578122e-13,1
heldout|Moran_2020,1992,1553,0.01836944187520051,0.018369441875487183,0,2.8667346274602323e-13,1
heldout|Moran_2020,1992,1587,0.014415088994551684,0.014415088994907134,0,3.554500443980757e-13,1
heldout|Moran_2020,1992,1621,0.011073321091962796,0.011073321092844235,0,8.814390189959553e-13,1
heldout|Moran_2020,1992,1655,0.008292583986211355,0.008292583987938128,0,1.7267732382864054e-12,1
heldout|Moran_2020,1992,1688,0.006081336689108818,0.00608133668984668,0,7.378620284215209e-13,1
heldout|Moran_2020,1992,1722,0.004255266180610562,0.004255266179482451,0,1.1281106257476914e-12,1
heldout|Moran_2020,1992,1756,0.0028370802211956647,0.0028370802216457283,0,4.5006359750132674e-13,1
heldout|Moran_2020,1992,1790,0.0017752246356752543,0.0017752246349761569,0,6.990974639464742e-13,1
heldout|Moran_2020,1992,1823,0.0010365454516511052,0.0010365454532600105,0,1.6089052833068163e-12,1
heldout|Moran_2020,1992,1857,0.0005259762095259912,0.0005259762099174406,0,3.9144935123219815e-13,1
heldout|Moran_2020,1992,1891,0.00021859109328137283,0.00021859109311273575,0,1.6863707695893848e-13,1
heldout|Moran_2020,1992,1925,6.283592172406927e-05,6.283592148554219e-05,0,2.3852708003202494e-13,1
heldout|Moran_2020,1992,1958,7.849077858557152e-06,7.849079515071172e-06,0,1.6565140203278744e-12,1
heldout|Moran_2020,1992,1992,0.0,,1,,1
clef|CD009642,1922,1,1.0,1.0,0,0.0,1
clef|CD009642,1922,34,1.0,1.0,0,0.0,1
clef|CD009642,1922,66,0.9999654071111925,0.9999654071111926,0,1.1102230246251565e-16,1
clef|CD009642,1922,99,0.949108633640469,0.9491086336405221,0,5.306866057708248e-14,1
clef|CD009642,1922,131,0.8999738577282951,0.8999738577281102,0,1.8485213360008856e-13,1
clef|CD009642,1922,164,0.8511107593964227,0.8511107593965858,0,1.630917623174355e-13,1
clef|CD009642,1922,196,0.9710080790668943,0.9710080790668799,0,1.4432899320127035e-14,1
clef|CD009642,1922,229,0.9163399382716378,0.9163399382715183,0,1.1957101975212936e-13,1
clef|CD009642,1922,261,0.8653260890353568,0.8653260890352286,0,1.2823075934420558e-13,1
clef|CD009642,1922,294,0.8147384000413687,0.8147384000412307,0,1.3800072196090696e-13,1
clef|CD009642,1922,327,0.7661617587583771,0.7661617587585142,0,1.3711254354120683e-13,1
clef|CD009642,1922,359,0.720939135989483,0.7209391359892392,0,2.438049762076844e-13,1
clef|CD009642,1922,392,0.676204352070588,0.676204352070814,0,2.2593038551121936e-13,1
clef|CD009642,1922,424,0.6346304387890769,0.6346304387882,0,8.768541448489486e-13,1
clef|CD009642,1922,457,0.5935792608219252,0.5935792608217216,0,2.036149027162537e-13,1
clef|CD009642,1922,489,0.5555006011120437,0.5555006011107682,0,1.2755352329918423e-12,1
clef|CD009642,1922,522,0.5179747776831725,0.5179747776838928,0,7.203126983768016e-13,1
clef|CD009642,1922,555,0.4821781833586569,0.48217818335848206,0,1.7486012637846216e-13,1
clef|CD009642,1922,587,0.44907919533009666,0.4490791953299834,0,1.1324274851176597e-13,1
clef|CD009642,1922,620,0.4165693611075787,0.416569361107103,0,4.756750549006483e-13,1
clef|CD009642,1922,652,0.38658080643359827,0.3865808064326486,0,9.49684775264359e-13,1
clef|CD009642,1922,685,0.35719948089961107,0.3571994808999545,0,3.434474926677922e-13,1
clef|CD009642,1922,717,0.33016790366415927,0.33016790366454446,0,3.8519187839369806e-13,1
clef|CD009642,1922,750,0.3037568354095711,0.3037568354096927,0,1.216249323476859e-13,1
clef|CD009642,1922,782,0.2795287796984056,0.2795287796983264,0,7.921441280700492e-14,1
clef|CD009642,1922,815,0.2559297173081956,0.2559297173089729,0,7.773226506913034e-13,1
clef|CD009642,1922,848,0.23369772238765407,0.23369772238653855,0,1.1155243395677417e-12,1
clef|CD009642,1922,880,0.21340641927110449,0.21340641927045076,0,6.537270724749078e-13,1
clef|CD009642,1922,913,0.19374783577695243,0.1937478357764421,0,5.103140132689532e-13,1
clef|CD009642,1922,945,0.1758752339666858,0.17587523396678215,0,9.633960296184796e-14,1
clef|CD009642,1922,978,0.15863181048946906,0.1586318104888551,0,6.139533326177116e-13,1
clef|CD009642,1922,1010,0.1430244540699288,0.1430244540706225,0,6.936951013614134e-13,1
clef|CD009642,1922,1043,0.1280379391960702,0.12803793919643291,0,3.6270986214503864e-13,1
clef|CD009642,1922,1075,0.11454237225524933,0.11454237225462757,0,6.217526493657033e-13,1
clef|CD009642,1922,1108,0.10165451457267793,0.10165451457183151,0,8.464201561864115e-13,1
clef|CD009642,1922,1141,0.08977156272239306,0.08977156272140902,0,9.840461778765075e-13,1
clef|CD009642,1922,1173,0.07916982928889427,0.0791698292877063,0,1.1879663919245331e-12,1
clef|CD009642,1922,1206,0.06914694019291745,0.06914694019160476,0,1.3126860709533617e-12,1
clef|CD009642,1922,1238,0.06027217601711743,0.06027217601671306,0,4.0437098114409764e-13,1
clef|CD009642,1922,1271,0.051951098262860596,0.05195109826258836,0,2.722336245319923e-13,1
clef|CD009642,1922,1279,0.05005641258578697,0.05005641258496,0,8.269704365737596e-13,1
clef|CD009642,1922,1280,0.04982286789180179,0.049822867891717575,0,8.421735531172203e-14,1
clef|CD009642,1922,1303,0.04464984743075173,0.0446498474315074,0,7.556663628172089e-13,1
clef|CD009642,1922,1336,0.0378723296080421,0.03787232960701549,0,1.0266093530830744e-12,1
clef|CD009642,1922,1368,0.03199113620602623,0.031991136204744954,0,1.2812736982503736e-12,1
clef|CD009642,1922,1401,0.026598926898096953,0.026598926897541775,0,5.551774318046654e-13,1
clef|CD009642,1922,1434,0.021849461787640134,0.021849461788166775,0,5.266412306248469e-13,1
clef|CD009642,1922,1466,0.0178191828081683,0.01781918280682289,0,1.3454098946041881e-12,1
clef|CD009642,1922,1499,0.014216431777219984,0.014216431777664048,0,4.4406318899792296e-13,1
clef|CD009642,1922,1531,0.011221390007822296,0.011221390007514468,0,3.078284155355604e-13,1
clef|CD009642,1922,1564,0.008607101648038018,0.008607101646227725,0,1.8102932347607847e-12,1
clef|CD009642,1922,1596,0.006493841170946757,0.006493841172272163,0,1.3254059308409616e-12,1
clef|CD009642,1922,1629,0.004709764069473321,0.004709764066513465,0,2.9598563183741433e-12,1
clef|CD009642,1922,1662,0.003286612549604051,0.003286612548765966,0,8.38084809884343e-13,1
clef|CD009642,1922,1694,0.0022127117115490202,0.0022127117111769086,0,3.7211162970396394e-13,1
clef|CD009642,1922,1727,0.0013811770135289114,0.0013811770118848802,0,1.6440312652910016e-12,1
clef|CD009642,1922,1759,0.0008042372533598741,0.0008042372528737064,0,4.861676382653113e-13,1
clef|CD009642,1922,1792,0.0004060679597487349,0.00040606795969309233,0,5.564255653456307e-14,1
clef|CD009642,1922,1824,0.00017263336274875307,0.00017263336425950518,0,1.5107521082659975e-12,1
clef|CD009642,1922,1857,4.9578065641653346e-05,4.9578064846249645e-05,0,7.954037005864639e-13,1
clef|CD009642,1922,1889,6.19271947277511e-06,6.192717989952794e-06,0,1.4828223157608103e-12,1
clef|CD009642,1922,1922,0.0,,1,,1
heldout|Seghers_2022,1759,1,1.0,1.0,0,0.0,1
heldout|Seghers_2022,1759,31,0.9942462600690393,0.9942462600690449,0,5.662137425588298e-15,1
heldout|Seghers_2022,1759,61,0.9976498237367776,0.9976498237367802,0,2.6645352591003757e-15,1
heldout|Seghers_2022,1759,90,0.9905044510385597,0.9905044510385757,0,1.5987211554602254e-14,1
heldout|Seghers_2022,1759,120,0.9992704948652704,0.9992704948652706,0,2.220446049250313e-16,1
heldout|Seghers_2022,1759,150,0.9816961561927889,0.9816961561928005,0,1.1546319456101628e-14,1
heldout|Seghers_2022,1759,180,0.9633923123855758,0.963392312385601,0,2.5202062658991053e-14,1
heldout|Seghers_2022,1759,210,0.9450884685783638,0.9450884685784015,0,3.7636560534792807e-14,1
heldout|Seghers_2022,1759,239,0.9273947528980632,0.9273947528981086,0,4.54081217071689e-14,1
heldout|Seghers_2022,1759,269,0.9090909090908543,0.9090909090909091,0,5.473399511402022e-14,1
heldout|Seghers_2022,1759,299,0.8907870652836356,0.8907870652837095,0,7.394085344003543e-14,1
heldout|Seghers_2022,1759,329,0.8724832214764205,0.87248322147651,0,8.948397578478762e-14,1
heldout|Seghers_2022,1759,359,0.8541793776692368,0.8541793776693105,0,7.37188088351104e-14,1
heldout|Seghers_2022,1759,388,0.8364856619889001,0.8364856619890177,0,1.176836406102666e-13,1
heldout|Seghers_2022,1759,418,0.8181818181817186,0.8181818181818181,0,9.947598300641403e-14,1
heldout|Seghers_2022,1759,448,0.7998779743744846,0.7998779743746187,0,1.341149413747189e-13,1
heldout|Seghers_2022,1759,478,0.7815741305673577,0.7815741305674192,0,6.150635556423367e-14,1
heldout|Seghers_2022,1759,508,0.763270286760092,0.7632702867602197,0,1.27675647831893e-13,1
heldout|Seghers_2022,1759,537,0.7455765710797537,0.7455765710799268,0,1.730837695390619e-13,1
heldout|Seghers_2022,1759,567,0.7272727272726722,0.7272727272727273,0,5.5067062021407764e-14,1
heldout|Seghers_2022,1759,597,0.7089688834653313,0.7089688834655277,0,1.963984530561902e-13,1
heldout|Seghers_2022,1759,627,0.6906650396582055,0.6906650396583283,0,1.2279066652354231e-13,1
heldout|Seghers_2022,1759,657,0.6723611958510007,0.6723611958511287,0,1.2800871473928055e-13,1
heldout|Seghers_2022,1759,686,0.6546674801707699,0.6546674801708359,0,6.59472476627343e-14,1
heldout|Seghers_2022,1759,716,0.6363636363633747,0.6363636363636364,0,2.616795669041494e-13,1
heldout|Seghers_2022,1759,746,0.618059792556108,0.6180597925564368,0,3.2884805989397137e-13,1
heldout|Seghers_2022,1759,776,0.5997559487490822,0.5997559487492373,0,1.5509815654013437e-13,1
heldout|Seghers_2022,1759,806,0.5814521049414834,0.5814521049420378,0,5.544453784978032e-13,1
heldout|Seghers_2022,1759,835,0.5637583892615746,0.563758389261745,0,1.7041923427996153e-13,1
heldout|Seghers_2022,1759,865,0.5454545454545094,0.5454545454545454,0,3.597122599785507e-14,1
heldout|Seghers_2022,1759,895,0.527150701646642,0.5271507016473458,0,7.037703753098867e-13,1
heldout|Seghers_2022,1759,925,0.5088468578402616,0.5088468578401464,0,1.1524114995609125e-13,1
heldout|Seghers_2022,1759,954,0.4911531421598825,0.4911531421598536,0,2.886579864025407e-14,1
heldout|Seghers_2022,1759,984,0.47284929835213463,0.47284929835265416,0,5.19528864373342e-13,1
heldout|Seghers_2022,1759,1014,0.4545454545450024,0.4545454545454546,0,4.5219383792982626e-13,1
heldout|Seghers_2022,1759,1044,0.43624161073756973,0.436241610738255,0,6.852851619498779e-13,1
heldout|Seghers_2022,1759,1074,0.41793776693056217,0.41793776693105555,0,4.933831121434196e-13,1
heldout|Seghers_2022,1759,1103,0.40024405125046614,0.4002440512507627,0,2.965405698773793e-13,1
heldout|Seghers_2022,1759,1133,0.3819402074428563,0.3819402074435631,0,7.068234886276059e-13,1
heldout|Seghers_2022,1759,1163,0.36363636363678864,0.36363636363636365,0,4.249933738265099e-13,1
heldout|Seghers_2022,1759,1193,0.3453325198285845,0.34533251982916413,0,5.796474411567942e-13,1
heldout|Seghers_2022,1759,1223,0.3270286760219274,0.3270286760219646,0,3.7192471324942744e-14,1
heldout|Seghers_2022,1759,1252,0.309334960342049,0.30933496034167174,0,3.772537837676282e-13,1
heldout|Seghers_2022,1759,1282,0.2910311165350381,0.2910311165344723,0,5.65825164500211e-13,1
heldout|Seghers_2022,1759,1312,0.2727272727276163,0.2727272727272727,0,3.4361402612148595e-13,1
heldout|Seghers_2022,1759,1342,0.25442342891989234,0.2544234289200732,0,1.80855330711438e-13,1
heldout|Seghers_2022,1759,1372,0.23611958511312636,0.23611958511287373,0,2.5263124925345437e-13,1
heldout|Seghers_2022,1759,1401,0.2184258694305501,0.21842586943258083,0,2.0307366899174895e-12,1
heldout|Seghers_2022,1759,1431,0.20012202562565273,0.20012202562538134,0,2.713940183696195e-13,1
heldout|Seghers_2022,1759,1461,0.18181818181778608,0.18181818181818182,0,3.9573899712763705e-13,1
heldout|Seghers_2022,1759,1491,0.1635143380096148,0.1635143380109823,0,1.3675172105820366e-12,1
heldout|Seghers_2022,1759,1521,0.14521049420399057,0.1452104942037828,0,2.0777823905859805e-13,1
heldout|Seghers_2022,1759,1550,0.12751677852220533,0.12751677852348994,0,1.284611306218153e-12,1
heldout|Seghers_2022,1759,1580,0.10921293471605942,0.10921293471629041,0,2.3099577806107163e-13,1
heldout|Seghers_2022,1759,1610,0.09090909091051591,0.09090909090909091,0,1.424999007682004e-12,1
heldout|Seghers_2022,1759,1640,0.07260524710168703,0.0726052471018914,0,2.043643032578757e-13,1
heldout|Seghers_2022,1759,1670,0.05430140329484123,0.05430140329469189,0,1.4934581349379528e-13,1
heldout|Seghers_2022,1759,1677,0.050030506406609554,0.050030506406345335,0,2.6421920207297944e-13,1
heldout|Seghers_2022,1759,1678,0.04942037827860801,0.04942037827943868,0,8.306688670245421e-13,1
heldout|Seghers_2022,1759,1699,0.03660768761299349,0.036607687614399025,0,1.4055354102815443e-12,1
heldout|Seghers_2022,1759,1729,0.01830384380573369,0.018303843807199512,0,1.4658239899656422e-12,1
heldout|Seghers_2022,1759,1759,0.0,0.0,0,0.0,1
clef|CD009069,1757,1,0.9994308480364267,0.9994308480364257,0,9.992007221626409e-16,1
clef|CD009069,1757,31,0.9959607616849444,0.9959607616849394,0,4.9960036108132044e-15,1
clef|CD009069,1757,61,0.978649740334707,0.9786497403346798,0,2.7200464103316335e-14,1
clef|CD009069,1757,90,0.9619157530294755,0.9619157530294288,0,4.674038933671909e-14,1
clef|CD009069,1757,120,0.9921212121212082,0.9921212121212121,0,3.885780586188048e-15,1
clef|CD009069,1757,150,0.9739393939393793,0.9739393939393939,0,1.454392162258955e-14,1
clef|CD009069,1757,180,0.955757575757552,0.9557575757575758,0,2.375877272697835e-14,1
clef|CD009069,1757,209,0.9381818181817829,0.9381818181818182,0,3.530509218307998e-14,1
clef|CD009069,1757,239,0.9199999999999434,0.92,0,5.6621374255882984e-14,1
clef|CD009069,1757,269,0.9018181818181268,0.9018181818181819,0,5.5067062021407764e-14,1
clef|CD009069,1757,299,0.8836363636363097,0.8836363636363637,0,5.395683899678261e-14,1
clef|CD009069,1757,328,0.8660606060605496,0.8660606060606061,0,5.651035195342047e-14,1
clef|CD009069,1757,358,0.8478787878787061,0.8478787878787879,0,8.182343691487404e-14,1
clef|CD009069,1757,388,0.8296969696968527,0.8296969696969697,0,1.170175067954915e-13,1
clef|CD009069,1757,418,0.8115151515149843,0.8115151515151515,0,1.6719958750854857e-13,1
clef|CD009069,1757,447,0.793939393939266,0.793939393939394,0,1.2789769243681803e-13,1
clef|CD009069,1757,477,0.775757575757431,0.7757575757575758,0,1.4477308241112041e-13,1
clef|CD009069,1757,507,0.7575757575756097,0.7575757575757576,0,1.4788170688007085e-13,1
clef|CD009069,1757,537,0.7393939393938401,0.7393939393939394,0,9.9253938401489e-14,1
clef|CD009069,1757,566,0.7218181818181673,0.7218181818181818,0,1.454392162258955e-14,1
clef|CD009069,1757,596,0.703636363636363,0.7036363636363636,0,6.661338147750939e-16,1
clef|CD009069,1757,626,0.6854545454543335,0.6854545454545454,0,2.1194157540094238e-13,1
clef|CD009069,1757,656,0.667272727272676,0.6672727272727272,0,5.129230373768223e-14,1
clef|CD009069,1757,686,0.6490909090909803,0.6490909090909092,0,7.116529587847253e-14,1
clef|CD009069,1757,715,0.6315151515151134,0.6315151515151516,0,3.8191672047105385e-14,1
clef|CD009069,1757,745,0.613333333333131,0.6133333333333333,0,2.0228263508670352e-13,1
clef|CD009069,1757,775,0.5951515151509263,0.5951515151515152,0,5.88862292261183e-13,1
clef|CD009069,1757,805,0.5769696969695399,0.5769696969696969,0,1.5698553568199713e-13,1
clef|CD009069,1757,834,0.55939393939362,0.5593939393939393,0,3.19300141882195e-13,1
clef|CD009069,1757,864,0.5412121212116396,0.5412121212121213,0,4.816147480823929e-13,1
clef|CD009069,1757,894,0.5230303030297658,0.523030303030303,0,5.371258993136507e-13,1
clef|CD009069,1757,924,0.504848484848639,0.5048484848484849,0,1.5409895581797173e-13,1
clef|CD009069,1757,953,0.487272727272129,0.48727272727272725,0,5.982436768192656e-13,1
clef|CD009069,1757,983,0.46909090909053397,0.46909090909090906,0,3.7508884886960914e-13,1
clef|CD009069,1757,1013,0.4509090909088507,0.4509090909090909,0,2.402522625288839e-13,1
clef|CD009069,1757,1043,0.4327272727266477,0.4327272727272728,0,6.251110740151944e-13,1
clef|CD009069,1757,1072,0.41515151515143967,0.41515151515151516,0,7.549516567451064e-14,1
clef|CD009069,1757,1102,0.39696969696950146,0.396969696969697,0,1.9551027463649007e-13,1
clef|CD009069,1757,1132,0.3787878787876672,0.37878787878787873,0,2.1155299734232358e-13,1
clef|CD009069,1757,1162,0.3606060606059195,0.36060606060606065,0,1.4116485758108865e-13,1
clef|CD009069,1757,1192,0.3424242424238403,0.3424242424242424,0,4.021227795192317e-13,1
clef|CD009069,1757,1221,0.32484848484765705,0.32484848484848483,0,8.277822871605167e-13,1
clef|CD009069,1757,1251,0.306666666666238,0.30666666666666664,0,4.2865710980777294e-13,1
clef|CD009069,1757,1281,0.2884848484840974,0.28848484848484846,0,7.510658761589184e-13,1
clef|CD009069,1757,1311,0.2703030303018443,0.2703030303030303,0,1.1859957460558235e-12,1
clef|CD009069,1757,1340,0.25272727272589357,0.25272727272727274,0,1.3791745523406007e-12,1
clef|CD009069,1757,1370,0.2345454545443728,0.23454545454545453,0,1.0817180484679056e-12,1
clef|CD009069,1757,1400,0.21636363636346656,0.2163636363636364,0,1.6983636719203332e-13,1
clef|CD009069,1757,1430,0.19818181818130787,0.19818181818181818,0,5.103140132689532e-13,1
clef|CD009069,1757,1459,0.18060606060751216,0.1806060606060606,0,1.451561093546161e-12,1
clef|CD009069,1757,1489,0.16242424242357845,0.16242424242424242,0,6.639688798770749e-13,1
clef|CD009069,1757,1519,0.1442424242406305,0.14424242424242423,0,1.7937318297356342e-12,1
clef|CD009069,1757,1549,0.1260606060605063,0.12606060606060607,0,9.978129433818594e-14,1
clef|CD009069,1757,1578,0.10848484848486861,0.10848484848484849,0,2.0122792321330962e-14,1
clef|CD009069,1757,1608,0.09030303030153808,0.0903030303030303,0,1.4922230118230573e-12,1
clef|CD009069,1757,1638,0.07212121212243228,0.07212121212121211,0,1.2201628596386627e-12,1
clef|CD009069,1757,1668,0.053939393937360136,0.05393939393939394,0,2.0338036810230165e-12,1
clef|CD009069,1757,1674,0.050303030304114094,0.0503030303030303,0,1.083792777745174e-12,1
clef|CD009069,1757,1675,0.0496969696967815,0.0496969696969697,0,1.8819668046177185e-13,1
clef|CD009069,1757,1697,0.036363636363501706,0.03636363636363637,0,1.3466311399312758e-13,1
clef|CD009069,1757,1727,0.01818181818239295,0.018181818181818184,0,5.747659292953955e-13,1
clef|CD009069,1757,1757,0.0,0.0,0,0.0,1
heldout|Attai_2022,1726,1,1.0,1.0,0,0.0,1
heldout|Attai_2022,1726,30,0.9994107248084851,0.9994107248084856,0,4.440892098500626e-16,1
heldout|Attai_2022,1726,59,0.9988009592326111,0.9988009592326139,0,2.7755575615628914e-15,1
heldout|Attai_2022,1726,89,0.9981684981684958,0.9981684981684982,0,2.3314683517128287e-15,1
heldout|Attai_2022,1726,118,0.9975139838408971,0.997513983840895,0,2.1094237467877974e-15,1
heldout|Attai_2022,1726,147,0.9974683544303778,0.9974683544303797,0,1.887379141862766e-15,1
heldout|Attai_2022,1726,176,0.9776936776342414,0.9776936776342539,0,1.2434497875801753e-14,1
heldout|Attai_2022,1726,206,0.983692442794855,0.9836924427948531,0,1.887379141862766e-15,1
heldout|Attai_2022,1726,235,0.9453793637020054,0.9453793637017879,0,2.1749269052406817e-13,1
heldout|Attai_2022,1726,264,0.9998831983966128,0.9998831983966125,0,2.220446049250313e-16,1
heldout|Attai_2022,1726,293,0.9590639604615615,0.959063960461441,0,1.2045919817182948e-13,1
heldout|Attai_2022,1726,323,0.9802265863130283,0.98022658631303,0,1.6653345369377348e-15,1
heldout|Attai_2022,1726,352,0.9949090909090937,0.9949090909090909,0,2.886579864025407e-15,1
heldout|Attai_2022,1726,381,0.9592486385280062,0.9592486385278859,0,1.2034817586936697e-13,1
heldout|Attai_2022,1726,410,0.9789322507608147,0.9789322507608141,0,5.551115123125783e-16,1
heldout|Attai_2022,1726,440,0.9784457324244925,0.9784457324245263,0,3.375077994860476e-14,1
heldout|Attai_2022,1726,469,0.9889065816739637,0.9889065816739507,0,1.2989609388114332e-14,1
heldout|Attai_2022,1726,498,0.8955634467180164,0.8955634467180196,0,3.219646771412954e-15,1
heldout|Attai_2022,1726,527,0.7393028635748461,0.7393028635750268,0,1.8074430840897548e-13,1
heldout|Attai_2022,1726,557,0.6032865386770014,0.6032865386780188,0,1.0174083797664935e-12,1
heldout|Attai_2022,1726,586,0.4931517578293837,0.4931517578301594,0,7.757128273055969e-13,1
heldout|Attai_2022,1726,615,0.4010278828915864,0.40102788289214786,0,5.614397835529417e-13,1
heldout|Attai_2022,1726,644,0.3243287741834584,0.32432877418435624,0,8.978373600143641e-13,1
heldout|Attai_2022,1726,673,0.26078546922355894,0.26078546922423096,0,6.720179968056073e-13,1
heldout|Attai_2022,1726,703,0.20678602847345506,0.2067860284739541,0,4.990452495690079e-13,1
heldout|Attai_2022,1726,732,0.1641567211609214,0.16415672116157798,0,6.565858967633176e-13,1
heldout|Attai_2022,1726,761,0.12942452190612075,0.12942452190681838,0,6.976363930988327e-13,1
heldout|Attai_2022,1726,790,0.10130068019156357,0.10130068019271439,0,1.1508155539630138e-12,1
heldout|Attai_2022,1726,820,0.07798276206578703,0.07798276206676587,0,9.78842007448577e-13,1
heldout|Attai_2022,1726,849,0.060051442966427726,0.06005144296768247,0,1.2547463068557363e-12,1
heldout|Attai_2022,1726,878,0.16352373454259894,0.16352373454263272,0,3.377853552422039e-14,1
heldout|Attai_2022,1726,907,0.13014460028655916,0.13014460028617902,0,3.801403636316536e-13,1
heldout|Attai_2022,1726,937,0.22686217452326363,0.22686217452388496,0,6.213363157314689e-13,1
heldout|Attai_2022,1726,966,0.1836683713109698,0.18366837131219446,0,1.2246592628883946e-12,1
heldout|Attai_2022,1726,995,0.14642734949599623,0.1464273494966747,0,6.784850459240488e-13,1
heldout|Attai_2022,1726,1024,0.11487462843721807,0.11487462843693902,0,2.790545572395331e-13,1
heldout|Attai_2022,1726,1054,0.08779112890218155,0.08779112890284124,0,6.59694521232268e-13,1
heldout|Attai_2022,1726,1083,0.06647143368472341,0.06647143368547095,0,7.475409180557335e-13,1
heldout|Attai_2022,1726,1110,0.050428612321330224,0.05042861232281028,0,1.480059130809508e-12,1
heldout|Attai_2022,1726,1111,0.04989870433414367,0.04989870433384739,0,2.9628383080293474e-13,1
heldout|Attai_2022,1726,1112,0.049373159420323054,0.04937315942138211,0,1.0590556209777446e-12,1
heldout|Attai_2022,1726,1141,0.03592514478256048,0.03592514478212914,0,4.3134246174858504e-13,1
heldout|Attai_2022,1726,1170,0.025563733924330423,0.02556373392432301,0,7.414208136324874e-15,1
heldout|Attai_2022,1726,1200,0.017524221768439596,0.017524221769734,0,1.2944020855165661e-12,1
heldout|Attai_2022,1726,1229,0.011838752413092957,0.011838752413956127,0,8.631706460704436e-13,1
heldout|Attai_2022,1726,1258,0.007764282928508615,0.00776428292880141,0,2.927953018927454e-13,1
heldout|Attai_2022,1726,1287,0.0049263239785750645,0.0049263239797028785,0,1.1278139880332994e-12,1
heldout|Attai_2022,1726,1317,0.0029584040732867356,0.002958404074512403,0,1.225667570908806e-12,1
heldout|Attai_2022,1726,1346,0.0017304087674324675,0.001730408768447044,0,1.0145764436919613e-12,1
heldout|Attai_2022,1726,1375,0.0009635736110379378,0.0009635736120124262,0,9.744883936249615e-13,1
heldout|Attai_2022,1726,1404,0.0005066325159359675,0.0005066325168260483,0,8.900808692521855e-13,1
heldout|Attai_2022,1726,1434,0.00024250515585444443,0.0002425051569406275,0,1.086183064064744e-12,1
heldout|Attai_2022,1726,1463,0.00010613252339208845,0.00010613252390418676,0,5.120983118892669e-13,1
heldout|Attai_2022,1726,1492,4.1122622826295085e-05,4.112262260813871e-05,0,2.181563781076916e-13,1
heldout|Attai_2022,1726,1521,1.4023640805715942e-05,1.4023641274902406e-05,0,4.691864640402922e-13,1
heldout|Attai_2022,1726,1551,3.860894212226462e-06,3.860894223622466e-06,0,1.1396004142248933e-14,1
heldout|Attai_2022,1726,1580,8.769092232352449e-07,8.76909386694915e-07,0,1.6345967012516334e-13,1
heldout|Attai_2022,1726,1609,1.4195200281896803e-07,1.4195271756029512e-07,0,7.147413270960169e-13,1
heldout|Attai_2022,1726,1638,1.33793084389211e-08,1.338013791110541e-08,0,8.294721843095835e-13,1
heldout|Attai_2022,1726,1668,3.9831604681239696e-10,3.990081378133771e-10,0,6.920910009801298e-13,1
heldout|Attai_2022,1726,1697,0.0,8.934699427252051e-13,0,8.934699427252051e-13,1
heldout|Attai_2022,1726,1726,0.0,,1,,1
heldout|Bosch_2021,1716,1,1.0,1.0,0,0.0,1
heldout|Bosch_2021,1716,30,0.996453900709226,0.9964539007092199,0,6.106226635438361e-15,1
heldout|Bosch_2021,1716,59,0.993405275779361,0.9934052757793765,0,1.554312234475219e-14,1
heldout|Bosch_2021,1716,88,0.9760191846522214,0.9760191846522782,0,5.684341886080802e-14,1
heldout|Bosch_2021,1716,117,0.9827110373377927,0.9827110373377598,0,3.297362383136715e-14,1
heldout|Bosch_2021,1716,146,0.9473777727183245,0.9473777727182523,0,7.216449660063518e-14,1
heldout|Bosch_2021,1716,175,0.9126913923627402,0.9126913923626121,0,1.2811973704174306e-13,1
heldout|Bosch_2021,1716,204,0.9881968234194924,0.9881968234194954,0,2.9976021664879227e-15,1
heldout|Bosch_2021,1716,234,0.9493589743589769,0.9493589743589743,0,2.55351295663786e-15,1
heldout|Bosch_2021,1716,263,0.9125557977783968,0.9125557977784698,0,7.30526750203353e-14,1
heldout|Bosch_2021,1716,292,0.8764801550226705,0.8764801550226652,0,5.329070518200751e-15,1
heldout|Bosch_2021,1716,321,0.8411320460916616,0.8411320460915602,0,1.0136336214827679e-13,1
heldout|Bosch_2021,1716,350,0.8065114709852204,0.8065114709851553,0,6.505906924303417e-14,1
heldout|Bosch_2021,1716,379,0.7726184297038683,0.77261842970345,0,4.18332035678759e-13,1
heldout|Bosch_2021,1716,408,0.7394529222465223,0.7394529222464445,0,7.771561172376096e-14,1
heldout|Bosch_2021,1716,437,0.7070149486143653,0.7070149486141388,0,2.2648549702353193e-13,1
heldout|Bosch_2021,1716,466,0.6753045088062688,0.6753045088065331,0,2.6434410216324977e-13,1
heldout|Bosch_2021,1716,495,0.6443216028234707,0.6443216028236272,0,1.5643042416968456e-13,1
heldout|Bosch_2021,1716,524,0.6140662306658383,0.614066230665421,0,4.1733283495659634e-13,1
heldout|Bosch_2021,1716,553,0.584538392332399,0.5845383923319145,0,4.845013279464183e-13,1
heldout|Bosch_2021,1716,582,0.5557380878229403,0.5557380878231082,0,1.6786572132332367e-13,1
heldout|Bosch_2021,1716,611,0.5276653171392007,0.5276653171390013,0,1.9939605522267811e-13,1
heldout|Bosch_2021,1716,640,0.500320080279268,0.5003200802795946,0,3.2662761384472105e-13,1
heldout|Bosch_2021,1716,670,0.47279750164389234,0.4727975016436554,0,2.369215934550084e-13,1
heldout|Bosch_2021,1716,699,0.4469324198070692,0.4469324198069138,0,1.5543122344752192e-13,1
heldout|Bosch_2021,1716,728,0.42179487179455,0.42179487179487185,0,3.218536548388329e-13,1
heldout|Bosch_2021,1716,757,0.39738485760717035,0.3973848576075296,0,3.5926817076870066e-13,1
heldout|Bosch_2021,1716,786,0.37370237724463584,0.3737023772448873,0,2.5146551507759796e-13,1
heldout|Bosch_2021,1716,815,0.35074743070671455,0.35074743070694486,0,2.303157664584887e-13,1
heldout|Bosch_2021,1716,844,0.32852001799389696,0.3285200179937022,0,1.9478862967048372e-13,1
heldout|Bosch_2021,1716,873,0.3070201391052725,0.3070201391051593,0,1.1318723736053471e-13,1
heldout|Bosch_2021,1716,902,0.28624779404146705,0.28624779404131623,0,1.5082379789532752e-13,1
heldout|Bosch_2021,1716,931,0.26620298280264243,0.266202982802173,0,4.694022948115162e-13,1
heldout|Bosch_2021,1716,960,0.24688570538869636,0.24688570538772966,0,9.666989431167394e-13,1
heldout|Bosch_2021,1716,989,0.22829596179786238,0.22829596179798606,0,1.2367884494324244e-13,1
heldout|Bosch_2021,1716,1018,0.21043375203273185,0.21043375203294226,0,2.104150187420828e-13,1
heldout|Bosch_2021,1716,1047,0.19329907609306995,0.19329907609259833,0,4.716227408607665e-13,1
heldout|Bosch_2021,1716,1077,0.1763391466837405,0.17633914668327624,0,4.642675133226248e-13,1
heldout|Bosch_2021,1716,1106,0.16068462576598663,0.1606846257655974,0,3.892441924335799e-13,1
heldout|Bosch_2021,1716,1135,0.14575763867289693,0.14575763867261837,0,2.785549568784518e-13,1
heldout|Bosch_2021,1716,1164,0.1315581854041895,0.13155818540433925,0,1.49741330446318e-13,1
heldout|Bosch_2021,1716,1193,0.11808626596051952,0.11808626596075988,0,2.403632848313464e-13,1
heldout|Bosch_2021,1716,1222,0.10534188034210845,0.10534188034188036,0,2.280953204092384e-13,1
heldout|Bosch_2021,1716,1251,0.09332502854783642,0.0933250285477006,0,1.358219092750801e-13,1
heldout|Bosch_2021,1716,1280,0.08203571057846026,0.08203571057822068,0,2.395861287141088e-13,1
heldout|Bosch_2021,1716,1309,0.07147392643302575,0.07147392643344061,0,4.1486258872680537e-13,1
heldout|Bosch_2021,1716,1338,0.06163967611332999,0.06163967611336033,0,3.034378304178631e-14,1
heldout|Bosch_2021,1716,1367,0.052532959617413555,0.05253295961797986,0,5.663039481795806e-13,1
heldout|Bosch_2021,1716,1375,0.050148794075893344,0.05014879407591957,0,2.6229018956769323e-14,1
heldout|Bosch_2021,1716,1376,0.049854666251619495,0.049854666251427364,0,1.9213103330528725e-13,1
heldout|Bosch_2021,1716,1396,0.04415377694676037,0.04415377694729921,0,5.388398061079158e-13,1
heldout|Bosch_2021,1716,1425,0.03650212810028475,0.03650212810131838,0,1.0336315137138286e-12,1
heldout|Bosch_2021,1716,1454,0.029578013079980536,0.02957801308003737,0,5.6833010519952154e-14,1
heldout|Bosch_2021,1716,1483,0.023381431884727633,0.023381431883456174,0,1.2714586328232969e-12,1
heldout|Bosch_2021,1716,1513,0.01773677289829456,0.017736772898716217,0,4.2165576585873055e-13,1
heldout|Bosch_2021,1716,1542,0.013020346722659948,0.013020346724800165,0,2.1402168232098617e-12,1
heldout|Bosch_2021,1716,1571,0.00903145437579489,0.00903145437558393,0,2.109597219135395e-13,1
heldout|Bosch_2021,1716,1600,0.005770095849899293,0.005770095851067509,0,1.1682165651505372e-12,1
heldout|Bosch_2021,1716,1629,0.0032362711519225984,0.0032362711512509083,0,6.716901340686476e-13,1
heldout|Bosch_2021,1716,1658,0.001429980274598397,0.0014299802761341223,0,1.5357253229514312e-12,1
heldout|Bosch_2021,1716,1687,0.0003512232230983292,0.0003512232257171528,0,2.6188236149950195e-12,1
heldout|Bosch_2021,1716,1716,0.0,,1,,1
heldout|Parodis_2023b,1679,1,1.0,1.0,0,0.0,1
heldout|Parodis_2023b,1679,29,0.9975794257790828,0.9975794257790788,0,3.9968028886505635e-15,1
heldout|Parodis_2023b,1679,58,0.999976333522525,0.999976333522525,0,0.0,1
heldout|Parodis_2023b,1679,86,0.986327070657742,0.9863270706577287,0,1.3322676295501878e-14,1
heldout|Parodis_2023b,1679,115,0.9885860149565782,0.9885860149565909,0,1.27675647831893e-14,1
heldout|Parodis_2023b,1679,143,0.9534948049867085,0.9534948049868244,0,1.1590728377086634e-13,1
heldout|Parodis_2023b,1679,172,0.9638389766805688,0.9638389766805822,0,1.3322676295501878e-14,1
heldout|Parodis_2023b,1679,200,0.9283438584271249,0.9283438584272239,0,9.903189379656396e-14,1
heldout|Parodis_2023b,1679,229,0.892283060615368,0.8922830606151978,0,1.701971896750365e-13,1
heldout|Parodis_2023b,1679,257,0.9846539319924053,0.9846539319924439,0,3.863576125695545e-14,1
heldout|Parodis_2023b,1679,285,0.9858006753944037,0.9858006753944031,0,6.661338147750939e-16,1
heldout|Parodis_2023b,1679,314,0.9769543179171333,0.9769543179170733,0,5.995204332975845e-14,1
heldout|Parodis_2023b,1679,342,0.9372708287422931,0.9372708287420374,0,2.5568436257117355e-13,1
heldout|Parodis_2023b,1679,371,0.8970374334920507,0.8970374334917987,0,2.5202062658991053e-13,1
heldout|Parodis_2023b,1679,399,0.8590288490807977,0.8590288490801666,0,6.31050767196939e-13,1
heldout|Parodis_2023b,1679,428,0.8205301766212053,0.8205301766205964,0,6.089573290068984e-13,1
heldout|Parodis_2023b,1679,456,0.78419649697292,0.7841964969723683,0,5.517808432387028e-13,1
heldout|Parodis_2023b,1679,484,0.7486855775594157,0.7486855775587948,0,6.208367153703875e-13,1
heldout|Parodis_2023b,1679,513,0.7127737724196193,0.7127737724186423,0,9.769962616701378e-13,1
heldout|Parodis_2023b,1679,541,0.6789377577694165,0.6789377577684728,0,9.43689570931383e-13,1
heldout|Parodis_2023b,1679,570,0.6447606754202516,0.6447606754189886,0,1.262989712813578e-12,1
heldout|Parodis_2023b,1679,598,0.6125995655334322,0.6125995655322231,0,1.209143896119258e-12,1
heldout|Parodis_2023b,1679,627,0.5801572059744321,0.5801572059734073,0,1.024846874031482e-12,1
heldout|Parodis_2023b,1679,655,0.5496710008507691,0.5496710008500456,0,7.235323451482145e-13,1
heldout|Parodis_2023b,1679,684,0.5189633640831252,0.5189633640818982,0,1.2269074645132605e-12,1
heldout|Parodis_2023b,1679,712,0.4901520637233495,0.49015206372194053,0,1.4089840405517862e-12,1
heldout|Parodis_2023b,1679,740,0.46216352359772694,0.4621635235966376,0,1.0893508317622036e-12,1
heldout|Parodis_2023b,1679,769,0.4340427541495979,0.43404275414790794,0,1.6899814880844133e-12,1
heldout|Parodis_2023b,1679,797,0.4077291187876021,0.4077291187860089,0,1.5931700403370996e-12,1
heldout|Parodis_2023b,1679,826,0.38134307212938146,0.3813430721279476,0,1.4338530363033897e-12,1
heldout|Parodis_2023b,1679,854,0.3567043415308553,0.35670434152945246,0,1.4028223027651165e-12,1
heldout|Parodis_2023b,1679,883,0.33205301766338824,0.33205301766205964,0,1.3286038935689248e-12,1
heldout|Parodis_2023b,1679,911,0.30908919182813444,0.3090891918269685,0,1.1659562204613394e-12,1
heldout|Parodis_2023b,1679,940,0.2861725907524434,0.286172590750244,0,2.1994073229336664e-12,1
heldout|Parodis_2023b,1679,968,0.2648836696796846,0.26488366967855675,0,1.1278200595654653e-12,1
heldout|Parodis_2023b,1679,996,0.24441750884364588,0.2444175088415242,0,2.1216917112099054e-12,1
heldout|Parodis_2023b,1679,1025,0.2240877750860244,0.22408777508421748,0,1.8069157281530579e-12,1
heldout|Parodis_2023b,1679,1053,0.2052965190118914,0.20529651901058882,0,1.302569163641465e-12,1
heldout|Parodis_2023b,1679,1082,0.18670150804639585,0.1867015080439505,0,2.445349478463754e-12,1
heldout|Parodis_2023b,1679,1110,0.16958515673615882,0.16958515673372582,0,2.4329982473147993e-12,1
heldout|Parodis_2023b,1679,1139,0.152724868560707,0.15272486855775588,0,2.9511115773317442e-12,1
heldout|Parodis_2023b,1679,1167,0.13728342201326993,0.13728342201093513,0,2.3347990207867042e-12,1
heldout|Parodis_2023b,1679,1196,0.12215785662805112,0.12215785662563361,0,2.4175106361212784e-12,1
heldout|Parodis_2023b,1679,1224,0.10839131484461628,0.10839131484221683,0,2.3994556341833118e-12,1
heldout|Parodis_2023b,1679,1252,0.09544753329544542,0.09544753329345465,0,1.990768661030984e-12,1
heldout|Parodis_2023b,1679,1281,0.08290883522964498,0.08290883522757085,0,2.0741325323925253e-12,1
heldout|Parodis_2023b,1679,1309,0.07163995844412674,0.07163995844221263,0,1.9141077611806168e-12,1
heldout|Parodis_2023b,1679,1338,0.06083598316874106,0.060835983166997225,0,1.7438342436726373e-12,1
heldout|Parodis_2023b,1679,1366,0.051242011146736655,0.05124201114504297,0,1.6936868574290997e-12,1
heldout|Parodis_2023b,1679,1369,0.05026288448993155,0.05026288448824104,0,1.6905088440211102e-12,1
heldout|Parodis_2023b,1679,1370,0.04993860781638304,0.04993860781412335,0,2.2596924331708124e-12,1
heldout|Parodis_2023b,1679,1395,0.042172758662945675,0.04217275866049597,0,2.449707103835408e-12,1
heldout|Parodis_2023b,1679,1423,0.03425369140380263,0.03425369140194565,0,1.8569798476697486e-12,1
heldout|Parodis_2023b,1679,1451,0.0271573843798516,0.027157384378049935,0,1.801666454914752e-12,1
heldout|Parodis_2023b,1679,1480,0.02067499921470417,0.020674999212920698,0,1.7834726750987073e-12,1
heldout|Parodis_2023b,1679,1508,0.015253596954985293,0.015253596952428925,0,2.556368311479318e-12,1
heldout|Parodis_2023b,1679,1537,0.010505934579929765,0.010505934577968076,0,1.9616894914031846e-12,1
heldout|Parodis_2023b,1679,1565,0.006759437084872033,0.00675943708088027,0,3.991763516952851e-12,1
heldout|Parodis_2023b,1679,1594,0.003746497500725976,0.0037464974970878064,0,3.63816962667407e-12,1
heldout|Parodis_2023b,1679,1622,0.001674904766190921,0.0016749047634039606,0,2.7869605494917904e-12,1
heldout|Parodis_2023b,1679,1651,0.00039668797194714056,0.00039668797027988536,0,1.6672552010862929e-12,1
heldout|Parodis_2023b,1679,1679,0.0,,1,,1
clef|CD012455,1593,1,1.0,1.0,0,0.0,1
clef|CD012455,1593,28,0.9867591424968672,0.9867591424968474,0,1.9872992140790302e-14,1
clef|CD012455,1593,55,0.9697351828499827,0.969735182849937,0,4.574118861455645e-14,1
clef|CD012455,1593,82,0.9527112232030954,0.9527112232030265,0,6.894484982922222e-14,1
clef|CD012455,1593,109,0.935687263556208,0.935687263556116,0,9.203748874142548e-14,1
clef|CD012455,1593,136,0.9186633039093275,0.9186633039092056,0,1.219024881038422e-13,1
clef|CD012455,1593,163,0.9016393442624505,0.9016393442622951,0,1.5543122344752192e-13,1
clef|CD012455,1593,190,0.8846153846155647,0.8846153846153846,0,1.800781745942004e-13,1
clef|CD012455,1593,217,0.8675914249686529,0.8675914249684742,0,1.787459069646502e-13,1
clef|CD012455,1593,244,0.8505674653217934,0.8505674653215637,0,2.297051437949449e-13,1
clef|CD012455,1593,271,0.8335435056748683,0.8335435056746532,0,2.1516122217235534e-13,1
clef|CD012455,1593,298,0.8165195460280047,0.8165195460277428,0,2.6190161150907443e-13,1
clef|CD012455,1593,325,0.7994955863811918,0.7994955863808323,0,3.594902153736257e-13,1
clef|CD012455,1593,352,0.7824716267342967,0.7824716267339218,0,3.7492231541591536e-13,1
clef|CD012455,1593,379,0.7654476670874097,0.7654476670870113,0,3.984590435379687e-13,1
clef|CD012455,1593,406,0.7484237074405861,0.7484237074401008,0,4.852784840636559e-13,1
clef|CD012455,1593,433,0.7313997477935164,0.7313997477931904,0,3.2596148002994596e-13,1
clef|CD012455,1593,460,0.7143757881467758,0.71437578814628,0,4.958256027975949e-13,1
clef|CD012455,1593,487,0.6973518284999765,0.6973518284993694,0,6.070699498650356e-13,1
clef|CD012455,1593,514,0.6803278688530133,0.680327868852459,0,5.543343561953407e-13,1
clef|CD012455,1593,541,0.6633039092061237,0.6633039092055485,0,5.752065490582936e-13,1
clef|CD012455,1593,568,0.6462799495591767,0.646279949558638,0,5.38680211548126e-13,1
clef|CD012455,1593,595,0.6292559899123147,0.6292559899117276,0,5.870859354217828e-13,1
clef|CD012455,1593,622,0.6122320302654134,0.6122320302648171,0,5.963007865261716e-13,1
clef|CD012455,1593,649,0.5952080706184506,0.5952080706179066,0,5.440092820663267e-13,1
clef|CD012455,1593,676,0.5781841109719094,0.5781841109709962,0,9.131584377541913e-13,1
clef|CD012455,1593,703,0.5611601513244944,0.5611601513240857,0,4.086730953645201e-13,1
clef|CD012455,1593,730,0.5441361916779841,0.5441361916771752,0,8.089084957418891e-13,1
clef|CD012455,1593,757,0.5271122320307435,0.5271122320302648,0,4.787281682183675e-13,1
clef|CD012455,1593,784,0.5100882723839966,0.5100882723833543,0,6.422640197456531e-13,1
clef|CD012455,1593,810,0.49369482976110535,0.4936948297604036,0,7.017719738655614e-13,1
clef|CD012455,1593,837,0.47667087011368325,0.47667087011349313,0,1.9012569296705806e-13,1
clef|CD012455,1593,864,0.45964691046719375,0.4596469104665826,0,6.111222639049174e-13,1
clef|CD012455,1593,891,0.44262295082055036,0.4426229508196722,0,8.781864124784988e-13,1
clef|CD012455,1593,918,0.42559899117397015,0.42559899117276173,0,1.2084222511532516e-12,1
clef|CD012455,1593,945,0.4085750315271359,0.40857503152585123,0,1.2846945729449999e-12,1
clef|CD012455,1593,972,0.39155107188007965,0.3915510718789408,0,1.1388667786604856e-12,1
clef|CD012455,1593,999,0.3745271122326609,0.3745271122320303,0,6.306066779870889e-13,1
clef|CD012455,1593,1026,0.35750315258699694,0.35750315258511983,0,1.8771095788849834e-12,1
clef|CD012455,1593,1053,0.3404791929393781,0.3404791929382094,0,1.1687317780229023e-12,1
clef|CD012455,1593,1080,0.32345523329214176,0.32345523329129894,0,8.428258091441876e-13,1
clef|CD012455,1593,1107,0.3064312736455367,0.30643127364438844,0,1.1482481632185682e-12,1
clef|CD012455,1593,1134,0.28940731399839714,0.289407313997478,0,9.19153642087167e-13,1
clef|CD012455,1593,1161,0.27238335435243477,0.2723833543505675,0,1.8672841051170508e-12,1
clef|CD012455,1593,1188,0.2553593947052647,0.25535939470365704,0,1.607658450808458e-12,1
clef|CD012455,1593,1215,0.23833543505823584,0.23833543505674656,0,1.4892809208078006e-12,1
clef|CD012455,1593,1242,0.22131147541082663,0.2213114754098361,0,9.905409825705647e-13,1
clef|CD012455,1593,1269,0.20428751576356596,0.20428751576292561,0,6.403488850281747e-13,1
clef|CD012455,1593,1296,0.187263556116548,0.18726355611601514,0,5.328515406688439e-13,1
clef|CD012455,1593,1323,0.17023959647136389,0.1702395964691047,0,2.259192832809731e-12,1
clef|CD012455,1593,1350,0.15321563682368378,0.15321563682219422,0,1.489558476563957e-12,1
clef|CD012455,1593,1377,0.13619167717718972,0.13619167717528374,0,1.9059753775252375e-12,1
clef|CD012455,1593,1404,0.11916771752846456,0.11916771752837328,0,9.127421041199568e-14,1
clef|CD012455,1593,1431,0.1021437578827854,0.10214375788146281,0,1.3225948114481412e-12,1
clef|CD012455,1593,1458,0.0851197982354216,0.08511979823455235,0,8.692491171302663e-13,1
clef|CD012455,1593,1485,0.06809583858987411,0.06809583858764187,0,2.2322421688869554e-12,1
clef|CD012455,1593,1512,0.05107187894212706,0.051071878940731404,0,1.3956544253623804e-12,1
clef|CD012455,1593,1513,0.050441361918593275,0.05044136191677176,0,1.8215151609268787e-12,1
clef|CD012455,1593,1514,0.04981084489341925,0.049810844892812116,0,6.071323999101708e-13,1
clef|CD012455,1593,1539,0.03404791929370932,0.034047919293820936,0,1.1161904733825168e-13,1
clef|CD012455,1593,1566,0.017023959649357323,0.017023959646910468,0,2.446855218440902e-12,1
clef|CD012455,1593,1593,0.0,0.0,0,0.0,1
clef|CD012669,1260,1,1.0,1.0,0,0.0,1
clef|CD012669,1260,22,0.9991928974979836,0.9991928974979822,0,1.3322676295501878e-15,1
clef|CD012669,1260,44,0.9926530612244902,0.9926530612244898,0,3.3306690738754696e-16,1
clef|CD012669,1260,65,0.9958333333333368,0.9958333333333333,0,3.4416913763379853e-15,1
clef|CD012669,1260,86,0.9873843566021833,0.9873843566021867,0,3.4416913763379853e-15,1
clef|CD012669,1260,108,0.9913941480206416,0.9913941480206541,0,1.2434497875801753e-14,1
clef|CD012669,1260,129,0.9877301751440742,0.9877301751440986,0,2.4313884239290928e-14,1
clef|CD012669,1260,150,0.9857335727086559,0.9857335727086513,0,4.6629367034256575e-15,1
clef|CD012669,1260,172,0.9624698479457524,0.962469847945754,0,1.5543122344752192e-15,1
clef|CD012669,1260,193,0.9670804496063211,0.9670804496063394,0,1.8318679906315083e-14,1
clef|CD012669,1260,214,0.9293706531535251,0.9293706531535362,0,1.1102230246251565e-14,1
clef|CD012669,1260,236,0.8906694781232156,0.8906694781233526,0,1.3700152123874432e-13,1
clef|CD012669,1260,257,0.8544952131548629,0.8544952131548965,0,3.3639757646142243e-14,1
clef|CD012669,1260,278,0.8190708589111502,0.8190708589113541,0,2.0394796962364126e-13,1
clef|CD012669,1260,300,0.963457390806577,0.9634573908065951,0,1.8096635301390052e-14,1
clef|CD012669,1260,321,0.9468127190247637,0.9468127190247888,0,2.5091040356528538e-14,1
clef|CD012669,1260,342,0.9049147550147363,0.9049147550147271,0,9.2148511043888e-15,1
clef|CD012669,1260,364,0.8620385698622061,0.8620385698621891,0,1.6986412276764895e-14,1
clef|CD012669,1260,385,0.8220819985810264,0.8220819985810419,0,1.554312234475219e-14,1
clef|CD012669,1260,406,0.7830735493303558,0.7830735493302947,0,6.106226635438361e-14,1
clef|CD012669,1260,428,0.7432244748778292,0.743224474877991,0,1.6187051699034782e-13,1
clef|CD012669,1260,449,0.7061574183559687,0.7061574183561584,0,1.8973711490843925e-13,1
clef|CD012669,1260,470,0.6700384838647273,0.670038483864726,0,1.3322676295501878e-15,1
clef|CD012669,1260,492,0.6332165201122266,0.6332165201126566,0,4.2998937743732313e-13,1
clef|CD012669,1260,513,0.5990389783499481,0.5990389783501386,0,1.9051427102567686e-13,1
clef|CD012669,1260,534,0.5658095586179837,0.5658095586180206,0,3.697042672001771e-14,1
clef|CD012669,1260,556,0.532014705566207,0.5320147055661857,0,2.1316282072803006e-14,1
clef|CD012669,1260,577,0.5007266785630976,0.5007266785629825,0,1.1513012765362873e-13,1
clef|CD012669,1260,598,0.47038677359020287,0.4703867735901789,0,2.398081733190338e-14,1
clef|CD012669,1260,620,0.43961903123847534,0.4396190312385785,0,1.0313971898767704e-13,1
clef|CD012669,1260,641,0.41122051899459566,0.4112205189946898,0,9.414691248821327e-14,1
clef|CD012669,1260,663,0.3824866166449481,0.3824866166448091,0,1.389999226830696e-13,1
clef|CD012669,1260,684,0.3560294971295934,0.35602949712983467,0,2.412514632510465e-13,1
clef|CD012669,1260,705,0.3305204996456421,0.33052049964526053,0,3.815836535636663e-13,1
clef|CD012669,1260,727,0.3048137079954776,0.3048137079956142,0,1.366129431801255e-13,1
clef|CD012669,1260,748,0.2812461032400767,0.2812461032399544,0,1.22291066162461e-13,1
clef|CD012669,1260,769,0.25862662051467855,0.2586266205146948,0,1.6264767310758543e-14,1
clef|CD012669,1260,791,0.23594693956530843,0.23594693956528281,0,2.5618396293225487e-14,1
clef|CD012669,1260,812,0.21526884956835224,0.2152688495689378,0,5.855593787629232e-13,1
clef|CD012669,1260,833,0.19553888160285782,0.19553888160299276,0,1.3494760864318778e-13,1
clef|CD012669,1260,855,0.1758863113535558,0.17588631135381508,0,2.592648318255897e-13,1
clef|CD012669,1260,876,0.15809773611613775,0.1580977361167846,0,6.468436897222318e-13,1
clef|CD012669,1260,897,0.14125728290987927,0.14125728291015416,0,2.7489122089718876e-13,1
clef|CD012669,1260,919,0.12463182336138467,0.12463182336121084,0,1.7383317008068389e-13,1
clef|CD012669,1260,940,0.10973276288338418,0.10973276288349494,0,1.1075862449416718e-13,1
clef|CD012669,1260,961,0.09578182443656347,0.09578182443617915,0,3.8431757776180575e-13,1
clef|CD012669,1260,983,0.08218347558741934,0.08218347558747019,0,5.084821452783217e-14,1
clef|CD012669,1260,1004,0.07017392986773274,0.07017392986906885,0,1.3361117767729525e-12,1
clef|CD012669,1260,1025,0.05911250618143815,0.05911250618106766,0,3.7048836221131864e-13,1
clef|CD012669,1260,1043,0.05038591361642386,0.05038591361554835,0,8.755079994315906e-13,1
clef|CD012669,1260,1044,0.04992152731602495,0.04992152731494421,0,1.0807396644274547e-12,1
clef|CD012669,1260,1047,0.048541268031498275,0.048541268032593045,0,1.0947701079011551e-12,1
clef|CD012669,1260,1068,0.039421237073780424,0.03942123707350634,0,2.740863092043355e-13,1
clef|CD012669,1260,1089,0.03124932814402981,0.03124932814481973,0,7.899202125738469e-13,1
clef|CD012669,1260,1111,0.023705200695947726,0.023705200696579456,0,6.317307787995219e-13,1
clef|CD012669,1260,1132,0.01747468449653322,0.01747468449680735,0,2.7412794256775896e-13,1
clef|CD012669,1260,1153,0.012192290327381117,0.01219229032743534,0,5.4223986412083036e-14,1
clef|CD012669,1260,1175,0.00767527357861697,0.007675273579429407,0,8.124369232920259e-13,1
clef|CD012669,1260,1196,0.0043342721380936755,0.004334272138971901,0,8.782254437567083e-13,1
clef|CD012669,1260,1217,0.001941392728234792,0.0019413927289144977,0,6.79705640729833e-13,1
clef|CD012669,1260,1239,0.0004514866806192286,0.00045148668114290626,0,5.23677672406575e-13,1
clef|CD012669,1260,1260,0.0,,1,,1
heldout|van_der_Waal_2022,1158,1,1.0,1.0,0,0.0,1
heldout|van_der_Waal_2022,1158,21,0.9964943032427694,0.9964943032427696,0,1.1102230246251565e-16,1
heldout|van_der_Waal_2022,1158,40,0.9920141969831426,0.9920141969831411,0,1.5543122344752192e-15,1
heldout|van_der_Waal_2022,1158,60,0.9945652173913048,0.9945652173913043,0,4.440892098500626e-16,1
heldout|van_der_Waal_2022,1158,79,0.9773550724637695,0.9773550724637681,0,1.4432899320127035e-15,1
heldout|van_der_Waal_2022,1158,99,0.9592391304347838,0.9592391304347826,0,1.2212453270876722e-15,1
heldout|van_der_Waal_2022,1158,119,0.9933078393881434,0.9933078393881453,0,1.887379141862766e-15,1
heldout|van_der_Waal_2022,1158,138,0.9751434034416757,0.9751434034416826,0,6.8833827526759706e-15,1
heldout|van_der_Waal_2022,1158,158,0.9560229445506588,0.9560229445506692,0,1.0325074129013956e-14,1
heldout|van_der_Waal_2022,1158,177,0.9378585086041901,0.9378585086042065,0,1.6431300764452317e-14,1
heldout|van_der_Waal_2022,1158,197,0.9187380497131709,0.9187380497131932,0,2.2315482794965646e-14,1
heldout|van_der_Waal_2022,1158,217,0.899617590822149,0.8996175908221797,0,3.0753177782116836e-14,1
heldout|van_der_Waal_2022,1158,236,0.881453154875681,0.881453154875717,0,3.597122599785507e-14,1
heldout|van_der_Waal_2022,1158,256,0.8623326959846643,0.8623326959847036,0,3.930189507173054e-14,1
heldout|van_der_Waal_2022,1158,276,0.8432122370936507,0.8432122370936903,0,3.963496197911809e-14,1
heldout|van_der_Waal_2022,1158,295,0.8250478011471905,0.8250478011472275,0,3.708144902248023e-14,1
heldout|van_der_Waal_2022,1158,315,0.8059273422561436,0.8059273422562141,0,7.049916206369744e-14,1
heldout|van_der_Waal_2022,1158,334,0.7877629063096611,0.7877629063097514,0,9.037215420448774e-14,1
heldout|van_der_Waal_2022,1158,354,0.7686424474186483,0.7686424474187381,0,8.981704269217516e-14,1
heldout|van_der_Waal_2022,1158,374,0.7495219885276325,0.7495219885277247,0,9.214851104388799e-14,1
heldout|van_der_Waal_2022,1158,393,0.7313575525811389,0.7313575525812619,0,1.2301271112846734e-13,1
heldout|van_der_Waal_2022,1158,413,0.7122370936900768,0.7122370936902486,0,1.7175150190951172e-13,1
heldout|van_der_Waal_2022,1158,432,0.694072657743682,0.6940726577437859,0,1.0391687510491465e-13,1
heldout|van_der_Waal_2022,1158,452,0.6749521988526452,0.6749521988527725,0,1.2723155862204294e-13,1
heldout|van_der_Waal_2022,1158,472,0.6558317399617044,0.655831739961759,0,5.46229728115577e-14,1
heldout|van_der_Waal_2022,1158,491,0.6376673040151485,0.6376673040152964,0,1.4788170688007085e-13,1
heldout|van_der_Waal_2022,1158,511,0.6185468451243427,0.618546845124283,0,5.96189764223709e-14,1
heldout|van_der_Waal_2022,1158,530,0.6003824091777505,0.6003824091778203,0,6.972200594645983e-14,1
heldout|van_der_Waal_2022,1158,550,0.5812619502868694,0.5812619502868068,0,6.261657858885883e-14,1
heldout|van_der_Waal_2022,1158,570,0.5621414913956698,0.5621414913957935,0,1.2367884494324244e-13,1
heldout|van_der_Waal_2022,1158,589,0.5439770554491866,0.5439770554493308,0,1.4421797089880783e-13,1
heldout|van_der_Waal_2022,1158,609,0.5248565965581149,0.5248565965583174,0,2.0250467969162855e-13,1
heldout|van_der_Waal_2022,1158,629,0.5057361376671646,0.505736137667304,0,1.3933298959045715e-13,1
heldout|van_der_Waal_2022,1158,648,0.4875717017203355,0.4875717017208413,0,5.058176100192213e-13,1
heldout|van_der_Waal_2022,1158,668,0.4684512428296238,0.4684512428298279,0,2.0411450307733503e-13,1
heldout|van_der_Waal_2022,1158,687,0.4502868068830308,0.4502868068833652,0,3.3439917501709715e-13,1
heldout|van_der_Waal_2022,1158,707,0.43116634799214215,0.4311663479923518,0,2.0966561820046081e-13,1
heldout|van_der_Waal_2022,1158,727,0.41204588910120044,0.41204588910133844,0,1.3800072196090696e-13,1
heldout|van_der_Waal_2022,1158,746,0.3938814531548217,0.3938814531548757,0,5.4012350148013866e-14,1
heldout|van_der_Waal_2022,1158,766,0.37476099426354703,0.37476099426386233,0,3.1530333899354446e-13,1
heldout|van_der_Waal_2022,1158,785,0.35659655831718273,0.3565965583173996,0,2.1688206786052433e-13,1
heldout|van_der_Waal_2022,1158,805,0.33747609942646295,0.33747609942638623,0,7.671641100159832e-14,1
heldout|van_der_Waal_2022,1158,825,0.31835564053543486,0.31835564053537285,0,6.200595592531499e-14,1
heldout|van_der_Waal_2022,1158,844,0.3001912045885998,0.30019120458891013,0,3.1030733538273125e-13,1
heldout|van_der_Waal_2022,1158,864,0.28107074569725576,0.28107074569789675,0,6.409872632673341e-13,1
heldout|van_der_Waal_2022,1158,883,0.2629063097506934,0.26290630975143403,0,7.406297797274419e-13,1
heldout|van_der_Waal_2022,1158,903,0.24378585085985316,0.24378585086042065,0,5.674904990371488e-13,1
heldout|van_der_Waal_2022,1158,923,0.22466539196877733,0.22466539196940727,0,6.299405441723138e-13,1
heldout|van_der_Waal_2022,1158,942,0.20650095602182672,0.20650095602294455,0,1.1178280523438389e-12,1
heldout|van_der_Waal_2022,1158,962,0.18738049713125415,0.18738049713193117,0,6.770140004164205e-13,1
heldout|van_der_Waal_2022,1158,982,0.16826003824112923,0.1682600382409178,0,2.1144197503986106e-13,1
heldout|van_der_Waal_2022,1158,1001,0.15009560229360464,0.15009560229445507,0,8.504308368628699e-13,1
heldout|van_der_Waal_2022,1158,1021,0.13097514340392913,0.13097514340344169,0,4.87443418961675e-13,1
heldout|van_der_Waal_2022,1158,1040,0.11281070745738742,0.11281070745697896,0,4.084510507595951e-13,1
heldout|van_der_Waal_2022,1158,1060,0.09369024856502772,0.09369024856596558,0,9.37860900052101e-13,1
heldout|van_der_Waal_2022,1158,1080,0.07456978967406358,0.0745697896749522,0,8.886225089099753e-13,1
heldout|van_der_Waal_2022,1158,1099,0.05640535372815858,0.05640535372848948,0,3.309019724895279e-13,1
heldout|van_der_Waal_2022,1158,1105,0.05066921606097308,0.05066921606118547,0,2.1239260350469635e-13,1
heldout|van_der_Waal_2022,1158,1106,0.049713193116498244,0.049713193116634795,0,1.3655049313499035e-13,1
heldout|van_der_Waal_2022,1158,1119,0.03728489483718622,0.0372848948374761,0,2.8987923172962837e-13,1
heldout|van_der_Waal_2022,1158,1138,0.019120458891429437,0.019120458891013385,0,4.1605260903132546e-13,1
heldout|van_der_Waal_2022,1158,1158,0.0,0.0,0,0.0,1
heldout|Kerschbaumer_2024b,1146,1,0.9991273996509598,0.9991273996509599,0,1.1102230246251565e-16,1
heldout|Kerschbaumer_2024b,1146,20,0.9964601769911521,0.9964601769911504,0,1.6653345369377348e-15,1
heldout|Kerschbaumer_2024b,1146,40,0.9990966576332437,0.999096657633243,0,7.771561172376096e-16,1
heldout|Kerschbaumer_2024b,1146,59,0.9990808823529405,0.9990808823529411,0,6.661338147750939e-16,1
heldout|Kerschbaumer_2024b,1146,79,0.9907149489322113,0.9907149489322191,0,7.771561172376096e-15,1
heldout|Kerschbaumer_2024b,1146,98,0.9952516619183273,0.9952516619183286,0,1.3322676295501878e-15,1
heldout|Kerschbaumer_2024b,1146,117,0.9772079772079709,0.9772079772079773,0,6.328271240363392e-15,1
heldout|Kerschbaumer_2024b,1146,137,0.9582146248812814,0.9582146248812915,0,1.0103029524088925e-14,1
heldout|Kerschbaumer_2024b,1146,156,0.9401709401709236,0.9401709401709402,0,1.6542323066914832e-14,1
heldout|Kerschbaumer_2024b,1146,176,0.9211775878442376,0.9211775878442545,0,1.687538997430238e-14,1
heldout|Kerschbaumer_2024b,1146,195,0.98651452282158,0.9865145228215768,0,3.219646771412954e-15,1
heldout|Kerschbaumer_2024b,1146,214,0.9668049792531195,0.966804979253112,0,7.438494264988549e-15,1
heldout|Kerschbaumer_2024b,1146,234,0.9460580912863198,0.946058091286307,0,1.27675647831893e-14,1
heldout|Kerschbaumer_2024b,1146,253,0.9263485477178579,0.9263485477178424,0,1.554312234475219e-14,1
heldout|Kerschbaumer_2024b,1146,273,0.9056016597510538,0.9056016597510373,0,1.6431300764452317e-14,1
heldout|Kerschbaumer_2024b,1146,292,0.8858921161826041,0.8858921161825726,0,3.1530333899354446e-14,1
heldout|Kerschbaumer_2024b,1146,312,0.8651452282157974,0.8651452282157677,0,2.9753977059954195e-14,1
heldout|Kerschbaumer_2024b,1146,331,0.845435684647345,0.8454356846473029,0,4.207745263329343e-14,1
heldout|Kerschbaumer_2024b,1146,350,0.8257261410788815,0.8257261410788381,0,4.340972026284362e-14,1
heldout|Kerschbaumer_2024b,1146,370,0.8049792531120714,0.8049792531120332,0,3.8191672047105385e-14,1
heldout|Kerschbaumer_2024b,1146,389,0.7852697095436179,0.7852697095435685,0,4.9404924595819466e-14,1
heldout|Kerschbaumer_2024b,1146,409,0.7645228215768272,0.7645228215767634,0,6.372680161348399e-14,1
heldout|Kerschbaumer_2024b,1146,428,0.744813278008367,0.7448132780082988,0,6.827871601444713e-14,1
heldout|Kerschbaumer_2024b,1146,447,0.7251037344399376,0.725103734439834,0,1.035838081975271e-13,1
heldout|Kerschbaumer_2024b,1146,467,0.7043568464731413,0.704356846473029,0,1.1235457009206584e-13,1
heldout|Kerschbaumer_2024b,1146,486,0.684647302904534,0.6846473029045643,0,3.0309088572266774e-14,1
heldout|Kerschbaumer_2024b,1146,506,0.6639004149378012,0.6639004149377593,0,4.18554080283684e-14,1
heldout|Kerschbaumer_2024b,1146,525,0.6441908713693576,0.6441908713692945,0,6.306066779870889e-14,1
heldout|Kerschbaumer_2024b,1146,544,0.6244813278011229,0.6244813278008299,0,2.929878561985788e-13,1
heldout|Kerschbaumer_2024b,1146,564,0.6037344398341142,0.603734439834025,0,8.926193117986259e-14,1
heldout|Kerschbaumer_2024b,1146,583,0.5840248962655253,0.5840248962655601,0,3.47499806707674e-14,1
heldout|Kerschbaumer_2024b,1146,603,0.5632780082987847,0.5632780082987552,0,2.9531932455029164e-14,1
heldout|Kerschbaumer_2024b,1146,622,0.543568464730259,0.5435684647302905,0,3.1530333899354446e-14,1
heldout|Kerschbaumer_2024b,1146,641,0.5238589211621552,0.5238589211618258,0,3.2940317140628395e-13,1
heldout|Kerschbaumer_2024b,1146,661,0.5031120331948593,0.5031120331950207,0,1.6142642778049776e-13,1
heldout|Kerschbaumer_2024b,1146,680,0.48340248962673593,0.483402489626556,0,1.7991164114050662e-13,1
heldout|Kerschbaumer_2024b,1146,700,0.462655601659839,0.46265560165975106,0,8.79296635503124e-14,1
heldout|Kerschbaumer_2024b,1146,719,0.44294605809155585,0.4429460580912863,0,2.69562150378988e-13,1
heldout|Kerschbaumer_2024b,1146,738,0.42323651452289746,0.42323651452282157,0,7.588374373312945e-14,1
heldout|Kerschbaumer_2024b,1146,758,0.4024896265562876,0.4024896265560166,0,2.710054403110007e-13,1
heldout|Kerschbaumer_2024b,1146,777,0.38278008298764266,0.3827800829875519,0,9.076073226310655e-14,1
heldout|Kerschbaumer_2024b,1146,797,0.3620331950209261,0.3620331950207469,0,1.7924550732573152e-13,1
heldout|Kerschbaumer_2024b,1146,816,0.3423236514525627,0.34232365145228216,0,2.8055335832277706e-13,1
heldout|Kerschbaumer_2024b,1146,835,0.32261410788392697,0.32261410788381745,0,1.0952350137927169e-13,1
heldout|Kerschbaumer_2024b,1146,855,0.3018672199165021,0.30186721991701243,0,5.103140132689532e-13,1
heldout|Kerschbaumer_2024b,1146,874,0.28215767634822664,0.2821576763485477,0,3.2107649872159527e-13,1
heldout|Kerschbaumer_2024b,1146,894,0.26141078838135823,0.26141078838174275,0,3.8452574457892297e-13,1
heldout|Kerschbaumer_2024b,1146,913,0.24170124481375987,0.241701244813278,0,4.818645482629336e-13,1
heldout|Kerschbaumer_2024b,1146,933,0.2209543568462221,0.22095435684647302,0,2.509104035652854e-13,1
heldout|Kerschbaumer_2024b,1146,952,0.20124481327760846,0.2012448132780083,0,3.9984682231875013e-13,1
heldout|Kerschbaumer_2024b,1146,971,0.1815352697094108,0.18153526970954356,0,1.327549181695531e-13,1
heldout|Kerschbaumer_2024b,1146,991,0.16078838174275079,0.1607883817427386,0,1.2184697695261093e-14,1
heldout|Kerschbaumer_2024b,1146,1010,0.14107883817407785,0.14107883817427386,0,1.9600987499757139e-13,1
heldout|Kerschbaumer_2024b,1146,1030,0.12033195020753362,0.12033195020746888,0,6.473988012345444e-14,1
heldout|Kerschbaumer_2024b,1146,1049,0.10062240663844368,0.10062240663900415,0,5.604683384063947e-13,1
heldout|Kerschbaumer_2024b,1146,1068,0.08091286306971968,0.08091286307053942,0,8.197470480197921e-13,1
heldout|Kerschbaumer_2024b,1146,1088,0.060165975104022884,0.06016597510373444,0,2.884428806915196e-13,1
heldout|Kerschbaumer_2024b,1146,1097,0.050829875518916934,0.0508298755186722,0,2.4473478799080794e-13,1
heldout|Kerschbaumer_2024b,1146,1098,0.04979253112038973,0.049792531120331954,0,5.777323064393158e-14,1
heldout|Kerschbaumer_2024b,1146,1107,0.04045643153515921,0.04045643153526971,0,1.1050188541972261e-13,1
heldout|Kerschbaumer_2024b,1146,1127,0.019709543569621513,0.01970954356846473,0,1.156783002720374e-12,1
heldout|Kerschbaumer_2024b,1146,1146,0.0,0.0,0,0.0,1
clef|CD007867,943,1,1.0,1.0,0,0.0,1
clef|CD007867,943,17,0.9989212513484365,0.9989212513484358,0,6.661338147750939e-16,1
clef|CD007867,943,33,0.9848484848484934,0.9848484848484849,0,8.548717289613705e-15,1
clef|CD007867,943,49,0.9878453038674185,0.9878453038674033,0,1.5210055437364645e-14,1
clef|CD007867,943,65,0.9701657458563914,0.9701657458563536,0,3.774758283725532e-14,1
clef|CD007867,943,81,0.9524861878453613,0.9524861878453039,0,5.739853037312059e-14,1
clef|CD007867,943,97,0.9348066298343376,0.9348066298342541,0,8.348877145181177e-14,1
clef|CD007867,943,113,0.9171270718233061,0.9171270718232044,0,1.0169642905566434e-13,1
clef|CD007867,943,129,0.8994475138122753,0.8994475138121547,0,1.20570220474292e-13,1
clef|CD007867,943,145,0.8817679558012499,0.881767955801105,0,1.4488410471358293e-13,1
clef|CD007867,943,161,0.8640883977902081,0.8640883977900552,0,1.5287771049088406e-13,1
clef|CD007867,943,177,0.8464088397792012,0.8464088397790055,0,1.957323192414151e-13,1
clef|CD007867,943,193,0.8287292817681898,0.8287292817679558,0,2.34035013590983e-13,1
clef|CD007867,943,209,0.8110497237571699,0.8110497237569061,0,2.637889906509372e-13,1
clef|CD007867,943,225,0.7933701657461345,0.7933701657458563,0,2.7822188997106423e-13,1
clef|CD007867,943,240,0.7767955801108,0.7767955801104972,0,3.027578188152802e-13,1
clef|CD007867,943,256,0.7591160220997651,0.7591160220994475,0,3.176348073452573e-13,1
clef|CD007867,943,272,0.7414364640887772,0.7414364640883977,0,3.794742298168785e-13,1
clef|CD007867,943,288,0.7237569060777045,0.7237569060773481,0,3.5638159090467525e-13,1
clef|CD007867,943,304,0.7060773480666289,0.7060773480662983,0,3.306244167333716e-13,1
clef|CD007867,943,320,0.688397790055666,0.6883977900552486,0,4.1744385725905886e-13,1
clef|CD007867,943,336,0.6707182320446444,0.6707182320441989,0,4.455324997820753e-13,1
clef|CD007867,943,352,0.6530386740335543,0.6530386740331491,0,4.0523140398818214e-13,1
clef|CD007867,943,368,0.635359116022554,0.6353591160220995,0,4.545253062815391e-13,1
clef|CD007867,943,384,0.6176795580115105,0.6176795580110497,0,4.608535775219025e-13,1
clef|CD007867,943,400,0.6000000000007223,0.6,0,7.223110998211268e-13,1
clef|CD007867,943,416,0.582320441989581,0.5823204419889503,0,6.307177002895514e-13,1
clef|CD007867,943,432,0.56464088397825,0.5646408839779005,0,3.494982081519993e-13,1
clef|CD007867,943,448,0.5469613259676983,0.5469613259668509,0,8.47433234696382e-13,1
clef|CD007867,943,464,0.5292817679562636,0.5292817679558011,0,4.625189120588402e-13,1
clef|CD007867,943,480,0.5116022099452702,0.5116022099447514,0,5.188072194073357e-13,1
clef|CD007867,943,496,0.4939226519343386,0.4939226519337018,0,6.368239269249898e-13,1
clef|CD007867,943,512,0.47624309392348374,0.47624309392265196,0,8.317790900491673e-13,1
clef|CD007867,943,528,0.4585635359122481,0.4585635359116022,0,6.458722445756848e-13,1
clef|CD007867,943,544,0.4408839779011108,0.4408839779005526,0,5.581646256302975e-13,1
clef|CD007867,943,560,0.42320441988994284,0.4232044198895028,0,4.400368958101808e-13,1
clef|CD007867,943,576,0.40552486187906,0.40552486187845305,0,6.069589275625731e-13,1
clef|CD007867,943,592,0.3878453038679347,0.3878453038674033,0,5.314082507368312e-13,1
clef|CD007867,943,608,0.37016574585727335,0.3701657458563536,0,9.19764264750711e-13,1
clef|CD007867,943,624,0.3524861878460095,0.3524861878453039,0,7.056022433005182e-13,1
clef|CD007867,943,640,0.3348066298350699,0.3348066298342542,0,8.157363673433338e-13,1
clef|CD007867,943,656,0.31712707182405164,0.31712707182320443,0,8.47211190091457e-13,1
clef|CD007867,943,672,0.2994475138131719,0.29944751381215473,0,1.0171863351615684e-12,1
clef|CD007867,943,688,0.2817679558026619,0.281767955801105,0,1.5569212585830883e-12,1
clef|CD007867,943,704,0.26408839779142157,0.2640883977900553,0,1.3662959652549489e-12,1
clef|CD007867,943,719,0.2475138121553737,0.24751381215469614,0,6.77569111928733e-13,1
clef|CD007867,943,735,0.22983425414459602,0.22983425414364642,0,9.49601508537512e-13,1
clef|CD007867,943,751,0.2121546961338825,0.21215469613259672,0,1.2857770403940094e-12,1
clef|CD007867,943,767,0.19447513812302963,0.19447513812154696,0,1.482675093811281e-12,1
clef|CD007867,943,783,0.17679558011199636,0.17679558011049723,0,1.4991341501513489e-12,1
clef|CD007867,943,799,0.1591160221008503,0.1591160220994475,0,1.402794547189501e-12,1
clef|CD007867,943,815,0.14143646408932475,0.1414364640883978,0,9.269529588351588e-13,1
clef|CD007867,943,831,0.12375690607729661,0.12375690607734807,0,5.1458837191376006e-14,1
clef|CD007867,943,847,0.10607734806804103,0.10607734806629836,0,1.7426754483906848e-12,1
clef|CD007867,943,863,0.08839779005619008,0.08839779005524862,0,9.414691248821327e-13,1
clef|CD007867,943,879,0.07071823204581595,0.0707182320441989,0,1.6170537131543483e-12,1
clef|CD007867,943,895,0.05303867403400142,0.05303867403314918,0,8.522418881717897e-13,1
clef|CD007867,943,897,0.050828729282462626,0.05082872928176796,0,6.946665465079604e-13,1
clef|CD007867,943,898,0.049723756908097716,0.049723756906077346,0,2.020369982425052e-12,1
clef|CD007867,943,911,0.03535911602276243,0.03535911602209945,0,6.629766180488161e-13,1
clef|CD007867,943,927,0.01767955801158061,0.017679558011049725,0,5.308843642470862e-13,1
clef|CD007867,943,943,0.0,0.0,0,0.0,1
heldout|Roberts_2021,883,1,0.9988674971687429,0.9988674971687429,0,0.0,1
heldout|Roberts_2021,883,16,0.994266055045868,0.9942660550458715,0,3.552713678800501e-15,1
heldout|Roberts_2021,883,31,0.9770642201834717,0.9770642201834863,0,1.454392162258955e-14,1
heldout|Roberts_2021,883,46,0.9598623853210748,0.9598623853211009,0,2.609024107869118e-14,1
heldout|Roberts_2021,883,61,0.9426605504586794,0.9426605504587156,0,3.6193270602780103e-14,1
heldout|Roberts_2021,883,76,0.9254587155962851,0.9254587155963303,0,4.518607710224387e-14,1
heldout|Roberts_2021,883,91,0.9082568807338776,0.908256880733945,0,6.7390537594747e-14,1
heldout|Roberts_2021,883,106,0.8910550458714949,0.8910550458715596,0,6.472600233564663e-14,1
heldout|Roberts_2021,883,121,0.8738532110091008,0.8738532110091743,0,7.349676423018536e-14,1
heldout|Roberts_2021,883,136,0.8566513761467124,0.856651376146789,0,7.66053886991358e-14,1
heldout|Roberts_2021,883,150,0.8405963302751323,0.8405963302752293,0,9.703349235223868e-14,1
heldout|Roberts_2021,883,165,0.8233944954127326,0.823394495412844,0,1.1146639167236572e-13,1
heldout|Roberts_2021,883,180,0.8061926605503295,0.8061926605504587,0,1.2922996006636822e-13,1
heldout|Roberts_2021,883,195,0.7889908256879747,0.7889908256880733,0,9.85878045867139e-14,1
heldout|Roberts_2021,883,210,0.7717889908255207,0.7717889908256881,0,1.674216321134736e-13,1
heldout|Roberts_2021,883,225,0.7545871559631548,0.7545871559633027,0,1.4788170688007085e-13,1
heldout|Roberts_2021,883,240,0.7373853211007986,0.7373853211009174,0,1.1879386363489175e-13,1
heldout|Roberts_2021,883,255,0.7201834862382639,0.7201834862385321,0,2.682298827494378e-13,1
heldout|Roberts_2021,883,270,0.7029816513759243,0.7029816513761468,0,2.2248869413488137e-13,1
heldout|Roberts_2021,883,285,0.6857798165134832,0.6857798165137614,0,2.7822188997106423e-13,1
heldout|Roberts_2021,883,300,0.6685779816511295,0.6685779816513762,0,2.466915560717098e-13,1
heldout|Roberts_2021,883,315,0.6513761467886583,0.6513761467889908,0,3.325117958752344e-13,1
heldout|Roberts_2021,883,330,0.6341743119263525,0.6341743119266054,0,2.5290880500961066e-13,1
heldout|Roberts_2021,883,345,0.616972477064121,0.6169724770642202,0,9.9253938401489e-14,1
heldout|Roberts_2021,883,360,0.5997706422016188,0.5997706422018348,0,2.1604940059205546e-13,1
heldout|Roberts_2021,883,375,0.5825688073391152,0.5825688073394495,0,3.3428815271463463e-13,1
heldout|Roberts_2021,883,390,0.5653669724767381,0.5653669724770642,0,3.26183524634871e-13,1
heldout|Roberts_2021,883,405,0.5481651376141905,0.5481651376146789,0,4.883871085326064e-13,1
heldout|Roberts_2021,883,420,0.530963302752138,0.5309633027522935,0,1.5554224574998443e-13,1
heldout|Roberts_2021,883,435,0.5137614678893896,0.5137614678899083,0,5.186961971048731e-13,1
heldout|Roberts_2021,883,449,0.49770642201825166,0.49770642201834864,0,9.697798120100742e-14,1
heldout|Roberts_2021,883,464,0.4805045871557666,0.48050458715596334,0,1.9673151996357774e-13,1
heldout|Roberts_2021,883,479,0.46330275229326223,0.463302752293578,0,3.157474282033945e-13,1
heldout|Roberts_2021,883,494,0.44610091743050806,0.4461009174311927,0,6.846190281351028e-13,1
heldout|Roberts_2021,883,509,0.4288990825685163,0.4288990825688074,0,2.9110047705671604e-13,1
heldout|Roberts_2021,883,524,0.41169724770603655,0.411697247706422,0,3.8546943414985435e-13,1
heldout|Roberts_2021,883,539,0.3944954128438475,0.3944954128440367,0,1.8923751454735793e-13,1
heldout|Roberts_2021,883,554,0.37729357798153484,0.3772935779816514,0,1.1657341758564144e-13,1
heldout|Roberts_2021,883,569,0.36009174311892966,0.36009174311926606,0,3.3639757646142243e-13,1
heldout|Roberts_2021,883,584,0.34288990825669197,0.34288990825688076,0,1.8879342533750787e-13,1
heldout|Roberts_2021,883,599,0.3256880733941373,0.32568807339449546,0,3.581579477440755e-13,1
heldout|Roberts_2021,883,614,0.30848623853178747,0.3084862385321101,0,3.226308109560705e-13,1
heldout|Roberts_2021,883,629,0.29128440366926933,0.2912844036697248,0,4.554689958524705e-13,1
heldout|Roberts_2021,883,644,0.2740825688066776,0.27408256880733944,0,6.618594561302871e-13,1
heldout|Roberts_2021,883,659,0.2568807339442811,0.25688073394495414,0,6.730171975277699e-13,1
heldout|Roberts_2021,883,674,0.23967889908220685,0.2396788990825688,0,3.6196046160341666e-13,1
heldout|Roberts_2021,883,689,0.22247706421993785,0.22247706422018348,0,2.456368441983159e-13,1
heldout|Roberts_2021,883,704,0.20527522935761822,0.20527522935779818,0,1.7996715229173788e-13,1
heldout|Roberts_2021,883,719,0.18807339449429883,0.18807339449541285,0,1.1140255384844977e-12,1
heldout|Roberts_2021,883,734,0.17087155963274536,0.17087155963302753,0,2.8216318170848353e-13,1
heldout|Roberts_2021,883,748,0.15481651376032934,0.1548165137614679,0,1.1385614673287137e-12,1
heldout|Roberts_2021,883,763,0.13761467889801848,0.13761467889908258,0,1.0640932579519813e-12,1
heldout|Roberts_2021,883,778,0.12041284403607322,0.12041284403669725,0,6.240286065661849e-13,1
heldout|Roberts_2021,883,793,0.10321100917394466,0.10321100917431193,0,3.672756543338096e-13,1
heldout|Roberts_2021,883,808,0.08600917431179977,0.08600917431192662,0,1.2684298056342413e-13,1
heldout|Roberts_2021,883,823,0.0688073394498333,0.06880733944954129,0,2.920164110520318e-13,1
heldout|Roberts_2021,883,838,0.05160550458721347,0.051605504587155966,0,5.75026137816792e-14,1
heldout|Roberts_2021,883,839,0.05045871559529902,0.05045871559633028,0,1.0312584119986923e-12,1
heldout|Roberts_2021,883,840,0.049311926605680956,0.04931192660550459,0,1.7636586635561002e-13,1
heldout|Roberts_2021,883,853,0.03440366972296294,0.034403669724770644,0,1.8077067620581033e-12,1
heldout|Roberts_2021,883,868,0.017201834861418797,0.017201834862385322,0,9.665254707691417e-13,1
heldout|Roberts_2021,883,883,0.0,0.0,0,0.0,1
heldout|Harms_2024,840,1,1.0,1.0,0,0.0,1
heldout|Harms_2024,840,15,0.9999970721795574,0.9999970721795574,0,0.0,1
heldout|Harms_2024,840,29,0.9999999999979853,0.9999999999979853,0,0.0,1
heldout|Harms_2024,840,44,0.9974905897114166,0.9974905897114178,0,1.2212453270876722e-15,1
heldout|Harms_2024,840,58,0.9999707775342365,0.9999707775342365,0,0.0,1
heldout|Harms_2024,840,72,0.961884699514797,0.9618846995148906,0,9.35918009759007e-14,1
heldout|Harms_2024,840,86,0.9920740039945332,0.9920740039945338,0,6.661338147750939e-16,1
heldout|Harms_2024,840,101,0.9642891072253487,0.9642891072253056,0,4.3076653355456074e-14,1
heldout|Harms_2024,840,115,0.9104452677594617,0.9104452677594005,0,6.117328865684613e-14,1
heldout|Harms_2024,840,129,0.9874302991915681,0.9874302991915521,0,1.5987211554602254e-14,1
heldout|Harms_2024,840,143,0.9301630575485127,0.9301630575485311,0,1.84297022087776e-14,1
heldout|Harms_2024,840,157,0.8751539453105114,0.8751539453104153,0,9.603429163007604e-14,1
heldout|Harms_2024,840,172,0.9521127670532235,0.9521127670532631,0,3.963496197911809e-14,1
heldout|Harms_2024,840,186,0.8934091344479183,0.8934091344479619,0,4.363176486776865e-14,1
heldout|Harms_2024,840,200,0.9768884074519698,0.9768884074519785,0,8.659739592076221e-15,1
heldout|Harms_2024,840,214,0.9140761664242423,0.9140761664243133,0,7.105427357601002e-14,1
heldout|Harms_2024,840,229,0.8498294615576045,0.8498294615576945,0,8.992806499463768e-14,1
heldout|Harms_2024,840,243,0.7926491562710879,0.7926491562710815,0,6.439293542825908e-15,1
heldout|Harms_2024,840,257,0.7380930515609503,0.7380930515609495,0,7.771561172376096e-16,1
heldout|Harms_2024,840,271,0.6860995051316432,0.6860995051318783,0,2.3514523661560816e-13,1
heldout|Harms_2024,840,285,0.6366068746881486,0.636606874688447,0,2.984279490192421e-13,1
heldout|Harms_2024,840,300,0.5862842747674549,0.5862842747673869,0,6.80566714095221e-14,1
heldout|Harms_2024,840,314,0.5417760214612939,0.5417760214615829,0,2.8899105330992825e-13,1
heldout|Harms_2024,840,328,0.49957935423383204,0.4995793542340552,0,2.2315482794965646e-13,1
heldout|Harms_2024,840,342,0.4596326307891452,0.459632630789383,0,2.3780977187470853e-13,1
heldout|Harms_2024,840,357,0.4192592860494777,0.4192592860501284,0,6.507017147328042e-13,1
heldout|Harms_2024,840,371,0.38377706875136175,0.383777068751602,0,2.402522625288839e-13,1
heldout|Harms_2024,840,385,0.35035546532810913,0.35035546532856754,0,4.584110868677271e-13,1
heldout|Harms_2024,840,399,0.31893283348525636,0.31893283348560447,0,3.4811042937121783e-13,1
heldout|Harms_2024,840,413,0.2894475309270149,0.2894475309272919,0,2.7700064464397656e-13,1
heldout|Harms_2024,840,428,0.25993594502804296,0.2599359450287308,0,6.878386749065157e-13,1
heldout|Harms_2024,840,442,0.2342675900125859,0.23426759001313946,0,5.535572000781031e-13,1
heldout|Harms_2024,840,456,0.21034723437463454,0.210347234374835,0,2.0045076709607201e-13,1
heldout|Harms_2024,840,470,0.18811323581824213,0.18811323581839695,0,1.5482060078397808e-13,1
heldout|Harms_2024,840,484,0.16750395204827895,0.1675039520484045,0,1.2553846850948958e-13,1
heldout|Harms_2024,840,499,0.147155479884862,0.14715547988549452,0,6.325218127045673e-13,1
heldout|Harms_2024,840,513,0.1297155850546634,0.12971558505479852,0,1.3511414209688155e-13,1
heldout|Harms_2024,840,527,0.1137110751029542,0.11371107510318458,0,2.303851553975278e-13,1
heldout|Harms_2024,840,541,0.0990803077349317,0.09908030773523195,0,3.0024593922206577e-13,1
heldout|Harms_2024,840,556,0.08485888654227192,0.08485888654335662,0,1.0847017728465858e-12,1
heldout|Harms_2024,840,570,0.07287763712284367,0.07287763712321876,0,3.7508884886960914e-13,1
heldout|Harms_2024,840,584,0.06208080037828401,0.062080800379378666,0,1.0946590855986926e-12,1
heldout|Harms_2024,840,598,0.05240673401580742,0.05240673401641563,0,6.082079284652764e-13,1
heldout|Harms_2024,840,601,0.05047387514610269,0.050473875146046634,0,5.605238495576259e-14,1
heldout|Harms_2024,840,602,0.049840311859595365,0.049840311859694585,0,9.921924393196946e-14,1
heldout|Harms_2024,840,612,0.04379379573841147,0.04379379573890893,0,4.97463181758917e-13,1
heldout|Harms_2024,840,627,0.03567314217763773,0.0356731421778196,0,1.8186840922140846e-13,1
heldout|Harms_2024,840,641,0.029062163244175987,0.02906216324470307,0,5.27081850387745e-13,1
heldout|Harms_2024,840,655,0.02332298248988096,0.023322982489679296,0,2.0166507352925578e-13,1
heldout|Harms_2024,840,669,0.018393957616604895,0.018393957617327594,0,7.226996778797456e-13,1
heldout|Harms_2024,840,684,0.013941851816053452,0.01394185181632483,0,2.713784058583357e-13,1
heldout|Harms_2024,840,698,0.010494915296727636,0.010494915296881561,0,1.5392548347037405e-13,1
heldout|Harms_2024,840,712,0.007668804751938207,0.007668804752746779,0,8.085719593875496e-13,1
heldout|Harms_2024,840,726,0.00540187788802915,0.005401877888499781,0,4.706313463942458e-13,1
heldout|Harms_2024,840,740,0.00363249240854413,0.003632492408719869,0,1.757387638190444e-13,1
heldout|Harms_2024,840,755,0.002218808133147232,0.00221880813363798,0,4.907480671834108e-13,1
heldout|Harms_2024,840,769,0.0012839524029985006,0.001283952403341893,0,3.433924151974299e-13,1
heldout|Harms_2024,840,783,0.0006573081493351784,0.0006573081501493095,0,8.141310976067517e-13,1
heldout|Harms_2024,840,797,0.0002772330779909904,0.0002772330786395294,0,6.485390024492388e-13,1
heldout|Harms_2024,840,812,7.359335209689011e-05,7.359335269614281e-05,0,5.992527031236164e-13,1
heldout|Harms_2024,840,826,8.1770387524438e-06,8.17703918846031e-06,0,4.3601651152427867e-13,1
heldout|Harms_2024,840,840,0.0,,1,,1
heldout|Chueca_2023,609,1,0.9983579638752051,0.9983579638752053,0,1.1102230246251565e-16,1
heldout|Chueca_2023,609,11,0.9966666666666658,0.9966666666666667,0,8.881784197001252e-16,1
heldout|Chueca_2023,609,22,0.9865546218487407,0.9865546218487395,0,1.1102230246251565e-15,1
heldout|Chueca_2023,609,32,0.9999643895780165,0.9999643895780165,0,0.0,1
heldout|Chueca_2023,609,42,0.9997826086956522,0.9997826086956522,0,0.0,1
heldout|Chueca_2023,609,53,0.9964157706093186,0.996415770609319,0,3.3306690738754696e-16,1
heldout|Chueca_2023,609,63,0.9784946236559118,0.978494623655914,0,2.220446049250313e-15,1
heldout|Chueca_2023,609,73,0.9605734767025046,0.9605734767025089,0,4.3298697960381105e-15,1
heldout|Chueca_2023,609,83,0.9924528301886811,0.9924528301886792,0,1.887379141862766e-15,1
heldout|Chueca_2023,609,94,0.9942084942084947,0.9942084942084942,0,4.440892098500626e-16,1
heldout|Chueca_2023,609,104,0.9994174887791909,0.9994174887791909,0,0.0,1
heldout|Chueca_2023,609,114,0.9801980198019825,0.9801980198019802,0,2.3314683517128287e-15,1
heldout|Chueca_2023,609,125,0.9584158415841636,0.9584158415841584,0,5.218048215738236e-15,1
heldout|Chueca_2023,609,135,0.9386138613861456,0.9386138613861386,0,6.994405055138486e-15,1
heldout|Chueca_2023,609,145,0.9188118811881287,0.9188118811881187,0,9.992007221626409e-15,1
heldout|Chueca_2023,609,156,0.989580386610091,0.9895803866100896,0,1.3322676295501878e-15,1
heldout|Chueca_2023,609,166,0.9779249448123566,0.977924944812362,0,5.440092820663267e-15,1
heldout|Chueca_2023,609,176,0.9796380090497777,0.9796380090497737,0,3.9968028886505635e-15,1
heldout|Chueca_2023,609,186,0.9570135746606422,0.9570135746606335,0,8.659739592076221e-15,1
heldout|Chueca_2023,609,197,0.9321266968325923,0.9321266968325792,0,1.3100631690576847e-14,1
heldout|Chueca_2023,609,207,0.9781021897810349,0.9781021897810219,0,1.2989609388114332e-14,1
heldout|Chueca_2023,609,217,0.9537712895377408,0.9537712895377128,0,2.7977620220553945e-14,1
heldout|Chueca_2023,609,228,0.9270072992701164,0.927007299270073,0,4.340972026284362e-14,1
heldout|Chueca_2023,609,238,0.9026763990268213,0.902676399026764,0,5.728750807065808e-14,1
heldout|Chueca_2023,609,248,0.8783454987835267,0.878345498783455,0,7.172040739078511e-14,1
heldout|Chueca_2023,609,259,0.8515815085159054,0.8515815085158152,0,9.026113190202523e-14,1
heldout|Chueca_2023,609,269,0.8272506082726058,0.8272506082725061,0,9.969802761133906e-14,1
heldout|Chueca_2023,609,279,0.8029197080293167,0.8029197080291971,0,1.1957101975212936e-13,1
heldout|Chueca_2023,609,290,0.7761557177616885,0.7761557177615572,0,1.312283615106935e-13,1
heldout|Chueca_2023,609,300,0.7518248175183817,0.7518248175182481,0,1.3355982986240633e-13,1
heldout|Chueca_2023,609,310,0.7274939172750743,0.7274939172749393,0,1.3500311979441904e-13,1
heldout|Chueca_2023,609,320,0.7031630170318273,0.7031630170316302,0,1.9706458687096529e-13,1
heldout|Chueca_2023,609,331,0.6763990267641962,0.6763990267639903,0,2.0583534876550402e-13,1
heldout|Chueca_2023,609,341,0.6520681265208738,0.6520681265206814,0,1.9240165016753963e-13,1
heldout|Chueca_2023,609,351,0.6277372262775742,0.6277372262773723,0,2.0194956817931597e-13,1
heldout|Chueca_2023,609,362,0.600973236009983,0.6009732360097324,0,2.5057733665789783e-13,1
heldout|Chueca_2023,609,372,0.5766423357666822,0.5766423357664234,0,2.58792987040124e-13,1
heldout|Chueca_2023,609,382,0.5523114355234524,0.5523114355231145,0,3.3795188869589765e-13,1
heldout|Chueca_2023,609,393,0.5255474452558354,0.5255474452554745,0,3.609335053056384e-13,1
heldout|Chueca_2023,609,403,0.5012165450124579,0.5012165450121655,0,2.9243274468626623e-13,1
heldout|Chueca_2023,609,413,0.4768856447690897,0.4768856447688564,0,2.332578574737454e-13,1
heldout|Chueca_2023,609,424,0.4501216545015575,0.4501216545012165,0,3.4100500201361683e-13,1
heldout|Chueca_2023,609,434,0.42579075425824464,0.42579075425790747,0,3.3717473257866004e-13,1
heldout|Chueca_2023,609,444,0.40145985401497697,0.40145985401459855,0,3.784195179434846e-13,1
heldout|Chueca_2023,609,454,0.3771289537715107,0.3771289537712895,0,2.2115642650533118e-13,1
heldout|Chueca_2023,609,465,0.35036496350414437,0.35036496350364965,0,4.947153797729698e-13,1
heldout|Chueca_2023,609,475,0.3260340632607498,0.3260340632603406,0,4.0917269572560144e-13,1
heldout|Chueca_2023,609,485,0.3017031630175657,0.3017031630170316,0,5.341282971471628e-13,1
heldout|Chueca_2023,609,496,0.27493917274989366,0.2749391727493917,0,5.019318294330333e-13,1
heldout|Chueca_2023,609,506,0.2506082725063117,0.2506082725060827,0,2.2898349882893854e-13,1
heldout|Chueca_2023,609,516,0.2262773722634709,0.22627737226277372,0,6.97164548313367e-13,1
heldout|Chueca_2023,609,527,0.1995133819956013,0.1995133819951338,0,4.675149156696534e-13,1
heldout|Chueca_2023,609,537,0.17518248175233975,0.17518248175182483,0,5.149214388211476e-13,1
heldout|Chueca_2023,609,547,0.1508515815090956,0.1508515815085158,0,5.79813974610488e-13,1
heldout|Chueca_2023,609,557,0.1265206812653169,0.1265206812652068,0,1.101063684671999e-13,1
heldout|Chueca_2023,609,568,0.09975669099798423,0.0997566909975669,0,4.1733283495659634e-13,1
heldout|Chueca_2023,609,578,0.07542579075509837,0.0754257907542579,0,8.404665852168591e-13,1
heldout|Chueca_2023,609,588,0.051094890511830804,0.051094890510948905,0,8.818987207170892e-13,1
heldout|Chueca_2023,609,589,0.048661800487122875,0.048661800486618,0,5.048739204482899e-13,1
heldout|Chueca_2023,609,599,0.024330900243583198,0.024330900243309,0,2.7419733150679804e-13,1
heldout|Chueca_2023,609,609,0.0,0.0,0,0.0,1
clef|CD012551,591,1,1.0,1.0,0,0.0,1
clef|CD012551,591,11,0.9999999997915362,0.9999999997915362,0,0.0,1
clef|CD012551,591,21,0.9999999679399282,0.9999999679399282,0,0.0,1
clef|CD012551,591,31,0.9893617693722708,0.9893617693722622,0,8.659739592076221e-15,1
clef|CD012551,591,41,0.9855987361356799,0.9855987361356826,0,2.6645352591003757e-15,1
clef|CD012551,591,51,0.9963031423290208,0.9963031423290203,0,5.551115123125783e-16,1
clef|CD012551,591,61,0.9887641241941625,0.9887641241941627,0,2.220446049250313e-16,1
clef|CD012551,591,71,0.9517696680726451,0.9517696680726205,0,2.453592884421596e-14,1
clef|CD012551,591,81,0.9806580786521034,0.9806580786521099,0,6.439293542825908e-15,1
clef|CD012551,591,91,0.9425408938083164,0.9425408938083185,0,2.1094237467877974e-15,1
clef|CD012551,591,101,0.905179252767161,0.9051792527671791,0,1.8096635301390052e-14,1
clef|CD012551,591,111,0.8685731555287417,0.8685731555286917,0,4.9960036108132044e-14,1
clef|CD012551,591,121,0.8327226020927894,0.8327226020928563,0,6.694644838489694e-14,1
clef|CD012551,591,131,0.7976275924596351,0.7976275924596729,0,3.774758283725532e-14,1
clef|CD012551,591,141,0.7632881266290847,0.7632881266291414,0,5.6621374255882984e-14,1
clef|CD012551,591,151,0.7297042046011462,0.7297042046012618,0,1.156852391659413e-13,1
clef|CD012551,591,161,0.6968758263760364,0.6968758263760342,0,2.220446049250313e-15,1
clef|CD012551,591,171,0.6648029919535062,0.6648029919534586,0,4.7628567756419216e-14,1
clef|CD012551,591,181,0.633485701333682,0.6334857013335349,0,1.4710455076283324e-13,1
clef|CD012551,591,191,0.6029239545162058,0.602923954516263,0,5.717648576819556e-14,1
clef|CD012551,591,201,0.5731177515017513,0.5731177515016433,0,1.0791367799356522e-13,1
clef|CD012551,591,211,0.5440670922897479,0.5440670922896755,0,7.238654120556021e-14,1
clef|CD012551,591,221,0.5157719768802309,0.5157719768803597,0,1.2878587085651816e-13,1
clef|CD012551,591,231,0.4882324052737407,0.4882324052736958,0,4.4853010194856324e-14,1
clef|CD012551,591,241,0.46144837746952894,0.4614483774696839,0,1.5498713423767185e-13,1
clef|CD012551,591,251,0.4354198934682959,0.43541989346832377,0,2.786659791809143e-14,1
clef|CD012551,591,261,0.41014695326944783,0.41014695326961575,0,1.6792123247455493e-13,1
clef|CD012551,591,271,0.3856295568735493,0.3856295568735597,0,1.0436096431476471e-14,1
clef|CD012551,591,281,0.3618677042802033,0.36186770428015563,0,4.7684078907650473e-14,1
clef|CD012551,591,291,0.33886139548932037,0.33886139548940347,0,8.310019339319297e-14,1
clef|CD012551,591,301,0.31661063050114224,0.3166106305013033,0,1.6103784972187896e-13,1
clef|CD012551,591,311,0.2951154093155536,0.29511540931585506,0,3.0148106233696126e-13,1
clef|CD012551,591,321,0.2743757319332316,0.27437573193305886,0,1.7275070263167436e-13,1
clef|CD012551,591,331,0.2543915983526971,0.2543915983529145,0,2.174371793728369e-13,1
clef|CD012551,591,341,0.23516300857540362,0.23516300857542216,0,1.8540724511240114e-14,1
clef|CD012551,591,351,0.216689962600638,0.21668996260058174,0,5.626055177287981e-14,1
clef|CD012551,591,361,0.19897246042849015,0.1989724604283933,0,9.683920332292928e-14,1
clef|CD012551,591,371,0.18201050205888758,0.18201050205885683,0,3.0753177782116836e-14,1
clef|CD012551,591,381,0.16580408749199982,0.16580408749197234,0,2.7478019859472624e-14,1
clef|CD012551,591,391,0.15035321672752366,0.15035321672773977,0,2.1610491174328672e-13,1
clef|CD012551,591,401,0.1356578897659777,0.1356578897661592,0,1.8149370895059747e-13,1
clef|CD012551,591,411,0.12171810660710258,0.12171810660723055,0,1.279670813758571e-13,1
clef|CD012551,591,421,0.10853386725085556,0.10853386725095386,0,9.82963710427498e-14,1
clef|CD012551,591,431,0.09610517169691657,0.09610517169732914,0,4.12572753738516e-13,1
clef|CD012551,591,441,0.08443201994604743,0.0844320199463564,0,3.0896118996537325e-13,1
clef|CD012551,591,451,0.07351441199769038,0.07351441199803557,0,3.451960939315768e-13,1
clef|CD012551,591,461,0.06335234785235777,0.06335234785236674,0,8.965050923848139e-15,1
clef|CD012551,591,471,0.053945827509326416,0.05394582750934985,0,2.343264471349471e-14,1
clef|CD012551,591,475,0.050394771637142455,0.050394771636885646,0,2.568084633836065e-13,1
clef|CD012551,591,476,0.049525896264267066,0.04952589626383589,0,4.3117592829489126e-13,1
clef|CD012551,591,481,0.04529485096861885,0.045294850968984925,0,3.6607522568843365e-13,1
clef|CD012551,591,491,0.03739941823115589,0.03739941823127195,0,1.160599394367523e-13,1
clef|CD012551,591,501,0.030259529296313148,0.03025952929621095,0,1.0219949886369761e-13,1
clef|CD012551,591,511,0.023875184163868135,0.023875184163801893,0,6.624215065365036e-14,1
clef|CD012551,591,521,0.018246382833341235,0.0182463828340448,0,7.035656779397215e-13,1
clef|CD012551,591,531,0.013373125306474831,0.01337312530693967,0,4.648382373462212e-13,1
clef|CD012551,591,541,0.009255411582306472,0.009255411582486495,0,1.8002266344296913e-13,1
clef|CD012551,591,551,0.005893241660921977,0.005893241660685278,0,2.3669954885008337e-13,1
clef|CD012551,591,561,0.0032866155415917087,0.0032866155415360206,0,5.568809302580746e-14,1
clef|CD012551,591,571,0.001435533224808605,0.0014355332250387215,0,2.301164900991859e-13,1
clef|CD012551,591,581,0.0003399947109251622,0.0003399947111933814,0,2.6821920335803884e-13,1
clef|CD012551,591,591,0.0,,1,,1
heldout|Boersma-van_Dam_2024,578,1,0.9982698961937722,0.9982698961937716,0,5.551115123125783e-16,1
heldout|Boersma-van_Dam_2024,578,11,0.9982394366197181,0.9982394366197183,0,1.1102230246251565e-16,1
heldout|Boersma-van_Dam_2024,578,21,0.9999999656507533,0.9999999656507533,0,0.0,1
heldout|Boersma-van_Dam_2024,578,30,0.9963636363636368,0.9963636363636363,0,4.440892098500626e-16,1
heldout|Boersma-van_Dam_2024,578,40,0.9889705882352943,0.9889705882352942,0,1.1102230246251565e-16,1
heldout|Boersma-van_Dam_2024,578,50,0.9887218846604878,0.9887218846604839,0,3.885780586188048e-15,1
heldout|Boersma-van_Dam_2024,578,60,0.999954549567168,0.999954549567168,0,0.0,1
heldout|Boersma-van_Dam_2024,578,69,0.9655198165836569,0.9655198165836464,0,1.0547118733938987e-14,1
heldout|Boersma-van_Dam_2024,578,79,0.9993503235067526,0.9993503235067526,0,0.0,1
heldout|Boersma-van_Dam_2024,578,89,0.9602820098027588,0.960282009802738,0,2.0761170560490427e-14,1
heldout|Boersma-van_Dam_2024,578,99,0.9213688421018322,0.9213688421018744,0,4.218847493575595e-14,1
heldout|Boersma-van_Dam_2024,578,109,0.8832604968974049,0.8832604968974093,0,4.3298697960381105e-15,1
heldout|Boersma-van_Dam_2024,578,118,0.8496511094478112,0.8496511094478113,0,1.1102230246251565e-16,1
heldout|Boersma-van_Dam_2024,578,128,0.9733959689275052,0.9733959689275038,0,1.4432899320127035e-15,1
heldout|Boersma-van_Dam_2024,578,138,0.9560009898539789,0.9560009898539965,0,1.765254609153999e-14,1
heldout|Boersma-van_Dam_2024,578,148,0.91299183370453,0.9129918337045286,0,1.3322676295501878e-15,1
heldout|Boersma-van_Dam_2024,578,157,0.8751299183370137,0.8751299183370453,0,3.164135620181696e-14,1
heldout|Boersma-van_Dam_2024,578,167,0.8340014847808885,0.8340014847809948,0,1.0624834345662748e-13,1
heldout|Boersma-van_Dam_2024,578,177,0.7938629052213988,0.7938629052214798,0,8.104628079763643e-14,1
heldout|Boersma-van_Dam_2024,578,187,0.7547141796584642,0.7547141796585004,0,3.6193270602780103e-14,1
heldout|Boersma-van_Dam_2024,578,197,0.7165553080919668,0.7165553080920565,0,8.970602038971265e-14,1
heldout|Boersma-van_Dam_2024,578,206,0.6830586488493327,0.6830586488492947,0,3.7969627442180354e-14,1
heldout|Boersma-van_Dam_2024,578,216,0.6467804998764117,0.6467804998762683,0,1.4344081478157023e-13,1
heldout|Boersma-van_Dam_2024,578,226,0.6114922048998166,0.6114922048997773,0,3.930189507173054e-14,1
heldout|Boersma-van_Dam_2024,578,236,0.5771937639198056,0.5771937639198218,0,1.6209256159527285e-14,1
heldout|Boersma-van_Dam_2024,578,245,0.5471714922047002,0.5471714922048998,0,1.9961809982760315e-13,1
heldout|Boersma-van_Dam_2024,578,255,0.5147537738183705,0.5147537738183618,0,8.659739592076221e-15,1
heldout|Boersma-van_Dam_2024,578,265,0.48332590942824893,0.4833259094283593,0,1.1035616864774056e-13,1
heldout|Boersma-van_Dam_2024,578,275,0.4528878990348242,0.45288789903489235,0,6.816769371198461e-14,1
heldout|Boersma-van_Dam_2024,578,285,0.4234397426379325,0.42343974263796086,0,2.836619827917275e-14,1
heldout|Boersma-van_Dam_2024,578,294,0.3977827270476817,0.3977827270477604,0,7.87148124459236e-14,1
heldout|Boersma-van_Dam_2024,578,304,0.37021529324409574,0.3702152932442464,0,1.5065726444163374e-13,1
heldout|Boersma-van_Dam_2024,578,314,0.34363771343709715,0.34363771343726796,0,1.7080781233858033e-13,1
heldout|Boersma-van_Dam_2024,578,324,0.31804998762678616,0.31804998762682507,0,3.8913317013111737e-14,1
heldout|Boersma-van_Dam_2024,578,334,0.2934521158127813,0.29345211581291764,0,1.3633538742396922e-13,1
heldout|Boersma-van_Dam_2024,578,343,0.2721603563471038,0.27216035634743874,0,3.3495428652940973e-13,1
heldout|Boersma-van_Dam_2024,578,353,0.24944320712672152,0.24944320712694876,0,2.2723489756515391e-13,1
heldout|Boersma-van_Dam_2024,578,363,0.22771591190265794,0.2277159119029943,0,3.363698208858068e-13,1
heldout|Boersma-van_Dam_2024,578,373,0.20697847067559616,0.20697847067557534,0,2.0816681711721685e-14,1
heldout|Boersma-van_Dam_2024,578,382,0.18916109873787623,0.18916109873793616,0,5.992428775414282e-14,1
heldout|Boersma-van_Dam_2024,578,392,0.17030438010379778,0.17030438010393464,0,1.3686274336066617e-13,1
heldout|Boersma-van_Dam_2024,578,402,0.15243751546615913,0.15243751546646866,0,3.0953017926549364e-13,1
heldout|Boersma-van_Dam_2024,578,412,0.1355605048254498,0.13556050482553822,0,8.842926391139372e-14,1
heldout|Boersma-van_Dam_2024,578,422,0.11967334818102504,0.11967334818114328,0,1.1823875212257917e-13,1
heldout|Boersma-van_Dam_2024,578,431,0.10622123236817282,0.10622123236822568,0,5.2860493759965266e-14,1
heldout|Boersma-van_Dam_2024,578,441,0.0922147983173498,0.0922147983172482,0,1.0159928454100964e-13,1
heldout|Boersma-van_Dam_2024,578,451,0.0791982182628943,0.07919821826280624,0,8.806844142839054e-14,1
heldout|Boersma-van_Dam_2024,578,461,0.06717149220451846,0.06717149220489978,0,3.8131997559531783e-13,1
heldout|Boersma-van_Dam_2024,578,470,0.05719376391982045,0.057193763919821825,0,1.3739009929736312e-15,1
heldout|Boersma-van_Dam_2024,578,476,0.05098737936155118,0.05098737936154416,0,7.015221736850208e-15,1
heldout|Boersma-van_Dam_2024,578,477,0.04998762682508118,0.0499876268250433,0,3.787942182142956e-14,1
heldout|Boersma-van_Dam_2024,578,480,0.0470477604553724,0.047047760455332835,0,3.9565573040079016e-14,1
heldout|Boersma-van_Dam_2024,578,490,0.03789161098756333,0.03789161098737936,0,1.8397089407429235e-13,1
heldout|Boersma-van_Dam_2024,578,500,0.02972531551590496,0.029725315515961394,0,5.643402412047749e-14,1
heldout|Boersma-van_Dam_2024,578,510,0.02254887404082151,0.02254887404107894,0,2.574294943880062e-13,1
heldout|Boersma-van_Dam_2024,578,519,0.016936401880880858,0.016936401880722592,0,1.5826576160726802e-13,1
heldout|Boersma-van_Dam_2024,578,529,0.011640682998815044,0.011640682999257608,0,4.42564387914679e-13,1
heldout|Boersma-van_Dam_2024,578,539,0.00733481811410297,0.007334818114328135,0,2.2516537245831358e-13,1
heldout|Boersma-van_Dam_2024,578,549,0.004018807226317533,0.004018807225934174,0,3.8335914304132857e-13,1
heldout|Boersma-van_Dam_2024,578,558,0.0018807225935569827,0.0018807225934174708,0,1.3951188294891725e-13,1
heldout|Boersma-van_Dam_2024,578,568,0.0004454342979518522,0.00044543429844097997,0,4.891277812467398e-13,1
heldout|Boersma-van_Dam_2024,578,578,0.0,,1,,1
clef|CD001261,571,1,1.0,1.0,0,0.0,1
clef|CD001261,571,11,1.0,1.0,0,0.0,1
clef|CD001261,571,20,0.9981884057971021,0.9981884057971014,0,6.661338147750939e-16,1
clef|CD001261,571,30,0.9872262773722595,0.9872262773722628,0,3.219646771412954e-15,1
clef|CD001261,571,40,0.9887851255349244,0.98878512553492,0,4.3298697960381105e-15,1
clef|CD001261,571,49,0.9555199527794613,0.955519952779476,0,1.4654943925052066e-14,1
clef|CD001261,571,59,0.9192262017693977,0.9192262017693643,0,3.341771304121721e-14,1
clef|CD001261,571,69,0.8836351371292422,0.8836351371292451,0,2.886579864025407e-15,1
clef|CD001261,571,78,0.8522039757995321,0.8522039757994815,0,5.062616992290714e-14,1
clef|CD001261,571,88,0.8179480152622667,0.817948015262348,0,8.126832540256146e-14,1
clef|CD001261,571,98,0.7843947410951372,0.784394741095207,0,6.983302824892235e-14,1
clef|CD001261,571,107,0.7547975911911791,0.7547975911911237,0,5.540012892879531e-14,1
clef|CD001261,571,117,0.7225794211270371,0.7225794211269685,0,6.861178292183467e-14,1
clef|CD001261,571,127,0.6910639374327877,0.6910639374328056,0,1.787459069646502e-14,1
clef|CD001261,571,136,0.6633007989545299,0.6633007989544026,0,1.2723155862204294e-13,1
clef|CD001261,571,146,0.63312041936344,0.6331204193632256,0,2.1438406605511773e-13,1
clef|CD001261,571,156,0.6036427261420968,0.603642726142041,0,5.5844218138645374e-14,1
clef|CD001261,571,165,0.577713599089435,0.5777135990893184,0,1.1657341758564144e-13,1
clef|CD001261,571,175,0.5495710099712052,0.5495710099711195,0,8.570921750106208e-14,1
clef|CD001261,571,185,0.52213110722294,0.5221311072229131,0,2.6867397195928788e-14,1
clef|CD001261,571,194,0.49803599159571954,0.4980359915958711,0,1.5154544286133387e-13,1
clef|CD001261,571,204,0.47193119295068475,0.47193119295065034,0,3.441691376337985e-14,1
clef|CD001261,571,214,0.4465290806753893,0.4465290806754221,0,3.275157922644212e-14,1
clef|CD001261,571,223,0.42426797647418646,0.42426797647406034,0,1.2612133559741778e-13,1
clef|CD001261,571,233,0.40020096830184404,0.40020096830181784,0,2.6201263381153694e-14,1
clef|CD001261,571,243,0.376836646499749,0.3768366464995679,0,1.811328864675943e-13,1
clef|CD001261,571,252,0.35640955372386585,0.3564095537238865,0,2.0650148258027912e-14,1
clef|CD001261,571,262,0.33438033602466555,0.3343803360246222,0,4.335420911161236e-14,1
clef|CD001261,571,272,0.31305380469530764,0.3130538046953503,0,4.268807529683727e-14,1
clef|CD001261,571,281,0.2944607233453357,0.29446072334534923,0,1.354472090042691e-14,1
clef|CD001261,571,291,0.2744692961192007,0.2744692961190632,0,1.3750112159982564e-13,1
clef|CD001261,571,300,0.25707780846182415,0.25707780846174927,0,7.488454301096681e-14,1
clef|CD001261,571,310,0.23842148533882346,0.23842148533844887,0,3.745892485085278e-13,1
clef|CD001261,571,320,0.22046784858523272,0.220467848585141,0,9.170442183403793e-14,1
clef|CD001261,571,329,0.20491037235345566,0.20491037235350743,0,5.1764148523147924e-14,1
clef|CD001261,571,339,0.18829183970352248,0.18829183970318528,0,3.3720248815427567e-13,1
clef|CD001261,571,349,0.17237599342304777,0.1723759934228556,0,1.921796055626146e-13,1
clef|CD001261,571,358,0.15865252861701995,0.15865252861690243,0,1.1751710715657282e-13,1
clef|CD001261,571,368,0.14407178643975382,0.14407178643955845,0,1.9537149675841192e-13,1
clef|CD001261,571,378,0.13019373063230444,0.13019373063220693,0,9.750533713770437e-14,1
clef|CD001261,571,387,0.11830427725207215,0.11830427725193415,0,1.3800072196090696e-13,1
clef|CD001261,571,397,0.10576132554771855,0.10576132554756836,0,1.5019929744397587e-13,1
clef|CD001261,571,407,0.09392106021346658,0.09392106021319505,0,2.7153279624769766e-13,1
clef|CD001261,571,416,0.08386561825885686,0.08386561825860263,0,2.5422719485135303e-13,1
clef|CD001261,571,426,0.07336045702685057,0.07336045702721505,0,3.644862189844389e-13,1
clef|CD001261,571,436,0.06355798216619268,0.06355798216581993,0,3.727573805178963e-13,1
clef|CD001261,571,445,0.055336551636564035,0.055336551636907906,0,3.438707651959305e-13,1
clef|CD001261,571,451,0.050171806817768116,0.050171806817463166,0,3.0495050928891487e-13,1
clef|CD001261,571,452,0.04933561003741249,0.04933561003717211,0,2.403841015130581e-13,1
clef|CD001261,571,455,0.04686918087885461,0.04686918087849849,0,3.561179129363268e-13,1
clef|CD001261,571,465,0.03910449649026693,0.03910449649008158,0,1.8534479506726598e-13,1
clef|CD001261,571,474,0.03271707738683438,0.03271707738684993,0,1.55500612386561e-14,1
clef|CD001261,571,484,0.026287497102227775,0.026287497101418724,0,8.090507430669192e-13,1
clef|CD001261,571,494,0.020560603186248416,0.020560603185980002,0,2.6841376343789136e-13,1
clef|CD001261,571,503,0.016007195508022765,0.016007195508428725,0,4.059599878480924e-13,1
clef|CD001261,571,513,0.011615405695829306,0.011615405695975715,0,1.4640892664896654e-13,1
clef|CD001261,571,523,0.007926302253766337,0.00792630225351519,0,2.511480606814942e-13,1
clef|CD001261,571,532,0.005206906001683054,0.005206906001644286,0,3.8767600241129685e-14,1
clef|CD001261,571,542,0.0028529066622089427,0.0028529066621694743,0,3.9468428525424315e-14,1
clef|CD001261,571,552,0.0012015936929763438,0.001201593692687143,0,2.8920073801008694e-13,1
clef|CD001261,571,561,0.0003162088672851171,0.0003162088664966166,0,7.885005040390858e-13,1
clef|CD001261,571,571,0.0,,1,,1
heldout|Menon_2022,485,1,1.0,1.0,0,0.0,1
heldout|Menon_2022,485,9,0.9999912283010096,0.9999912283010096,0,0.0,1
heldout|Menon_2022,485,17,0.9999909268248424,0.9999909268248424,0,0.0,1
heldout|Menon_2022,485,26,0.9956521739130437,0.9956521739130435,0,2.220446049250313e-16,1
heldout|Menon_2022,485,34,0.9911797456484849,0.9911797456484792,0,5.662137425588298e-15,1
heldout|Menon_2022,485,42,0.9954954954954964,0.9954954954954955,0,8.881784197001252e-16,1
heldout|Menon_2022,485,50,0.977376268378561,0.9773762683785463,0,1.4654943925052066e-14,1
heldout|Menon_2022,485,58,0.999967322397229,0.999967322397229,0,0.0,1
heldout|Menon_2022,485,67,0.9582412507833986,0.9582412507833888,0,9.769962616701378e-15,1
heldout|Menon_2022,485,75,0.9218700179217949,0.9218700179217381,0,5.684341886080802e-14,1
heldout|Menon_2022,485,83,0.970768897239515,0.9707688972394855,0,2.9531932455029164e-14,1
heldout|Menon_2022,485,91,0.9324685648215095,0.932468564821506,0,3.552713678800501e-15,1
heldout|Menon_2022,485,99,0.8949390567038065,0.8949390567037626,0,4.3853809472693683e-14,1
heldout|Menon_2022,485,108,0.8536397359926946,0.8536397359926772,0,1.7430501486614958e-14,1
heldout|Menon_2022,485,116,0.8177482295130962,0.8177482295129354,0,1.6087131626818518e-13,1
heldout|Menon_2022,485,124,0.7826275473334496,0.7826275473334297,0,1.9984014443252818e-14,1
heldout|Menon_2022,485,132,0.7482776894543152,0.7482776894541601,0,1.5509815654013437e-13,1
heldout|Menon_2022,485,140,0.9365016870088225,0.9365016870087863,0,3.6193270602780103e-14,1
heldout|Menon_2022,485,149,0.9814819429424033,0.9814819429423892,0,1.4099832412739488e-14,1
heldout|Menon_2022,485,157,0.9528784648187643,0.9528784648187634,0,8.881784197001252e-16,1
heldout|Menon_2022,485,165,0.9068941009239514,0.9068941009239517,0,3.3306690738754696e-16,1
heldout|Menon_2022,485,173,0.8620469083156207,0.862046908315565,0,5.573319583618286e-14,1
heldout|Menon_2022,485,181,0.8183368869935558,0.8183368869936034,0,4.7628567756419216e-14,1
heldout|Menon_2022,485,190,0.770522388059751,0.7705223880597015,0,4.951594689828198e-14,1
heldout|Menon_2022,485,198,0.7292288557214506,0.7292288557213931,0,5.750955267558311e-14,1
heldout|Menon_2022,485,206,0.6890724946695438,0.6890724946695096,0,3.419486915845482e-14,1
heldout|Menon_2022,485,214,0.650053304904004,0.6500533049040511,0,4.707345624410664e-14,1
heldout|Menon_2022,485,222,0.8797671182155659,0.8797671182155944,0,2.853273173286652e-14,1
heldout|Menon_2022,485,231,0.8512419723452526,0.8512419723452882,0,3.5638159090467525e-14,1
heldout|Menon_2022,485,239,0.8240124229153146,0.8240124229153634,0,4.873879078104437e-14,1
heldout|Menon_2022,485,247,0.7942046126552544,0.7942046126552337,0,2.0761170560490427e-14,1
heldout|Menon_2022,485,255,0.7416011939962255,0.7416011939962266,0,1.1102230246251565e-15,1
heldout|Menon_2022,485,264,0.6845766100645165,0.6845766100644871,0,2.942091015256665e-14,1
heldout|Menon_2022,485,272,0.6358029906226538,0.6358029906226241,0,2.964295475749168e-14,1
heldout|Menon_2022,485,280,0.5888316296358864,0.5888316296358875,0,1.1102230246251565e-15,1
heldout|Menon_2022,485,288,0.543662527104311,0.5436625271042776,0,3.3306690738754696e-14,1
heldout|Menon_2022,485,296,0.5002956830277832,0.5002956830277943,0,1.1102230246251565e-14,1
heldout|Menon_2022,485,305,0.7403331698845648,0.7403331698845149,0,4.984901380566953e-14,1
heldout|Menon_2022,485,313,0.7063166181898675,0.7063166181898866,0,1.9095836023552692e-14,1
heldout|Menon_2022,485,321,0.6689806985132432,0.6689806985132962,0,5.306866057708248e-14,1
heldout|Menon_2022,485,329,0.6256716627268695,0.625671662726883,0,1.354472090042691e-14,1
heldout|Menon_2022,485,337,0.581444495274569,0.5814444952746505,0,8.149037000748649e-14,1
heldout|Menon_2022,485,346,0.5309979421735667,0.5309979421736449,0,7.827072323607354e-14,1
heldout|Menon_2022,485,354,0.485903650370323,0.48590365037036093,0,3.7914116290949096e-14,1
heldout|Menon_2022,485,362,0.440911373196454,0.4409113731966124,0,1.5837331446277858e-13,1
heldout|Menon_2022,485,370,0.39634755746683625,0.39634755746691297,0,7.671641100159832e-14,1
heldout|Menon_2022,485,378,0.3520173805090345,0.35201738050900067,0,3.3861802251067274e-14,1
heldout|Menon_2022,485,387,0.2950341402855956,0.295034140285537,0,5.861977570020827e-14,1
heldout|Menon_2022,485,395,0.2486033519553249,0.24860335195530728,0,1.762479051592436e-14,1
heldout|Menon_2022,485,403,0.20614525139672568,0.20614525139664805,0,7.763234499691407e-14,1
heldout|Menon_2022,485,411,0.16765983860964329,0.1676598386095593,0,8.398837181289309e-14,1
heldout|Menon_2022,485,419,0.1331471135940996,0.13314711359404097,0,5.861977570020827e-14,1
heldout|Menon_2022,485,428,0.09906890130350476,0.09906890130353818,0,3.341771304121721e-14,1
heldout|Menon_2022,485,436,0.07299813780271824,0.07299813780260708,0,1.111610803405938e-13,1
heldout|Menon_2022,485,444,0.05090006207341302,0.05090006207324643,0,1.6658896484500474e-13,1
heldout|Menon_2022,485,445,0.048417132215965664,0.048417132216014895,0,4.9231452248221785e-14,1
heldout|Menon_2022,485,452,0.03277467411553281,0.03277467411545624,0,7.657069422961627e-14,1
heldout|Menon_2022,485,460,0.018621973929421998,0.018621973929236497,0,1.855009201801039e-13,1
heldout|Menon_2022,485,469,0.007448789571799286,0.0074487895716946,0,1.0468622496651037e-13,1
heldout|Menon_2022,485,477,0.0017380509001628797,0.0017380509000620734,0,1.0080629907205374e-13,1
heldout|Menon_2022,485,485,0.0,,1,,1
heldout|Tumkaya_2018,481,1,1.0,1.0,0,0.0,1
heldout|Tumkaya_2018,481,9,0.9999910794729753,0.9999910794729753,0,0.0,1
heldout|Tumkaya_2018,481,17,0.9999450941635095,0.9999450941635096,0,1.1102230246251565e-16,1
heldout|Tumkaya_2018,481,25,0.9891540130151856,0.9891540130151844,0,1.2212453270876722e-15,1
heldout|Tumkaya_2018,481,34,0.9999900572701241,0.9999900572701241,0,0.0,1
heldout|Tumkaya_2018,481,42,0.9954545454545468,0.9954545454545455,0,1.3322676295501878e-15,1
heldout|Tumkaya_2018,481,50,0.9999043633942688,0.9999043633942688,0,0.0,1
heldout|Tumkaya_2018,481,58,0.9859486329743125,0.9859486329743165,0,3.9968028886505635e-15,1
heldout|Tumkaya_2018,481,66,0.9856803552373397,0.9856803552373412,0,1.5543122344752192e-15,1
heldout|Tumkaya_2018,481,74,0.9758462665060451,0.9758462665060355,0,9.658940314238862e-15,1
heldout|Tumkaya_2018,481,82,0.9378144709801451,0.9378144709800864,0,5.873079800267078e-14,1
heldout|Tumkaya_2018,481,90,0.9005385869180516,0.9005385869180073,0,4.4297898682543746e-14,1
heldout|Tumkaya_2018,481,99,0.9793553596662397,0.9793553596662405,0,8.881784197001252e-16,1
heldout|Tumkaya_2018,481,107,0.9387120651369556,0.9387120651369356,0,1.9984014443252818e-14,1
heldout|Tumkaya_2018,481,115,0.8989300854585572,0.8989300854585829,0,2.5646151868841116e-14,1
heldout|Tumkaya_2018,481,123,0.9619599578503787,0.9619599578503688,0,9.880984919163893e-15,1
heldout|Tumkaya_2018,481,131,0.9193888303477161,0.9193888303477344,0,1.8318679906315083e-14,1
heldout|Tumkaya_2018,481,139,0.9490182945707952,0.9490182945707936,0,1.6653345369377348e-15,1
heldout|Tumkaya_2018,481,147,0.8837795874430262,0.8837795874430395,0,1.3322676295501878e-14,1
heldout|Tumkaya_2018,481,156,0.8140406192432263,0.8140406192432761,0,4.973799150320701e-14,1
heldout|Tumkaya_2018,481,164,0.755217562879809,0.7552175628798685,0,5.950795411990839e-14,1
heldout|Tumkaya_2018,481,172,0.6992987531154234,0.6992987531154881,0,6.461498003318411e-14,1
heldout|Tumkaya_2018,481,180,0.910314153779125,0.9103141537791681,0,4.318767565791859e-14,1
heldout|Tumkaya_2018,481,188,0.8604644700640591,0.8604644700640103,0,4.884981308350689e-14,1
heldout|Tumkaya_2018,481,196,0.7916607566924687,0.7916607566923719,0,9.681144774731365e-14,1
heldout|Tumkaya_2018,481,204,0.7266261553482161,0.7266261553481328,0,8.326672684688674e-14,1
heldout|Tumkaya_2018,481,213,0.6578352987627867,0.6578352987626794,0,1.0724754417879012e-13,1
heldout|Tumkaya_2018,481,221,0.6004575356941434,0.600457535694171,0,2.7644553313166398e-14,1
heldout|Tumkaya_2018,481,229,0.5465170966226519,0.5465170966224808,0,1.7108536809473662e-13,1
heldout|Tumkaya_2018,481,237,0.49590780937785195,0.49590780937782275,0,2.919886554764162e-14,1
heldout|Tumkaya_2018,481,245,0.44852350179040135,0.448523501790411,0,9.658940314238862e-15,1
heldout|Tumkaya_2018,481,253,0.4042580016905485,0.40425800169046006,0,8.842926391139372e-14,1
heldout|Tumkaya_2018,481,261,0.36300513690840164,0.36300513690818337,0,2.1826984664130578e-13,1
heldout|Tumkaya_2018,481,269,0.3246587352739033,0.32465873527379563,0,1.0769163338864018e-13,1
heldout|Tumkaya_2018,481,278,0.28486096837329955,0.2848609683731355,0,1.6403545188836688e-13,1
heldout|Tumkaya_2018,481,286,0.2523382761457831,0.25233827614551896,0,2.6412205755832474e-13,1
heldout|Tumkaya_2018,481,294,0.22239025903552534,0.22239025903521017,0,3.151645611154663e-13,1
heldout|Tumkaya_2018,481,302,0.19491074487255933,0.19491074487242335,0,1.3597456494096605e-13,1
heldout|Tumkaya_2018,481,310,0.16979356148763824,0.16979356148737257,0,2.6567636979279996e-13,1
heldout|Tumkaya_2018,481,318,0.14693253671043305,0.14693253671027195,0,1.6109336087311021e-13,1
heldout|Tumkaya_2018,481,326,0.12622149837161933,0.1262214983713355,0,2.8382851624542127e-13,1
heldout|Tumkaya_2018,481,335,0.10535928911116876,0.10535928911096566,0,2.0310142456736457e-13,1
heldout|Tumkaya_2018,481,343,0.08886444717085107,0.0888644471706361,0,2.1496693314304594e-13,1
heldout|Tumkaya_2018,481,351,0.07418780363804911,0.07418780363788986,0,1.592476150946709e-13,1
heldout|Tumkaya_2018,481,359,0.06122318634319568,0.06122318634294108,0,2.54601895122164e-13,1
heldout|Tumkaya_2018,481,366,0.05120007730681286,0.051200077306611115,0,2.0174834025610267e-13,1
heldout|Tumkaya_2018,481,367,0.04986442311610351,0.04986442311600388,0,9.962863867229999e-14,1
heldout|Tumkaya_2018,481,375,0.04000534178762838,0.040005341787292356,0,3.3602287619061144e-13,1
heldout|Tumkaya_2018,481,383,0.03153977018715448,0.031539770187020616,0,1.3386514119417825e-13,1
heldout|Tumkaya_2018,481,392,0.023549484940796672,0.023549484940556024,0,2.406477794814066e-13,1
heldout|Tumkaya_2018,481,400,0.017692596730932486,0.01769259673072664,0,2.0584575710635988e-13,1
heldout|Tumkaya_2018,481,408,0.012897430218715589,0.012897430218756143,0,4.0554365421385796e-14,1
heldout|Tumkaya_2018,481,416,0.009057813235179957,0.009057813234858648,0,3.2130895166737616e-13,1
heldout|Tumkaya_2018,481,424,0.006067573609559007,0.006067573609248258,0,3.1074882250736735e-13,1
heldout|Tumkaya_2018,481,432,0.003820539172430859,0.0038205391721390955,0,2.917635751054082e-13,1
heldout|Tumkaya_2018,481,440,0.0022105377541408178,0.0022105377537452644,0,3.9555338171570753e-13,1
heldout|Tumkaya_2018,481,448,0.0011313971846088622,0.0011313971842808782,0,3.279839507625004e-13,1
heldout|Tumkaya_2018,481,457,0.0004197118589792659,0.000419711858684842,0,2.9442388197603586e-13,1
heldout|Tumkaya_2018,481,465,0.00011612581087006024,0.00011612581070331598,0,1.6674426325368613e-13,1
heldout|Tumkaya_2018,481,473,1.1612581626740948e-05,1.1612581070331598e-05,0,5.564093497468885e-13,1
heldout|Tumkaya_2018,481,481,0.0,,1,,1
clef|CD012233,472,1,1.0,1.0,0,0.0,1
clef|CD012233,472,9,0.9851063829787271,0.9851063829787234,0,3.6637359812630166e-15,1
clef|CD012233,472,17,0.9934497816593887,0.9934497816593887,0,0.0,1
clef|CD012233,472,25,0.9933333333333343,0.9933333333333333,0,9.992007221626409e-16,1
clef|CD012233,472,33,0.9755555555555591,0.9755555555555555,0,3.552713678800501e-15,1
clef|CD012233,472,41,0.9577777777777842,0.9577777777777777,0,6.439293542825908e-15,1
clef|CD012233,472,49,0.99652561247216,0.9965256124721603,0,3.3306690738754696e-16,1
clef|CD012233,472,57,0.9787735849056697,0.9787735849056604,0,9.325873406851315e-15,1
clef|CD012233,472,65,0.9599056603773761,0.9599056603773585,0,1.765254609153999e-14,1
clef|CD012233,472,73,0.9410377358490823,0.9410377358490566,0,2.5757174171303632e-14,1
clef|CD012233,472,81,0.9221698113207875,0.9221698113207547,0,3.275157922644212e-14,1
clef|CD012233,472,89,0.9033018867924961,0.9033018867924528,0,4.3298697960381105e-14,1
clef|CD012233,472,97,0.8844339622642031,0.8844339622641509,0,5.218048215738236e-14,1
clef|CD012233,472,105,0.8655660377359113,0.8655660377358491,0,6.228351168147128e-14,1
clef|CD012233,472,113,0.8466981132076177,0.8466981132075472,0,7.049916206369744e-14,1
clef|CD012233,472,121,0.8278301886793222,0.8278301886792453,0,7.693845560652335e-14,1
clef|CD012233,472,129,0.8089622641510295,0.8089622641509434,0,8.604228440844963e-14,1
clef|CD012233,472,137,0.7900943396227442,0.7900943396226415,0,1.0269562977782698e-13,1
clef|CD012233,472,145,0.771226415094439,0.7712264150943396,0,9.936496070395151e-14,1
clef|CD012233,472,153,0.7523584905661411,0.7523584905660378,0,1.0336176359260207e-13,1
clef|CD012233,472,161,0.7334905660378601,0.7334905660377359,0,1.2423395645555502e-13,1
clef|CD012233,472,169,0.7146226415095791,0.714622641509434,0,1.4510614931850796e-13,1
clef|CD012233,472,177,0.6957547169812694,0.695754716981132,0,1.3744561044859438e-13,1
clef|CD012233,472,185,0.6768867924529444,0.6768867924528301,0,1.142419492339286e-13,1
clef|CD012233,472,193,0.6580188679246683,0.6580188679245282,0,1.4011014570769476e-13,1
clef|CD012233,472,201,0.6391509433963658,0.6391509433962264,0,1.3944401189291966e-13,1
clef|CD012233,472,209,0.6202830188680968,0.6202830188679245,0,1.723066134218243e-13,1
clef|CD012233,472,217,0.6014150943397819,0.6014150943396226,0,1.5931700403370996e-13,1
clef|CD012233,472,225,0.5825471698114796,0.5825471698113207,0,1.588729148238599e-13,1
clef|CD012233,472,233,0.5636792452831291,0.5636792452830188,0,1.1024514634527804e-13,1
clef|CD012233,472,240,0.5471698113209763,0.5471698113207547,0,2.2160051571518125e-13,1
clef|CD012233,472,248,0.528301886792696,0.5283018867924528,0,2.431388423929093e-13,1
clef|CD012233,472,256,0.5094339622643815,0.5094339622641509,0,2.30593322214645e-13,1
clef|CD012233,472,264,0.49056603773607466,0.49056603773584906,0,2.255973186038318e-13,1
clef|CD012233,472,272,0.4716981132077557,0.4716981132075472,0,2.084998840246044e-13,1
clef|CD012233,472,280,0.4528301886797089,0.4528301886792453,0,4.636291350834654e-13,1
clef|CD012233,472,288,0.43396226415119676,0.43396226415094336,0,2.53408405370692e-13,1
clef|CD012233,472,296,0.41509433962282005,0.4150943396226415,0,1.7857937351095643e-13,1
clef|CD012233,472,304,0.3962264150944599,0.3962264150943396,0,1.202926647181357e-13,1
clef|CD012233,472,312,0.37735849056618986,0.3773584905660377,0,1.521560655248777e-13,1
clef|CD012233,472,320,0.358490566037976,0.3584905660377358,0,2.401967513776526e-13,1
clef|CD012233,472,328,0.33962264150966703,0.33962264150943394,0,2.330913240200516e-13,1
clef|CD012233,472,336,0.32075471698154456,0.32075471698113206,0,4.125033647994769e-13,1
clef|CD012233,472,344,0.30188679245307404,0.3018867924528302,0,2.4386048735891563e-13,1
clef|CD012233,472,352,0.28301886792460906,0.2830188679245283,0,8.076872504148014e-14,1
clef|CD012233,472,360,0.2641509433968262,0.2641509433962264,0,5.997979890537408e-13,1
clef|CD012233,472,368,0.2452830188682149,0.24528301886792453,0,2.903788320907097e-13,1
clef|CD012233,472,376,0.22641509433994245,0.22641509433962265,0,3.1979974224327634e-13,1
clef|CD012233,472,384,0.37240733306596785,0.3724073330657031,0,2.647326802218686e-13,1
clef|CD012233,472,392,0.3421205227709506,0.34212052277086397,0,8.665290707199347e-14,1
clef|CD012233,472,400,0.31112003211598593,0.31112003211561623,0,3.6970426720017713e-13,1
clef|CD012233,472,408,0.27940586110004795,0.27940586109995985,0,8.809619700400617e-14,1
clef|CD012233,472,416,0.24697800972407857,0.24697800972389486,0,1.8371415499984778e-13,1
clef|CD012233,472,424,0.2138364779877444,0.21383647798742136,0,3.230471445903049e-13,1
clef|CD012233,472,432,0.17998126589090768,0.17998126589053925,0,3.684275107218582e-13,1
clef|CD012233,472,440,0.1454123734333782,0.14541237343324856,0,1.2964629370060266e-13,1
clef|CD012233,472,448,0.11012980061627053,0.11012980061554929,0,7.212425101599251e-13,1
clef|CD012233,472,456,0.07413354743740053,0.07413354743744144,0,4.091171845743702e-14,1
clef|CD012233,472,461,0.05127347339364907,0.051273473393104056,0,5.450154216823933e-13,1
clef|CD012233,472,462,0.04666800481796074,0.04666800481734243,0,6.183109579893653e-13,1
clef|CD012233,472,464,0.03742361389941484,0.03742361389892501,0,4.898303984646191e-13,1
clef|CD012233,472,472,0.0,0.0,0,0.0,1
heldout|Hall_2011,340,1,0.9970588235294121,0.9970588235294118,0,3.3306690738754696e-16,1
heldout|Hall_2011,340,7,0.997005988023951,0.9970059880239521,0,1.1102230246251565e-15,1
heldout|Hall_2011,340,12,0.982035928143706,0.9820359281437125,0,6.5503158452884236e-15,1
heldout|Hall_2011,340,18,0.964071856287412,0.9640718562874251,0,1.3100631690576847e-14,1
heldout|Hall_2011,340,24,0.9461077844311181,0.9461077844311377,0,1.965094753586527e-14,1
heldout|Hall_2011,340,30,0.9281437125748238,0.9281437125748503,0,2.653433028854124e-14,1
heldout|Hall_2011,340,35,0.9131736526945802,0.9131736526946108,0,3.064215547965432e-14,1
heldout|Hall_2011,340,41,0.8952095808382852,0.8952095808383234,0,3.8191672047105385e-14,1
heldout|Hall_2011,340,47,0.8772455089819917,0.8772455089820359,0,4.418687638008123e-14,1
heldout|Hall_2011,340,53,0.8592814371256924,0.8592814371257484,0,5.6066262743570405e-14,1
heldout|Hall_2011,340,58,0.8443113772454525,0.844311377245509,0,5.651035195342047e-14,1
heldout|Hall_2011,340,64,0.826347305389155,0.8263473053892215,0,6.650235917504688e-14,1
heldout|Hall_2011,340,70,0.8083832335328618,0.8083832335329342,0,7.238654120556021e-14,1
heldout|Hall_2011,340,76,0.7904191616765819,0.7904191616766467,0,6.483702463810914e-14,1
heldout|Hall_2011,340,81,0.7754491017963178,0.7754491017964071,0,8.93729534823251e-14,1
heldout|Hall_2011,340,87,0.7574850299400332,0.7574850299401197,0,8.64863736182997e-14,1
heldout|Hall_2011,340,93,0.7395209580837263,0.7395209580838323,0,1.0602629885170245e-13,1
heldout|Hall_2011,340,99,0.7215568862274546,0.7215568862275449,0,9.026113190202523e-14,1
heldout|Hall_2011,340,104,0.7065868263472087,0.7065868263473054,0,9.670042544485113e-14,1
heldout|Hall_2011,340,110,0.6886227544909134,0.688622754491018,0,1.0458300891968975e-13,1
heldout|Hall_2011,340,116,0.6706586826346241,0.6706586826347305,0,1.0635936575909e-13,1
heldout|Hall_2011,340,122,0.6526946107782996,0.652694610778443,0,1.4344081478157023e-13,1
heldout|Hall_2011,340,127,0.6377245508980952,0.6377245508982036,0,1.0835776720341528e-13,1
heldout|Hall_2011,340,133,0.6197604790417992,0.6197604790419162,0,1.170175067954915e-13,1
heldout|Hall_2011,340,139,0.6017964071854984,0.6017964071856288,0,1.3034018309099338e-13,1
heldout|Hall_2011,340,145,0.5838323353291957,0.5838323353293413,0,1.4566126083082054e-13,1
heldout|Hall_2011,340,150,0.5688622754489426,0.5688622754491017,0,1.5909495942878493e-13,1
heldout|Hall_2011,340,156,0.5508982035926092,0.5508982035928143,0,2.0505819264826641e-13,1
heldout|Hall_2011,340,162,0.5329341317363985,0.5329341317365269,0,1.284528039491306e-13,1
heldout|Hall_2011,340,168,0.514970059880038,0.5149700598802395,0,2.015054789694659e-13,1
heldout|Hall_2011,340,173,0.4999999999998588,0.5,0,1.412203687323199e-13,1
heldout|Hall_2011,340,179,0.4820359281435258,0.4820359281437126,0,1.867950238931826e-13,1
heldout|Hall_2011,340,185,0.4640718562872098,0.4640718562874252,0,2.1538326677728037e-13,1
heldout|Hall_2011,340,191,0.4461077844308302,0.44610778443113774,0,3.0753177782116836e-13,1
heldout|Hall_2011,340,196,0.4311377245507064,0.4311377245508982,0,1.917910275039958e-13,1
heldout|Hall_2011,340,202,0.4131736526943496,0.4131736526946108,0,2.6123547769429933e-13,1
heldout|Hall_2011,340,208,0.3952095808380237,0.39520958083832336,0,2.9964919434632975e-13,1
heldout|Hall_2011,340,214,0.3772455089818255,0.37724550898203596,0,2.1044277431769842e-13,1
heldout|Hall_2011,340,219,0.3622754491014968,0.36227544910179643,0,2.9964919434632975e-13,1
heldout|Hall_2011,340,225,0.3443113772451435,0.344311377245509,0,3.6548541970660153e-13,1
heldout|Hall_2011,340,231,0.32634730538884016,0.3263473053892216,0,3.8141712010997253e-13,1
heldout|Hall_2011,340,237,0.3083832335325225,0.3083832335329342,0,4.1167069753100805e-13,1
heldout|Hall_2011,340,242,0.29341317365242847,0.29341317365269465,0,2.661759701538813e-13,1
heldout|Hall_2011,340,248,0.2754491017960655,0.2754491017964072,0,3.4167113582839193e-13,1
heldout|Hall_2011,340,254,0.2574850299399154,0.2574850299401198,0,2.0439205883349132e-13,1
heldout|Hall_2011,340,260,0.23952095808364016,0.23952095808383234,0,1.921796055626146e-13,1
heldout|Hall_2011,340,265,0.2245508982032126,0.22455089820359284,0,3.802236303585005e-13,1
heldout|Hall_2011,340,271,0.206586826347129,0.2065868263473054,0,1.7641443861293737e-13,1
heldout|Hall_2011,340,277,0.18862275449054045,0.18862275449101798,0,4.775346784668955e-13,1
heldout|Hall_2011,340,283,0.17065868263443473,0.17065868263473055,0,2.9581892491137296e-13,1
heldout|Hall_2011,340,288,0.15568862275425044,0.15568862275449102,0,2.405853294362714e-13,1
heldout|Hall_2011,340,294,0.1377245508980307,0.1377245508982036,0,1.728894805097525e-13,1
heldout|Hall_2011,340,300,0.11976047904142806,0.11976047904191617,0,4.881095527764501e-13,1
heldout|Hall_2011,340,306,0.10179640718547212,0.10179640718562875,0,1.5663859098680177e-13,1
heldout|Hall_2011,340,311,0.086826347305335,0.08682634730538923,0,5.422051696513108e-14,1
heldout|Hall_2011,340,317,0.06886227544841106,0.0688622754491018,0,6.90739132558349e-13,1
heldout|Hall_2011,340,323,0.05089820359216679,0.05089820359281438,0,6.475861513699499e-13,1
heldout|Hall_2011,340,324,0.04790419161670678,0.04790419161676647,0,5.968836536140998e-14,1
heldout|Hall_2011,340,329,0.03293413173624404,0.03293413173652695,0,2.829056433562016e-13,1
heldout|Hall_2011,340,334,0.01796407185590021,0.017964071856287428,0,3.8721803541363897e-13,1
heldout|Hall_2011,340,340,0.0,0.0,0,0.0,1
clef|CD004414,336,1,1.0,1.0,0,0.0,1
clef|CD004414,336,7,0.9997318795245329,0.999731879524533,0,1.1102230246251565e-16,1
clef|CD004414,336,12,0.993865030674847,0.9938650306748467,0,3.3306690738754696e-16,1
clef|CD004414,336,18,0.9875776397515506,0.9875776397515528,0,2.220446049250313e-15,1
clef|CD004414,336,24,0.9689440993788765,0.968944099378882,0,5.551115123125783e-15,1
clef|CD004414,336,29,0.9534161490683145,0.953416149068323,0,8.43769498715119e-15,1
clef|CD004414,336,35,0.9347826086956409,0.9347826086956522,0,1.1324274851176597e-14,1
clef|CD004414,336,41,0.9161490683229668,0.9161490683229814,0,1.454392162258955e-14,1
clef|CD004414,336,46,0.9006211180124049,0.9006211180124224,0,1.7541523789077473e-14,1
clef|CD004414,336,52,0.8819875776397272,0.8819875776397516,0,2.4313884239290928e-14,1
clef|CD004414,336,58,0.8633540372670582,0.8633540372670807,0,2.2537527399890678e-14,1
clef|CD004414,336,63,0.8478260869564958,0.8478260869565217,0,2.5979218776228663e-14,1
clef|CD004414,336,69,0.829192546583818,0.829192546583851,0,3.297362383136715e-14,1
clef|CD004414,336,75,0.8105590062111481,0.8105590062111802,0,3.2085445411667024e-14,1
clef|CD004414,336,80,0.7950310559005793,0.7950310559006211,0,4.1744385725905886e-14,1
clef|CD004414,336,86,0.7763975155279033,0.7763975155279503,0,4.707345624410664e-14,1
clef|CD004414,336,92,0.7577639751552445,0.7577639751552795,0,3.497202527569243e-14,1
clef|CD004414,336,98,0.7391304347825662,0.7391304347826086,0,4.241051954068098e-14,1
clef|CD004414,336,103,0.723602484472013,0.7236024844720497,0,3.6637359812630166e-14,1
clef|CD004414,336,109,0.7049689440993347,0.7049689440993789,0,4.418687638008123e-14,1
clef|CD004414,336,115,0.6863354037266649,0.6863354037267081,0,4.318767565791859e-14,1
clef|CD004414,336,120,0.6708074534160952,0.6708074534161491,0,5.395683899678261e-14,1
clef|CD004414,336,126,0.6521739130433799,0.6521739130434783,0,9.836575998178887e-14,1
clef|CD004414,336,132,0.633540372670738,0.6335403726708075,0,6.94999613415348e-14,1
clef|CD004414,336,137,0.6180124223601282,0.6180124223602486,0,1.2034817586936697e-13,1
clef|CD004414,336,143,0.5993788819875091,0.5993788819875777,0,6.861178292183467e-14,1
clef|CD004414,336,149,0.5807453416148387,0.5807453416149069,0,6.816769371198461e-14,1
clef|CD004414,336,154,0.5652173913042068,0.5652173913043479,0,1.411093464298574e-13,1
clef|CD004414,336,160,0.5465838509316094,0.546583850931677,0,6.761258219967203e-14,1
clef|CD004414,336,166,0.5279503105589542,0.5279503105590062,0,5.1958437552457326e-14,1
clef|CD004414,336,171,0.5124223602482881,0.5124223602484472,0,1.5909495942878493e-13,1
clef|CD004414,336,177,0.49378881987568257,0.49378881987577633,0,9.375833442959447e-14,1
clef|CD004414,336,183,0.47515527950298875,0.4751552795031055,0,1.167399510393352e-13,1
clef|CD004414,336,188,0.4596273291924564,0.45962732919254656,0,9.015010959956271e-14,1
clef|CD004414,336,194,0.4409937888197497,0.4409937888198757,0,1.2601031329495527e-13,1
clef|CD004414,336,200,0.42236024844712383,0.42236024844720493,0,8.110179194886769e-14,1
clef|CD004414,336,205,0.4068322981365692,0.40683229813664595,0,7.677192215282957e-14,1
clef|CD004414,336,211,0.3881987577638998,0.38819875776397517,0,7.538414337204813e-14,1
clef|CD004414,336,217,0.3695652173912828,0.3695652173913043,0,2.1538326677728037e-14,1
clef|CD004414,336,222,0.35403726708064687,0.3540372670807453,0,9.842127113302013e-14,1
clef|CD004414,336,228,0.33540372670812035,0.3354037267080745,0,4.5852210917018965e-14,1
clef|CD004414,336,234,0.3167701863355802,0.3167701863354037,0,1.7646994976416863e-13,1
clef|CD004414,336,239,0.30124223602457867,0.3012422360248447,0,2.660094367001875e-13,1
clef|CD004414,336,245,0.28260869565187996,0.2826086956521739,0,2.939315457695102e-13,1
clef|CD004414,336,251,0.26397515527940496,0.26397515527950305,0,9.808820422563258e-14,1
clef|CD004414,336,257,0.24534161490683326,0.2453416149068323,0,9.71445146547012e-16,1
clef|CD004414,336,262,0.22981366459602903,0.22981366459627328,0,2.4424906541753444e-13,1
clef|CD004414,336,268,0.21118012422354937,0.21118012422360247,0,5.309641615269811e-14,1
clef|CD004414,336,274,0.1925465838505913,0.19254658385093165,0,3.4033886819884174e-13,1
clef|CD004414,336,279,0.1770186335403423,0.17701863354037264,0,3.03368441478824e-14,1
clef|CD004414,336,285,0.1583850931673626,0.15838509316770186,0,3.392564007498322e-13,1
clef|CD004414,336,291,0.13975155279488372,0.13975155279503104,0,1.4732659536775827e-13,1
clef|CD004414,336,296,0.12422360248438491,0.12422360248447203,0,8.712475185745916e-14,1
clef|CD004414,336,302,0.10559006211178779,0.10559006211180123,0,1.3447576385772209e-14,1
clef|CD004414,336,308,0.08695652173879342,0.08695652173913043,0,3.3700819912496627e-13,1
clef|CD004414,336,313,0.07142857142843018,0.07142857142857142,0,1.4124812430793554e-13,1
clef|CD004414,336,319,0.052795031056020125,0.05279503105590062,0,1.195085697069942e-13,1
clef|CD004414,336,320,0.049689440993724965,0.049689440993788817,0,6.385170170375432e-14,1
clef|CD004414,336,325,0.034161490682692364,0.03416149068322981,0,5.374450884332305e-13,1
clef|CD004414,336,330,0.018633540372701374,0.018633540372670804,0,3.0569297093663295e-14,1
clef|CD004414,336,336,0.0,0.0,0,0.0,1
heldout|Lewowski_2021,329,1,1.0,1.0,0,0.0,1
heldout|Lewowski_2021,329,7,1.0,1.0,0,0.0,1
heldout|Lewowski_2021,329,12,0.9968553459119487,0.9968553459119497,0,9.992007221626409e-16,1
heldout|Lewowski_2021,329,18,0.9841772151898701,0.9841772151898734,0,3.3306690738754696e-15,1
heldout|Lewowski_2021,329,23,0.9683544303797402,0.9683544303797469,0,6.661338147750939e-15,1
heldout|Lewowski_2021,329,29,0.9493670886075846,0.9493670886075949,0,1.0325074129013956e-14,1
heldout|Lewowski_2021,329,34,0.9335443037974548,0.9335443037974683,0,1.354472090042691e-14,1
heldout|Lewowski_2021,329,40,0.9145569620252989,0.9145569620253164,0,1.7541523789077473e-14,1
heldout|Lewowski_2021,329,45,0.8987341772151689,0.8987341772151899,0,2.098321516541546e-14,1
heldout|Lewowski_2021,329,51,0.8797468354430095,0.879746835443038,0,2.853273173286652e-14,1
heldout|Lewowski_2021,329,57,0.8607594936708587,0.8607594936708861,0,2.7422508708241367e-14,1
heldout|Lewowski_2021,329,62,0.8449367088607282,0.8449367088607596,0,3.1308289294429414e-14,1
heldout|Lewowski_2021,329,68,0.8259493670885686,0.8259493670886076,0,3.8968828164342995e-14,1
heldout|Lewowski_2021,329,73,0.8101265822784318,0.810126582278481,0,4.9182879990894435e-14,1
heldout|Lewowski_2021,329,79,0.79113924050628,0.7911392405063291,0,4.907185768843192e-14,1
heldout|Lewowski_2021,329,84,0.7753164556961503,0.7753164556962026,0,5.229150445984487e-14,1
heldout|Lewowski_2021,329,90,0.756329113923998,0.7563291139240507,0,5.262457136723242e-14,1
heldout|Lewowski_2021,329,96,0.7373417721518583,0.7373417721518987,0,4.04121180963557e-14,1
heldout|Lewowski_2021,329,101,0.7215189873417209,0.7215189873417722,0,5.129230373768223e-14,1
heldout|Lewowski_2021,329,107,0.7025316455695638,0.7025316455696202,0,5.639932965095795e-14,1
heldout|Lewowski_2021,329,112,0.6867088607594214,0.6867088607594937,0,7.227551890309769e-14,1
heldout|Lewowski_2021,329,118,0.6677215189872634,0.6677215189873418,0,7.838174553853605e-14,1
heldout|Lewowski_2021,329,123,0.6518987341771564,0.6518987341772152,0,5.88418203051333e-14,1
heldout|Lewowski_2021,329,129,0.6329113924049682,0.6329113924050633,0,9.514611321037592e-14,1
heldout|Lewowski_2021,329,134,0.6170886075948813,0.6170886075949367,0,5.540012892879531e-14,1
heldout|Lewowski_2021,329,140,0.5981012658227232,0.5981012658227849,0,6.17284001691587e-14,1
heldout|Lewowski_2021,329,146,0.5791139240505601,0.5791139240506329,0,7.283063041541027e-14,1
heldout|Lewowski_2021,329,151,0.5632911392404605,0.5632911392405063,0,4.5852210917018965e-14,1
heldout|Lewowski_2021,329,157,0.5443037974682565,0.5443037974683544,0,9.792167077193881e-14,1
heldout|Lewowski_2021,329,162,0.5284810126581467,0.5284810126582278,0,8.104628079763643e-14,1
heldout|Lewowski_2021,329,168,0.5094936708860249,0.509493670886076,0,5.10702591327572e-14,1
heldout|Lewowski_2021,329,173,0.4936708860758431,0.49367088607594933,0,1.0624834345662748e-13,1
heldout|Lewowski_2021,329,179,0.474683544303656,0.47468354430379744,0,1.4144241333724494e-13,1
heldout|Lewowski_2021,329,184,0.4588607594936309,0.4588607594936709,0,3.9968028886505635e-14,1
heldout|Lewowski_2021,329,190,0.439873417721366,0.439873417721519,0,1.5298873279334657e-13,1
heldout|Lewowski_2021,329,196,0.4208860759492852,0.42088607594936706,0,8.18789480661053e-14,1
heldout|Lewowski_2021,329,201,0.4050632911390927,0.4050632911392405,0,1.478261957288396e-13,1
heldout|Lewowski_2021,329,207,0.3860759493670576,0.3860759493670886,0,3.1030733538273125e-14,1
heldout|Lewowski_2021,329,212,0.37025316455661716,0.370253164556962,0,3.448352714485736e-13,1
heldout|Lewowski_2021,329,218,0.35126582278466545,0.3512658227848101,0,1.446620601086579e-13,1
heldout|Lewowski_2021,329,223,0.3354430379744501,0.33544303797468356,0,2.334799020786704e-13,1
heldout|Lewowski_2021,329,229,0.3164556962025431,0.31645569620253167,0,1.1435297153639112e-14,1
heldout|Lewowski_2021,329,234,0.30063291139231973,0.30063291139240506,0,8.532063944244328e-14,1
heldout|Lewowski_2021,329,240,0.2816455696202914,0.28164556962025317,0,3.824718319833664e-14,1
heldout|Lewowski_2021,329,246,0.26265822784783976,0.2626582278481013,0,2.615130334504556e-13,1
heldout|Lewowski_2021,329,251,0.24683544303791172,0.24683544303797467,0,6.294964549624638e-14,1
heldout|Lewowski_2021,329,257,0.22784810126540167,0.22784810126582278,0,4.211075932403219e-13,1
heldout|Lewowski_2021,329,262,0.21202531645557687,0.2120253164556962,0,1.193212195715887e-13,1
heldout|Lewowski_2021,329,268,0.19303797468333617,0.1930379746835443,0,2.0813906154160122e-13,1
heldout|Lewowski_2021,329,273,0.17721518987285823,0.17721518987341772,0,5.594968932598476e-13,1
heldout|Lewowski_2021,329,279,0.15822784810097512,0.15822784810126583,0,2.9071189899809724e-13,1
heldout|Lewowski_2021,329,285,0.13924050632887364,0.13924050632911392,0,2.402800181044995e-13,1
heldout|Lewowski_2021,329,290,0.12341772151880992,0.12341772151898733,0,1.7741363933510002e-13,1
heldout|Lewowski_2021,329,296,0.10443037974659297,0.10443037974683544,0,2.424727085781342e-13,1
heldout|Lewowski_2021,329,301,0.08860759493666681,0.08860759493670886,0,4.2049697057677804e-14,1
heldout|Lewowski_2021,329,307,0.06962025316418463,0.06962025316455696,0,3.7232716909585406e-13,1
heldout|Lewowski_2021,329,312,0.05379746835425703,0.05379746835443038,0,1.7335438640131429e-13,1
heldout|Lewowski_2021,329,313,0.050632911392386015,0.05063291139240506,0,1.9047263766225342e-14,1
heldout|Lewowski_2021,329,314,0.04746835442987851,0.04746835443037974,0,5.012310011487386e-13,1
heldout|Lewowski_2021,329,318,0.03481012658237015,0.03481012658227848,0,9.16697273645184e-14,1
heldout|Lewowski_2021,329,323,0.018987341772215394,0.0189873417721519,0,6.349434866770309e-14,1
heldout|Lewowski_2021,329,329,0.0,0.0,0,0.0,1
heldout|Toffalini_2021,328,1,1.0,1.0,0,0.0,1
heldout|Toffalini_2021,328,7,0.9999999999993833,0.9999999999993833,0,0.0,1
heldout|Toffalini_2021,328,12,0.999999813416092,0.999999813416092,0,0.0,1
heldout|Toffalini_2021,328,18,0.9967845659164,0.9967845659163987,0,1.2212453270876722e-15,1
heldout|Toffalini_2021,328,23,0.9902597402597431,0.9902597402597403,0,2.7755575615628914e-15,1
heldout|Toffalini_2021,328,29,0.9992385464698171,0.9992385464698168,0,3.3306690738754696e-16,1
heldout|Toffalini_2021,328,34,0.9932432432432439,0.9932432432432432,0,6.661338147750939e-16,1
heldout|Toffalini_2021,328,40,0.9931034482758612,0.993103448275862,0,8.881784197001252e-16,1
heldout|Toffalini_2021,328,45,0.9929577464788728,0.9929577464788732,0,4.440892098500626e-16,1
heldout|Toffalini_2021,328,51,0.9512267954013839,0.9512267954013836,0,3.3306690738754696e-16,1
heldout|Toffalini_2021,328,56,0.9711725955204101,0.9711725955204216,0,1.1435297153639112e-14,1
heldout|Toffalini_2021,328,62,0.9287220026350131,0.9287220026350461,0,3.297362383136715e-14,1
heldout|Toffalini_2021,328,68,0.9908369637344538,0.9908369637344566,0,2.7755575615628914e-15,1
heldout|Toffalini_2021,328,73,0.976834675594962,0.9768346755949688,0,6.8833827526759706e-15,1
heldout|Toffalini_2021,328,79,0.9313184327210073,0.9313184327210208,0,1.3433698597964394e-14,1
heldout|Toffalini_2021,328,84,0.8942177178535258,0.894217717853588,0,6.217248937900877e-14,1
heldout|Toffalini_2021,328,90,0.8506922450456771,0.8506922450456973,0,2.020605904817785e-14,1
heldout|Toffalini_2021,328,95,0.8152505052331995,0.8152505052333122,0,1.1268763699945339e-13,1
heldout|Toffalini_2021,328,101,0.7737158024914292,0.773715802491479,0,4.973799150320701e-14,1
heldout|Toffalini_2021,328,106,0.7399330377340383,0.7399330377341418,0,1.0347278589506459e-13,1
heldout|Toffalini_2021,328,112,0.7003891050582925,0.7003891050583657,0,7.316369732279782e-14,1
heldout|Toffalini_2021,328,117,0.6682653153559821,0.6682653153560764,0,9.425793479067579e-14,1
heldout|Toffalini_2021,328,123,0.6307121527462578,0.6307121527463578,0,1.000310945187266e-13,1
heldout|Toffalini_2021,328,128,0.6002473380990359,0.6002473380991162,0,8.038014698286133e-14,1
heldout|Toffalini_2021,328,134,0.5646849455553156,0.564684945555455,0,1.3944401189291966e-13,1
heldout|Toffalini_2021,328,140,0.5302084275931735,0.5302084275932797,0,1.0613732115416497e-13,1
heldout|Toffalini_2021,328,145,0.5023074834855501,0.5023074834856575,0,1.0735856648125264e-13,1
heldout|Toffalini_2021,328,151,0.4698217355893738,0.46982173558953944,0,1.6564527527407336e-13,1
heldout|Toffalini_2021,328,156,0.44357976653678,0.44357976653696496,0,1.8496315590255108e-13,1
heldout|Toffalini_2021,328,162,0.4130847887067165,0.4130847887069044,0,1.8790524691780774e-13,1
heldout|Toffalini_2021,328,167,0.3885017947092163,0.38850179470937773,0,1.6142642778049776e-13,1
heldout|Toffalini_2021,328,173,0.35999758694528117,0.3599975869453744,0,9.325873406851315e-14,1
heldout|Toffalini_2021,328,178,0.3370735680026812,0.3370735680028957,0,2.1449508835758024e-13,1
heldout|Toffalini_2021,328,184,0.3105601303047937,0.3105601303049498,0,1.56097357262297e-13,1
heldout|Toffalini_2021,328,189,0.2892950864173581,0.2892950864175187,0,1.605937605120289e-13,1
heldout|Toffalini_2021,328,195,0.26477241878552704,0.2647724187856303,0,1.0325074129013956e-13,1
heldout|Toffalini_2021,328,201,0.2413356257350865,0.24133562573522757,0,1.4108159085424177e-13,1
heldout|Toffalini_2021,328,206,0.2226344523873407,0.2226344523874159,0,7.518985434273873e-14,1
heldout|Toffalini_2021,328,212,0.20118842940292192,0.20118842940307058,0,1.4865886299730846e-13,1
heldout|Toffalini_2021,328,217,0.1841462311101698,0.18414623111030676,0,1.3694601008751306e-13,1
heldout|Toffalini_2021,328,223,0.16469097819174894,0.1646909781920188,0,2.6986746171075993e-13,1
heldout|Toffalini_2021,328,228,0.14930775495408066,0.1493077549543028,0,2.221278716518782e-13,1
heldout|Toffalini_2021,328,234,0.1318432721018894,0.1318432721020722,0,1.8279822100453202e-13,1
heldout|Toffalini_2021,328,239,0.11811902391920015,0.11811902391940397,0,2.0382306953337093e-13,1
heldout|Toffalini_2021,328,245,0.10264531113315245,0.10264531113323079,0,7.834011217511261e-14,1
heldout|Toffalini_2021,328,250,0.09058003800533976,0.09058003800561036,0,2.706029844645741e-13,1
heldout|Toffalini_2021,328,256,0.07709709528522479,0.07709709528549452,0,2.697286838326818e-13,1
heldout|Toffalini_2021,328,261,0.06669079721276727,0.06669079721292191,0,1.546401895424765e-13,1
heldout|Toffalini_2021,328,267,0.05519862455863933,0.05519862455886345,0,2.2411933420229957e-13,1
heldout|Toffalini_2021,328,269,0.051609205803108904,0.05160920580339637,0,2.8746449665106866e-13,1
heldout|Toffalini_2021,328,270,0.049859741199682395,0.049859741199891415,0,2.0902030106739744e-13,1
heldout|Toffalini_2021,328,273,0.04479232648603082,0.04479232648629083,0,2.6000729347330775e-13,1
heldout|Toffalini_2021,328,278,0.03694989895311063,0.03694989895333755,0,2.269226473394781e-13,1
heldout|Toffalini_2021,328,284,0.02853437094669431,0.028534370946822308,0,1.279983063984247e-13,1
heldout|Toffalini_2021,328,289,0.022350918468523773,0.02235091846891684,0,3.9306752297463277e-13,1
heldout|Toffalini_2021,328,295,0.01592616052794993,0.015926160528458962,0,5.090337873436823e-13,1
heldout|Toffalini_2021,328,300,0.011401683105496385,0.011401683105601303,0,1.0491781055055327e-13,1
heldout|Toffalini_2021,328,306,0.006967695230682414,0.006967695231200797,0,5.183830795174593e-13,1
heldout|Toffalini_2021,328,311,0.004102192863024823,0.004102192863390945,0,3.66122063222285e-13,1
heldout|Toffalini_2021,328,317,0.0016589750547654214,0.0016589750550478086,0,2.8238717787731904e-13,1
heldout|Toffalini_2021,328,322,0.0004524477421447015,0.000452447742285766,0,1.410644604599165e-13,1
heldout|Toffalini_2021,328,328,0.0,,1,,1
heldout|Abgaz_2023,288,1,0.9965277777777772,0.9965277777777778,0,5.551115123125783e-16,1
heldout|Abgaz_2023,288,6,0.9929577464788728,0.9929577464788732,0,4.440892098500626e-16,1
heldout|Abgaz_2023,288,11,0.9999231950844855,0.9999231950844855,0,0.0,1
heldout|Abgaz_2023,288,16,0.9963369963369959,0.9963369963369964,0,4.440892098500626e-16,1
heldout|Abgaz_2023,288,20,0.9999996951642379,0.9999996951642379,0,0.0,1
heldout|Abgaz_2023,288,25,0.9887218045112797,0.9887218045112782,0,1.4432899320127035e-15,1
heldout|Abgaz_2023,288,30,0.9699248120300792,0.9699248120300752,0,3.9968028886505635e-15,1
heldout|Abgaz_2023,288,35,0.951127819548879,0.9511278195488722,0,6.8833827526759706e-15,1
heldout|Abgaz_2023,288,40,0.9323308270676783,0.9323308270676691,0,9.2148511043888e-15,1
heldout|Abgaz_2023,288,45,0.9135338345864783,0.9135338345864662,0,1.2101430968414206e-14,1
heldout|Abgaz_2023,288,50,0.8947368421052758,0.8947368421052632,0,1.2656542480726785e-14,1
heldout|Abgaz_2023,288,55,0.8759398496240741,0.8759398496240601,0,1.3988810110276972e-14,1
heldout|Abgaz_2023,288,59,0.86090225563912,0.8609022556390977,0,2.2315482794965646e-14,1
heldout|Abgaz_2023,288,64,0.8421052631579167,0.8421052631578947,0,2.19824158875781e-14,1
heldout|Abgaz_2023,288,69,0.8233082706767095,0.8233082706766918,0,1.7763568394002505e-14,1
heldout|Abgaz_2023,288,74,0.8045112781955155,0.8045112781954887,0,2.6756374893466273e-14,1
heldout|Abgaz_2023,288,79,0.785714285714319,0.7857142857142857,0,3.3306690738754696e-14,1
heldout|Abgaz_2023,288,84,0.7669172932331226,0.7669172932330828,0,3.985700658404312e-14,1
heldout|Abgaz_2023,288,89,0.748120300751909,0.7481203007518797,0,2.930988785010413e-14,1
heldout|Abgaz_2023,288,93,0.7330827067669474,0.7330827067669173,0,3.008704396734174e-14,1
heldout|Abgaz_2023,288,98,0.7142857142857488,0.7142857142857143,0,3.452793606584237e-14,1
heldout|Abgaz_2023,288,103,0.6954887218045547,0.6954887218045114,0,4.3298697960381105e-14,1
heldout|Abgaz_2023,288,108,0.6766917293233532,0.6766917293233083,0,4.4853010194856324e-14,1
heldout|Abgaz_2023,288,113,0.6578947368421308,0.6578947368421053,0,2.55351295663786e-14,1
heldout|Abgaz_2023,288,118,0.6390977443609274,0.6390977443609023,0,2.5091040356528538e-14,1
heldout|Abgaz_2023,288,123,0.6203007518797663,0.6203007518796992,0,6.705747068735946e-14,1
heldout|Abgaz_2023,288,127,0.60526315789478,0.6052631578947368,0,4.318767565791859e-14,1
heldout|Abgaz_2023,288,132,0.5864661654136067,0.5864661654135339,0,7.283063041541027e-14,1
heldout|Abgaz_2023,288,137,0.5676691729324148,0.5676691729323309,0,8.393286066166183e-14,1
heldout|Abgaz_2023,288,142,0.548872180451166,0.5488721804511278,0,3.8191672047105385e-14,1
heldout|Abgaz_2023,288,147,0.5300751879700303,0.5300751879699248,0,1.0547118733938987e-13,1
heldout|Abgaz_2023,288,152,0.5112781954887814,0.5112781954887219,0,5.950795411990839e-14,1
heldout|Abgaz_2023,288,157,0.4924812030075958,0.49248120300751874,0,7.704947790898586e-14,1
heldout|Abgaz_2023,288,162,0.4736842105263104,0.47368421052631576,0,5.384581669432009e-15,1
heldout|Abgaz_2023,288,166,0.458646616541424,0.45864661654135336,0,7.066569551739121e-14,1
heldout|Abgaz_2023,288,171,0.4398496240602474,0.43984962406015027,0,9.71445146547012e-14,1
heldout|Abgaz_2023,288,176,0.4210526315790213,0.42105263157894735,0,7.394085344003543e-14,1
heldout|Abgaz_2023,288,181,0.4022556390978368,0.4022556390977443,0,9.248157795127554e-14,1
heldout|Abgaz_2023,288,186,0.38345864661664253,0.38345864661654133,0,1.0119682869458302e-13,1
heldout|Abgaz_2023,288,191,0.36466165413539653,0.36466165413533835,0,5.81756864903582e-14,1
heldout|Abgaz_2023,288,196,0.3458646616542318,0.3458646616541353,0,9.64783808399261e-14,1
heldout|Abgaz_2023,288,200,0.330827067669217,0.3308270676691729,0,4.4075854077618715e-14,1
heldout|Abgaz_2023,288,205,0.3120300751881102,0.3120300751879699,0,1.4033219031261979e-13,1
heldout|Abgaz_2023,288,210,0.29323308270683535,0.2932330827067669,0,6.84452494681409e-14,1
heldout|Abgaz_2023,288,215,0.2744360902255587,0.2744360902255639,0,5.218048215738236e-15,1
heldout|Abgaz_2023,288,220,0.25563909774452953,0.2556390977443609,0,1.6864287744056128e-13,1
heldout|Abgaz_2023,288,225,0.23684210526319804,0.23684210526315788,0,4.016231791581504e-14,1
heldout|Abgaz_2023,288,230,0.21804511278208139,0.21804511278195488,0,1.265099136560366e-13,1
heldout|Abgaz_2023,288,234,0.20300751879706558,0.20300751879699244,0,7.313594174718219e-14,1
heldout|Abgaz_2023,288,239,0.1842105263159466,0.18421052631578946,0,1.5712431356007528e-13,1
heldout|Abgaz_2023,288,244,0.16541353383457846,0.16541353383458646,0,7.993605777301127e-15,1
heldout|Abgaz_2023,288,249,0.14661654135352953,0.14661654135338345,0,1.4607759446505497e-13,1
heldout|Abgaz_2023,288,254,0.1278195488726508,0.12781954887218044,0,4.703459843824476e-13,1
heldout|Abgaz_2023,288,259,0.10902255639113867,0.10902255639097744,0,1.6123213875118836e-13,1
heldout|Abgaz_2023,288,264,0.09022556390980008,0.09022556390977443,0,2.5646151868841116e-14,1
heldout|Abgaz_2023,288,269,0.07142857142864134,0.07142857142857142,0,6.991629497576923e-14,1
heldout|Abgaz_2023,288,273,0.05639097744371002,0.05639097744360902,0,1.0100253966527362e-13,1
heldout|Abgaz_2023,288,274,0.052631578947621716,0.05263157894736842,0,2.5329738306822946e-13,1
heldout|Abgaz_2023,288,275,0.0488721804511717,0.04887218045112781,0,4.388850394221322e-14,1
heldout|Abgaz_2023,288,278,0.03759398496230115,0.037593984962406006,0,1.0485362578194213e-13,1
heldout|Abgaz_2023,288,283,0.018796992481686425,0.018796992481203003,0,4.834223299443607e-13,1
heldout|Abgaz_2023,288,288,0.0,0.0,0,0.0,1
clef|CD000996,281,1,1.0,1.0,0,0.0,1
clef|CD000996,281,6,0.9963768115942028,0.9963768115942029,0,1.1102230246251565e-16,1
clef|CD000996,281,10,0.9890510948905138,0.9890510948905109,0,2.886579864025407e-15,1
clef|CD000996,281,15,0.9708029197080369,0.9708029197080292,0,7.66053886991358e-15,1
clef|CD000996,281,20,0.9525547445255602,0.9525547445255474,0,1.27675647831893e-14,1
clef|CD000996,281,25,0.934306569343083,0.9343065693430657,0,1.7319479184152442e-14,1
clef|CD000996,281,29,0.9197080291971004,0.9197080291970803,0,2.0095036745715333e-14,1
clef|CD000996,281,34,0.9014598540146249,0.9014598540145986,0,2.631228568361621e-14,1
clef|CD000996,281,39,0.8832116788321478,0.8832116788321168,0,3.097522238704187e-14,1
clef|CD000996,281,44,0.8649635036496739,0.864963503649635,0,3.885780586188048e-14,1
clef|CD000996,281,48,0.8503649635036895,0.8503649635036497,0,3.985700658404312e-14,1
clef|CD000996,281,53,0.8321167883212197,0.8321167883211679,0,5.184741524999481e-14,1
clef|CD000996,281,58,0.8138686131387293,0.8138686131386861,0,4.318767565791859e-14,1
clef|CD000996,281,63,0.7956204379562605,0.7956204379562044,0,5.6066262743570405e-14,1
clef|CD000996,281,67,0.7810218978102658,0.781021897810219,0,4.674038933671909e-14,1
clef|CD000996,281,72,0.7627737226278035,0.7627737226277372,0,6.628031457012185e-14,1
clef|CD000996,281,77,0.7445255474453367,0.7445255474452555,0,8.126832540256146e-14,1
clef|CD000996,281,82,0.7262773722628364,0.7262773722627738,0,6.261657858885883e-14,1
clef|CD000996,281,86,0.7116788321168765,0.7116788321167884,0,8.815170815523743e-14,1
clef|CD000996,281,91,0.693430656934392,0.6934306569343065,0,8.548717289613705e-14,1
clef|CD000996,281,96,0.6751824817519251,0.6751824817518248,0,1.0025313912365164e-13,1
clef|CD000996,281,101,0.6569343065694401,0.6569343065693432,0,9.692247004977617e-14,1
clef|CD000996,281,105,0.642335766423464,0.6423357664233577,0,1.0635936575909e-13,1
clef|CD000996,281,110,0.6240875912409884,0.6240875912408759,0,1.1257661469699087e-13,1
clef|CD000996,281,115,0.6058394160584981,0.6058394160583942,0,1.0391687510491465e-13,1
clef|CD000996,281,120,0.58759124087603,0.5875912408759124,0,1.1757261830780408e-13,1
clef|CD000996,281,124,0.5729927007300313,0.572992700729927,0,1.042499420123022e-13,1
clef|CD000996,281,129,0.5547445255475908,0.5547445255474452,0,1.4555023852835802e-13,1
clef|CD000996,281,134,0.5364963503651115,0.5364963503649636,0,1.4788170688007085e-13,1
clef|CD000996,281,139,0.5182481751825132,0.5182481751824818,0,3.141931159689193e-14,1
clef|CD000996,281,143,0.5036496350366779,0.5036496350364963,0,1.816324868286756e-13,1
clef|CD000996,281,148,0.4854014598541623,0.48540145985401456,0,1.4771517342637708e-13,1
clef|CD000996,281,153,0.4671532846716887,0.46715328467153283,0,1.5587531265737198e-13,1
clef|CD000996,281,158,0.4489051094891726,0.4489051094890511,0,1.2151391004522338e-13,1
clef|CD000996,281,162,0.4343065693432743,0.43430656934306566,0,2.0861090632706691e-13,1
clef|CD000996,281,167,0.4160583941607373,0.41605839416058393,0,1.5337731085196538e-13,1
clef|CD000996,281,172,0.3978102189782191,0.3978102189781022,0,1.1690648449302898e-13,1
clef|CD000996,281,177,0.379562043795751,0.3795620437956204,0,1.305622276959184e-13,1
clef|CD000996,281,181,0.36496350364980945,0.36496350364963503,0,1.744160371686121e-13,1
clef|CD000996,281,186,0.34671532846730024,0.34671532846715325,0,1.4699352846037073e-13,1
clef|CD000996,281,191,0.32846715328495246,0.3284671532846715,0,2.8094193638139586e-13,1
clef|CD000996,281,196,0.31021897810234844,0.3102189781021898,0,1.5865087021893487e-13,1
clef|CD000996,281,200,0.295620437956289,0.29562043795620435,0,8.465450562766819e-14,1
clef|CD000996,281,205,0.2773722627739783,0.2773722627737226,0,2.5568436257117355e-13,1
clef|CD000996,281,210,0.2591240875913742,0.2591240875912409,0,1.3328227410625004e-13,1
clef|CD000996,281,215,0.24087591240897854,0.2408759124087591,0,2.194355808171622e-13,1
clef|CD000996,281,219,0.2262773722629431,0.22627737226277372,0,1.6936452240656763e-13,1
clef|CD000996,281,224,0.20802919708054524,0.20802919708029197,0,2.5326962749261384e-13,1
clef|CD000996,281,229,0.18978102189790558,0.1897810218978102,0,9.536815781530095e-14,1
clef|CD000996,281,234,0.17153284671538738,0.17153284671532845,0,5.892508703198018e-14,1
clef|CD000996,281,238,0.1569343065693698,0.15693430656934307,0,2.6728619317850644e-14,1
clef|CD000996,281,243,0.13868613138707686,0.1386861313868613,0,2.1554980023097414e-13,1
clef|CD000996,281,248,0.12043795620450737,0.12043795620437955,0,1.2781442570997115e-13,1
clef|CD000996,281,253,0.10218978102216303,0.10218978102189781,0,2.652184027951421e-13,1
clef|CD000996,281,257,0.08759124087617964,0.08759124087591241,0,2.672306820272752e-13,1
clef|CD000996,281,262,0.06934306569363047,0.06934306569343066,0,1.9981238885691255e-13,1
clef|CD000996,281,267,0.05109489051096783,0.051094890510948905,0,1.8922363675955012e-14,1
clef|CD000996,281,268,0.04744525547504308,0.04744525547445255,0,5.905276267981208e-13,1
clef|CD000996,281,272,0.03284671532885841,0.032846715328467155,0,3.91256471665713e-13,1
clef|CD000996,281,276,0.018248175182673854,0.01824817518248175,0,1.9210327772967162e-13,1
clef|CD000996,281,281,0.0,0.0,0,0.0,1
heldout|Eggmann_2023,266,1,1.0,1.0,0,0.0,1
heldout|Eggmann_2023,266,5,1.0,1.0,0,0.0,1
heldout|Eggmann_2023,266,10,0.9961089494163414,0.9961089494163424,0,9.992007221626409e-16,1
heldout|Eggmann_2023,266,14,0.9805447470817074,0.980544747081712,0,4.6629367034256575e-15,1
heldout|Eggmann_2023,266,19,0.9610894941634148,0.9610894941634242,0,9.325873406851315e-15,1
heldout|Eggmann_2023,266,23,0.94552529182878,0.9455252918287937,0,1.3766765505351941e-14,1
heldout|Eggmann_2023,266,28,0.9260700389104883,0.9260700389105059,0,1.7541523789077473e-14,1
heldout|Eggmann_2023,266,32,0.9105058365758545,0.9105058365758755,0,2.098321516541546e-14,1
heldout|Eggmann_2023,266,37,0.8910505836575597,0.8910505836575875,0,2.7755575615628914e-14,1
heldout|Eggmann_2023,266,41,0.8754863813229277,0.8754863813229572,0,2.9531932455029164e-14,1
heldout|Eggmann_2023,266,46,0.8560311284046382,0.8560311284046693,0,3.108624468950438e-14,1
heldout|Eggmann_2023,266,50,0.8404669260700013,0.8404669260700389,0,3.7636560534792807e-14,1
heldout|Eggmann_2023,266,55,0.8210116731517162,0.8210116731517509,0,3.47499806707674e-14,1
heldout|Eggmann_2023,266,59,0.805447470817072,0.8054474708171206,0,4.8627768478581856e-14,1
heldout|Eggmann_2023,266,64,0.7859922178987784,0.7859922178988327,0,5.4289905904170155e-14,1
heldout|Eggmann_2023,266,68,0.7704280155641517,0.7704280155642023,0,5.051514762044462e-14,1
heldout|Eggmann_2023,266,73,0.7509727626458513,0.7509727626459144,0,6.306066779870889e-14,1
heldout|Eggmann_2023,266,77,0.7354085603112183,0.7354085603112841,0,6.583622536027178e-14,1
heldout|Eggmann_2023,266,82,0.715953307392929,0.7159533073929961,0,6.716849298982197e-14,1
heldout|Eggmann_2023,266,86,0.700389105058292,0.7003891050583657,0,7.37188088351104e-14,1
heldout|Eggmann_2023,266,91,0.6809338521399928,0.6809338521400778,0,8.504308368628699e-14,1
heldout|Eggmann_2023,266,95,0.6653696498053683,0.6653696498054474,0,7.915890165577366e-14,1
heldout|Eggmann_2023,266,100,0.6459143968870531,0.6459143968871595,0,1.0635936575909e-13,1
heldout|Eggmann_2023,266,104,0.6303501945524512,0.6303501945525292,0,7.793765632868599e-14,1
heldout|Eggmann_2023,266,109,0.6108949416341545,0.6108949416342413,0,8.681944052568724e-14,1
heldout|Eggmann_2023,266,113,0.5953307392995252,0.5953307392996109,0,8.570921750106208e-14,1
heldout|Eggmann_2023,266,118,0.5758754863811986,0.5758754863813229,0,1.2434497875801753e-13,1
heldout|Eggmann_2023,266,122,0.5603112840465969,0.5603112840466926,0,9.57012247226885e-14,1
heldout|Eggmann_2023,266,127,0.5408560311282897,0.5408560311284046,0,1.149080830487037e-13,1
heldout|Eggmann_2023,266,131,0.525291828793691,0.5252918287937743,0,8.337774914934926e-14,1
heldout|Eggmann_2023,266,136,0.5058365758753958,0.5058365758754864,0,9.059419880941277e-14,1
heldout|Eggmann_2023,266,140,0.49027237354074815,0.49027237354085607,0,1.0791367799356522e-13,1
heldout|Eggmann_2023,266,145,0.4708171206224957,0.4708171206225681,0,7.238654120556021e-14,1
heldout|Eggmann_2023,266,149,0.4552529182877276,0.45525291828793774,0,2.1010970741031088e-13,1
heldout|Eggmann_2023,266,154,0.43579766536949527,0.4357976653696498,0,1.545430450278218e-13,1
heldout|Eggmann_2023,266,158,0.42023346303490217,0.42023346303501946,0,1.172950625516478e-13,1
heldout|Eggmann_2023,266,163,0.400778210116583,0.40077821011673154,0,1.4854784069484595e-13,1
heldout|Eggmann_2023,266,167,0.385214007781979,0.3852140077821012,0,1.2218004385999848e-13,1
heldout|Eggmann_2023,266,172,0.36575875486365683,0.36575875486381326,0,1.5643042416968456e-13,1
heldout|Eggmann_2023,266,176,0.35019455252908016,0.35019455252918286,0,1.0269562977782698e-13,1
heldout|Eggmann_2023,266,181,0.3307392996106594,0.33073929961089493,0,2.3553381467422696e-13,1
heldout|Eggmann_2023,266,185,0.3151750972761167,0.3151750972762646,0,1.4788170688007085e-13,1
heldout|Eggmann_2023,266,190,0.29571984435791276,0.29571984435797666,0,6.389333506717776e-14,1
heldout|Eggmann_2023,266,194,0.2801556420230361,0.2801556420233463,0,3.1019631308026874e-13,1
heldout|Eggmann_2023,266,199,0.260700389104901,0.2607003891050584,0,1.5737411374061594e-13,1
heldout|Eggmann_2023,266,203,0.24513618677019555,0.24513618677042803,0,2.324807013565078e-13,1
heldout|Eggmann_2023,266,208,0.22568093385186871,0.22568093385214008,0,2.713662627940039e-13,1
heldout|Eggmann_2023,266,212,0.21011673151725474,0.21011673151750973,0,2.5499047318078283e-13,1
heldout|Eggmann_2023,266,217,0.1906614785990488,0.19066147859922178,0,1.729727472365994e-13,1
heldout|Eggmann_2023,266,221,0.17509727626435734,0.17509727626459143,0,2.3409052474221426e-13,1
heldout|Eggmann_2023,266,226,0.15564202334614907,0.1556420233463035,0,1.5443202272535927e-13,1
heldout|Eggmann_2023,266,230,0.14007782101173782,0.14007782101167315,0,6.467049118441537e-14,1
heldout|Eggmann_2023,266,235,0.12062256809319227,0.12062256809338522,0,1.929428838920444e-13,1
heldout|Eggmann_2023,266,239,0.10505836575854033,0.10505836575875487,0,2.1453672172100369e-13,1
heldout|Eggmann_2023,266,244,0.08560311283996613,0.08560311284046693,0,5.007938508327925e-13,1
heldout|Eggmann_2023,266,248,0.07003891050573818,0.07003891050583658,0,9.83935155574045e-14,1
heldout|Eggmann_2023,266,253,0.05058365758700223,0.05058365758754864,0,5.464101393570786e-13,1
heldout|Eggmann_2023,266,254,0.046692607003978925,0.04669260700389105,0,8.787415239908114e-14,1
heldout|Eggmann_2023,266,257,0.03501945525255312,0.03501945525291829,0,3.651662305870218e-13,1
heldout|Eggmann_2023,266,262,0.01556420233430611,0.01556420233463035,0,3.2424063434177697e-13,1
heldout|Eggmann_2023,266,266,0.0,0.0,0,0.0,1
clef|CD010239,224,1,1.0,1.0,0,0.0,1
clef|CD010239,224,5,1.0,1.0,0,0.0,1
clef|CD010239,224,9,1.0,1.0,0,0.0,1
clef|CD010239,224,12,0.9953051643192482,0.9953051643192489,0,6.661338147750939e-16,1
clef|CD010239,224,16,0.9765258215962412,0.9765258215962441,0,2.886579864025407e-15,1
clef|CD010239,224,20,0.957746478873234,0.9577464788732395,0,5.440092820663267e-15,1
clef|CD010239,224,24,0.9389671361502276,0.9389671361502347,0,7.105427357601002e-15,1
clef|CD010239,224,27,0.9248826291079724,0.9248826291079812,0,8.881784197001252e-15,1
clef|CD010239,224,31,0.906103286384965,0.9061032863849765,0,1.1546319456101628e-14,1
clef|CD010239,224,35,0.8873239436619575,0.8873239436619719,0,1.432187701766452e-14,1
clef|CD010239,224,39,0.8685446009389491,0.8685446009389671,0,1.7985612998927536e-14,1
clef|CD010239,224,43,0.8497652582159445,0.8497652582159625,0,1.7985612998927536e-14,1
clef|CD010239,224,46,0.835680751173689,0.835680751173709,0,1.9984014443252818e-14,1
clef|CD010239,224,50,0.8169014084506834,0.8169014084507042,0,2.0872192862952943e-14,1
clef|CD010239,224,54,0.7981220657276703,0.7981220657276995,0,2.919886554764162e-14,1
clef|CD010239,224,58,0.7793427230046602,0.7793427230046949,0,3.4638958368304884e-14,1
clef|CD010239,224,61,0.7652582159624104,0.7652582159624414,0,3.097522238704187e-14,1
clef|CD010239,224,65,0.7464788732394065,0.7464788732394366,0,3.008704396734174e-14,1
clef|CD010239,224,69,0.7276995305163936,0.727699530516432,0,3.8413716652030416e-14,1
clef|CD010239,224,73,0.7089201877934022,0.7089201877934272,0,2.5091040356528538e-14,1
clef|CD010239,224,77,0.6901408450703771,0.6901408450704225,0,4.54081217071689e-14,1
clef|CD010239,224,80,0.6760563380281273,0.676056338028169,0,4.1744385725905886e-14,1
clef|CD010239,224,84,0.6572769953051237,0.6572769953051643,0,4.0523140398818214e-14,1
clef|CD010239,224,88,0.6384976525821134,0.6384976525821596,0,4.618527782440651e-14,1
clef|CD010239,224,92,0.6197183098591114,0.619718309859155,0,4.363176486776865e-14,1
clef|CD010239,224,95,0.6056338028168596,0.6056338028169014,0,4.1744385725905886e-14,1
clef|CD010239,224,99,0.586854460093857,0.5868544600938967,0,3.9745984281580604e-14,1
clef|CD010239,224,103,0.5680751173708338,0.568075117370892,0,5.81756864903582e-14,1
clef|CD010239,224,107,0.5492957746478027,0.5492957746478873,0,8.459899447643693e-14,1
clef|CD010239,224,111,0.5305164319248334,0.5305164319248827,0,4.929390229335695e-14,1
clef|CD010239,224,114,0.5164319248825879,0.5164319248826291,0,4.118927421359331e-14,1
clef|CD010239,224,118,0.4976525821595458,0.4976525821596244,0,7.860379014346108e-14,1
clef|CD010239,224,122,0.47887323943657045,0.47887323943661975,0,4.929390229335695e-14,1
clef|CD010239,224,126,0.46009389671358114,0.460093896713615,0,3.3861802251067274e-14,1
clef|CD010239,224,130,0.4413145539905503,0.4413145539906103,0,6.000755448098971e-14,1
clef|CD010239,224,133,0.4272300469483238,0.42723004694835676,0,3.297362383136715e-14,1
clef|CD010239,224,137,0.40845070422529195,0.4084507042253521,0,6.017408793468348e-14,1
clef|CD010239,224,141,0.3896713615022648,0.38967136150234744,0,8.26561041833429e-14,1
clef|CD010239,224,145,0.37089201877925315,0.37089201877934275,0,8.959499808725013e-14,1
clef|CD010239,224,148,0.3568075117369528,0.3568075117370892,0,1.3639089857520048e-13,1
clef|CD010239,224,152,0.33802816901402,0.3380281690140845,0,6.45039577307216e-14,1
clef|CD010239,224,156,0.31924882629097373,0.3192488262910798,0,1.0608181000293371e-13,1
clef|CD010239,224,160,0.3004694835680163,0.3004694835680751,0,5.88418203051333e-14,1
clef|CD010239,224,164,0.2816901408449419,0.28169014084507044,0,1.2850831510036187e-13,1
clef|CD010239,224,167,0.267605633802793,0.26760563380281693,0,2.3925306180672123e-14,1
clef|CD010239,224,171,0.24882629107972065,0.2488262910798122,0,9.153788838034416e-14,1
clef|CD010239,224,175,0.23004694835673567,0.2300469483568075,0,7.183142969324763e-14,1
clef|CD010239,224,179,0.21126760563371771,0.2112676056338028,0,8.509859483751825e-14,1
clef|CD010239,224,182,0.1971830985915607,0.1971830985915493,0,1.1379786002407855e-14,1
clef|CD010239,224,186,0.17840375586857082,0.1784037558685446,0,2.6229018956769323e-14,1
clef|CD010239,224,190,0.15962441314540587,0.1596244131455399,0,1.3403167464787202e-13,1
clef|CD010239,224,194,0.1408450704224894,0.14084507042253522,0,4.5824455341403336e-14,1
clef|CD010239,224,198,0.12206572769949864,0.12206572769953052,0,3.187727859454981e-14,1
clef|CD010239,224,201,0.10798122065719251,0.10798122065727699,0,8.44740943861666e-14,1
clef|CD010239,224,205,0.0892018779340994,0.0892018779342723,0,1.7290335829756032e-13,1
clef|CD010239,224,209,0.07042253521123909,0.07042253521126761,0,2.851885394505871e-14,1
clef|CD010239,224,213,0.051643192488238565,0.05164319248826291,0,2.4341639814906557e-14,1
clef|CD010239,224,214,0.04694835680731668,0.046948356807511735,0,1.950523076388322e-13,1
clef|CD010239,224,216,0.03755868544587948,0.03755868544600939,0,1.2990997166895113e-13,1
clef|CD010239,224,220,0.01877934272282389,0.018779342723004695,0,1.8080675845411065e-13,1
clef|CD010239,224,224,0.0,0.0,0,0.0,1
clef|CD011977,195,1,1.0,1.0,0,0.0,1
clef|CD011977,195,4,1.0,1.0,0,0.0,1
clef|CD011977,195,8,0.9999437127096702,0.9999437127096702,0,0.0,1
clef|CD011977,195,11,0.9999418773612322,0.9999418773612322,0,0.0,1
clef|CD011977,195,14,0.9999999994309423,0.9999999994309423,0,0.0,1
clef|CD011977,195,17,0.9999379267535692,0.9999379267535692,0,0.0,1
clef|CD011977,195,21,0.9886363636363633,0.9886363636363636,0,3.3306690738754696e-16,1
clef|CD011977,195,24,0.9999998705699323,0.9999998705699323,0,0.0,1
clef|CD011977,195,27,0.9765402018795709,0.9765402018795684,0,2.55351295663786e-15,1
clef|CD011977,195,31,0.9993533196476707,0.9993533196476707,0,0.0,1
clef|CD011977,195,34,0.9999944580222898,0.9999944580222898,0,0.0,1
clef|CD011977,195,37,0.9750786163522017,0.9750786163522013,0,4.440892098500626e-16,1
clef|CD011977,195,40,0.9999408618426157,0.9999408618426157,0,0.0,1
clef|CD011977,195,44,0.986842105263157,0.9868421052631579,0,8.881784197001252e-16,1
clef|CD011977,195,47,0.9478912513070723,0.9478912513070756,0,3.3306690738754696e-15,1
clef|CD011977,195,50,0.9863013698630133,0.9863013698630136,0,3.3306690738754696e-16,1
clef|CD011977,195,54,0.932451582427966,0.9324515824279641,0,1.887379141862766e-15,1
clef|CD011977,195,57,0.8930562116202287,0.8930562116202173,0,1.1435297153639112e-14,1
clef|CD011977,195,60,0.8545111006140785,0.8545111006140765,0,1.9984014443252818e-15,1
clef|CD011977,195,63,0.8168162494095055,0.8168162494095418,0,3.630429290524262e-14,1
clef|CD011977,195,67,0.7678790741615343,0.7678790741615493,0,1.4988010832439613e-14,1
clef|CD011977,195,70,0.7321681624941176,0.7321681624940954,0,2.220446049250313e-14,1
clef|CD011977,195,73,0.6973075106282665,0.6973075106282476,0,1.887379141862766e-14,1
clef|CD011977,195,77,0.9057628719886623,0.9057628719886632,0,8.881784197001252e-16,1
clef|CD011977,195,80,0.969808730082706,0.9698087300827027,0,3.219646771412954e-15,1
clef|CD011977,195,83,0.9993565349980142,0.9993565349980144,0,1.1102230246251565e-16,1
clef|CD011977,195,86,0.981818181818181,0.9818181818181818,0,7.771561172376096e-16,1
clef|CD011977,195,90,0.9107589658048363,0.9107589658048374,0,1.1102230246251565e-15,1
clef|CD011977,195,93,0.9617251680358427,0.9617251680358476,0,4.884981308350689e-15,1
clef|CD011977,195,96,0.9057132188200068,0.905713218820015,0,8.215650382226158e-15,1
clef|CD011977,195,100,0.8336445108289702,0.8336445108289768,0,6.661338147750939e-15,1
clef|CD011977,195,103,0.7815533980582343,0.7815533980582524,0,1.8096635301390052e-14,1
clef|CD011977,195,106,0.9461845978122406,0.9461845978122392,0,1.4432899320127035e-15,1
clef|CD011977,195,110,0.8717948717948861,0.8717948717948718,0,1.432187701766452e-14,1
clef|CD011977,195,113,0.8109890109890255,0.810989010989011,0,1.454392162258955e-14,1
clef|CD011977,195,116,0.7523809523809879,0.7523809523809524,0,3.552713678800501e-14,1
clef|CD011977,195,119,0.6959706959707223,0.6959706959706959,0,2.631228568361621e-14,1
clef|CD011977,195,123,0.6241758241758513,0.6241758241758242,0,2.708944180085382e-14,1
clef|CD011977,195,126,0.5728937728938119,0.572893772893773,0,3.8968828164342995e-14,1
clef|CD011977,195,129,0.5238095238095629,0.523809523809524,0,3.8968828164342995e-14,1
clef|CD011977,195,133,0.4617826617827381,0.4617826617826618,0,7.627232179174825e-14,1
clef|CD011977,195,136,0.4178266178266884,0.41782661782661784,0,7.05546732149287e-14,1
clef|CD011977,195,139,0.3760683760684497,0.376068376068376,0,7.366329768387914e-14,1
clef|CD011977,195,142,0.33650793650798616,0.33650793650793653,0,4.96269692007445e-14,1
clef|CD011977,195,146,0.28717948717956876,0.2871794871794871,0,8.165690346118026e-14,1
clef|CD011977,195,149,0.2527472527473247,0.25274725274725274,0,7.194245199571014e-14,1
clef|CD011977,195,152,0.22051282051288257,0.22051282051282053,0,6.203371150093062e-14,1
clef|CD011977,195,156,0.18095238095247546,0.18095238095238092,0,9.453549054683208e-14,1
clef|CD011977,195,159,0.1538461538462308,0.15384615384615385,0,7.693845560652335e-14,1
clef|CD011977,195,162,0.12893772893780064,0.12893772893772892,0,7.172040739078511e-14,1
clef|CD011977,195,165,0.10622710622719023,0.10622710622710621,0,8.401612738850872e-14,1
clef|CD011977,195,169,0.07936507936515946,0.07936507936507936,0,8.010259122670504e-14,1
clef|CD011977,195,172,0.061782661782737835,0.061782661782661785,0,7.605027718682322e-14,1
clef|CD011977,195,174,0.051282051282205865,0.05128205128205128,0,1.5458467839124523e-13,1
clef|CD011977,195,175,0.04639804639815992,0.046398046398046386,0,1.1353418205573007e-13,1
clef|CD011977,195,179,0.02930402930413023,0.029304029304029304,0,1.0092621183233064e-13,1
clef|CD011977,195,182,0.019047619047745434,0.01904761904761905,0,1.2638501356576626e-13,1
clef|CD011977,195,185,0.010989010989024273,0.01098901098901099,0,1.3282777655554412e-14,1
clef|CD011977,195,188,0.00512820512842449,0.005128205128205127,0,2.1936272243117116e-13,1
clef|CD011977,195,192,0.0007326007326915462,0.0007326007326007326,0,9.081364132912384e-14,1
clef|CD011977,195,195,0.0,,1,,1
clef|CD011571,146,1,1.0,1.0,0,0.0,1
clef|CD011571,146,3,1.0,1.0,0,0.0,1
clef|CD011571,146,6,0.9999001098791329,0.9999001098791329,0,0.0,1
clef|CD011571,146,8,0.9998972250770812,0.9998972250770812,0,0.0,1
clef|CD011571,146,11,0.9782608695652151,0.9782608695652174,0,2.3314683517128287e-15,1
clef|CD011571,146,13,0.9637681159420252,0.9637681159420289,0,3.774758283725532e-15,1
clef|CD011571,146,16,0.9420289855072402,0.9420289855072463,0,6.106226635438361e-15,1
clef|CD011571,146,18,0.9275362318840504,0.927536231884058,0,7.549516567451064e-15,1
clef|CD011571,146,21,0.905797101449266,0.9057971014492754,0,9.43689570931383e-15,1
clef|CD011571,146,23,0.8913043478260753,0.8913043478260869,0,1.1657341758564144e-14,1
clef|CD011571,146,26,0.8695652173912908,0.8695652173913043,0,1.354472090042691e-14,1
clef|CD011571,146,28,0.8550724637681005,0.855072463768116,0,1.5432100042289676e-14,1
clef|CD011571,146,30,0.8405797101449098,0.8405797101449275,0,1.765254609153999e-14,1
clef|CD011571,146,33,0.8188405797101258,0.8188405797101449,0,1.9095836023552692e-14,1
clef|CD011571,146,35,0.804347826086937,0.8043478260869565,0,1.9539925233402755e-14,1
clef|CD011571,146,38,0.7826086956521501,0.7826086956521738,0,2.375877272697835e-14,1
clef|CD011571,146,40,0.7681159420289618,0.7681159420289855,0,2.3647750424515834e-14,1
clef|CD011571,146,43,0.7463768115941763,0.7463768115942029,0,2.653433028854124e-14,1
clef|CD011571,146,45,0.7318840579709931,0.7318840579710144,0,2.1316282072803006e-14,1
clef|CD011571,146,48,0.7101449275361984,0.7101449275362319,0,3.352873534367973e-14,1
clef|CD011571,146,50,0.6956521739130126,0.6956521739130435,0,3.086420008457935e-14,1
clef|CD011571,146,53,0.6739130434782127,0.6739130434782609,0,4.8183679268731794e-14,1
clef|CD011571,146,55,0.6594202898550249,0.6594202898550725,0,4.7628567756419216e-14,1
clef|CD011571,146,58,0.6376811594202483,0.6376811594202898,0,4.1522341120980855e-14,1
clef|CD011571,146,60,0.6231884057970625,0.6231884057971014,0,3.8968828164342995e-14,1
clef|CD011571,146,62,0.6086956521738731,0.6086956521739131,0,3.9968028886505635e-14,1
clef|CD011571,146,65,0.5869565217390953,0.5869565217391305,0,3.519406988061746e-14,1
clef|CD011571,146,67,0.5724637681159057,0.572463768115942,0,3.630429290524262e-14,1
clef|CD011571,146,70,0.5507246376811283,0.5507246376811594,0,3.108624468950438e-14,1
clef|CD011571,146,72,0.5362318840579161,0.5362318840579711,0,5.495603971894525e-14,1
clef|CD011571,146,75,0.5144927536231284,0.5144927536231885,0,6.006306563222097e-14,1
clef|CD011571,146,77,0.49999999999994404,0.5000000000000001,0,5.6066262743570405e-14,1
clef|CD011571,146,80,0.47826086956514624,0.4782608695652174,0,7.116529587847253e-14,1
clef|CD011571,146,82,0.4637681159420004,0.46376811594202894,0,2.853273173286652e-14,1
clef|CD011571,146,85,0.4420289855071845,0.4420289855072464,0,6.189493362285248e-14,1
clef|CD011571,146,87,0.42753623188402257,0.427536231884058,0,3.5416114485542494e-14,1
clef|CD011571,146,89,0.4130434782608122,0.4130434782608695,0,5.728750807065808e-14,1
clef|CD011571,146,92,0.39130434782603274,0.391304347826087,0,5.42343947529389e-14,1
clef|CD011571,146,94,0.3768115942028354,0.3768115942028985,0,6.311617894994015e-14,1
clef|CD011571,146,97,0.355072463768078,0.35507246376811596,0,3.7969627442180354e-14,1
clef|CD011571,146,99,0.34057971014481847,0.34057971014492755,0,1.0907941216942163e-13,1
clef|CD011571,146,102,0.31884057971008717,0.31884057971014496,0,5.77871084317394e-14,1
clef|CD011571,146,104,0.30434782608683764,0.30434782608695654,0,1.1890488593735427e-13,1
clef|CD011571,146,107,0.2826086956520838,0.282608695652174,0,9.020562075079397e-14,1
clef|CD011571,146,109,0.26811594202893885,0.2681159420289855,0,4.6629367034256575e-14,1
clef|CD011571,146,112,0.24637681159414515,0.24637681159420294,0,5.77871084317394e-14,1
clef|CD011571,146,114,0.23188405797094536,0.23188405797101455,0,6.919465000976288e-14,1
clef|CD011571,146,117,0.2101449275361068,0.21014492753623187,0,1.2506662372402388e-13,1
clef|CD011571,146,119,0.19565217391298106,0.19565217391304346,0,6.23945339839338e-14,1
clef|CD011571,146,121,0.1811594202897876,0.1811594202898551,0,6.750155989720952e-14,1
clef|CD011571,146,124,0.15942028985494305,0.15942028985507248,0,1.2942424909567762e-13,1
clef|CD011571,146,126,0.14492753623178534,0.14492753623188406,0,9.872658246479205e-14,1
clef|CD011571,146,129,0.12318840579706647,0.12318840579710147,0,3.499978085130806e-14,1
clef|CD011571,146,131,0.10869565217369848,0.10869565217391307,0,2.1459223287223494e-13,1
clef|CD011571,146,134,0.086956521739053,0.08695652173913045,0,7.745193375541248e-14,1
clef|CD011571,146,136,0.07246376811577793,0.07246376811594203,0,1.6410484082740595e-13,1
clef|CD011571,146,139,0.050724637681086815,0.05072463768115942,0,7.260164691658133e-14,1
clef|CD011571,146,140,0.0434782608692762,0.04347826086956522,0,2.890257477794478e-13,1
clef|CD011571,146,141,0.03623188405790556,0.036231884057971016,0,6.545458619555689e-14,1
clef|CD011571,146,144,0.014492753623186694,0.014492753623188408,0,1.7139067942650854e-15,1
clef|CD011571,146,146,0.0,0.0,0,0.0,1
clef|CD012768,131,1,0.9923664122137402,0.9923664122137404,0,2.220446049250313e-16,1
clef|CD012768,131,3,0.9996476805637111,0.9996476805637111,0,0.0,1
clef|CD012768,131,5,0.9999995732564967,0.9999995732564967,0,0.0,1
clef|CD012768,131,8,0.9919354838709679,0.9919354838709677,0,1.1102230246251565e-16,1
clef|CD012768,131,10,0.9758064516129037,0.9758064516129032,0,4.440892098500626e-16,1
clef|CD012768,131,12,0.9986886965643852,0.998688696564385,0,2.220446049250313e-16,1
clef|CD012768,131,14,0.9999962691542951,0.9999962691542951,0,0.0,1
clef|CD012768,131,16,0.9829059829059832,0.9829059829059829,0,3.3306690738754696e-16,1
clef|CD012768,131,19,0.9911504424778759,0.9911504424778761,0,2.220446049250313e-16,1
clef|CD012768,131,21,0.9909909909909907,0.990990990990991,0,2.220446049250313e-16,1
clef|CD012768,131,23,0.990825688073395,0.9908256880733946,0,4.440892098500626e-16,1
clef|CD012768,131,25,0.9994903160040775,0.9994903160040775,0,0.0,1
clef|CD012768,131,27,0.9904761904761907,0.9904761904761905,0,2.220446049250313e-16,1
clef|CD012768,131,30,0.9619047619047628,0.9619047619047619,0,8.881784197001252e-16,1
clef|CD012768,131,32,0.9428571428571443,0.9428571428571428,0,1.4432899320127035e-15,1
clef|CD012768,131,34,0.9238095238095257,0.9238095238095239,0,1.887379141862766e-15,1
clef|CD012768,131,36,0.989583333333334,0.9895833333333334,0,6.661338147750939e-16,1
clef|CD012768,131,38,0.968750000000002,0.96875,0,1.9984014443252818e-15,1
clef|CD012768,131,41,0.937500000000004,0.9375,0,3.9968028886505635e-15,1
clef|CD012768,131,43,0.9887640449438196,0.9887640449438202,0,5.551115123125783e-16,1
clef|CD012768,131,45,0.966292134831459,0.9662921348314607,0,1.6653345369377348e-15,1
clef|CD012768,131,47,0.9974463738508681,0.9974463738508682,0,1.1102230246251565e-16,1
clef|CD012768,131,49,0.9761904761904757,0.9761904761904762,0,4.440892098500626e-16,1
clef|CD012768,131,52,0.9991719960117086,0.9991719960117086,0,0.0,1
clef|CD012768,131,54,0.9743589743589735,0.9743589743589743,0,8.881784197001252e-16,1
clef|CD012768,131,56,0.9970292865029705,0.9970292865029707,0,2.220446049250313e-16,1
clef|CD012768,131,58,0.9729729729729715,0.972972972972973,0,1.5543122344752192e-15,1
clef|CD012768,131,60,0.9200296186597493,0.9200296186597556,0,6.328271240363392e-15,1
clef|CD012768,131,63,0.8433913365420116,0.8433913365420215,0,9.880984919163893e-15,1
clef|CD012768,131,65,0.7941503146982439,0.7941503146982599,0,1.5987211554602254e-14,1
clef|CD012768,131,67,0.7463902258422639,0.7463902258422807,0,1.6764367671839864e-14,1
clef|CD012768,131,69,0.7001110699740775,0.7001110699740836,0,6.106226635438361e-15,1
clef|CD012768,131,72,0.6334690855238645,0.63346908552388,0,1.554312234475219e-14,1
clef|CD012768,131,74,0.590892262125121,0.5908922621251389,0,1.787459069646502e-14,1
clef|CD012768,131,76,0.5497963717141474,0.5497963717141799,0,3.2529534621517087e-14,1
clef|CD012768,131,78,0.51018141429097,0.5101814142910034,0,3.341771304121721e-14,1
clef|CD012768,131,80,0.47204738985556416,0.472047389855609,0,4.4853010194856324e-14,1
clef|CD012768,131,83,0.41762310255458424,0.4176231025546093,0,2.5091040356528538e-14,1
clef|CD012768,131,85,0.38319141058864936,0.38319141058867084,0,2.148281552649678e-14,1
clef|CD012768,131,87,0.35024065161048357,0.35024065161051465,0,3.108624468950438e-14,1
clef|CD012768,131,89,0.3187708256200954,0.3187708256201407,0,4.529709940470639e-14,1
clef|CD012768,131,91,0.2887819326175215,0.2887819326175491,0,2.758904216193514e-14,1
clef|CD012768,131,94,0.24657534246573887,0.2465753424657534,0,1.454392162258955e-14,1
clef|CD012768,131,96,0.22028878193258683,0.22028878193261756,0,3.072542220650121e-14,1
clef|CD012768,131,98,0.19548315438720731,0.195483154387264,0,5.667688540711424e-14,1
clef|CD012768,131,100,0.17215845982963307,0.1721584598296927,0,5.96189764223709e-14,1
clef|CD012768,131,102,0.15031469825983024,0.15031469825990373,0,7.349676423018536e-14,1
clef|CD012768,131,105,0.12032580525726866,0.12032580525731211,0,4.3451353626267064e-14,1
clef|CD012768,131,107,0.10218437615692144,0.1021843761569789,0,5.745404152435185e-14,1
clef|CD012768,131,109,0.08552388004436384,0.08552388004442799,0,6.414313524771842e-14,1
clef|CD012768,131,111,0.07034431691960652,0.07034431691965938,0,5.2860493759965266e-14,1
clef|CD012768,131,113,0.05664568678262383,0.05664568678267308,0,4.925226892993351e-14,1
clef|CD012768,131,114,0.050351721584569464,0.0503517215845983,0,2.883804306463844e-14,1
clef|CD012768,131,115,0.044427989633406884,0.044427989633469084,0,6.22002449546244e-14,1
clef|CD012768,131,116,0.03887449092923356,0.03887449092928545,0,5.1889048613418254e-14,1
clef|CD012768,131,118,0.02887819326167118,0.02887819326175491,0,8.372816329149657e-14,1
clef|CD012768,131,120,0.020362828581966363,0.020362828582006668,0,4.0304565240845136e-14,1
clef|CD012768,131,122,0.013328396889993765,0.013328396890040724,0,4.695896449469217e-14,1
clef|CD012768,131,124,0.007774898185762047,0.007774898185857091,0,9.504376452529328e-14,1
clef|CD012768,131,127,0.002221399481666997,0.0022213994816734544,0,6.4575081393236644e-15,1
clef|CD012768,131,129,0.0003702332468376035,0.00037023324694557573,0,1.0797222491087943e-13,1
clef|CD012768,131,131,0.0,,1,,1
heldout|Donners_2021,119,1,1.0,1.0,0,0.0,1
heldout|Donners_2021,119,3,1.0,1.0,0,0.0,1
heldout|Donners_2021,119,5,1.0,1.0,0,0.0,1
heldout|Donners_2021,119,7,1.0,1.0,0,0.0,1
heldout|Donners_2021,119,9,0.9909909909909907,0.990990990990991,0,2.220446049250313e-16,1
heldout|Donners_2021,119,11,0.999995491738611,0.999995491738611,0,0.0,1
heldout|Donners_2021,119,13,0.990654205607477,0.9906542056074766,0,3.3306690738754696e-16,1
heldout|Donners_2021,119,15,0.9719626168224308,0.9719626168224299,0,8.881784197001252e-16,1
heldout|Donners_2021,119,17,0.9982366425674485,0.9982366425674484,0,1.1102230246251565e-16,1
heldout|Donners_2021,119,19,0.9999932178560287,0.9999932178560287,0,0.0,1
heldout|Donners_2021,119,21,0.9799999999999996,0.98,0,3.3306690738754696e-16,1
heldout|Donners_2021,119,23,0.9599999999999992,0.96,0,7.771561172376096e-16,1
heldout|Donners_2021,119,25,0.9399999999999988,0.94,0,1.1102230246251565e-15,1
heldout|Donners_2021,119,27,0.9199999999999986,0.9199999999999999,0,1.3322676295501878e-15,1
heldout|Donners_2021,119,29,0.8999999999999984,0.9,0,1.6653345369377348e-15,1
heldout|Donners_2021,119,31,0.8799999999999976,0.88,0,2.4424906541753444e-15,1
heldout|Donners_2021,119,33,0.8599999999999958,0.86,0,4.218847493575595e-15,1
heldout|Donners_2021,119,35,0.8399999999999981,0.84,0,1.887379141862766e-15,1
heldout|Donners_2021,119,37,0.8199999999999971,0.8200000000000001,0,2.9976021664879227e-15,1
heldout|Donners_2021,119,39,0.7999999999999963,0.8,0,3.774758283725532e-15,1
heldout|Donners_2021,119,41,0.7799999999999949,0.78,0,5.10702591327572e-15,1
heldout|Donners_2021,119,43,0.7599999999999963,0.76,0,3.6637359812630166e-15,1
heldout|Donners_2021,119,45,0.7399999999999947,0.74,0,5.329070518200751e-15,1
heldout|Donners_2021,119,47,0.7199999999999911,0.72,0,8.881784197001252e-15,1
heldout|Donners_2021,119,49,0.6999999999999935,0.7,0,6.439293542825908e-15,1
heldout|Donners_2021,119,51,0.6799999999999955,0.6799999999999999,0,4.440892098500626e-15,1
heldout|Donners_2021,119,53,0.6600000000000016,0.6599999999999999,0,1.6653345369377348e-15,1
heldout|Donners_2021,119,55,0.6399999999999884,0.6399999999999999,0,1.1546319456101628e-14,1
heldout|Donners_2021,119,57,0.6199999999999833,0.62,0,1.6653345369377348e-14,1
heldout|Donners_2021,119,59,0.599999999999989,0.6,0,1.099120794378905e-14,1
heldout|Donners_2021,119,61,0.5799999999999943,0.5800000000000001,0,5.773159728050814e-15,1
heldout|Donners_2021,119,63,0.5599999999999985,0.5599999999999999,0,1.4432899320127035e-15,1
heldout|Donners_2021,119,65,0.5400000000000132,0.5399999999999999,0,1.3322676295501878e-14,1
heldout|Donners_2021,119,67,0.520000000000002,0.52,0,1.9984014443252818e-15,1
heldout|Donners_2021,119,69,0.4999999999999867,0.5,0,1.3322676295501878e-14,1
heldout|Donners_2021,119,71,0.4799999999999921,0.48,0,7.882583474838611e-15,1
heldout|Donners_2021,119,73,0.4599999999999925,0.46000000000000013,0,7.605027718682322e-15,1
heldout|Donners_2021,119,75,0.43999999999999706,0.44,0,2.942091015256665e-15,1
heldout|Donners_2021,119,77,0.4199999999999793,0.42000000000000004,0,2.0761170560490427e-14,1
heldout|Donners_2021,119,79,0.3999999999999605,0.39999999999999997,0,3.9468428525424315e-14,1
heldout|Donners_2021,119,81,0.3800000000000118,0.38,0,1.176836406102666e-14,1
heldout|Donners_2021,119,83,0.35999999999998056,0.36,0,1.942890293094024e-14,1
heldout|Donners_2021,119,85,0.33999999999997244,0.34,0,2.758904216193514e-14,1
heldout|Donners_2021,119,87,0.31999999999998263,0.32000000000000006,0,1.7430501486614958e-14,1
heldout|Donners_2021,119,89,0.3000000000000268,0.3,0,2.681188604469753e-14,1
heldout|Donners_2021,119,91,0.27999999999996517,0.28,0,3.4861002973229915e-14,1
heldout|Donners_2021,119,93,0.26000000000002566,0.26,0,2.5646151868841116e-14,1
heldout|Donners_2021,119,95,0.239999999999976,0.24000000000000002,0,2.400857290751901e-14,1
heldout|Donners_2021,119,97,0.22000000000001352,0.22,0,1.3516965324811281e-14,1
heldout|Donners_2021,119,99,0.19999999999989693,0.2,0,1.0308420783644578e-13,1
heldout|Donners_2021,119,101,0.17999999999996452,0.18,0,3.547162563677375e-14,1
heldout|Donners_2021,119,103,0.15999999999999903,0.16,0,9.71445146547012e-16,1
heldout|Donners_2021,119,105,0.13999999999998847,0.14,0,1.1546319456101628e-14,1
heldout|Donners_2021,119,107,0.12000000000000788,0.12,0,7.882583474838611e-15,1
heldout|Donners_2021,119,109,0.09999999999994447,0.1,0,5.5538906806873456e-14,1
heldout|Donners_2021,119,111,0.07999999999997243,0.08000000000000002,0,2.758904216193514e-14,1
heldout|Donners_2021,119,113,0.06000000000000294,0.060000000000000005,0,2.9351521213527576e-15,1
heldout|Donners_2021,119,114,0.05000000000001148,0.04999999999999999,0,1.149080830487037e-14,0
heldout|Donners_2021,119,115,0.03999999999992043,0.04,0,7.956829639610419e-14,1
heldout|Donners_2021,119,117,0.020000000000017448,0.02,0,1.7447848721374726e-14,1
heldout|Donners_2021,119,119,0.0,0.0,0,0.0,1
heldout|Theobald_2021,70,1,0.9857142857142849,0.9857142857142858,0,8.881784197001252e-16,1
heldout|Theobald_2021,70,2,0.9995859213250518,0.9995859213250518,0,0.0,1
heldout|Theobald_2021,70,3,0.9852941176470589,0.9852941176470589,0,0.0,1
heldout|Theobald_2021,70,5,0.9999800462926012,0.9999800462926012,0,0.0,1
heldout|Theobald_2021,70,6,0.9999987720795447,0.9999987720795447,0,0.0,1
heldout|Theobald_2021,70,7,0.9843750000000002,0.984375,0,2.220446049250313e-16,1
heldout|Theobald_2021,70,8,0.9995039682539683,0.9995039682539683,0,0.0,1
heldout|Theobald_2021,70,9,0.9838709677419348,0.9838709677419355,0,6.661338147750939e-16,1
heldout|Theobald_2021,70,10,0.9677419354838698,0.967741935483871,0,1.2212453270876722e-15,1
heldout|Theobald_2021,70,12,0.9354838709677394,0.9354838709677419,0,2.4424906541753444e-15,1
heldout|Theobald_2021,70,13,0.9947117927022737,0.994711792702274,0,2.220446049250313e-16,1
heldout|Theobald_2021,70,14,0.9994711792702274,0.9994711792702274,0,0.0,1
heldout|Theobald_2021,70,15,0.9821428571428569,0.9821428571428571,0,2.220446049250313e-16,1
heldout|Theobald_2021,70,16,0.9993506493506493,0.9993506493506493,0,0.0,1
heldout|Theobald_2021,70,17,0.9814814814814814,0.9814814814814815,0,1.1102230246251565e-16,1
heldout|Theobald_2021,70,19,0.9444444444444442,0.9444444444444444,0,2.220446049250313e-16,1
heldout|Theobald_2021,70,20,0.9259259259259255,0.9259259259259259,0,4.440892098500626e-16,1
heldout|Theobald_2021,70,21,0.907407407407407,0.9074074074074074,0,4.440892098500626e-16,1
heldout|Theobald_2021,70,22,0.8888888888888884,0.888888888888889,0,5.551115123125783e-16,1
heldout|Theobald_2021,70,23,0.8703703703703695,0.8703703703703705,0,9.992007221626409e-16,1
heldout|Theobald_2021,70,24,0.8518518518518513,0.8518518518518519,0,5.551115123125783e-16,1
heldout|Theobald_2021,70,26,0.968553459119497,0.9685534591194969,0,1.1102230246251565e-16,1
heldout|Theobald_2021,70,27,0.9555555555555574,0.9555555555555556,0,1.7763568394002505e-15,1
heldout|Theobald_2021,70,28,0.9333333333333361,0.9333333333333333,0,2.7755575615628914e-15,1
heldout|Theobald_2021,70,29,0.9111111111111148,0.9111111111111111,0,3.6637359812630166e-15,1
heldout|Theobald_2021,70,30,0.8888888888888935,0.8888888888888888,0,4.6629367034256575e-15,1
heldout|Theobald_2021,70,31,0.8666666666666719,0.8666666666666667,0,5.218048215738236e-15,1
heldout|Theobald_2021,70,33,0.8222222222222297,0.8222222222222222,0,7.549516567451064e-15,1
heldout|Theobald_2021,70,34,0.8000000000000077,0.8,0,7.66053886991358e-15,1
heldout|Theobald_2021,70,35,0.7777777777777873,0.7777777777777778,0,9.547918011776346e-15,1
heldout|Theobald_2021,70,36,0.7555555555555651,0.7555555555555555,0,9.547918011776346e-15,1
heldout|Theobald_2021,70,37,0.7333333333333447,0.7333333333333334,0,1.1324274851176597e-14,1
heldout|Theobald_2021,70,38,0.711111111111123,0.7111111111111111,0,1.1879386363489175e-14,1
heldout|Theobald_2021,70,40,0.6666666666666801,0.6666666666666666,0,1.3433698597964394e-14,1
heldout|Theobald_2021,70,41,0.6444444444444588,0.6444444444444444,0,1.4432899320127035e-14,1
heldout|Theobald_2021,70,42,0.6222222222222379,0.6222222222222222,0,1.5654144647214707e-14,1
heldout|Theobald_2021,70,43,0.6000000000000174,0.6,0,1.7430501486614958e-14,1
heldout|Theobald_2021,70,44,0.5777777777777944,0.5777777777777777,0,1.6653345369377348e-14,1
heldout|Theobald_2021,70,45,0.5555555555555739,0.5555555555555556,0,1.8318679906315083e-14,1
heldout|Theobald_2021,70,47,0.5111111111111292,0.5111111111111111,0,1.8096635301390052e-14,1
heldout|Theobald_2021,70,48,0.4888888888889097,0.488888888888889,0,2.070565940925917e-14,1
heldout|Theobald_2021,70,49,0.46666666666669043,0.4666666666666667,0,2.375877272697835e-14,1
heldout|Theobald_2021,70,50,0.44444444444446796,0.4444444444444444,0,2.353672812205332e-14,1
heldout|Theobald_2021,70,51,0.4222222222222449,0.4222222222222223,0,2.2648549702353193e-14,1
heldout|Theobald_2021,70,52,0.40000000000002867,0.4,0,2.864375403532904e-14,1
heldout|Theobald_2021,70,54,0.3555555555555906,0.3555555555555556,0,3.497202527569243e-14,1
heldout|Theobald_2021,70,55,0.3333333333333589,0.33333333333333337,0,2.55351295663786e-14,1
heldout|Theobald_2021,70,56,0.3111111111111373,0.31111111111111117,0,2.6145752229922437e-14,1
heldout|Theobald_2021,70,57,0.2888888888889213,0.288888888888889,0,3.2307490016592055e-14,1
heldout|Theobald_2021,70,58,0.26666666666668126,0.26666666666666666,0,1.459943277382081e-14,1
heldout|Theobald_2021,70,59,0.2444444444444932,0.24444444444444446,0,4.873879078104437e-14,1
heldout|Theobald_2021,70,61,0.20000000000002205,0.2,0,2.2037927038809357e-14,1
heldout|Theobald_2021,70,62,0.17777777777783366,0.17777777777777778,0,5.5871973714261e-14,1
heldout|Theobald_2021,70,63,0.155555555555569,0.15555555555555556,0,1.3433698597964394e-14,1
heldout|Theobald_2021,70,64,0.13333333333337716,0.13333333333333336,0,4.3798298321462426e-14,1
heldout|Theobald_2021,70,65,0.11111111111113992,0.1111111111111111,0,2.881028748902281e-14,1
heldout|Theobald_2021,70,66,0.08888888888893154,0.0888888888888889,0,4.263256414560601e-14,1
heldout|Theobald_2021,70,67,0.06666666666670995,0.06666666666666668,0,4.3270942384765476e-14,1
heldout|Theobald_2021,70,68,0.04444444444446349,0.044444444444444446,0,1.9047263766225342e-14,1
heldout|Theobald_2021,70,69,0.022222222222277432,0.022222222222222223,0,5.520930934643786e-14,1
heldout|Theobald_2021,70,70,0.0,0.0,0,0.0,1
clef|CD012164,61,1,1.0,1.0,0,0.0,1
clef|CD012164,61,2,1.0,1.0,0,0.0,1
clef|CD012164,61,3,1.0,1.0,0,0.0,1
clef|CD012164,61,4,0.9827586206896555,0.9827586206896551,0,3.3306690738754696e-16,1
clef|CD012164,61,5,0.9655172413793109,0.9655172413793104,0,5.551115123125783e-16,1
clef|CD012164,61,6,0.9482758620689664,0.9482758620689655,0,8.881784197001252e-16,1
clef|CD012164,61,7,0.9310344827586219,0.9310344827586207,0,1.2212453270876722e-15,1
clef|CD012164,61,8,0.9137931034482774,0.9137931034482758,0,1.5543122344752192e-15,1
clef|CD012164,61,9,0.8965517241379328,0.896551724137931,0,1.7763568394002505e-15,1
clef|CD012164,61,10,0.879310344827588,0.8793103448275862,0,1.7763568394002505e-15,1
clef|CD012164,61,11,0.8620689655172439,0.8620689655172413,0,2.55351295663786e-15,1
clef|CD012164,61,12,0.8448275862068988,0.8448275862068966,0,2.220446049250313e-15,1
clef|CD012164,61,13,0.827586206896555,0.8275862068965517,0,3.3306690738754696e-15,1
clef|CD012164,61,14,0.8103448275862097,0.810344827586207,0,2.7755575615628914e-15,1
clef|CD012164,61,15,0.793103448275866,0.7931034482758621,0,3.885780586188048e-15,1
clef|CD012164,61,16,0.7758620689655211,0.7758620689655172,0,3.885780586188048e-15,1
clef|CD012164,61,17,0.7586206896551755,0.7586206896551724,0,3.1086244689504383e-15,1
clef|CD012164,61,18,0.7413793103448318,0.7413793103448276,0,4.218847493575595e-15,1
clef|CD012164,61,19,0.7241379310344882,0.7241379310344828,0,5.440092820663267e-15,1
clef|CD012164,61,20,0.706896551724143,0.7068965517241379,0,5.10702591327572e-15,1
clef|CD012164,61,21,0.6896551724137991,0.6896551724137931,0,5.995204332975845e-15,1
clef|CD012164,61,22,0.6724137931034533,0.6724137931034484,0,4.884981308350689e-15,1
clef|CD012164,61,23,0.6551724137931094,0.6551724137931034,0,5.995204332975845e-15,1
clef|CD012164,61,24,0.6379310344827648,0.6379310344827587,0,6.106226635438361e-15,1
clef|CD012164,61,25,0.6206896551724187,0.6206896551724138,0,4.884981308350689e-15,1
clef|CD012164,61,26,0.6034482758620756,0.603448275862069,0,6.661338147750939e-15,1
clef|CD012164,61,27,0.5862068965517326,0.5862068965517242,0,8.43769498715119e-15,1
clef|CD012164,61,28,0.5689655172413871,0.5689655172413792,0,7.882583474838611e-15,1
clef|CD012164,61,29,0.5517241379310414,0.5517241379310345,0,6.8833827526759706e-15,1
clef|CD012164,61,30,0.5344827586207007,0.5344827586206897,0,1.099120794378905e-14,1
clef|CD012164,61,32,0.5000000000000151,0.49999999999999994,0,1.5154544286133387e-14,1
clef|CD012164,61,33,0.4827586206896626,0.4827586206896552,0,7.382983113757291e-15,1
clef|CD012164,61,34,0.4655172413793178,0.4655172413793102,0,7.605027718682322e-15,1
clef|CD012164,61,35,0.4482758620689774,0.4482758620689655,0,1.1879386363489175e-14,1
clef|CD012164,61,36,0.43103448275861833,0.43103448275862066,0,2.3314683517128287e-15,1
clef|CD012164,61,37,0.41379310344829956,0.41379310344827575,0,2.3814283878209608e-14,1
clef|CD012164,61,38,0.3965517241379425,0.39655172413793105,0,1.1435297153639112e-14,1
clef|CD012164,61,39,0.3793103448275972,0.37931034482758613,0,1.1046719095020308e-14,1
clef|CD012164,61,40,0.3620689655172693,0.3620689655172414,0,2.7922109069322687e-14,1
clef|CD012164,61,41,0.3448275862069099,0.3448275862068966,0,1.3322676295501878e-14,1
clef|CD012164,61,42,0.3275862068965696,0.3275862068965517,0,1.787459069646502e-14,1
clef|CD012164,61,43,0.310344827586193,0.3103448275862069,0,1.3933298959045715e-14,1
clef|CD012164,61,44,0.293103448275858,0.2931034482758621,0,4.107825191113079e-15,1
clef|CD012164,61,45,0.27586206896553334,0.2758620689655173,0,1.6042722705833512e-14,1
clef|CD012164,61,46,0.25862068965516927,0.25862068965517243,0,3.164135620181696e-15,1
clef|CD012164,61,47,0.24137931034485216,0.24137931034482762,0,2.453592884421596e-14,1
clef|CD012164,61,48,0.2241379310344641,0.22413793103448276,0,1.865174681370263e-14,1
clef|CD012164,61,49,0.20689655172418908,0.2068965517241379,0,5.1181281435219717e-14,1
clef|CD012164,61,50,0.18965517241375707,0.18965517241379312,0,3.605449272470196e-14,1
clef|CD012164,61,51,0.17241379310348137,0.1724137931034483,0,3.3084646133829665e-14,1
clef|CD012164,61,52,0.1551724137931263,0.15517241379310345,0,2.2842838731662596e-14,1
clef|CD012164,61,53,0.13793103448276656,0.13793103448275862,0,7.93809462606987e-15,1
clef|CD012164,61,54,0.12068965517240304,0.12068965517241383,0,1.0783041126671833e-14,1
clef|CD012164,61,55,0.10344827586208727,0.10344827586206898,0,1.8290924330699454e-14,1
clef|CD012164,61,56,0.08620689655173075,0.08620689655172414,0,6.6058269965196814e-15,1
clef|CD012164,61,57,0.06896551724139965,0.06896551724137932,0,2.033095913844818e-14,1
clef|CD012164,61,58,0.05172413793103903,0.05172413793103448,0,4.5449755070592346e-15,1
clef|CD012164,61,59,0.034482758620719034,0.034482758620689655,0,2.9379276789143205e-14,1
clef|CD012164,61,60,0.01724137931038283,0.017241379310344827,0,3.800432191169989e-14,1
clef|CD012164,61,61,0.0,0.0,0,0.0,1
