collection,review,N,n1,method,seed,k95,k100,wss95,wss100,rec@10,rec@20,rec@30,knee_k,knee_work,knee_rec,stat_triggered,stat_k,stat_work,stat_rec,stat_step,stat_n_eval,stat_h0_impossible_windows,stat_nan,stat_p_at_end,stat_p_at_k95,atd,comb_k,comb_work,comb_rec,comb_triggered
heldout,Abgaz_2023,288,11,asr_prior,0,67,67,0.7173611111111111,0.7673611111111112,0.5454545454545454,0.7272727272727273,1.0,288,1.0,1.0,True,277,0.9618055555555556,1.0,1,288,0,0,0.0,0.9991884998840714,0.11363636363636363,,,,
heldout,Abgaz_2023,288,11,asr_prior,1,64,64,0.7277777777777777,0.7777777777777778,0.5454545454545454,0.7272727272727273,1.0,288,1.0,1.0,True,277,0.9618055555555556,1.0,1,288,0,0,0.0,0.9997681428240204,0.11332070707070706,,,,
heldout,Abgaz_2023,288,11,asr_prior,2,70,70,0.7069444444444444,0.7569444444444444,0.5454545454545454,0.5454545454545454,1.0,288,1.0,1.0,True,278,0.9652777777777778,1.0,1,288,0,0,0.0,0.9993994234465086,0.11994949494949496,,,,
heldout,Abgaz_2023,288,11,asr_prior,3,61,61,0.7381944444444444,0.7881944444444444,0.45454545454545453,0.9090909090909091,1.0,288,1.0,1.0,True,277,0.9618055555555556,1.0,1,288,0,0,0.0,0.9997741389045738,0.11332070707070706,,,,
heldout,Abgaz_2023,288,11,asr_prior,4,84,84,0.6583333333333332,0.7083333333333333,0.09090909090909091,0.5454545454545454,1.0,288,1.0,1.0,True,278,0.9652777777777778,1.0,1,288,0,0,0.0,0.9998592936541438,0.19444444444444445,,,,
heldout,Abgaz_2023,288,11,asr_prior,5,74,74,0.6930555555555555,0.7430555555555556,0.45454545454545453,0.5454545454545454,1.0,288,1.0,1.0,True,278,0.9652777777777778,1.0,1,288,0,0,0.0,0.9997463323891261,0.13731060606060608,,,,
heldout,Abgaz_2023,288,11,asr_prior,6,72,72,0.7,0.75,0.45454545454545453,0.5454545454545454,1.0,288,1.0,1.0,True,278,0.9652777777777778,1.0,1,288,0,0,0.0,0.9997509339975094,0.13036616161616163,,,,
heldout,Abgaz_2023,288,11,asr_prior,7,75,75,0.6895833333333332,0.7395833333333333,0.45454545454545453,0.5454545454545454,1.0,288,1.0,1.0,True,278,0.9652777777777778,1.0,1,288,0,0,0.0,0.9997439836149513,0.13478535353535354,,,,
heldout,Abgaz_2023,288,11,asr_prior,8,73,73,0.6965277777777777,0.7465277777777778,0.5454545454545454,0.5454545454545454,1.0,288,1.0,1.0,True,278,0.9652777777777778,1.0,1,288,0,0,0.0,0.9999573306024919,0.12910353535353536,,,,
heldout,Abgaz_2023,288,11,asr_prior,9,76,76,0.6861111111111111,0.7361111111111112,0.45454545454545453,0.5454545454545454,1.0,288,1.0,1.0,True,278,0.9652777777777778,1.0,1,288,0,0,0.0,0.9997416020671835,0.13825757575757577,,,,
heldout,Abgaz_2023,288,11,asr_jevblend_3,0,22,22,0.8736111111111111,0.9236111111111112,1.0,1.0,1.0,288,1.0,1.0,True,275,0.9548611111111112,1.0,1,288,0,0,0.0,0.9999720498630443,0.043876262626262624,,,,
heldout,Abgaz_2023,288,11,jev_only,0,19,19,0.8840277777777777,0.9340277777777778,1.0,1.0,1.0,270,0.9375,1.0,True,275,0.9548611111111112,1.0,1,288,0,0,0.0,0.9999726663933306,0.03503787878787879,275.0,0.9548611111111112,1.0,True
heldout,Abgaz_2023,288,11,jev_only,1,18,18,0.8875,0.9375,1.0,1.0,1.0,256,0.8888888888888888,1.0,True,275,0.9548611111111112,1.0,1,288,0,0,0.0,0.9999728673757325,0.034406565656565656,275.0,0.9548611111111112,1.0,True
heldout,Abgaz_2023,288,11,jev_only,2,17,17,0.8909722222222222,0.9409722222222222,1.0,1.0,1.0,242,0.8402777777777778,1.0,True,275,0.9548611111111112,1.0,1,288,0,0,0.0,0.9999999984264388,0.03314393939393939,275.0,0.9548611111111112,1.0,True
heldout,Abgaz_2023,288,11,jev_only,3,19,19,0.8840277777777777,0.9340277777777778,1.0,1.0,1.0,270,0.9375,1.0,True,275,0.9548611111111112,1.0,1,288,0,0,0.0,0.9999186021271977,0.03377525252525252,275.0,0.9548611111111112,1.0,True
heldout,Abgaz_2023,288,11,jev_only,4,19,19,0.8840277777777777,0.9340277777777778,1.0,1.0,1.0,270,0.9375,1.0,True,275,0.9548611111111112,1.0,1,288,0,0,0.0,0.9999726663933306,0.03535353535353535,275.0,0.9548611111111112,1.0,True
heldout,Abgaz_2023,288,11,jev_only,5,18,18,0.8875,0.9375,1.0,1.0,1.0,256,0.8888888888888888,1.0,True,275,0.9548611111111112,1.0,1,288,0,0,0.0,0.9999997018392938,0.034722222222222224,275.0,0.9548611111111112,1.0,True
heldout,Abgaz_2023,288,11,jev_only,6,18,18,0.8875,0.9375,1.0,1.0,1.0,256,0.8888888888888888,1.0,True,275,0.9548611111111112,1.0,1,288,0,0,0.0,0.9999728673757325,0.03377525252525252,275.0,0.9548611111111112,1.0,True
heldout,Abgaz_2023,288,11,jev_only,7,18,18,0.8875,0.9375,1.0,1.0,1.0,256,0.8888888888888888,1.0,True,275,0.9548611111111112,1.0,1,288,0,0,0.0,0.9999728673757325,0.03345959595959596,275.0,0.9548611111111112,1.0,True
heldout,Abgaz_2023,288,11,jev_only,8,17,17,0.8909722222222222,0.9409722222222222,1.0,1.0,1.0,242,0.8402777777777778,1.0,True,275,0.9548611111111112,1.0,1,288,0,0,0.0,0.9999999995421769,0.03345959595959596,275.0,0.9548611111111112,1.0,True
heldout,Abgaz_2023,288,11,jev_only,9,18,18,0.8875,0.9375,1.0,1.0,1.0,256,0.8888888888888888,1.0,True,275,0.9548611111111112,1.0,1,288,0,0,0.0,0.9999997018392938,0.034722222222222224,275.0,0.9548611111111112,1.0,True
heldout,Attai_2022,1726,135,asr_prior,0,680,1490,0.5560254924681344,0.13673232908458866,0.5407407407407407,0.7777777777777778,0.9185185185185185,1555,0.9009269988412515,1.0,True,1280,0.7415990730011588,0.9925925925925926,1,1726,28,0,0.0,0.952007253444323,0.12560834298957127,,,,
heldout,Attai_2022,1726,135,asr_prior,1,678,1490,0.5571842410196987,0.13673232908458866,0.5333333333333333,0.7777777777777778,0.9185185185185185,1562,0.9049826187717266,1.0,True,1280,0.7415990730011588,0.9925925925925926,1,1726,28,0,0.0,0.9579978003188205,0.12745804901077207,,,,
heldout,Attai_2022,1726,135,asr_prior,2,680,1490,0.5560254924681344,0.13673232908458866,0.562962962962963,0.7777777777777778,0.9185185185185185,1575,0.9125144843568945,1.0,True,1280,0.7415990730011588,0.9925925925925926,1,1726,28,0,0.0,0.948700324759082,0.12595167589373846,,,,
heldout,Attai_2022,1726,135,asr_prior,3,680,1490,0.5560254924681344,0.13673232908458866,0.5703703703703704,0.7777777777777778,0.9185185185185185,1634,0.9466975666280417,1.0,True,1280,0.7415990730011588,0.9925925925925926,1,1726,28,0,0.0,0.9554143938374899,0.12587013432899877,,,,
heldout,Attai_2022,1726,135,asr_prior,4,680,1490,0.5560254924681344,0.13673232908458866,0.5555555555555556,0.7777777777777778,0.9185185185185185,1600,0.9269988412514485,1.0,True,1280,0.7415990730011588,0.9925925925925926,1,1726,28,0,0.0,0.945869987472923,0.12642805029827045,,,,
heldout,Attai_2022,1726,135,asr_prior,5,680,1490,0.5560254924681344,0.13673232908458866,0.5555555555555556,0.7777777777777778,0.9185185185185185,1575,0.9125144843568945,1.0,True,1280,0.7415990730011588,0.9925925925925926,1,1726,28,0,0.0,0.952007253444323,0.125119093601133,,,,
heldout,Attai_2022,1726,135,asr_prior,6,682,1490,0.55486674391657,0.13673232908458866,0.6,0.7851851851851852,0.9185185185185185,1644,0.9524913093858632,1.0,True,1259,0.7294322132097335,0.9925925925925926,1,1726,28,0,0.0,0.9502438726864841,0.12510621861722673,,,,
heldout,Attai_2022,1726,135,asr_prior,7,717,1490,0.5345886442641946,0.13673232908458866,0.5555555555555556,0.7851851851851852,0.9185185185185185,1644,0.9524913093858632,1.0,True,1279,0.7410196987253765,0.9925925925925926,1,1726,28,0,0.0,0.8904370311338375,0.131028711214111,,,,
heldout,Attai_2022,1726,135,asr_prior,8,651,1498,0.5728273464658169,0.13209733487833142,0.5703703703703704,0.7925925925925926,0.9259259259259259,1582,0.9165701042873696,1.0,True,1262,0.7311703360370799,0.9925925925925926,1,1726,28,0,0.0,0.926375156485375,0.1301617956310888,,,,
heldout,Attai_2022,1726,135,asr_prior,9,681,1490,0.5554461181923522,0.13673232908458866,0.562962962962963,0.7851851851851852,0.9185185185185185,1608,0.9316338354577057,1.0,True,1280,0.7415990730011588,0.9925925925925926,1,1726,28,0,0.0,0.9467995693315203,0.12478863568087206,,,,
heldout,Attai_2022,1726,135,asr_jevblend_3,0,441,908,0.6944959443800696,0.473928157589803,0.6296296296296297,0.8962962962962963,0.9851851851851852,1213,0.7027809965237544,1.0,True,1111,0.6436848203939745,1.0,1,1726,28,0,0.0,0.9996663492532069,0.09898716793270675,,,,
heldout,Attai_2022,1726,135,jev_only,0,515,1012,0.65162224797219,0.4136732329084588,0.5185185185185185,0.7851851851851852,0.9555555555555556,1366,0.7914252607184241,1.0,True,1178,0.6825028968713789,1.0,1,1726,28,0,0.0,0.9957330017652204,0.12076734904081371,1178.0,0.6825028968713789,1.0,True
heldout,Attai_2022,1726,135,jev_only,1,508,1015,0.6556778679026651,0.4119351100811124,0.5259259259259259,0.7851851851851852,0.9555555555555556,1433,0.8302433371958285,1.0,True,1174,0.6801853997682503,1.0,1,1726,28,0,0.0,0.9962897240039903,0.12060855757263636,1174.0,0.6801853997682503,1.0,True
heldout,Attai_2022,1726,135,jev_only,2,509,977,0.6550984936268829,0.4339513325608343,0.5259259259259259,0.7851851851851852,0.9555555555555556,1375,0.7966396292004635,1.0,True,1171,0.6784472769409038,1.0,1,1726,28,0,0.0,0.9920964344399277,0.12047551607227158,1171.0,0.6784472769409038,1.0,True
heldout,Attai_2022,1726,135,jev_only,3,500,938,0.6603128621089223,0.45654692931633833,0.5259259259259259,0.7851851851851852,0.9555555555555556,1372,0.7949015063731171,1.0,True,1184,0.6859791425260718,1.0,1,1726,28,0,0.0,0.9996337508517161,0.12038109952362559,1184.0,0.6859791425260718,1.0,True
heldout,Attai_2022,1726,135,jev_only,4,510,974,0.6545191193511007,0.4356894553881807,0.5185185185185185,0.7851851851851852,0.9555555555555556,1384,0.8018539976825029,1.0,True,1186,0.6871378910776361,1.0,1,1726,28,0,0.0,0.99801197618126,0.1205484743144071,1186.0,0.6871378910776361,1.0,True
heldout,Attai_2022,1726,135,jev_only,5,508,983,0.6556778679026651,0.43047508690614134,0.5259259259259259,0.7851851851851852,0.9555555555555556,1443,0.8360370799536501,1.0,True,1174,0.6801853997682503,1.0,1,1726,28,0,0.0,0.998370720821609,0.12048409939487575,1174.0,0.6801853997682503,1.0,True
heldout,Attai_2022,1726,135,jev_only,6,516,991,0.6510428736964078,0.4258400926998841,0.5185185185185185,0.7851851851851852,0.9555555555555556,1433,0.8302433371958285,1.0,True,1178,0.6825028968713789,1.0,1,1726,28,0,0.0,0.9912905062144234,0.12059997425003219,1178.0,0.6825028968713789,1.0,True
heldout,Attai_2022,1726,135,jev_only,7,505,941,0.6574159907300116,0.4548088064889919,0.5259259259259259,0.7851851851851852,0.9555555555555556,1426,0.8261877172653534,1.0,True,1173,0.6796060254924682,1.0,1,1726,28,0,0.0,0.9992321697679888,0.12058280760482382,1173.0,0.6796060254924682,1.0,True
heldout,Attai_2022,1726,135,jev_only,8,505,901,0.6574159907300116,0.4779837775202781,0.5185185185185185,0.7851851851851852,0.9555555555555556,1338,0.7752027809965237,1.0,True,1158,0.6709154113557358,1.0,1,1726,28,0,0.0,0.9963073391359846,0.12017939144242737,1158.0,0.6709154113557358,1.0,True
heldout,Attai_2022,1726,135,jev_only,9,501,977,0.6597334878331402,0.4339513325608343,0.5259259259259259,0.7851851851851852,0.9555555555555556,1429,0.8279258400926999,1.0,True,1182,0.6848203939745076,1.0,1,1726,28,0,0.0,0.9998888659636865,0.12052272434659456,1182.0,0.6848203939745076,1.0,True
heldout,Boersma-van_Dam_2024,578,24,asr_prior,0,182,187,0.635121107266436,0.6764705882352942,0.625,0.875,0.9166666666666666,578,1.0,1.0,True,491,0.8494809688581315,1.0,1,578,1,0,0.0,0.966813796828766,0.10099480968858132,,,,
heldout,Boersma-van_Dam_2024,578,24,asr_prior,1,187,190,0.6264705882352941,0.6712802768166091,0.625,0.875,0.9166666666666666,578,1.0,1.0,True,491,0.8494809688581315,1.0,1,578,1,0,0.0,0.9624391517329106,0.10712226066897347,,,,
heldout,Boersma-van_Dam_2024,578,24,asr_prior,2,189,192,0.6230103806228373,0.6678200692041523,0.625,0.8333333333333334,0.9166666666666666,578,1.0,1.0,True,492,0.8512110726643599,1.0,1,578,1,0,0.0,0.9801473540038154,0.10647347174163782,,,,
heldout,Boersma-van_Dam_2024,578,24,asr_prior,3,182,187,0.635121107266436,0.6764705882352942,0.6666666666666666,0.875,0.9166666666666666,578,1.0,1.0,True,491,0.8494809688581315,1.0,1,578,1,0,0.0,0.9679782332816428,0.09580449826989619,,,,
heldout,Boersma-van_Dam_2024,578,24,asr_prior,4,185,189,0.6299307958477508,0.6730103806228374,0.6666666666666666,0.875,0.9166666666666666,578,1.0,1.0,True,491,0.8494809688581315,1.0,1,578,1,0,0.0,0.9639811716561304,0.09818339100346021,,,,
heldout,Boersma-van_Dam_2024,578,24,asr_prior,5,181,186,0.6368512110726643,0.6782006920415224,0.625,0.875,0.9166666666666666,578,1.0,1.0,True,490,0.8477508650519031,1.0,1,578,1,0,0.0,0.9681167864798426,0.10222029988465975,,,,
heldout,Boersma-van_Dam_2024,578,24,asr_prior,6,187,190,0.6264705882352941,0.6712802768166091,0.625,0.8333333333333334,0.9166666666666666,578,1.0,1.0,True,491,0.8494809688581315,1.0,1,578,1,0,0.0,0.9813048099920304,0.10481545559400231,,,,
heldout,Boersma-van_Dam_2024,578,24,asr_prior,7,188,191,0.6247404844290657,0.6695501730103806,0.625,0.875,0.9166666666666666,578,1.0,1.0,True,492,0.8512110726643599,1.0,1,578,1,0,0.0,0.9597716824512856,0.10070645905420993,,,,
heldout,Boersma-van_Dam_2024,578,24,asr_prior,8,186,190,0.6282006920415224,0.6712802768166091,0.5833333333333334,0.8333333333333334,0.9166666666666666,578,1.0,1.0,True,491,0.8494809688581315,1.0,1,578,1,0,0.0,0.9832784691556216,0.10604094579008073,,,,
heldout,Boersma-van_Dam_2024,578,24,asr_prior,9,186,187,0.6282006920415224,0.6764705882352942,0.5,0.9166666666666666,0.9166666666666666,578,1.0,1.0,True,491,0.8494809688581315,1.0,1,578,1,0,0.0,0.9226616886523888,0.1159890426758939,,,,
heldout,Boersma-van_Dam_2024,578,24,asr_jevblend_3,0,79,128,0.8133217993079584,0.7785467128027681,0.7916666666666666,0.9583333333333334,1.0,578,1.0,1.0,True,477,0.8252595155709342,1.0,1,578,1,0,0.0,0.9993503235067526,0.06026528258362169,,,,
heldout,Boersma-van_Dam_2024,578,24,jev_only,0,97,196,0.7821799307958477,0.6608996539792388,0.875,0.9583333333333334,0.9583333333333334,578,1.0,1.0,True,493,0.8529411764705882,1.0,1,578,1,0,0.0,0.9955585422341691,0.06769031141868512,493.0,0.8529411764705882,1.0,True
heldout,Boersma-van_Dam_2024,578,24,jev_only,1,95,169,0.7856401384083045,0.7076124567474049,0.875,0.9583333333333334,1.0,578,1.0,1.0,True,487,0.842560553633218,1.0,1,578,1,0,0.0,0.9967951324335397,0.06603229527104959,487.0,0.842560553633218,1.0,True
heldout,Boersma-van_Dam_2024,578,24,jev_only,2,96,170,0.7839100346020761,0.7058823529411764,0.875,0.9583333333333334,1.0,578,1.0,1.0,True,487,0.842560553633218,1.0,1,578,1,0,0.0,0.9959972159888638,0.06603229527104959,487.0,0.842560553633218,1.0,True
heldout,Boersma-van_Dam_2024,578,24,jev_only,3,97,192,0.7821799307958477,0.6678200692041523,0.875,0.9583333333333334,0.9583333333333334,578,1.0,1.0,True,492,0.8512110726643599,1.0,1,578,1,0,0.0,0.9963851486639135,0.06776239907727796,492.0,0.8512110726643599,1.0,True
heldout,Boersma-van_Dam_2024,578,24,jev_only,4,94,174,0.7873702422145328,0.698961937716263,0.875,0.9583333333333334,0.9583333333333334,578,1.0,1.0,True,488,0.8442906574394463,1.0,1,578,1,0,0.0,0.9975090176960076,0.06660899653979238,488.0,0.8442906574394463,1.0,True
heldout,Boersma-van_Dam_2024,578,24,jev_only,5,97,182,0.7821799307958477,0.685121107266436,0.875,0.9583333333333334,0.9583333333333334,578,1.0,1.0,True,490,0.8477508650519031,1.0,1,578,1,0,0.0,0.9955585422341691,0.06696943483275664,490.0,0.8477508650519031,1.0,True
heldout,Boersma-van_Dam_2024,578,24,jev_only,6,97,179,0.7821799307958477,0.6903114186851211,0.875,0.9583333333333334,0.9583333333333334,578,1.0,1.0,True,489,0.8460207612456747,1.0,1,578,1,0,0.0,0.9955585422341691,0.06653690888119955,489.0,0.8460207612456747,1.0,True
heldout,Boersma-van_Dam_2024,578,24,jev_only,7,94,191,0.7873702422145328,0.6695501730103806,0.875,0.9583333333333334,0.9583333333333334,578,1.0,1.0,True,492,0.8512110726643599,1.0,1,578,1,0,0.0,0.9975090176960076,0.06718569780853519,492.0,0.8512110726643599,1.0,True
heldout,Boersma-van_Dam_2024,578,24,jev_only,8,97,190,0.7821799307958477,0.6712802768166091,0.875,0.9583333333333334,0.9583333333333334,578,1.0,1.0,True,491,0.8494809688581315,1.0,1,578,1,0,0.0,0.9955585422341691,0.06747404844290658,491.0,0.8494809688581315,1.0,True
heldout,Boersma-van_Dam_2024,578,24,jev_only,9,94,201,0.7873702422145328,0.6522491349480969,0.875,0.9583333333333334,0.9583333333333334,578,1.0,1.0,True,494,0.8546712802768166,1.0,1,578,1,0,0.0,0.9968077952311822,0.06812283737024222,494.0,0.8546712802768166,1.0,True
heldout,Bos_2018,2241,6,asr_prior,0,113,113,0.8995760821062025,0.9495760821062026,1.0,1.0,1.0,2241,1.0,1.0,True,2135,0.9526996876394467,1.0,1,2241,0,0,0.0,0.9999408551647359,0.023501413059645992,,,,
heldout,Bos_2018,2241,6,asr_prior,1,95,95,0.9076082106202588,0.9576082106202588,1.0,1.0,1.0,2241,1.0,1.0,True,2134,0.9522534582775547,1.0,1,2241,0,0,0.0,0.999999566325712,0.02677376171352075,,,,
heldout,Bos_2018,2241,6,asr_prior,2,99,99,0.9058232931726907,0.9558232931726908,1.0,1.0,1.0,2241,1.0,1.0,True,2134,0.9522534582775547,1.0,1,2241,0,0,0.0,0.9999787758956157,0.022013981853339283,,,,
heldout,Bos_2018,2241,6,asr_prior,3,114,114,0.8991298527443106,0.9491298527443106,1.0,1.0,1.0,2241,1.0,1.0,True,2135,0.9526996876394467,1.0,1,2241,0,0,0.0,0.9999407999665694,0.023129555258069315,,,,
heldout,Bos_2018,2241,6,asr_prior,4,101,101,0.9049308344489067,0.9549308344489067,1.0,1.0,1.0,2241,1.0,1.0,True,2134,0.9522534582775547,1.0,1,2241,0,0,0.0,0.9999776843151448,0.02253458277554663,,,,
heldout,Bos_2018,2241,6,asr_prior,5,113,113,0.8995760821062025,0.9495760821062026,1.0,1.0,1.0,2241,1.0,1.0,True,2135,0.9526996876394467,1.0,1,2241,0,0,0.0,0.9999408551647359,0.02335266993901532,,,,
heldout,Bos_2018,2241,6,asr_prior,6,109,109,0.9013609995537706,0.9513609995537706,1.0,1.0,1.0,2241,1.0,1.0,True,2135,0.9526996876394467,1.0,1,2241,0,0,0.0,0.9999665307883268,0.023575784619961328,,,,
heldout,Bos_2018,2241,6,asr_prior,7,112,112,0.9000223114680945,0.9500223114680946,1.0,1.0,1.0,2241,1.0,1.0,True,2135,0.9526996876394467,1.0,1,2241,0,0,0.0,0.9999176785703455,0.02216272497396995,,,,
heldout,Bos_2018,2241,6,asr_prior,8,112,112,0.9000223114680945,0.9500223114680946,1.0,1.0,1.0,2241,1.0,1.0,True,2135,0.9526996876394467,1.0,1,2241,0,0,0.0,0.9999176785703455,0.021939610293023947,,,,
heldout,Bos_2018,2241,6,asr_prior,9,115,115,0.8986836233824185,0.9486836233824185,1.0,1.0,1.0,2241,1.0,1.0,True,2135,0.9526996876394467,1.0,1,2241,0,0,0.0,0.9999088435238316,0.023278298378699984,,,,
heldout,Bos_2018,2241,6,asr_jevblend_3,0,54,54,0.9259036144578313,0.9759036144578314,1.0,1.0,1.0,1404,0.6265060240963856,1.0,True,2132,0.9513609995537706,1.0,1,2241,0,0,0.0,0.9997449137626305,0.006693440428380187,,,,
heldout,Bos_2018,2241,6,jev_only,0,106,106,0.9026996876394466,0.9526996876394467,1.0,1.0,1.0,2241,1.0,1.0,True,2135,0.9526996876394467,1.0,1,2241,0,0,0.0,0.9982756104895153,0.009965789082254945,2135.0,0.9526996876394467,1.0,True
heldout,Bos_2018,2241,6,jev_only,1,105,105,0.9031459170013386,0.9531459170013387,1.0,1.0,1.0,2241,1.0,1.0,True,2135,0.9526996876394467,1.0,1,2241,0,0,0.0,0.9983126941349019,0.009891417521939611,2135.0,0.9526996876394467,1.0,True
heldout,Bos_2018,2241,6,jev_only,2,104,104,0.9035921463632306,0.9535921463632306,1.0,1.0,1.0,2241,1.0,1.0,True,2135,0.9526996876394467,1.0,1,2241,0,0,0.0,0.9983493746971865,0.009817045961624275,2135.0,0.9526996876394467,1.0,True
heldout,Bos_2018,2241,6,jev_only,3,106,106,0.9026996876394466,0.9526996876394467,1.0,1.0,1.0,2241,1.0,1.0,True,2135,0.9526996876394467,1.0,1,2241,0,0,0.0,0.9982756104895153,0.009965789082254945,2135.0,0.9526996876394467,1.0,True
heldout,Bos_2018,2241,6,jev_only,4,107,107,0.9022534582775547,0.9522534582775547,1.0,1.0,1.0,2241,1.0,1.0,True,2135,0.9526996876394467,1.0,1,2241,0,0,0.0,0.9982381237610265,0.010040160642570281,2135.0,0.9526996876394467,1.0,True
heldout,Bos_2018,2241,6,jev_only,5,105,105,0.9031459170013386,0.9531459170013387,1.0,1.0,1.0,2241,1.0,1.0,True,2135,0.9526996876394467,1.0,1,2241,0,0,0.0,0.9983126941349019,0.009891417521939611,2135.0,0.9526996876394467,1.0,True
heldout,Bos_2018,2241,6,jev_only,6,107,107,0.9022534582775547,0.9522534582775547,1.0,1.0,1.0,2241,1.0,1.0,True,2135,0.9526996876394467,1.0,1,2241,0,0,0.0,0.9982381237610265,0.010040160642570281,2135.0,0.9526996876394467,1.0,True
heldout,Bos_2018,2241,6,jev_only,7,106,106,0.9026996876394466,0.9526996876394467,1.0,1.0,1.0,2241,1.0,1.0,True,2135,0.9526996876394467,1.0,1,2241,0,0,0.0,0.9982756104895153,0.009965789082254945,2135.0,0.9526996876394467,1.0,True
heldout,Bos_2018,2241,6,jev_only,8,107,107,0.9022534582775547,0.9522534582775547,1.0,1.0,1.0,2241,1.0,1.0,True,2135,0.9526996876394467,1.0,1,2241,0,0,0.0,0.9982381237610265,0.010040160642570281,2135.0,0.9526996876394467,1.0,True
heldout,Bos_2018,2241,6,jev_only,9,104,104,0.9035921463632306,0.9535921463632306,1.0,1.0,1.0,2241,1.0,1.0,True,2135,0.9526996876394467,1.0,1,2241,0,0,0.0,0.9983493746971865,0.009817045961624275,2135.0,0.9526996876394467,1.0,True
heldout,Bosch_2021,1716,22,asr_prior,0,134,483,0.8719114219114219,0.7185314685314685,0.9545454545454546,0.9545454545454546,1.0,1716,1.0,1.0,True,1440,0.8391608391608392,1.0,1,1716,1,0,0.0,0.999998313207448,0.041242848061029874,,,,
heldout,Bosch_2021,1716,22,asr_prior,1,134,483,0.8719114219114219,0.7185314685314685,0.9545454545454546,0.9545454545454546,1.0,1716,1.0,1.0,True,1440,0.8391608391608392,1.0,1,1716,1,0,0.0,0.9999976071517449,0.03999788090697182,,,,
heldout,Bosch_2021,1716,22,asr_prior,2,135,483,0.8713286713286713,0.7185314685314685,0.9545454545454546,0.9545454545454546,1.0,1716,1.0,1.0,True,1440,0.8391608391608392,1.0,1,1716,1,0,0.0,0.999997904211729,0.04630218266581903,,,,
heldout,Bosch_2021,1716,22,asr_prior,3,137,485,0.8701631701631701,0.7173659673659674,0.9545454545454546,0.9545454545454546,1.0,1716,1.0,1.0,True,1441,0.8397435897435898,1.0,1,1716,1,0,0.0,0.9999967018794207,0.04193155329518966,,,,
heldout,Bosch_2021,1716,22,asr_prior,4,139,486,0.868997668997669,0.7167832167832168,0.9545454545454546,0.9545454545454546,1.0,1716,1.0,1.0,True,1441,0.8397435897435898,1.0,1,1716,1,0,0.0,0.9999951987231674,0.042090485272303454,,,,
heldout,Bosch_2021,1716,22,asr_prior,5,174,175,0.8486013986013986,0.8980186480186481,0.9090909090909091,1.0,1.0,1241,0.7231934731934732,1.0,True,1372,0.7995337995337995,1.0,1,1716,1,0,0.0,0.9992736671266428,0.04468637423182878,,,,
heldout,Bosch_2021,1716,22,asr_prior,6,134,485,0.8719114219114219,0.7173659673659674,0.9545454545454546,0.9545454545454546,1.0,1716,1.0,1.0,True,1441,0.8397435897435898,1.0,1,1716,1,0,0.0,0.999995533744314,0.04015681288408561,,,,
heldout,Bosch_2021,1716,22,asr_prior,7,123,484,0.8783216783216783,0.717948717948718,0.9545454545454546,0.9545454545454546,1.0,1693,0.9865967365967366,1.0,True,1441,0.8397435897435898,1.0,1,1716,1,0,0.0,0.9997575128986891,0.04171964399237127,,,,
heldout,Bosch_2021,1716,22,asr_prior,8,134,482,0.8719114219114219,0.7191142191142191,0.9545454545454546,0.9545454545454546,1.0,1716,1.0,1.0,True,1440,0.8391608391608392,1.0,1,1716,1,0,0.0,0.9999952435166262,0.039838948929858016,,,,
heldout,Bosch_2021,1716,22,asr_prior,9,138,484,0.8695804195804195,0.717948717948718,0.9545454545454546,0.9545454545454546,1.0,1716,1.0,1.0,True,1441,0.8397435897435898,1.0,1,1716,1,0,0.0,0.999993336292405,0.04280567916931553,,,,
heldout,Bosch_2021,1716,22,asr_jevblend_3,0,103,195,0.8899766899766899,0.8863636363636364,0.9545454545454546,1.0,1.0,1418,0.8263403263403264,1.0,True,1376,0.8018648018648019,1.0,1,1716,1,0,0.0,0.9999862344862148,0.028077982623437168,,,,
heldout,Bosch_2021,1716,22,jev_only,0,133,185,0.8724941724941725,0.8921911421911422,0.9545454545454546,1.0,1.0,1312,0.7645687645687645,1.0,True,1374,0.8006993006993007,1.0,1,1716,1,0,0.0,0.9997198686795774,0.029216995126086033,1374.0,0.8006993006993007,1.0,True
heldout,Bosch_2021,1716,22,jev_only,1,132,183,0.8730769230769231,0.8933566433566433,0.9545454545454546,1.0,1.0,1298,0.7564102564102564,1.0,True,1373,0.8001165501165501,1.0,1,1716,1,0,0.0,0.999754782170042,0.029296461114642933,1373.0,0.8001165501165501,1.0,True
heldout,Bosch_2021,1716,22,jev_only,2,131,183,0.8736596736596736,0.8933566433566433,0.9545454545454546,1.0,1.0,1298,0.7564102564102564,1.0,True,1373,0.8001165501165501,1.0,1,1716,1,0,0.0,0.999817457473039,0.02945539309175673,1373.0,0.8001165501165501,1.0,True
heldout,Bosch_2021,1716,22,jev_only,3,134,184,0.8719114219114219,0.8927738927738927,0.9545454545454546,1.0,1.0,1305,0.7604895104895105,1.0,True,1374,0.8006993006993007,1.0,1,1716,1,0,0.0,0.9996826511487009,0.02977325704598432,1374.0,0.8006993006993007,1.0,True
heldout,Bosch_2021,1716,22,jev_only,4,133,182,0.8724941724941725,0.8939393939393939,0.9545454545454546,1.0,1.0,1291,0.7523310023310024,1.0,True,1373,0.8001165501165501,1.0,1,1716,1,0,0.0,0.9996830465849671,0.029322949777495232,1373.0,0.8001165501165501,1.0,True
heldout,Bosch_2021,1716,22,jev_only,5,133,182,0.8724941724941725,0.8939393939393939,0.9545454545454546,1.0,1.0,1291,0.7523310023310024,1.0,True,1373,0.8001165501165501,1.0,1,1716,1,0,0.0,0.9997198686795774,0.02977325704598432,1373.0,0.8001165501165501,1.0,True
heldout,Bosch_2021,1716,22,jev_only,6,134,185,0.8719114219114219,0.8921911421911422,0.9545454545454546,1.0,1.0,1312,0.7645687645687645,1.0,True,1374,0.8006993006993007,1.0,1,1716,1,0,0.0,0.9997195188907535,0.02977325704598432,1374.0,0.8006993006993007,1.0,True
heldout,Bosch_2021,1716,22,jev_only,7,134,182,0.8719114219114219,0.8939393939393939,0.9545454545454546,1.0,1.0,1291,0.7523310023310024,1.0,True,1373,0.8001165501165501,1.0,1,1716,1,0,0.0,0.9996826511487009,0.029216995126086033,1373.0,0.8001165501165501,1.0,True
heldout,Bosch_2021,1716,22,jev_only,8,133,182,0.8724941724941725,0.8939393939393939,0.9545454545454546,1.0,1.0,1291,0.7523310023310024,1.0,True,1373,0.8001165501165501,1.0,1,1716,1,0,0.0,0.9997544759113546,0.02966730239457512,1373.0,0.8001165501165501,1.0,True
heldout,Bosch_2021,1716,22,jev_only,9,134,185,0.8719114219114219,0.8921911421911422,0.9545454545454546,1.0,1.0,1312,0.7645687645687645,1.0,True,1374,0.8006993006993007,1.0,1,1716,1,0,0.0,0.9996826511487009,0.029826234371688916,1374.0,0.8006993006993007,1.0,True
heldout,Chakraborty_2023,2233,7,asr_prior,0,575,575,0.6924988804299148,0.7424988804299149,0.5714285714285714,0.8571428571428571,1.0,2233,1.0,1.0,True,2151,0.9632781012091357,1.0,1,2233,0,0,0.0,0.9800752918700365,0.09743458511931419,,,,
heldout,Chakraborty_2023,2233,7,asr_prior,1,458,458,0.7448947604120018,0.7948947604120018,0.5714285714285714,0.8571428571428571,1.0,2233,1.0,1.0,True,2145,0.9605911330049262,1.0,1,2233,0,0,0.0,0.9960834977527973,0.09570724841660802,,,,
heldout,Chakraborty_2023,2233,7,asr_prior,2,499,499,0.7265338110165696,0.7765338110165696,0.42857142857142855,0.8571428571428571,1.0,156,0.06986117330944917,0.14285714285714285,True,2147,0.961486789072996,1.0,1,2233,0,0,0.0,0.9952399978552281,0.11656323971594908,,,,
heldout,Chakraborty_2023,2233,7,asr_prior,3,495,495,0.7283251231527093,0.7783251231527093,0.42857142857142855,0.8571428571428571,1.0,156,0.06986117330944917,0.14285714285714285,True,2147,0.961486789072996,1.0,1,2233,0,0,0.0,0.9952603778264248,0.11515578018041073,,,,
heldout,Chakraborty_2023,2233,7,asr_prior,4,493,493,0.7292207792207792,0.7792207792207793,0.42857142857142855,0.8571428571428571,1.0,156,0.06986117330944917,0.14285714285714285,True,2146,0.961038961038961,1.0,1,2233,0,0,0.0,0.9954742549761568,0.11483590301324292,,,,
heldout,Chakraborty_2023,2233,7,asr_prior,5,457,457,0.7453425884460367,0.7953425884460368,0.5714285714285714,0.8571428571428571,1.0,2233,1.0,1.0,True,2145,0.9605911330049262,1.0,1,2233,0,0,0.0,0.9962105855667245,0.09577122385004158,,,,
heldout,Chakraborty_2023,2233,7,asr_prior,6,504,504,0.7242946708463949,0.7742946708463949,0.42857142857142855,0.8571428571428571,1.0,156,0.06986117330944917,0.14285714285714285,True,2147,0.961486789072996,1.0,1,2233,0,0,0.0,0.9950748176554627,0.117011067749984,,,,
heldout,Chakraborty_2023,2233,7,asr_prior,7,573,573,0.6933945364979848,0.7433945364979848,0.5714285714285714,0.8571428571428571,1.0,2233,1.0,1.0,True,2150,0.9628302731751007,1.0,1,2233,0,0,0.0,0.9839862676153482,0.084767449299469,,,,
heldout,Chakraborty_2023,2233,7,asr_prior,8,569,569,0.6951858486341245,0.7451858486341245,0.5714285714285714,0.8571428571428571,1.0,2233,1.0,1.0,True,2150,0.9628302731751007,1.0,1,2233,0,0,0.0,0.9843997099318434,0.08457552299916832,,,,
heldout,Chakraborty_2023,2233,7,asr_prior,9,580,580,0.6902597402597402,0.7402597402597403,0.7142857142857143,0.8571428571428571,1.0,2233,1.0,1.0,True,2151,0.9632781012091357,1.0,1,2233,0,0,0.0,0.9882985170553222,0.09865011835455186,,,,
heldout,Chakraborty_2023,2233,7,asr_jevblend_3,0,76,76,0.9159650694133452,0.9659650694133453,1.0,1.0,1.0,1694,0.7586206896551724,1.0,True,2126,0.9520824003582624,1.0,1,2233,0,0,0.0,0.9999957192532152,0.015865907491523255,,,,
heldout,Chakraborty_2023,2233,7,jev_only,0,97,97,0.9065606806986117,0.9565606806986118,1.0,1.0,1.0,2162,0.9682042095835199,1.0,True,2127,0.9525302283922974,1.0,1,2233,0,0,0.0,0.9999182123809237,0.020152261531571878,2169.0,0.9713390058217645,1.0,True
heldout,Chakraborty_2023,2233,7,jev_only,1,99,99,0.9056650246305418,0.9556650246305418,1.0,1.0,1.0,2208,0.9888042991491267,1.0,True,2127,0.9525302283922974,1.0,1,2233,0,0,0.0,0.9999095192239335,0.020536114132173246,2169.0,0.9713390058217645,1.0,True
heldout,Chakraborty_2023,2233,7,jev_only,2,92,92,0.9087998208687863,0.9587998208687863,1.0,1.0,1.0,2052,0.9189431258396775,1.0,True,2126,0.9520824003582624,1.0,1,2233,0,0,0.0,0.9999663616357043,0.020152261531571878,2169.0,0.9713390058217645,1.0,True
heldout,Chakraborty_2023,2233,7,jev_only,3,98,98,0.9061128526645768,0.9561128526645768,1.0,1.0,1.0,2184,0.9780564263322884,1.0,True,2127,0.9525302283922974,1.0,1,2233,0,0,0.0,0.9999006556725614,0.020280212398439,2169.0,0.9713390058217645,1.0,True
heldout,Chakraborty_2023,2233,7,jev_only,4,101,101,0.9047693685624719,0.954769368562472,1.0,1.0,1.0,2233,1.0,1.0,True,2127,0.9525302283922974,1.0,1,2233,0,0,0.0,0.9998709813929368,0.020728040432473928,2169.0,0.9713390058217645,1.0,True
heldout,Chakraborty_2023,2233,7,jev_only,5,96,96,0.9070085087326466,0.9570085087326466,1.0,1.0,1.0,2140,0.9583519928347515,1.0,True,2127,0.9525302283922974,1.0,1,2233,0,0,0.0,0.9999182882155266,0.01989635979783763,2169.0,0.9713390058217645,1.0,True
heldout,Chakraborty_2023,2233,7,jev_only,6,101,101,0.9047693685624719,0.954769368562472,1.0,1.0,1.0,2233,1.0,1.0,True,2127,0.9525302283922974,1.0,1,2233,0,0,0.0,0.9998709813929368,0.020792015865907492,2169.0,0.9713390058217645,1.0,True
heldout,Chakraborty_2023,2233,7,jev_only,7,102,102,0.904321540528437,0.9543215405284371,1.0,1.0,1.0,2233,1.0,1.0,True,2127,0.9525302283922974,1.0,1,2233,0,0,0.0,0.9999002861054945,0.020600089565606806,2169.0,0.9713390058217645,1.0,True
heldout,Chakraborty_2023,2233,7,jev_only,8,95,95,0.9074563367666816,0.9574563367666816,1.0,1.0,1.0,2118,0.948499776085983,1.0,True,2127,0.9525302283922974,1.0,1,2233,0,0,0.0,0.999941402925976,0.020280212398439,2169.0,0.9713390058217645,1.0,True
heldout,Chakraborty_2023,2233,7,jev_only,9,95,95,0.9074563367666816,0.9574563367666816,1.0,1.0,1.0,2118,0.948499776085983,1.0,True,2127,0.9525302283922974,1.0,1,2233,0,0,0.0,0.9999264593939741,0.020024310664704753,2169.0,0.9713390058217645,1.0,True
heldout,Chueca_2023,609,16,asr_prior,0,472,472,0.1749589490968801,0.22495894909688008,0.3125,0.4375,0.5,609,1.0,1.0,True,603,0.9901477832512315,1.0,1,609,0,0,0.0,0.8531523807532335,0.2872536945812808,,,,
heldout,Chueca_2023,609,16,asr_prior,1,471,471,0.17660098522167483,0.22660098522167482,0.25,0.25,0.5625,609,1.0,1.0,True,603,0.9901477832512315,1.0,1,609,0,0,0.0,0.8265500897303265,0.30008210180623973,,,,
heldout,Chueca_2023,609,16,asr_prior,2,473,473,0.17331691297208535,0.22331691297208534,0.3125,0.4375,0.5,609,1.0,1.0,True,603,0.9901477832512315,1.0,1,609,0,0,0.0,0.8447910013776551,0.28376436781609193,,,,
heldout,Chueca_2023,609,16,asr_prior,3,472,472,0.1749589490968801,0.22495894909688008,0.3125,0.4375,0.5,609,1.0,1.0,True,603,0.9901477832512315,1.0,1,609,0,0,0.0,0.8450098789081839,0.28181444991789817,,,,
heldout,Chueca_2023,609,16,asr_prior,4,472,472,0.1749589490968801,0.22495894909688008,0.3125,0.4375,0.5,609,1.0,1.0,True,603,0.9901477832512315,1.0,1,609,0,0,0.0,0.8463640655529312,0.2822249589490969,,,,
heldout,Chueca_2023,609,16,asr_prior,5,477,477,0.16674876847290637,0.21674876847290636,0.1875,0.5,0.625,609,1.0,1.0,True,603,0.9901477832512315,1.0,1,609,0,0,0.0,0.8382795153987175,0.2799671592775041,,,,
heldout,Chueca_2023,609,16,asr_prior,6,472,472,0.1749589490968801,0.22495894909688008,0.3125,0.4375,0.5,609,1.0,1.0,True,603,0.9901477832512315,1.0,1,609,0,0,0.0,0.8504337666581921,0.2894088669950739,,,,
heldout,Chueca_2023,609,16,asr_prior,7,475,475,0.17003284072249586,0.22003284072249585,0.0625,0.25,0.5625,609,1.0,1.0,True,603,0.9901477832512315,1.0,1,609,0,0,0.0,0.8512754850783282,0.3168103448275862,,,,
heldout,Chueca_2023,609,16,asr_prior,8,472,472,0.1749589490968801,0.22495894909688008,0.375,0.4375,0.5,609,1.0,1.0,True,603,0.9901477832512315,1.0,1,609,0,0,0.0,0.8463640655529312,0.2834564860426929,,,,
heldout,Chueca_2023,609,16,asr_prior,9,472,472,0.1749589490968801,0.22495894909688008,0.3125,0.4375,0.5,609,1.0,1.0,True,603,0.9901477832512315,1.0,1,609,0,0,0.0,0.8477194730497855,0.2854064039408867,,,,
heldout,Chueca_2023,609,16,asr_jevblend_3,0,198,198,0.6248768472906403,0.6748768472906403,0.625,0.8125,0.9375,609,1.0,1.0,True,589,0.9671592775041051,1.0,1,609,0,0,0.0,0.9952288607750794,0.10611658456486042,,,,
heldout,Chueca_2023,609,16,jev_only,0,211,211,0.6035303776683086,0.6535303776683087,0.625,0.8125,0.9375,609,1.0,1.0,True,590,0.9688013136288999,1.0,1,609,0,0,0.0,0.9902935533187636,0.09534072249589491,590.0,0.9688013136288999,1.0,True
heldout,Chueca_2023,609,16,jev_only,1,214,214,0.5986042692939244,0.6486042692939245,0.625,0.8125,0.9375,609,1.0,1.0,True,590,0.9688013136288999,1.0,1,609,0,0,0.0,0.9893320964749552,0.09595648604269294,590.0,0.9688013136288999,1.0,True
heldout,Chueca_2023,609,16,jev_only,2,212,212,0.6018883415435139,0.6518883415435139,0.625,0.8125,0.9375,609,1.0,1.0,True,590,0.9688013136288999,1.0,1,609,0,0,0.0,0.9910444035323092,0.09616174055829228,590.0,0.9688013136288999,1.0,True
heldout,Chueca_2023,609,16,jev_only,3,212,212,0.6018883415435139,0.6518883415435139,0.625,0.8125,0.9375,609,1.0,1.0,True,590,0.9688013136288999,1.0,1,609,0,0,0.0,0.9910444035323092,0.09493021346469623,590.0,0.9688013136288999,1.0,True
heldout,Chueca_2023,609,16,jev_only,4,211,211,0.6035303776683086,0.6535303776683087,0.625,0.8125,0.9375,609,1.0,1.0,True,590,0.9688013136288999,1.0,1,609,0,0,0.0,0.9906926406926417,0.09534072249589491,590.0,0.9688013136288999,1.0,True
heldout,Chueca_2023,609,16,jev_only,5,212,212,0.6018883415435139,0.6518883415435139,0.625,0.8125,0.9375,609,1.0,1.0,True,590,0.9688013136288999,1.0,1,609,0,0,0.0,0.9910444035323092,0.0957512315270936,590.0,0.9688013136288999,1.0,True
heldout,Chueca_2023,609,16,jev_only,6,211,211,0.6035303776683086,0.6535303776683087,0.625,0.8125,0.9375,609,1.0,1.0,True,590,0.9688013136288999,1.0,1,609,0,0,0.0,0.991085110788987,0.09523809523809523,590.0,0.9688013136288999,1.0,True
heldout,Chueca_2023,609,16,jev_only,7,213,213,0.6002463054187192,0.6502463054187192,0.625,0.8125,0.9375,609,1.0,1.0,True,590,0.9688013136288999,1.0,1,609,0,0,0.0,0.9897959183673483,0.09626436781609195,590.0,0.9688013136288999,1.0,True
heldout,Chueca_2023,609,16,jev_only,8,215,215,0.5969622331691297,0.6469622331691297,0.625,0.8125,0.9375,609,1.0,1.0,True,590,0.9688013136288999,1.0,1,609,0,0,0.0,0.9892834955477368,0.09616174055829228,590.0,0.9688013136288999,1.0,True
heldout,Chueca_2023,609,16,jev_only,9,215,215,0.5969622331691297,0.6469622331691297,0.625,0.8125,0.9375,609,1.0,1.0,True,590,0.9688013136288999,1.0,1,609,0,0,0.0,0.9892834955477368,0.09677750410509031,590.0,0.9688013136288999,1.0,True
heldout,Donners_2021,119,14,asr_prior,0,35,35,0.6558823529411764,0.7058823529411764,0.5714285714285714,0.8571428571428571,1.0,119,1.0,1.0,True,115,0.9663865546218487,1.0,1,119,0,0,0.0,0.9915848527349226,0.10744297719087635,,,,
heldout,Donners_2021,119,14,asr_prior,1,35,35,0.6558823529411764,0.7058823529411764,0.5714285714285714,0.8571428571428571,1.0,119,1.0,1.0,True,115,0.9663865546218487,1.0,1,119,0,0,0.0,0.9915848527349226,0.10624249699879952,,,,
heldout,Donners_2021,119,14,asr_prior,2,34,34,0.6642857142857143,0.7142857142857143,0.5714285714285714,0.8571428571428571,1.0,119,1.0,1.0,True,115,0.9663865546218487,1.0,1,119,0,0,0.0,0.9934548854604953,0.10684273709483792,,,,
heldout,Donners_2021,119,14,asr_prior,3,34,34,0.6642857142857143,0.7142857142857143,0.5714285714285714,0.8571428571428571,1.0,119,1.0,1.0,True,115,0.9663865546218487,1.0,1,119,0,0,0.0,0.9934548854604953,0.10204081632653061,,,,
heldout,Donners_2021,119,14,asr_prior,4,34,34,0.6642857142857143,0.7142857142857143,0.5714285714285714,0.8571428571428571,1.0,119,1.0,1.0,True,115,0.9663865546218487,1.0,1,119,0,0,0.0,0.9917638984214133,0.10264105642256902,,,,
heldout,Donners_2021,119,14,asr_prior,5,34,34,0.6642857142857143,0.7142857142857143,0.5714285714285714,0.8571428571428571,1.0,119,1.0,1.0,True,115,0.9663865546218487,1.0,1,119,0,0,0.0,0.9917638984214133,0.1092436974789916,,,,
heldout,Donners_2021,119,14,asr_prior,6,34,34,0.6642857142857143,0.7142857142857143,0.5714285714285714,0.8571428571428571,1.0,119,1.0,1.0,True,115,0.9663865546218487,1.0,1,119,0,0,0.0,0.9917638984214133,0.10324129651860744,,,,
heldout,Donners_2021,119,14,asr_prior,7,35,35,0.6558823529411764,0.7058823529411764,0.5714285714285714,0.8571428571428571,1.0,119,1.0,1.0,True,115,0.9663865546218487,1.0,1,119,0,0,0.0,0.9897048730267667,0.1056422569027611,,,,
heldout,Donners_2021,119,14,asr_prior,8,35,35,0.6558823529411764,0.7058823529411764,0.42857142857142855,0.9285714285714286,1.0,119,1.0,1.0,True,115,0.9663865546218487,1.0,1,119,0,0,0.0,0.9808541973490421,0.11224489795918367,,,,
heldout,Donners_2021,119,14,asr_prior,9,35,35,0.6558823529411764,0.7058823529411764,0.6428571428571429,0.8571428571428571,1.0,119,1.0,1.0,True,115,0.9663865546218487,1.0,1,119,0,0,0.0,0.9915848527349226,0.10204081632653061,,,,
heldout,Donners_2021,119,14,asr_jevblend_3,0,19,19,0.7903361344537815,0.8403361344537815,0.7142857142857143,1.0,1.0,119,1.0,1.0,True,115,0.9663865546218487,1.0,1,119,0,0,0.0,0.9999932178560287,0.0738295318127251,,,,
heldout,Donners_2021,119,14,jev_only,0,24,24,0.7483193277310924,0.7983193277310925,0.7142857142857143,0.9285714285714286,1.0,119,1.0,1.0,True,115,0.9663865546218487,1.0,1,119,0,0,0.0,0.9987631416202845,0.07863145258103242,115.0,0.9663865546218487,1.0,True
heldout,Donners_2021,119,14,jev_only,1,25,25,0.7399159663865545,0.7899159663865546,0.7142857142857143,0.9285714285714286,1.0,119,1.0,1.0,True,115,0.9663865546218487,1.0,1,119,0,0,0.0,0.9979385693671408,0.07923169267707084,115.0,0.9663865546218487,1.0,True
heldout,Donners_2021,119,14,jev_only,2,24,24,0.7483193277310924,0.7983193277310925,0.7142857142857143,0.9285714285714286,1.0,119,1.0,1.0,True,115,0.9663865546218487,1.0,1,119,0,0,0.0,0.9987631416202845,0.07863145258103242,115.0,0.9663865546218487,1.0,True
heldout,Donners_2021,119,14,jev_only,3,24,24,0.7483193277310924,0.7983193277310925,0.7142857142857143,0.9285714285714286,1.0,119,1.0,1.0,True,115,0.9663865546218487,1.0,1,119,0,0,0.0,0.9987631416202845,0.07863145258103242,115.0,0.9663865546218487,1.0,True
heldout,Donners_2021,119,14,jev_only,4,25,25,0.7399159663865545,0.7899159663865546,0.7142857142857143,0.9285714285714286,1.0,119,1.0,1.0,True,115,0.9663865546218487,1.0,1,119,0,0,0.0,0.9979385693671408,0.07983193277310924,115.0,0.9663865546218487,1.0,True
heldout,Donners_2021,119,14,jev_only,5,24,24,0.7483193277310924,0.7983193277310925,0.7142857142857143,0.9285714285714286,1.0,119,1.0,1.0,True,115,0.9663865546218487,1.0,1,119,0,0,0.0,0.9987631416202845,0.07923169267707084,115.0,0.9663865546218487,1.0,True
heldout,Donners_2021,119,14,jev_only,6,25,25,0.7399159663865545,0.7899159663865546,0.7142857142857143,0.9285714285714286,1.0,119,1.0,1.0,True,115,0.9663865546218487,1.0,1,119,0,0,0.0,0.9979385693671408,0.07983193277310924,115.0,0.9663865546218487,1.0,True
heldout,Donners_2021,119,14,jev_only,7,24,24,0.7483193277310924,0.7983193277310925,0.7142857142857143,0.9285714285714286,1.0,119,1.0,1.0,True,115,0.9663865546218487,1.0,1,119,0,0,0.0,0.9987631416202845,0.07923169267707084,115.0,0.9663865546218487,1.0,True
heldout,Donners_2021,119,14,jev_only,8,24,24,0.7483193277310924,0.7983193277310925,0.7142857142857143,0.9285714285714286,1.0,119,1.0,1.0,True,115,0.9663865546218487,1.0,1,119,0,0,0.0,0.9987631416202845,0.07863145258103242,115.0,0.9663865546218487,1.0,True
heldout,Donners_2021,119,14,jev_only,9,24,24,0.7483193277310924,0.7983193277310925,0.7142857142857143,0.9285714285714286,1.0,119,1.0,1.0,True,115,0.9663865546218487,1.0,1,119,0,0,0.0,0.9987631416202845,0.07923169267707084,115.0,0.9663865546218487,1.0,True
heldout,Eggmann_2023,266,9,asr_prior,0,30,30,0.837218045112782,0.887218045112782,0.8888888888888888,1.0,1.0,266,1.0,1.0,True,255,0.9586466165413534,1.0,1,266,0,0,0.0,0.9987955838072934,0.05806182121971596,,,,
heldout,Eggmann_2023,266,9,asr_prior,1,22,22,0.8672932330827068,0.9172932330827068,1.0,1.0,1.0,266,1.0,1.0,True,254,0.9548872180451128,1.0,1,266,0,0,0.0,0.9993306772908367,0.03675856307435255,,,,
heldout,Eggmann_2023,266,9,asr_prior,2,22,22,0.8672932330827068,0.9172932330827068,1.0,1.0,1.0,266,1.0,1.0,True,254,0.9548872180451128,1.0,1,266,0,0,0.0,0.9993306772908367,0.03759398496240601,,,,
heldout,Eggmann_2023,266,9,asr_prior,3,20,20,0.8748120300751879,0.924812030075188,1.0,1.0,1.0,266,1.0,1.0,True,254,0.9548872180451128,1.0,1,266,0,0,0.0,0.9999028371550719,0.04636591478696742,,,,
heldout,Eggmann_2023,266,9,asr_prior,4,20,20,0.8748120300751879,0.924812030075188,1.0,1.0,1.0,266,1.0,1.0,True,254,0.9548872180451128,1.0,1,266,0,0,0.0,0.9998072289156626,0.03634085213032581,,,,
heldout,Eggmann_2023,266,9,asr_prior,5,19,19,0.8785714285714286,0.9285714285714286,1.0,1.0,1.0,266,1.0,1.0,True,254,0.9548872180451128,1.0,1,266,0,0,0.0,0.9998087649402391,0.03675856307435255,,,,
heldout,Eggmann_2023,266,9,asr_prior,6,23,23,0.8635338345864662,0.9135338345864662,1.0,1.0,1.0,266,1.0,1.0,True,254,0.9548872180451128,1.0,1,266,0,0,0.0,0.9993253012048192,0.03759398496240601,,,,
heldout,Eggmann_2023,266,9,asr_prior,7,20,20,0.8748120300751879,0.924812030075188,1.0,1.0,1.0,266,1.0,1.0,True,254,0.9548872180451128,1.0,1,266,0,0,0.0,0.9998072289156626,0.03675856307435255,,,,
heldout,Eggmann_2023,266,9,asr_prior,8,27,27,0.8484962406015037,0.8984962406015038,0.8888888888888888,1.0,1.0,266,1.0,1.0,True,255,0.9586466165413534,1.0,1,266,0,0,0.0,0.9993031358885015,0.05597326649958229,,,,
heldout,Eggmann_2023,266,9,asr_prior,9,22,22,0.8672932330827068,0.9172932330827068,1.0,1.0,1.0,266,1.0,1.0,True,254,0.9548872180451128,1.0,1,266,0,0,0.0,0.9993306772908367,0.03759398496240601,,,,
heldout,Eggmann_2023,266,9,asr_jevblend_3,0,9,9,0.9161654135338345,0.9661654135338346,1.0,1.0,1.0,156,0.5864661654135338,1.0,True,254,0.9548872180451128,1.0,1,266,0,0,0.0,1.0,0.018796992481203006,,,,
heldout,Eggmann_2023,266,9,jev_only,0,9,9,0.9161654135338345,0.9661654135338346,1.0,1.0,1.0,156,0.5864661654135338,1.0,True,254,0.9548872180451128,1.0,1,266,0,0,0.0,1.0,0.018796992481203006,254.0,0.9548872180451128,1.0,True
heldout,Eggmann_2023,266,9,jev_only,1,9,9,0.9161654135338345,0.9661654135338346,1.0,1.0,1.0,156,0.5864661654135338,1.0,True,254,0.9548872180451128,1.0,1,266,0,0,0.0,1.0,0.018796992481203006,254.0,0.9548872180451128,1.0,True
heldout,Eggmann_2023,266,9,jev_only,2,9,9,0.9161654135338345,0.9661654135338346,1.0,1.0,1.0,156,0.5864661654135338,1.0,True,254,0.9548872180451128,1.0,1,266,0,0,0.0,1.0,0.018796992481203006,254.0,0.9548872180451128,1.0,True
heldout,Eggmann_2023,266,9,jev_only,3,9,9,0.9161654135338345,0.9661654135338346,1.0,1.0,1.0,156,0.5864661654135338,1.0,True,254,0.9548872180451128,1.0,1,266,0,0,0.0,1.0,0.018796992481203006,254.0,0.9548872180451128,1.0,True
heldout,Eggmann_2023,266,9,jev_only,4,9,9,0.9161654135338345,0.9661654135338346,1.0,1.0,1.0,156,0.5864661654135338,1.0,True,254,0.9548872180451128,1.0,1,266,0,0,0.0,1.0,0.018796992481203006,254.0,0.9548872180451128,1.0,True
heldout,Eggmann_2023,266,9,jev_only,5,9,9,0.9161654135338345,0.9661654135338346,1.0,1.0,1.0,156,0.5864661654135338,1.0,True,254,0.9548872180451128,1.0,1,266,0,0,0.0,1.0,0.018796992481203006,254.0,0.9548872180451128,1.0,True
heldout,Eggmann_2023,266,9,jev_only,6,9,9,0.9161654135338345,0.9661654135338346,1.0,1.0,1.0,156,0.5864661654135338,1.0,True,254,0.9548872180451128,1.0,1,266,0,0,0.0,1.0,0.018796992481203006,254.0,0.9548872180451128,1.0,True
heldout,Eggmann_2023,266,9,jev_only,7,9,9,0.9161654135338345,0.9661654135338346,1.0,1.0,1.0,156,0.5864661654135338,1.0,True,254,0.9548872180451128,1.0,1,266,0,0,0.0,1.0,0.018796992481203006,254.0,0.9548872180451128,1.0,True
heldout,Eggmann_2023,266,9,jev_only,8,9,9,0.9161654135338345,0.9661654135338346,1.0,1.0,1.0,156,0.5864661654135338,1.0,True,254,0.9548872180451128,1.0,1,266,0,0,0.0,1.0,0.018796992481203006,254.0,0.9548872180451128,1.0,True
heldout,Eggmann_2023,266,9,jev_only,9,9,9,0.9161654135338345,0.9661654135338346,1.0,1.0,1.0,156,0.5864661654135338,1.0,True,254,0.9548872180451128,1.0,1,266,0,0,0.0,1.0,0.018796992481203006,254.0,0.9548872180451128,1.0,True
heldout,Hall_2011,340,4,asr_prior,0,6,6,0.9323529411764705,0.9823529411764705,1.0,1.0,1.0,234,0.6882352941176471,1.0,True,324,0.9529411764705882,1.0,1,340,0,0,0.0,0.9999998418252105,0.011029411764705883,,,,
heldout,Hall_2011,340,4,asr_prior,1,6,6,0.9323529411764705,0.9823529411764705,1.0,1.0,1.0,234,0.6882352941176471,1.0,True,324,0.9529411764705882,1.0,1,340,0,0,0.0,0.9999998418252105,0.011029411764705883,,,,
heldout,Hall_2011,340,4,asr_prior,2,6,6,0.9323529411764705,0.9823529411764705,1.0,1.0,1.0,234,0.6882352941176471,1.0,True,324,0.9529411764705882,1.0,1,340,0,0,0.0,0.9999998418252105,0.011029411764705883,,,,
heldout,Hall_2011,340,4,asr_prior,3,7,7,0.9294117647058823,0.9794117647058823,1.0,1.0,1.0,273,0.8029411764705883,1.0,True,324,0.9529411764705882,1.0,1,340,0,0,0.0,0.9999821253016355,0.011764705882352941,,,,
heldout,Hall_2011,340,4,asr_prior,4,7,7,0.9294117647058823,0.9794117647058823,1.0,1.0,1.0,273,0.8029411764705883,1.0,True,324,0.9529411764705882,1.0,1,340,0,0,0.0,0.9999999722529431,0.013970588235294118,,,,
heldout,Hall_2011,340,4,asr_prior,5,8,8,0.926470588235294,0.9764705882352941,1.0,1.0,1.0,312,0.9176470588235294,1.0,True,324,0.9529411764705882,1.0,1,340,0,0,0.0,0.9999820179460898,0.014705882352941176,,,,
heldout,Hall_2011,340,4,asr_prior,6,7,7,0.9294117647058823,0.9794117647058823,1.0,1.0,1.0,273,0.8029411764705883,1.0,True,324,0.9529411764705882,1.0,1,340,0,0,0.0,0.9999999722529431,0.013970588235294118,,,,
heldout,Hall_2011,340,4,asr_prior,7,6,6,0.9323529411764705,0.9823529411764705,1.0,1.0,1.0,234,0.6882352941176471,1.0,True,324,0.9529411764705882,1.0,1,340,0,0,0.0,0.9999998418252105,0.011029411764705883,,,,
heldout,Hall_2011,340,4,asr_prior,8,6,6,0.9323529411764705,0.9823529411764705,1.0,1.0,1.0,234,0.6882352941176471,1.0,True,324,0.9529411764705882,1.0,1,340,0,0,0.0,0.9999998418252105,0.011029411764705883,,,,
heldout,Hall_2011,340,4,asr_prior,9,11,11,0.9176470588235294,0.9676470588235294,1.0,1.0,1.0,340,1.0,1.0,True,324,0.9529411764705882,1.0,1,340,0,0,0.0,0.9998201794608981,0.016911764705882352,,,,
heldout,Hall_2011,340,4,asr_jevblend_3,0,6,6,0.9323529411764705,0.9823529411764705,1.0,1.0,1.0,234,0.6882352941176471,1.0,True,324,0.9529411764705882,1.0,1,340,0,0,0.0,0.9999822316986496,0.011029411764705883,,,,
heldout,Hall_2011,340,4,jev_only,0,6,6,0.9323529411764705,0.9823529411764705,1.0,1.0,1.0,234,0.6882352941176471,1.0,True,324,0.9529411764705882,1.0,1,340,0,0,0.0,0.999999998128109,0.0125,324.0,0.9529411764705882,1.0,True
heldout,Hall_2011,340,4,jev_only,1,6,6,0.9323529411764705,0.9823529411764705,1.0,1.0,1.0,234,0.6882352941176471,1.0,True,324,0.9529411764705882,1.0,1,340,0,0,0.0,0.999999998128109,0.0125,324.0,0.9529411764705882,1.0,True
heldout,Hall_2011,340,4,jev_only,2,6,6,0.9323529411764705,0.9823529411764705,1.0,1.0,1.0,234,0.6882352941176471,1.0,True,324,0.9529411764705882,1.0,1,340,0,0,0.0,0.999999998128109,0.0125,324.0,0.9529411764705882,1.0,True
heldout,Hall_2011,340,4,jev_only,3,6,6,0.9323529411764705,0.9823529411764705,1.0,1.0,1.0,234,0.6882352941176471,1.0,True,324,0.9529411764705882,1.0,1,340,0,0,0.0,0.999999998128109,0.0125,324.0,0.9529411764705882,1.0,True
heldout,Hall_2011,340,4,jev_only,4,6,6,0.9323529411764705,0.9823529411764705,1.0,1.0,1.0,234,0.6882352941176471,1.0,True,324,0.9529411764705882,1.0,1,340,0,0,0.0,0.999999998128109,0.0125,324.0,0.9529411764705882,1.0,True
heldout,Hall_2011,340,4,jev_only,5,6,6,0.9323529411764705,0.9823529411764705,1.0,1.0,1.0,234,0.6882352941176471,1.0,True,324,0.9529411764705882,1.0,1,340,0,0,0.0,0.999999998128109,0.0125,324.0,0.9529411764705882,1.0,True
heldout,Hall_2011,340,4,jev_only,6,6,6,0.9323529411764705,0.9823529411764705,1.0,1.0,1.0,234,0.6882352941176471,1.0,True,324,0.9529411764705882,1.0,1,340,0,0,0.0,0.999999998128109,0.0125,324.0,0.9529411764705882,1.0,True
heldout,Hall_2011,340,4,jev_only,7,6,6,0.9323529411764705,0.9823529411764705,1.0,1.0,1.0,234,0.6882352941176471,1.0,True,324,0.9529411764705882,1.0,1,340,0,0,0.0,0.999999998128109,0.0125,324.0,0.9529411764705882,1.0,True
heldout,Hall_2011,340,4,jev_only,8,6,6,0.9323529411764705,0.9823529411764705,1.0,1.0,1.0,234,0.6882352941176471,1.0,True,324,0.9529411764705882,1.0,1,340,0,0,0.0,0.999999998128109,0.0125,324.0,0.9529411764705882,1.0,True
heldout,Hall_2011,340,4,jev_only,9,6,6,0.9323529411764705,0.9823529411764705,1.0,1.0,1.0,234,0.6882352941176471,1.0,True,324,0.9529411764705882,1.0,1,340,0,0,0.0,0.999999998128109,0.0125,324.0,0.9529411764705882,1.0,True
heldout,Harms_2024,840,48,asr_prior,0,516,732,0.3357142857142857,0.12857142857142856,0.4791666666666667,0.7083333333333334,0.7916666666666666,840,1.0,1.0,True,779,0.9273809523809524,1.0,1,840,3,0,0.0,0.8772788073308728,0.1902281746031746,,,,
heldout,Harms_2024,840,48,asr_prior,1,501,732,0.3535714285714286,0.12857142857142856,0.4791666666666667,0.75,0.7916666666666666,840,1.0,1.0,True,776,0.9238095238095239,1.0,1,840,3,0,0.0,0.9257624340208773,0.18544146825396826,,,,
heldout,Harms_2024,840,48,asr_prior,2,498,732,0.35714285714285715,0.12857142857142856,0.3958333333333333,0.625,0.7916666666666666,840,1.0,1.0,True,775,0.9226190476190477,1.0,1,840,3,0,0.0,0.9765707292641493,0.20384424603174603,,,,
heldout,Harms_2024,840,48,asr_prior,3,500,732,0.3547619047619048,0.12857142857142856,0.3541666666666667,0.625,0.8541666666666666,840,1.0,1.0,True,776,0.9238095238095239,1.0,1,840,3,0,0.0,0.9235496812673273,0.2077876984126984,,,,
heldout,Harms_2024,840,48,asr_prior,4,500,733,0.3547619047619048,0.12738095238095237,0.3333333333333333,0.625,0.7708333333333334,840,1.0,1.0,True,776,0.9238095238095239,1.0,1,840,3,0,0.0,0.918731065107103,0.21225198412698412,,,,
heldout,Harms_2024,840,48,asr_prior,5,499,732,0.35595238095238096,0.12857142857142856,0.4583333333333333,0.6875,0.7916666666666666,840,1.0,1.0,True,775,0.9226190476190477,1.0,1,840,3,0,0.0,0.9645128941582968,0.18814484126984127,,,,
heldout,Harms_2024,840,48,asr_prior,6,501,732,0.3535714285714286,0.12857142857142856,0.3958333333333333,0.6458333333333334,0.7916666666666666,840,1.0,1.0,True,776,0.9238095238095239,1.0,1,840,3,0,0.0,0.9730257288653962,0.20064484126984125,,,,
heldout,Harms_2024,840,48,asr_prior,7,504,733,0.35000000000000003,0.12738095238095237,0.5416666666666666,0.6875,0.7708333333333334,840,1.0,1.0,True,776,0.9238095238095239,1.0,1,840,3,0,0.0,0.9739261385952501,0.1916170634920635,,,,
heldout,Harms_2024,840,48,asr_prior,8,512,732,0.34047619047619043,0.12857142857142856,0.4583333333333333,0.625,0.7916666666666666,840,1.0,1.0,True,778,0.9261904761904762,1.0,1,840,3,0,0.0,0.8882021786905019,0.20032242063492064,,,,
heldout,Harms_2024,840,48,asr_prior,9,506,736,0.34761904761904766,0.12380952380952381,0.2916666666666667,0.5833333333333334,0.6875,840,1.0,1.0,True,777,0.925,1.0,1,840,3,0,0.0,0.8332208298143609,0.22604166666666667,,,,
heldout,Harms_2024,840,48,asr_jevblend_3,0,126,195,0.7999999999999999,0.7678571428571428,0.8958333333333334,0.9791666666666666,1.0,840,1.0,1.0,True,602,0.7166666666666667,1.0,1,840,3,0,0.0,0.9991915409808443,0.05188492063492064,,,,
heldout,Harms_2024,840,48,jev_only,0,146,182,0.7761904761904761,0.7833333333333333,0.875,0.9791666666666666,1.0,840,1.0,1.0,True,597,0.7107142857142857,1.0,1,840,3,0,0.0,0.9880158043351248,0.05121527777777778,780.0,0.9285714285714286,1.0,True
heldout,Harms_2024,840,48,jev_only,1,148,180,0.7738095238095237,0.7857142857142857,0.875,0.9791666666666666,1.0,840,1.0,1.0,True,597,0.7107142857142857,1.0,1,840,3,0,0.0,0.9886084587413512,0.05146329365079365,780.0,0.9285714285714286,1.0,True
heldout,Harms_2024,840,48,jev_only,2,144,184,0.7785714285714285,0.780952380952381,0.875,0.9791666666666666,1.0,840,1.0,1.0,True,598,0.7119047619047619,1.0,1,840,3,0,0.0,0.9911741536469268,0.05138888888888889,780.0,0.9285714285714286,1.0,True
heldout,Harms_2024,840,48,jev_only,3,148,185,0.7738095238095237,0.7797619047619048,0.875,0.9791666666666666,1.0,840,1.0,1.0,True,599,0.7130952380952381,1.0,1,840,3,0,0.0,0.9858906579551858,0.05138888888888889,780.0,0.9285714285714286,1.0,True
heldout,Harms_2024,840,48,jev_only,4,147,183,0.7749999999999999,0.7821428571428571,0.875,0.9791666666666666,1.0,840,1.0,1.0,True,598,0.7119047619047619,1.0,1,840,3,0,0.0,0.9879837907399672,0.05146329365079365,780.0,0.9285714285714286,1.0,True
heldout,Harms_2024,840,48,jev_only,5,144,177,0.7785714285714285,0.7892857142857143,0.875,0.9791666666666666,1.0,840,1.0,1.0,True,596,0.7095238095238096,1.0,1,840,3,0,0.0,0.9905868751895707,0.05158730158730159,780.0,0.9285714285714286,1.0,True
heldout,Harms_2024,840,48,jev_only,6,147,185,0.7749999999999999,0.7797619047619048,0.875,0.9791666666666666,1.0,840,1.0,1.0,True,599,0.7130952380952381,1.0,1,840,3,0,0.0,0.9879837907399672,0.05168650793650793,780.0,0.9285714285714286,1.0,True
heldout,Harms_2024,840,48,jev_only,7,147,179,0.7749999999999999,0.7869047619047619,0.875,0.9791666666666666,1.0,840,1.0,1.0,True,596,0.7095238095238096,1.0,1,840,3,0,0.0,0.9892785952806624,0.05133928571428571,780.0,0.9285714285714286,1.0,True
heldout,Harms_2024,840,48,jev_only,8,143,184,0.7797619047619047,0.780952380952381,0.875,0.9583333333333334,1.0,840,1.0,1.0,True,598,0.7119047619047619,1.0,1,840,3,0,0.0,0.9906120872675275,0.05146329365079365,780.0,0.9285714285714286,1.0,True
heldout,Harms_2024,840,48,jev_only,9,146,183,0.7761904761904761,0.7821428571428571,0.875,0.9791666666666666,1.0,840,1.0,1.0,True,598,0.7119047619047619,1.0,1,840,3,0,0.0,0.989929669053921,0.05168650793650793,780.0,0.9285714285714286,1.0,True
heldout,Kerschbaumer_2024b,1146,15,asr_prior,0,295,295,0.6925828970331588,0.7425828970331588,0.6,0.9333333333333333,1.0,1146,1.0,1.0,True,1104,0.9633507853403142,1.0,1,1146,0,0,0.0,0.9880391684374163,0.09121582315299592,,,,
heldout,Kerschbaumer_2024b,1146,15,asr_prior,1,187,187,0.7868237347294939,0.8368237347294939,0.3333333333333333,1.0,1.0,1146,1.0,1.0,True,1099,0.9589877835951134,1.0,1,1146,0,0,0.0,0.9999989119112351,0.10093077370564282,,,,
heldout,Kerschbaumer_2024b,1146,15,asr_prior,2,296,296,0.6917102966841187,0.7417102966841187,0.6,0.9333333333333333,1.0,1146,1.0,1.0,True,1104,0.9633507853403142,1.0,1,1146,0,0,0.0,0.990555288564594,0.07952297847585807,,,,
heldout,Kerschbaumer_2024b,1146,15,asr_prior,3,298,298,0.6899650959860384,0.7399650959860384,0.6,0.9333333333333333,1.0,1146,1.0,1.0,True,1104,0.9633507853403142,1.0,1,1146,0,0,0.0,0.9879637059440847,0.08853984874927283,,,,
heldout,Kerschbaumer_2024b,1146,15,asr_prior,4,299,299,0.6890924956369981,0.7390924956369982,0.6,0.9333333333333333,1.0,1146,1.0,1.0,True,1104,0.9633507853403142,1.0,1,1146,0,0,0.0,0.9877322387507015,0.08941244909831297,,,,
heldout,Kerschbaumer_2024b,1146,15,asr_prior,5,293,293,0.694328097731239,0.7443280977312391,0.6,0.9333333333333333,1.0,1146,1.0,1.0,True,1104,0.9633507853403142,1.0,1,1146,0,0,0.0,0.9874739854318447,0.07812681791739383,,,,
heldout,Kerschbaumer_2024b,1146,15,asr_prior,6,296,296,0.6917102966841187,0.7417102966841187,0.6,0.9333333333333333,1.0,1146,1.0,1.0,True,1104,0.9633507853403142,1.0,1,1146,0,0,0.0,0.990368183936607,0.07969749854566609,,,,
heldout,Kerschbaumer_2024b,1146,15,asr_prior,7,295,295,0.6925828970331588,0.7425828970331588,0.7333333333333333,0.9333333333333333,1.0,1146,1.0,1.0,True,1104,0.9633507853403142,1.0,1,1146,0,0,0.0,0.9892385336365115,0.08487492728330424,,,,
heldout,Kerschbaumer_2024b,1146,15,asr_prior,8,298,298,0.6899650959860384,0.7399650959860384,0.7333333333333333,0.9333333333333333,1.0,1146,1.0,1.0,True,1104,0.9633507853403142,1.0,1,1146,0,0,0.0,0.9895614743072396,0.07655613728912158,,,,
heldout,Kerschbaumer_2024b,1146,15,asr_prior,9,295,295,0.6925828970331588,0.7425828970331588,0.6666666666666666,0.9333333333333333,1.0,1146,1.0,1.0,True,1104,0.9633507853403142,1.0,1,1146,0,0,0.0,0.9905753197659263,0.07789412449098312,,,,
heldout,Kerschbaumer_2024b,1146,15,asr_jevblend_3,0,182,182,0.7911867364746945,0.8411867364746946,0.9333333333333333,1.0,1.0,1146,1.0,1.0,True,1098,0.9581151832460733,1.0,1,1146,0,0,0.0,0.9929298509780118,0.04805119255381036,,,,
heldout,Kerschbaumer_2024b,1146,15,jev_only,0,238,238,0.7423211169284467,0.7923211169284468,0.8666666666666667,0.9333333333333333,1.0,1146,1.0,1.0,True,1101,0.9607329842931938,1.0,1,1146,0,0,0.0,0.992594033485909,0.0598022105875509,1101.0,0.9607329842931938,1.0,True
heldout,Kerschbaumer_2024b,1146,15,jev_only,1,232,232,0.7475567190226875,0.7975567190226875,0.8666666666666667,0.9333333333333333,1.0,1146,1.0,1.0,True,1101,0.9607329842931938,1.0,1,1146,0,0,0.0,0.9937445180781632,0.059278650378126824,1101.0,0.9607329842931938,1.0,True
heldout,Kerschbaumer_2024b,1146,15,jev_only,2,237,237,0.7431937172774868,0.7931937172774869,0.8666666666666667,0.9333333333333333,1.0,1146,1.0,1.0,True,1101,0.9607329842931938,1.0,1,1146,0,0,0.0,0.9927662652653066,0.05968586387434555,1101.0,0.9607329842931938,1.0,True
heldout,Kerschbaumer_2024b,1146,15,jev_only,3,235,235,0.7449389179755671,0.7949389179755671,0.8666666666666667,0.9333333333333333,1.0,1146,1.0,1.0,True,1101,0.9607329842931938,1.0,1,1146,0,0,0.0,0.9934084176947323,0.06044211751018034,1101.0,0.9607329842931938,1.0,True
heldout,Kerschbaumer_2024b,1146,15,jev_only,4,230,230,0.7493019197207679,0.7993019197207679,0.8666666666666667,0.9333333333333333,1.0,1146,1.0,1.0,True,1101,0.9607329842931938,1.0,1,1146,0,0,0.0,0.993474399100915,0.05951134380453752,1101.0,0.9607329842931938,1.0,True
heldout,Kerschbaumer_2024b,1146,15,jev_only,5,231,231,0.7484293193717277,0.7984293193717278,0.8666666666666667,0.9333333333333333,1.0,1146,1.0,1.0,True,1101,0.9607329842931938,1.0,1,1146,0,0,0.0,0.9941901354615781,0.05898778359511343,1101.0,0.9607329842931938,1.0,True
heldout,Kerschbaumer_2024b,1146,15,jev_only,6,238,238,0.7423211169284467,0.7923211169284468,0.8666666666666667,0.9333333333333333,1.0,1146,1.0,1.0,True,1101,0.9607329842931938,1.0,1,1146,0,0,0.0,0.9927516811227008,0.059569517161140194,1101.0,0.9607329842931938,1.0,True
heldout,Kerschbaumer_2024b,1146,15,jev_only,7,227,227,0.7519197207678883,0.8019197207678883,0.8666666666666667,1.0,1.0,1146,1.0,1.0,True,1101,0.9607329842931938,1.0,1,1146,0,0,0.0,0.9940949728562484,0.058696916812100056,1101.0,0.9607329842931938,1.0,True
heldout,Kerschbaumer_2024b,1146,15,jev_only,8,238,238,0.7423211169284467,0.7923211169284468,0.8666666666666667,0.9333333333333333,1.0,1146,1.0,1.0,True,1101,0.9607329842931938,1.0,1,1146,0,0,0.0,0.9922746261427609,0.059744037230948226,1101.0,0.9607329842931938,1.0,True
heldout,Kerschbaumer_2024b,1146,15,jev_only,9,237,237,0.7431937172774868,0.7931937172774869,0.8666666666666667,0.9333333333333333,1.0,1146,1.0,1.0,True,1101,0.9607329842931938,1.0,1,1146,0,0,0.0,0.9926089198507606,0.0598022105875509,1101.0,0.9607329842931938,1.0,True
heldout,Lewowski_2021,329,9,asr_prior,0,14,14,0.9074468085106383,0.9574468085106383,1.0,1.0,1.0,243,0.7386018237082067,1.0,True,314,0.9544072948328267,1.0,1,329,0,0,0.0,0.9998817058023304,0.019925700776764605,,,,
heldout,Lewowski_2021,329,9,asr_prior,1,35,35,0.8436170212765957,0.8936170212765957,0.8888888888888888,1.0,1.0,329,1.0,1.0,True,315,0.9574468085106383,1.0,1,329,0,0,0.0,0.9974945192608821,0.032083755488010804,,,,
heldout,Lewowski_2021,329,9,asr_prior,2,30,30,0.8588145896656535,0.9088145896656535,1.0,1.0,1.0,329,1.0,1.0,True,315,0.9574468085106383,1.0,1,329,0,0,0.0,0.9978632913453127,0.029044241810199257,,,,
heldout,Lewowski_2021,329,9,asr_prior,3,35,35,0.8436170212765957,0.8936170212765957,0.8888888888888888,1.0,1.0,329,1.0,1.0,True,315,0.9574468085106383,1.0,1,329,0,0,0.0,0.9968464011872372,0.037487335359675786,,,,
heldout,Lewowski_2021,329,9,asr_prior,4,32,32,0.8527355623100303,0.9027355623100304,1.0,1.0,1.0,329,1.0,1.0,True,315,0.9574468085106383,1.0,1,329,0,0,0.0,0.9988366682177762,0.031408308004052685,,,,
heldout,Lewowski_2021,329,9,asr_prior,5,34,34,0.8466565349544073,0.8966565349544073,0.8888888888888888,1.0,1.0,329,1.0,1.0,True,315,0.9574468085106383,1.0,1,329,0,0,0.0,0.9978077043532718,0.031746031746031744,,,,
heldout,Lewowski_2021,329,9,asr_prior,6,32,32,0.8527355623100303,0.9027355623100304,1.0,1.0,1.0,329,1.0,1.0,True,315,0.9574468085106383,1.0,1,329,0,0,0.0,0.9981122290218859,0.032083755488010804,,,,
heldout,Lewowski_2021,329,9,asr_prior,7,33,33,0.8496960486322188,0.8996960486322189,0.8888888888888888,1.0,1.0,329,1.0,1.0,True,315,0.9574468085106383,1.0,1,329,0,0,0.0,0.9986040018613314,0.032083755488010804,,,,
heldout,Lewowski_2021,329,9,asr_prior,8,19,19,0.8922492401215805,0.9422492401215805,1.0,1.0,1.0,329,1.0,1.0,True,314,0.9544072948328267,1.0,1,329,0,0,0.0,0.9992902348139822,0.02161431948665991,,,,
heldout,Lewowski_2021,329,9,asr_prior,9,32,32,0.8527355623100303,0.9027355623100304,1.0,1.0,1.0,329,1.0,1.0,True,315,0.9574468085106383,1.0,1,329,0,0,0.0,0.9981122290218859,0.032083755488010804,,,,
heldout,Lewowski_2021,329,9,asr_jevblend_3,0,13,13,0.9104863221884498,0.9604863221884499,1.0,1.0,1.0,226,0.6869300911854104,1.0,True,314,0.9544072948328267,1.0,1,329,0,0,0.0,0.9999801599111164,0.017561634582911177,,,,
heldout,Lewowski_2021,329,9,jev_only,0,21,21,0.8861702127659574,0.9361702127659575,1.0,1.0,1.0,329,1.0,1.0,True,314,0.9544072948328267,1.0,1,329,0,0,0.0,0.9994374120956399,0.02093887200270179,314.0,0.9544072948328267,1.0,True
heldout,Lewowski_2021,329,9,jev_only,1,21,21,0.8861702127659574,0.9361702127659575,1.0,1.0,1.0,329,1.0,1.0,True,314,0.9544072948328267,1.0,1,329,0,0,0.0,0.9992812362736094,0.020601148260722728,314.0,0.9544072948328267,1.0,True
heldout,Lewowski_2021,329,9,jev_only,2,21,21,0.8861702127659574,0.9361702127659575,1.0,1.0,1.0,329,1.0,1.0,True,314,0.9544072948328267,1.0,1,329,0,0,0.0,0.9994374120956399,0.02093887200270179,314.0,0.9544072948328267,1.0,True
heldout,Lewowski_2021,329,9,jev_only,3,21,21,0.8861702127659574,0.9361702127659575,1.0,1.0,1.0,329,1.0,1.0,True,314,0.9544072948328267,1.0,1,329,0,0,0.0,0.9992812362736094,0.020601148260722728,314.0,0.9544072948328267,1.0,True
heldout,Lewowski_2021,329,9,jev_only,4,21,21,0.8861702127659574,0.9361702127659575,1.0,1.0,1.0,329,1.0,1.0,True,314,0.9544072948328267,1.0,1,329,0,0,0.0,0.9994374120956399,0.02093887200270179,314.0,0.9544072948328267,1.0,True
heldout,Lewowski_2021,329,9,jev_only,5,21,21,0.8861702127659574,0.9361702127659575,1.0,1.0,1.0,329,1.0,1.0,True,314,0.9544072948328267,1.0,1,329,0,0,0.0,0.9994374120956399,0.02093887200270179,314.0,0.9544072948328267,1.0,True
heldout,Lewowski_2021,329,9,jev_only,6,21,21,0.8861702127659574,0.9361702127659575,1.0,1.0,1.0,329,1.0,1.0,True,314,0.9544072948328267,1.0,1,329,0,0,0.0,0.9992812362736094,0.020601148260722728,314.0,0.9544072948328267,1.0,True
heldout,Lewowski_2021,329,9,jev_only,7,21,21,0.8861702127659574,0.9361702127659575,1.0,1.0,1.0,329,1.0,1.0,True,314,0.9544072948328267,1.0,1,329,0,0,0.0,0.9994374120956399,0.02093887200270179,314.0,0.9544072948328267,1.0,True
heldout,Lewowski_2021,329,9,jev_only,8,21,21,0.8861702127659574,0.9361702127659575,1.0,1.0,1.0,329,1.0,1.0,True,314,0.9544072948328267,1.0,1,329,0,0,0.0,0.9994374120956399,0.02093887200270179,314.0,0.9544072948328267,1.0,True
heldout,Lewowski_2021,329,9,jev_only,9,21,21,0.8861702127659574,0.9361702127659575,1.0,1.0,1.0,329,1.0,1.0,True,314,0.9544072948328267,1.0,1,329,0,0,0.0,0.9992812362736094,0.020601148260722728,314.0,0.9544072948328267,1.0,True
heldout,Menon_2022,485,35,asr_prior,0,261,328,0.4118556701030928,0.3237113402061855,0.5428571428571428,0.8285714285714286,0.9428571428571428,485,1.0,1.0,True,450,0.9278350515463918,1.0,1,485,1,0,0.0,0.6826132765551698,0.12318114874815905,,,,
heldout,Menon_2022,485,35,asr_prior,1,259,320,0.415979381443299,0.3402061855670103,0.6,0.8,0.9428571428571428,485,1.0,1.0,True,448,0.9237113402061856,1.0,1,485,1,0,0.0,0.6929173025055191,0.11823269513991164,,,,
heldout,Menon_2022,485,35,asr_prior,2,261,328,0.4118556701030928,0.3237113402061855,0.6,0.8571428571428571,0.9428571428571428,485,1.0,1.0,True,450,0.9278350515463918,1.0,1,485,1,0,0.0,0.6826132765551698,0.11605301914580265,,,,
heldout,Menon_2022,485,35,asr_prior,3,259,323,0.415979381443299,0.33402061855670107,0.5714285714285714,0.8571428571428571,0.9428571428571428,485,1.0,1.0,True,449,0.9257731958762887,1.0,1,485,1,0,0.0,0.6831086148053691,0.12176730486008837,,,,
heldout,Menon_2022,485,35,asr_prior,4,262,322,0.40979381443298973,0.33608247422680415,0.6,0.8,0.9428571428571428,485,1.0,1.0,True,449,0.9257731958762887,1.0,1,485,1,0,0.0,0.7036399906947235,0.11911634756995582,,,,
heldout,Menon_2022,485,35,asr_prior,5,262,328,0.40979381443298973,0.3237113402061855,0.5714285714285714,0.8,0.9428571428571428,485,1.0,1.0,True,450,0.9278350515463918,1.0,1,485,1,0,0.0,0.6835956917978414,0.1233578792341679,,,,
heldout,Menon_2022,485,35,asr_prior,6,261,328,0.4118556701030928,0.3237113402061855,0.6,0.8,0.9428571428571428,485,1.0,1.0,True,450,0.9278350515463918,1.0,1,485,1,0,0.0,0.7230308700111883,0.12135493372606775,,,,
heldout,Menon_2022,485,35,asr_prior,7,261,328,0.4118556701030928,0.3237113402061855,0.6,0.8,0.9428571428571428,485,1.0,1.0,True,450,0.9278350515463918,1.0,1,485,1,0,0.0,0.7076085418310909,0.12117820324005892,,,,
heldout,Menon_2022,485,35,asr_prior,8,260,325,0.4139175257731959,0.3298969072164949,0.5428571428571428,0.8285714285714286,0.9428571428571428,485,1.0,1.0,True,449,0.9257731958762887,1.0,1,485,1,0,0.0,0.6865384456953114,0.12106038291605302,,,,
heldout,Menon_2022,485,35,asr_prior,9,263,328,0.40773195876288665,0.3237113402061855,0.6,0.8571428571428571,0.9428571428571428,485,1.0,1.0,True,450,0.9278350515463918,1.0,1,485,1,0,0.0,0.6650186478790676,0.1205301914580265,,,,
heldout,Menon_2022,485,35,asr_jevblend_3,0,218,305,0.5005154639175258,0.3711340206185567,0.7428571428571429,0.8857142857142857,0.9142857142857143,485,1.0,1.0,True,445,0.9175257731958762,1.0,1,485,1,0,0.0,0.89167039056214,0.09419734904270986,,,,
heldout,Menon_2022,485,35,jev_only,0,289,342,0.3541237113402062,0.2948453608247422,0.7428571428571429,0.8571428571428571,0.9142857142857143,485,1.0,1.0,True,453,0.934020618556701,1.0,1,485,1,0,0.0,0.6555640308499974,0.10827687776141384,453.0,0.934020618556701,1.0,True
heldout,Menon_2022,485,35,jev_only,1,289,316,0.3541237113402062,0.34845360824742266,0.7428571428571429,0.8571428571428571,0.9142857142857143,485,1.0,1.0,True,447,0.9216494845360824,1.0,1,485,1,0,0.0,0.6582564161916542,0.10745213549337261,447.0,0.9216494845360824,1.0,True
heldout,Menon_2022,485,35,jev_only,2,303,334,0.3252577319587629,0.311340206185567,0.7428571428571429,0.8571428571428571,0.9142857142857143,485,1.0,1.0,True,451,0.9298969072164949,1.0,1,485,1,0,0.0,0.6027935914117127,0.1087481590574374,451.0,0.9298969072164949,1.0,True
heldout,Menon_2022,485,35,jev_only,3,288,314,0.3561855670103093,0.35257731958762883,0.7428571428571429,0.8571428571428571,0.9142857142857143,485,1.0,1.0,True,447,0.9216494845360824,1.0,1,485,1,0,0.0,0.6599961113354571,0.10662739322533137,447.0,0.9216494845360824,1.0,True
heldout,Menon_2022,485,35,jev_only,4,297,325,0.3376288659793814,0.3298969072164949,0.7428571428571429,0.8571428571428571,0.9142857142857143,485,1.0,1.0,True,449,0.9257731958762887,1.0,1,485,1,0,0.0,0.6197014274817273,0.10792341678939617,449.0,0.9257731958762887,1.0,True
heldout,Menon_2022,485,35,jev_only,5,308,337,0.31494845360824747,0.30515463917525776,0.7428571428571429,0.8571428571428571,0.9142857142857143,485,1.0,1.0,True,452,0.931958762886598,1.0,1,485,1,0,0.0,0.5770705768612103,0.10927835051546392,452.0,0.931958762886598,1.0,True
heldout,Menon_2022,485,35,jev_only,6,307,333,0.31701030927835055,0.3134020618556701,0.7428571428571429,0.8571428571428571,0.9142857142857143,485,1.0,1.0,True,451,0.9298969072164949,1.0,1,485,1,0,0.0,0.5615991215402836,0.10857142857142857,451.0,0.9298969072164949,1.0,True
heldout,Menon_2022,485,35,jev_only,7,302,322,0.327319587628866,0.33608247422680415,0.7428571428571429,0.8571428571428571,0.9142857142857143,485,1.0,1.0,True,449,0.9257731958762887,1.0,1,485,1,0,0.0,0.5944020181172955,0.1075699558173785,449.0,0.9257731958762887,1.0,True
heldout,Menon_2022,485,35,jev_only,8,297,340,0.3376288659793814,0.2989690721649485,0.7428571428571429,0.8571428571428571,0.9142857142857143,485,1.0,1.0,True,453,0.934020618556701,1.0,1,485,1,0,0.0,0.6118825307073253,0.10815905743740795,453.0,0.934020618556701,1.0,True
heldout,Menon_2022,485,35,jev_only,9,294,324,0.3438144329896908,0.331958762886598,0.7428571428571429,0.8571428571428571,0.9142857142857143,485,1.0,1.0,True,449,0.9257731958762887,1.0,1,485,1,0,0.0,0.6305848835261032,0.10715758468335787,449.0,0.9257731958762887,1.0,True
heldout,Moran_2020,1992,39,asr_prior,0,724,801,0.5865461847389557,0.5978915662650602,0.6666666666666666,0.7948717948717948,0.9487179487179487,1992,1.0,1.0,True,1553,0.7796184738955824,1.0,1,1992,3,0,0.0,0.9533679238918149,0.1130032952322109,,,,
heldout,Moran_2020,1992,39,asr_prior,1,695,799,0.6011044176706827,0.5988955823293173,0.6410256410256411,0.7948717948717948,0.9487179487179487,1992,1.0,1.0,True,1552,0.7791164658634538,1.0,1,1992,3,0,0.0,0.9585560544743713,0.10562763876016888,,,,
heldout,Moran_2020,1992,39,asr_prior,2,686,793,0.6056224899598392,0.6019076305220883,0.6923076923076923,0.7948717948717948,0.9487179487179487,1992,1.0,1.0,True,1550,0.7781124497991968,1.0,1,1992,3,0,0.0,0.958483962800101,0.09789156626506024,,,,
heldout,Moran_2020,1992,39,asr_prior,3,709,793,0.5940763052208835,0.6019076305220883,0.6666666666666666,0.7948717948717948,0.9487179487179487,1992,1.0,1.0,True,1550,0.7781124497991968,1.0,1,1992,3,0,0.0,0.9451924336013322,0.10316908660282155,,,,
heldout,Moran_2020,1992,39,asr_prior,4,722,807,0.5875502008032127,0.5948795180722892,0.717948717948718,0.7948717948717948,0.9230769230769231,1992,1.0,1.0,True,1555,0.7806224899598394,1.0,1,1992,3,0,0.0,0.9604937172087414,0.11368551127587272,,,,
heldout,Moran_2020,1992,39,asr_prior,5,699,806,0.5990963855421687,0.5953815261044177,0.6153846153846154,0.8205128205128205,0.9487179487179487,1992,1.0,1.0,True,1555,0.7806224899598394,1.0,1,1992,3,0,0.0,0.9605861698752584,0.11547471939038204,,,,
heldout,Moran_2020,1992,39,asr_prior,6,686,792,0.6056224899598392,0.6024096385542168,0.6666666666666666,0.7948717948717948,0.9487179487179487,1992,1.0,1.0,True,1550,0.7781124497991968,1.0,1,1992,3,0,0.0,0.9623506498993758,0.10125115848007414,,,,
heldout,Moran_2020,1992,39,asr_prior,7,684,794,0.6066265060240963,0.6014056224899598,0.6923076923076923,0.7948717948717948,0.9487179487179487,1992,1.0,1.0,True,1551,0.7786144578313253,1.0,1,1992,3,0,0.0,0.9629906616663105,0.10009267840593142,,,,
heldout,Moran_2020,1992,39,asr_prior,8,690,795,0.6036144578313253,0.6009036144578312,0.6410256410256411,0.7948717948717948,0.9487179487179487,1992,1.0,1.0,True,1551,0.7786144578313253,1.0,1,1992,3,0,0.0,0.9599460076955165,0.10128977448254557,,,,
heldout,Moran_2020,1992,39,asr_prior,9,694,792,0.6016064257028112,0.6024096385542168,0.6923076923076923,0.7948717948717948,0.9487179487179487,1992,1.0,1.0,True,1550,0.7781124497991968,1.0,1,1992,3,0,0.0,0.9563342923518096,0.0979687982700031,,,,
heldout,Moran_2020,1992,39,asr_jevblend_3,0,303,331,0.7978915662650602,0.8338353413654618,0.8717948717948718,1.0,1.0,1697,0.8519076305220884,1.0,True,1380,0.6927710843373494,1.0,1,1992,3,0,0.0,0.9935656165276234,0.03398208217485326,,,,
heldout,Moran_2020,1992,39,jev_only,0,317,328,0.790863453815261,0.8353413654618473,0.8461538461538461,1.0,1.0,1313,0.6591365461847389,1.0,True,1379,0.6922690763052208,1.0,1,1992,3,0,0.0,0.9998108985665956,0.03860313047060035,1379.0,0.6922690763052208,1.0,True
heldout,Moran_2020,1992,39,jev_only,1,333,334,0.7828313253012048,0.8323293172690763,0.8461538461538461,1.0,1.0,1336,0.6706827309236948,1.0,True,1381,0.6932730923694779,1.0,1,1992,3,0,0.0,0.9992022699185737,0.03895067449284317,1381.0,0.6932730923694779,1.0,True
heldout,Moran_2020,1992,39,jev_only,2,331,333,0.7838353413654617,0.8328313253012049,0.8461538461538461,1.0,1.0,1332,0.6686746987951807,1.0,True,1381,0.6932730923694779,1.0,1,1992,3,0,0.0,0.9991221207121115,0.03874472247966224,1381.0,0.6932730923694779,1.0,True
heldout,Moran_2020,1992,39,jev_only,3,325,326,0.7868473895582329,0.8363453815261044,0.8461538461538461,1.0,1.0,1305,0.6551204819277109,1.0,True,1378,0.6917670682730924,1.0,1,1992,3,0,0.0,0.9997050369543178,0.03897641849449078,1378.0,0.6917670682730924,1.0,True
heldout,Moran_2020,1992,39,jev_only,4,311,323,0.7938755020080321,0.8378514056224899,0.8461538461538461,1.0,1.0,1292,0.6485943775100401,1.0,True,1377,0.6912650602409639,1.0,1,1992,3,0,0.0,0.999947471646717,0.038268458449181336,1377.0,0.6912650602409639,1.0,True
heldout,Moran_2020,1992,39,jev_only,5,329,335,0.7848393574297188,0.8318273092369478,0.8461538461538461,1.0,1.0,1340,0.6726907630522089,1.0,True,1381,0.6932730923694779,1.0,1,1992,3,0,0.0,0.9990385106520454,0.03874472247966224,1381.0,0.6932730923694779,1.0,True
heldout,Moran_2020,1992,39,jev_only,6,325,337,0.7868473895582329,0.8308232931726908,0.8461538461538461,1.0,1.0,1348,0.6767068273092369,1.0,True,1382,0.6937751004016064,1.0,1,1992,3,0,0.0,0.9996727368049848,0.039015034496962205,1382.0,0.6937751004016064,1.0,True
heldout,Moran_2020,1992,39,jev_only,7,332,336,0.7833333333333333,0.8313253012048193,0.8461538461538461,1.0,1.0,1344,0.6746987951807228,1.0,True,1382,0.6937751004016064,1.0,1,1992,3,0,0.0,0.9997014648919699,0.0391566265060241,1382.0,0.6937751004016064,1.0,True
heldout,Moran_2020,1992,39,jev_only,8,328,339,0.7853413654618473,0.8298192771084337,0.8461538461538461,1.0,1.0,1357,0.6812248995983936,1.0,True,1383,0.6942771084337349,1.0,1,1992,3,0,0.0,0.9995604764435422,0.039040778498609825,1383.0,0.6942771084337349,1.0,True
heldout,Moran_2020,1992,39,jev_only,9,323,333,0.7878514056224899,0.8328313253012049,0.8461538461538461,1.0,1.0,1332,0.6686746987951807,1.0,True,1381,0.6932730923694779,1.0,1,1992,3,0,0.0,0.9996738555676169,0.038821954484605084,1381.0,0.6932730923694779,1.0,True
heldout,Parodis_2023b,1679,33,asr_prior,0,237,267,0.8088445503275759,0.8409767718880286,0.9393939393939394,1.0,1.0,1679,1.0,1.0,True,1363,0.8117927337701013,1.0,1,1679,1,0,0.0,0.9920899917920613,0.03642139079899651,,,,
heldout,Parodis_2023b,1679,33,asr_prior,1,254,277,0.798719475878499,0.8350208457415128,0.9090909090909091,1.0,1.0,1552,0.9243597379392495,1.0,True,1366,0.813579511614056,1.0,1,1679,1,0,0.0,0.998349342443572,0.03725161080729872,,,,
heldout,Parodis_2023b,1679,33,asr_prior,2,240,265,0.8070577724836212,0.8421679571173317,0.9090909090909091,1.0,1.0,1354,0.806432400238237,1.0,True,1363,0.8117927337701013,1.0,1,1679,1,0,0.0,0.9980966655219278,0.04028371866370675,,,,
heldout,Parodis_2023b,1679,33,asr_prior,3,249,272,0.8016974389517569,0.8379988088147707,0.9090909090909091,1.0,1.0,1530,0.9112567004169149,1.0,True,1364,0.8123883263847528,1.0,1,1679,1,0,0.0,0.9984411602848707,0.03746818993989929,,,,
heldout,Parodis_2023b,1679,33,asr_prior,4,271,288,0.7885944014294222,0.8284693269803455,0.8484848484848485,1.0,1.0,1362,0.8111971411554497,1.0,True,1368,0.8147706968433591,1.0,1,1679,1,0,0.0,0.9979114009954724,0.05706860144025123,,,,
heldout,Parodis_2023b,1679,33,asr_prior,5,249,267,0.8016974389517569,0.8409767718880286,0.9090909090909091,1.0,1.0,1420,0.8457415128052412,1.0,True,1363,0.8117927337701013,1.0,1,1679,1,0,0.0,0.9986191599014635,0.03701698341364809,,,,
heldout,Parodis_2023b,1679,33,asr_prior,6,245,274,0.8040798094103633,0.8368076235854676,0.9090909090909091,1.0,1.0,1519,0.9047051816557474,1.0,True,1365,0.8129839189994044,1.0,1,1679,1,0,0.0,0.9986967674323307,0.03725161080729872,,,,
heldout,Parodis_2023b,1679,33,asr_prior,7,254,281,0.798719475878499,0.8326384752829065,0.9090909090909091,1.0,1.0,1541,0.9178082191780822,1.0,True,1367,0.8141751042287075,1.0,1,1679,1,0,0.0,0.9984408232106675,0.043785081307416034,,,,
heldout,Parodis_2023b,1679,33,asr_prior,8,251,277,0.8005062537224538,0.8350208457415128,0.9090909090909091,1.0,1.0,1530,0.9112567004169149,1.0,True,1366,0.813579511614056,1.0,1,1679,1,0,0.0,0.9985439599154705,0.03754038298409948,,,,
heldout,Parodis_2023b,1679,33,asr_prior,9,249,271,0.8016974389517569,0.8385944014294222,0.9090909090909091,1.0,1.0,1475,0.878499106611078,1.0,True,1364,0.8123883263847528,1.0,1,1679,1,0,0.0,0.9985845928379424,0.03703503167469814,,,,
heldout,Parodis_2023b,1679,33,asr_jevblend_3,0,275,298,0.7862120309708159,0.8225134008338296,0.9090909090909091,1.0,1.0,1679,1.0,1.0,True,1370,0.8159618820726623,1.0,1,1679,1,0,0.0,0.9977181655641171,0.03254101467323623,,,,
heldout,Parodis_2023b,1679,33,jev_only,0,358,569,0.7367778439547349,0.6611078022632519,0.8181818181818182,0.9393939393939394,0.9696969696969697,1679,1.0,1.0,True,1431,0.8522930315664086,1.0,1,1679,1,0,0.0,0.9985887631335987,0.051599978342086746,1431.0,0.8522930315664086,1.0,True
heldout,Parodis_2023b,1679,33,jev_only,1,347,560,0.7433293627159023,0.6664681357951161,0.8181818181818182,0.9393939393939394,0.9696969696969697,1679,1.0,1.0,True,1429,0.8511018463371054,1.0,1,1679,1,0,0.0,0.9991474837074632,0.05125706138213583,1429.0,0.8511018463371054,1.0,True
heldout,Parodis_2023b,1679,33,jev_only,2,353,557,0.7397558070279928,0.6682549136390709,0.8181818181818182,0.9393939393939394,0.9696969696969697,1679,1.0,1.0,True,1428,0.8505062537224538,1.0,1,1679,1,0,0.0,0.9989906625786632,0.051365350948436125,1429.0,0.8511018463371054,1.0,True
heldout,Parodis_2023b,1679,33,jev_only,3,348,541,0.7427337701012506,0.6777843954734961,0.8181818181818182,0.9393939393939394,0.9696969696969697,1679,1.0,1.0,True,1425,0.848719475878499,1.0,1,1679,1,0,0.0,0.9991178841460882,0.05114877181583554,1429.0,0.8511018463371054,1.0,True
heldout,Parodis_2023b,1679,33,jev_only,4,358,553,0.7367778439547349,0.6706372840976772,0.8181818181818182,0.9393939393939394,0.9696969696969697,1679,1.0,1.0,True,1427,0.8499106611078022,1.0,1,1679,1,0,0.0,0.9986802450044834,0.05127510964318588,1429.0,0.8511018463371054,1.0,True
heldout,Parodis_2023b,1679,33,jev_only,5,354,565,0.7391602144133412,0.6634901727218583,0.8181818181818182,0.9393939393939394,0.9696969696969697,1679,1.0,1.0,True,1430,0.851697438951757,1.0,1,1679,1,0,0.0,0.998957598184491,0.05172631616943707,1430.0,0.851697438951757,1.0,True
heldout,Parodis_2023b,1679,33,jev_only,6,352,548,0.7403513996426444,0.6736152471709351,0.8181818181818182,0.9393939393939394,0.9696969696969697,1679,1.0,1.0,True,1426,0.8493150684931506,1.0,1,1679,1,0,0.0,0.998961926205959,0.05132925442633603,1429.0,0.8511018463371054,1.0,True
heldout,Parodis_2023b,1679,33,jev_only,7,355,561,0.7385646217986896,0.6658725431804646,0.8181818181818182,0.9393939393939394,0.9696969696969697,1679,1.0,1.0,True,1429,0.8511018463371054,1.0,1,1679,1,0,0.0,0.998941957225158,0.051581930081036696,1429.0,0.8511018463371054,1.0,True
heldout,Parodis_2023b,1679,33,jev_only,8,356,549,0.7379690291840381,0.6730196545562834,0.8181818181818182,0.9393939393939394,0.9696969696969697,1679,1.0,1.0,True,1426,0.8493150684931506,1.0,1,1679,1,0,0.0,0.9986841217769875,0.05143754399263631,1429.0,0.8511018463371054,1.0,True
heldout,Parodis_2023b,1679,33,jev_only,9,351,555,0.740946992257296,0.669446098868374,0.8181818181818182,0.9393939393939394,0.9696969696969697,1679,1.0,1.0,True,1428,0.8505062537224538,1.0,1,1679,1,0,0.0,0.9991032235113531,0.0515097370368365,1429.0,0.8511018463371054,1.0,True
heldout,Roberts_2021,883,3,asr_prior,0,32,32,0.9137599093997735,0.9637599093997735,1.0,1.0,1.0,883,1.0,1.0,True,841,0.9524348810872028,1.0,1,883,0,0,0.0,0.999447013345411,0.016610041525103814,,,,
heldout,Roberts_2021,883,3,asr_prior,1,28,28,0.9182899207248018,0.9682899207248018,1.0,1.0,1.0,883,1.0,1.0,True,841,0.9524348810872028,1.0,1,883,0,0,0.0,0.999853155161596,0.01736504341260853,,,,
heldout,Roberts_2021,883,3,asr_prior,2,30,30,0.9160249150622877,0.9660249150622877,1.0,1.0,1.0,883,1.0,1.0,True,841,0.9524348810872028,1.0,1,883,0,0,0.0,0.9994495427272804,0.015100037750094376,,,,
heldout,Roberts_2021,883,3,asr_prior,3,27,27,0.9194224235560589,0.9694224235560589,1.0,1.0,1.0,883,1.0,1.0,True,841,0.9524348810872028,1.0,1,883,0,0,0.0,0.999879854223124,0.01698754246885617,,,,
heldout,Roberts_2021,883,3,asr_prior,4,27,27,0.9194224235560589,0.9694224235560589,1.0,1.0,1.0,883,1.0,1.0,True,841,0.9524348810872028,1.0,1,883,0,0,0.0,0.999879854223124,0.01698754246885617,,,,
heldout,Roberts_2021,883,3,asr_prior,5,28,28,0.9182899207248018,0.9682899207248018,1.0,1.0,1.0,883,1.0,1.0,True,841,0.9524348810872028,1.0,1,883,0,0,0.0,0.999853155161596,0.01736504341260853,,,,
heldout,Roberts_2021,883,3,asr_prior,6,30,30,0.9160249150622877,0.9660249150622877,1.0,1.0,1.0,883,1.0,1.0,True,841,0.9524348810872028,1.0,1,883,0,0,0.0,0.9997917473200816,0.01812004530011325,,,,
heldout,Roberts_2021,883,3,asr_prior,7,31,31,0.9148924122310306,0.9648924122310306,1.0,1.0,1.0,883,1.0,1.0,True,841,0.9524348810872028,1.0,1,883,0,0,0.0,0.9994482802105993,0.015855039637599093,,,,
heldout,Roberts_2021,883,3,asr_prior,8,31,31,0.9148924122310306,0.9648924122310306,1.0,1.0,1.0,883,1.0,1.0,True,841,0.9524348810872028,1.0,1,883,0,0,0.0,0.9994482802105993,0.015855039637599093,,,,
heldout,Roberts_2021,883,3,asr_prior,9,26,26,0.920554926387316,0.970554926387316,1.0,1.0,1.0,883,1.0,1.0,True,841,0.9524348810872028,1.0,1,883,0,0,0.0,0.9999038833784992,0.016610041525103814,,,,
heldout,Roberts_2021,883,3,asr_jevblend_3,0,11,11,0.9375424688561721,0.9875424688561721,1.0,1.0,1.0,572,0.6477916194790487,1.0,True,840,0.9513023782559457,1.0,1,883,0,0,0.0,0.9999921542987904,0.009437523593808984,,,,
heldout,Roberts_2021,883,3,jev_only,0,11,11,0.9375424688561721,0.9875424688561721,1.0,1.0,1.0,572,0.6477916194790487,1.0,True,840,0.9513023782559457,1.0,1,883,0,0,0.0,0.9999921542987904,0.009437523593808984,840.0,0.9513023782559457,1.0,True
heldout,Roberts_2021,883,3,jev_only,1,11,11,0.9375424688561721,0.9875424688561721,1.0,1.0,1.0,572,0.6477916194790487,1.0,True,840,0.9513023782559457,1.0,1,883,0,0,0.0,0.9999921542987904,0.009437523593808984,840.0,0.9513023782559457,1.0,True
heldout,Roberts_2021,883,3,jev_only,2,11,11,0.9375424688561721,0.9875424688561721,1.0,1.0,1.0,572,0.6477916194790487,1.0,True,840,0.9513023782559457,1.0,1,883,0,0,0.0,0.9999921542987904,0.009437523593808984,840.0,0.9513023782559457,1.0,True
heldout,Roberts_2021,883,3,jev_only,3,11,11,0.9375424688561721,0.9875424688561721,1.0,1.0,1.0,572,0.6477916194790487,1.0,True,840,0.9513023782559457,1.0,1,883,0,0,0.0,0.9999921542987904,0.009437523593808984,840.0,0.9513023782559457,1.0,True
heldout,Roberts_2021,883,3,jev_only,4,11,11,0.9375424688561721,0.9875424688561721,1.0,1.0,1.0,572,0.6477916194790487,1.0,True,840,0.9513023782559457,1.0,1,883,0,0,0.0,0.9999921542987904,0.009437523593808984,840.0,0.9513023782559457,1.0,True
heldout,Roberts_2021,883,3,jev_only,5,11,11,0.9375424688561721,0.9875424688561721,1.0,1.0,1.0,572,0.6477916194790487,1.0,True,840,0.9513023782559457,1.0,1,883,0,0,0.0,0.9999921542987904,0.009437523593808984,840.0,0.9513023782559457,1.0,True
heldout,Roberts_2021,883,3,jev_only,6,11,11,0.9375424688561721,0.9875424688561721,1.0,1.0,1.0,572,0.6477916194790487,1.0,True,840,0.9513023782559457,1.0,1,883,0,0,0.0,0.9999921542987904,0.009437523593808984,840.0,0.9513023782559457,1.0,True
heldout,Roberts_2021,883,3,jev_only,7,11,11,0.9375424688561721,0.9875424688561721,1.0,1.0,1.0,572,0.6477916194790487,1.0,True,840,0.9513023782559457,1.0,1,883,0,0,0.0,0.9999921542987904,0.009437523593808984,840.0,0.9513023782559457,1.0,True
heldout,Roberts_2021,883,3,jev_only,8,11,11,0.9375424688561721,0.9875424688561721,1.0,1.0,1.0,572,0.6477916194790487,1.0,True,840,0.9513023782559457,1.0,1,883,0,0,0.0,0.9999921542987904,0.009437523593808984,840.0,0.9513023782559457,1.0,True
heldout,Roberts_2021,883,3,jev_only,9,11,11,0.9375424688561721,0.9875424688561721,1.0,1.0,1.0,572,0.6477916194790487,1.0,True,840,0.9513023782559457,1.0,1,883,0,0,0.0,0.9999921542987904,0.009437523593808984,840.0,0.9513023782559457,1.0,True
heldout,Seghers_2022,1759,16,asr_prior,0,371,371,0.7390847072200113,0.7890847072200113,0.75,0.9375,1.0,1759,1.0,1.0,True,1690,0.9607731665719159,1.0,1,1759,0,0,0.0,0.994470980653768,0.055287094940306994,,,,
heldout,Seghers_2022,1759,16,asr_prior,1,371,371,0.7390847072200113,0.7890847072200113,0.75,0.9375,1.0,1759,1.0,1.0,True,1690,0.9607731665719159,1.0,1,1759,0,0,0.0,0.994470980653768,0.054363274587834,,,,
heldout,Seghers_2022,1759,16,asr_prior,2,397,397,0.7243035815804434,0.7743035815804434,0.8125,0.875,1.0,1759,1.0,1.0,True,1691,0.9613416714042069,1.0,1,1759,0,0,0.0,0.9977036808561044,0.07948408186469585,,,,
heldout,Seghers_2022,1759,16,asr_prior,3,395,395,0.7254405912450256,0.7754405912450256,0.8125,0.875,1.0,1759,1.0,1.0,True,1691,0.9613416714042069,1.0,1,1759,0,0,0.0,0.9979361814766433,0.08122512791358727,,,,
heldout,Seghers_2022,1759,16,asr_prior,4,397,397,0.7243035815804434,0.7743035815804434,0.8125,0.875,1.0,1759,1.0,1.0,True,1691,0.9613416714042069,1.0,1,1759,0,0,0.0,0.9976454900143583,0.07987492893689596,,,,
heldout,Seghers_2022,1759,16,asr_prior,5,339,339,0.7572768618533257,0.8072768618533257,0.75,1.0,1.0,1759,1.0,1.0,True,1688,0.9596361569073337,1.0,1,1759,0,0,0.0,0.999956563971989,0.05969300739056282,,,,
heldout,Seghers_2022,1759,16,asr_prior,6,389,389,0.728851620238772,0.7788516202387721,0.8125,0.9375,1.0,1759,1.0,1.0,True,1691,0.9613416714042069,1.0,1,1759,0,0,0.0,0.9980655853868478,0.07976833428084139,,,,
heldout,Seghers_2022,1759,16,asr_prior,7,353,353,0.7493177942012507,0.7993177942012507,0.75,0.9375,1.0,1759,1.0,1.0,True,1689,0.9602046617396248,1.0,1,1759,0,0,0.0,0.9961120747164773,0.05482518476407049,,,,
heldout,Seghers_2022,1759,16,asr_prior,8,344,344,0.7544343376918703,0.8044343376918703,0.75,1.0,1.0,1759,1.0,1.0,True,1689,0.9602046617396248,1.0,1,1759,0,0,0.0,0.9999299747621743,0.06274872086412735,,,,
heldout,Seghers_2022,1759,16,asr_prior,9,399,399,0.7231665719158612,0.7731665719158612,0.8125,0.875,1.0,1759,1.0,1.0,True,1692,0.961910176236498,1.0,1,1759,0,0,0.0,0.9974563082284335,0.07959067652075043,,,,
heldout,Seghers_2022,1759,16,asr_jevblend_3,0,120,120,0.881779420125071,0.9317794201250711,1.0,1.0,1.0,1170,0.6651506537805572,1.0,True,1678,0.953951108584423,1.0,1,1759,0,0,0.0,0.9992704948652704,0.019720011370096647,,,,
heldout,Seghers_2022,1759,16,jev_only,0,127,127,0.8777998862990335,0.9277998862990335,1.0,1.0,1.0,1023,0.5815804434337691,1.0,True,1678,0.953951108584423,1.0,1,1759,0,0,0.0,0.9980941863411881,0.018405343945423536,1678.0,0.953951108584423,1.0,True
heldout,Seghers_2022,1759,16,jev_only,1,127,127,0.8777998862990335,0.9277998862990335,1.0,1.0,1.0,1102,0.626492325184764,1.0,True,1678,0.953951108584423,1.0,1,1759,0,0,0.0,0.998285323542541,0.01844087549744173,1678.0,0.953951108584423,1.0,True
heldout,Seghers_2022,1759,16,jev_only,2,129,129,0.8766628766344513,0.9266628766344513,1.0,1.0,1.0,1082,0.6151222285389426,1.0,True,1678,0.953951108584423,1.0,1,1759,0,0,0.0,0.998138468706148,0.018583001705514496,1678.0,0.953951108584423,1.0,True
heldout,Seghers_2022,1759,16,jev_only,3,127,127,0.8777998862990335,0.9277998862990335,1.0,1.0,1.0,1102,0.626492325184764,1.0,True,1678,0.953951108584423,1.0,1,1759,0,0,0.0,0.998285323542541,0.018547470153496306,1678.0,0.953951108584423,1.0,True
heldout,Seghers_2022,1759,16,jev_only,4,126,126,0.8783683911313246,0.9283683911313246,1.0,1.0,1.0,1082,0.6151222285389426,1.0,True,1678,0.953951108584423,1.0,1,1759,0,0,0.0,0.9982873360735942,0.018369812393405342,1678.0,0.953951108584423,1.0,True
heldout,Seghers_2022,1759,16,jev_only,5,128,128,0.8772313814667424,0.9272313814667424,1.0,1.0,1.0,1082,0.6151222285389426,1.0,True,1678,0.953951108584423,1.0,1,1759,0,0,0.0,0.9981887803627385,0.018547470153496306,1678.0,0.953951108584423,1.0,True
heldout,Seghers_2022,1759,16,jev_only,6,129,129,0.8766628766344513,0.9266628766344513,1.0,1.0,1.0,1043,0.5929505400795907,1.0,True,1678,0.953951108584423,1.0,1,1759,0,0,0.0,0.9980403818848769,0.01829874928936896,1678.0,0.953951108584423,1.0,True
heldout,Seghers_2022,1759,16,jev_only,7,126,126,0.8783683911313246,0.9283683911313246,1.0,1.0,1.0,1062,0.603752131893121,1.0,True,1678,0.953951108584423,1.0,1,1759,0,0,0.0,0.9982404692082104,0.018511938601478112,1678.0,0.953951108584423,1.0,True
heldout,Seghers_2022,1759,16,jev_only,8,128,128,0.8772313814667424,0.9272313814667424,1.0,1.0,1.0,1082,0.6151222285389426,1.0,True,1678,0.953951108584423,1.0,1,1759,0,0,0.0,0.9981887803627385,0.01847640704945992,1678.0,0.953951108584423,1.0,True
heldout,Seghers_2022,1759,16,jev_only,9,128,128,0.8772313814667424,0.9272313814667424,1.0,1.0,1.0,1082,0.6151222285389426,1.0,True,1678,0.953951108584423,1.0,1,1759,0,0,0.0,0.9981887803627385,0.018547470153496306,1678.0,0.953951108584423,1.0,True
heldout,Theobald_2021,70,9,asr_prior,0,59,59,0.10714285714285714,0.15714285714285714,0.3333333333333333,0.5555555555555556,0.6666666666666666,70,1.0,1.0,True,69,0.9857142857142858,1.0,1,70,0,0,0.0,0.4695121951219585,0.26349206349206344,,,,
heldout,Theobald_2021,70,9,asr_prior,1,58,58,0.12142857142857137,0.17142857142857137,0.3333333333333333,0.3333333333333333,0.4444444444444444,70,1.0,1.0,True,69,0.9857142857142858,1.0,1,70,0,0,0.0,0.4947735191637629,0.30158730158730157,,,,
heldout,Theobald_2021,70,9,asr_prior,2,59,59,0.10714285714285714,0.15714285714285714,0.3333333333333333,0.3333333333333333,0.4444444444444444,70,1.0,1.0,True,69,0.9857142857142858,1.0,1,70,0,0,0.0,0.4507198228128556,0.3,,,,
heldout,Theobald_2021,70,9,asr_prior,3,45,45,0.3071428571428571,0.3571428571428571,0.1111111111111111,0.1111111111111111,0.1111111111111111,70,1.0,1.0,True,69,0.9857142857142858,1.0,1,70,0,0,0.0,0.9874906555053604,0.4158730158730159,,,,
heldout,Theobald_2021,70,9,asr_prior,4,58,58,0.12142857142857137,0.17142857142857137,0.1111111111111111,0.2222222222222222,0.5555555555555556,70,1.0,1.0,True,70,1.0,1.0,1,70,0,0,0.0,0.5263157894736938,0.33174603174603173,,,,
heldout,Theobald_2021,70,9,asr_prior,5,58,58,0.12142857142857137,0.17142857142857137,0.2222222222222222,0.5555555555555556,0.6666666666666666,70,1.0,1.0,True,69,0.9857142857142858,1.0,1,70,0,0,0.0,0.5048780487804894,0.27460317460317457,,,,
heldout,Theobald_2021,70,9,asr_prior,6,58,58,0.12142857142857137,0.17142857142857137,0.3333333333333333,0.3333333333333333,0.4444444444444444,70,1.0,1.0,True,69,0.9857142857142858,1.0,1,70,0,0,0.0,0.4947735191637629,0.30476190476190473,,,,
heldout,Theobald_2021,70,9,asr_prior,7,58,58,0.12142857142857137,0.17142857142857137,0.2222222222222222,0.5555555555555556,0.6666666666666666,70,1.0,1.0,True,69,0.9857142857142858,1.0,1,70,0,0,0.0,0.5048780487804894,0.27460317460317457,,,,
heldout,Theobald_2021,70,9,asr_prior,8,58,58,0.12142857142857137,0.17142857142857137,0.3333333333333333,0.5555555555555556,0.6666666666666666,70,1.0,1.0,True,69,0.9857142857142858,1.0,1,70,0,0,0.0,0.5048780487804894,0.26190476190476186,,,,
heldout,Theobald_2021,70,9,asr_prior,9,58,58,0.12142857142857137,0.17142857142857137,0.3333333333333333,0.3333333333333333,0.4444444444444444,70,1.0,1.0,True,70,1.0,1.0,1,70,0,0,0.0,0.5263157894736938,0.3206349206349206,,,,
heldout,Theobald_2021,70,9,asr_jevblend_3,0,25,25,0.5928571428571427,0.6428571428571428,0.4444444444444444,0.7777777777777778,0.8888888888888888,70,1.0,1.0,True,68,0.9714285714285714,1.0,1,70,0,0,0.0,0.9748427672955976,0.14761904761904762,,,,
heldout,Theobald_2021,70,9,jev_only,0,20,20,0.6642857142857143,0.7142857142857143,0.4444444444444444,0.7777777777777778,1.0,70,1.0,1.0,True,68,0.9714285714285714,1.0,1,70,0,0,0.0,0.9988038277511961,0.13968253968253969,68.0,0.9714285714285714,1.0,True
heldout,Theobald_2021,70,9,jev_only,1,20,20,0.6642857142857143,0.7142857142857143,0.4444444444444444,0.7777777777777778,1.0,70,1.0,1.0,True,68,0.9714285714285714,1.0,1,70,0,0,0.0,0.9988038277511961,0.13809523809523808,68.0,0.9714285714285714,1.0,True
heldout,Theobald_2021,70,9,jev_only,2,20,20,0.6642857142857143,0.7142857142857143,0.4444444444444444,0.7777777777777778,1.0,70,1.0,1.0,True,68,0.9714285714285714,1.0,1,70,0,0,0.0,0.9988038277511961,0.14126984126984127,68.0,0.9714285714285714,1.0,True
heldout,Theobald_2021,70,9,jev_only,3,20,20,0.6642857142857143,0.7142857142857143,0.4444444444444444,0.7777777777777778,1.0,70,1.0,1.0,True,68,0.9714285714285714,1.0,1,70,0,0,0.0,0.9988038277511961,0.14126984126984127,68.0,0.9714285714285714,1.0,True
heldout,Theobald_2021,70,9,jev_only,4,20,20,0.6642857142857143,0.7142857142857143,0.4444444444444444,0.7777777777777778,1.0,70,1.0,1.0,True,68,0.9714285714285714,1.0,1,70,0,0,0.0,0.9988038277511961,0.13809523809523808,68.0,0.9714285714285714,1.0,True
heldout,Theobald_2021,70,9,jev_only,5,20,20,0.6642857142857143,0.7142857142857143,0.4444444444444444,0.7777777777777778,1.0,70,1.0,1.0,True,68,0.9714285714285714,1.0,1,70,0,0,0.0,0.9988038277511961,0.1365079365079365,68.0,0.9714285714285714,1.0,True
heldout,Theobald_2021,70,9,jev_only,6,20,20,0.6642857142857143,0.7142857142857143,0.4444444444444444,0.7777777777777778,1.0,70,1.0,1.0,True,68,0.9714285714285714,1.0,1,70,0,0,0.0,0.9992784992784993,0.14444444444444443,68.0,0.9714285714285714,1.0,True
heldout,Theobald_2021,70,9,jev_only,7,20,20,0.6642857142857143,0.7142857142857143,0.4444444444444444,0.7777777777777778,1.0,70,1.0,1.0,True,68,0.9714285714285714,1.0,1,70,0,0,0.0,0.9988038277511961,0.13968253968253969,68.0,0.9714285714285714,1.0,True
heldout,Theobald_2021,70,9,jev_only,8,20,20,0.6642857142857143,0.7142857142857143,0.4444444444444444,0.7777777777777778,1.0,70,1.0,1.0,True,68,0.9714285714285714,1.0,1,70,0,0,0.0,0.9992784992784993,0.13968253968253969,68.0,0.9714285714285714,1.0,True
heldout,Theobald_2021,70,9,jev_only,9,20,20,0.6642857142857143,0.7142857142857143,0.4444444444444444,0.7777777777777778,1.0,70,1.0,1.0,True,68,0.9714285714285714,1.0,1,70,0,0,0.0,0.9988038277511961,0.1365079365079365,68.0,0.9714285714285714,1.0,True
heldout,Toffalini_2021,328,22,asr_prior,0,73,153,0.7274390243902439,0.5335365853658536,0.5454545454545454,0.8636363636363636,0.9545454545454546,328,1.0,1.0,True,289,0.8810975609756098,1.0,1,328,1,0,0.0,0.9986873952391193,0.11197339246119734,,,,
heldout,Toffalini_2021,328,22,asr_prior,1,74,154,0.724390243902439,0.5304878048780488,0.5909090909090909,0.8636363636363636,0.9545454545454546,328,1.0,1.0,True,289,0.8810975609756098,1.0,1,328,1,0,0.0,0.9997235538088353,0.11294345898004435,,,,
heldout,Toffalini_2021,328,22,asr_prior,2,100,152,0.6451219512195121,0.5365853658536586,0.4090909090909091,0.8636363636363636,0.8636363636363636,328,1.0,1.0,True,289,0.8810975609756098,1.0,1,328,1,0,0.0,0.992072029956723,0.1226441241685144,,,,
heldout,Toffalini_2021,328,22,asr_prior,3,82,154,0.7,0.5304878048780488,0.5454545454545454,0.8181818181818182,0.9545454545454546,328,1.0,1.0,True,289,0.8810975609756098,1.0,1,328,1,0,0.0,0.9959508163501629,0.11820953436807095,,,,
heldout,Toffalini_2021,328,22,asr_prior,4,101,154,0.6420731707317073,0.5304878048780488,0.5909090909090909,0.8636363636363636,0.8636363636363636,328,1.0,1.0,True,289,0.8810975609756098,1.0,1,328,1,0,0.0,0.989423676259175,0.12042682926829268,,,,
heldout,Toffalini_2021,328,22,asr_prior,5,75,154,0.7213414634146341,0.5304878048780488,0.6363636363636364,0.7727272727272727,0.9545454545454546,328,1.0,1.0,True,289,0.8810975609756098,1.0,1,328,1,0,0.0,0.9999073645206114,0.11238913525498892,,,,
heldout,Toffalini_2021,328,22,asr_prior,6,73,154,0.7274390243902439,0.5304878048780488,0.6363636363636364,0.8636363636363636,0.9545454545454546,328,1.0,1.0,True,289,0.8810975609756098,1.0,1,328,1,0,0.0,0.9989075957575976,0.10906319290465633,,,,
heldout,Toffalini_2021,328,22,asr_prior,7,102,153,0.6390243902439023,0.5335365853658536,0.6363636363636364,0.8181818181818182,0.8636363636363636,328,1.0,1.0,True,289,0.8810975609756098,1.0,1,328,1,0,0.0,0.9912828575634588,0.12153547671840356,,,,
heldout,Toffalini_2021,328,22,asr_prior,8,103,155,0.6359756097560976,0.5274390243902439,0.45454545454545453,0.8181818181818182,0.8636363636363636,328,1.0,1.0,True,289,0.8810975609756098,1.0,1,328,1,0,0.0,0.9905440703019005,0.12583148558758314,,,,
heldout,Toffalini_2021,328,22,asr_prior,9,102,152,0.6390243902439023,0.5365853658536586,0.45454545454545453,0.8636363636363636,0.8636363636363636,328,1.0,1.0,True,289,0.8810975609756098,1.0,1,328,1,0,0.0,0.9906480061523854,0.1348392461197339,,,,
heldout,Toffalini_2021,328,22,asr_jevblend_3,0,68,70,0.7426829268292683,0.7865853658536586,0.7272727272727273,0.9090909090909091,1.0,328,1.0,1.0,True,270,0.823170731707317,1.0,1,328,1,0,0.0,0.9908369637344538,0.07289356984478935,,,,
heldout,Toffalini_2021,328,22,jev_only,0,60,70,0.7670731707317073,0.7865853658536586,0.6363636363636364,0.9545454545454546,1.0,328,1.0,1.0,True,270,0.823170731707317,1.0,1,328,1,0,0.0,0.9995287058661739,0.08619733924611973,270.0,0.823170731707317,1.0,True
heldout,Toffalini_2021,328,22,jev_only,1,62,70,0.7609756097560976,0.7865853658536586,0.6363636363636364,0.9545454545454546,1.0,328,1.0,1.0,True,270,0.823170731707317,1.0,1,328,1,0,0.0,0.9995186493440995,0.08564301552106429,270.0,0.823170731707317,1.0,True
heldout,Toffalini_2021,328,22,jev_only,2,62,70,0.7609756097560976,0.7865853658536586,0.6363636363636364,0.9545454545454546,1.0,328,1.0,1.0,True,270,0.823170731707317,1.0,1,328,1,0,0.0,0.9995068030356272,0.08592017738359202,270.0,0.823170731707317,1.0,True
heldout,Toffalini_2021,328,22,jev_only,3,63,70,0.7579268292682926,0.7865853658536586,0.5909090909090909,0.9545454545454546,1.0,328,1.0,1.0,True,270,0.823170731707317,1.0,1,328,1,0,0.0,0.9991800600467305,0.08647450110864745,270.0,0.823170731707317,1.0,True
heldout,Toffalini_2021,328,22,jev_only,4,63,70,0.7579268292682926,0.7865853658536586,0.5909090909090909,0.9545454545454546,1.0,328,1.0,1.0,True,270,0.823170731707317,1.0,1,328,1,0,0.0,0.9994092201844083,0.0866130820399113,270.0,0.823170731707317,1.0,True
heldout,Toffalini_2021,328,22,jev_only,5,61,70,0.7640243902439023,0.7865853658536586,0.6363636363636364,0.9545454545454546,1.0,328,1.0,1.0,True,270,0.823170731707317,1.0,1,328,1,0,0.0,0.9995237129870036,0.08564301552106429,270.0,0.823170731707317,1.0,True
heldout,Toffalini_2021,328,22,jev_only,6,63,70,0.7579268292682926,0.7865853658536586,0.5909090909090909,0.9545454545454546,1.0,328,1.0,1.0,True,270,0.823170731707317,1.0,1,328,1,0,0.0,0.9991617955188514,0.08550443458980045,270.0,0.823170731707317,1.0,True
heldout,Toffalini_2021,328,22,jev_only,7,61,70,0.7640243902439023,0.7865853658536586,0.6363636363636364,0.9545454545454546,1.0,328,1.0,1.0,True,270,0.823170731707317,1.0,1,328,1,0,0.0,0.9995237129870036,0.08647450110864745,270.0,0.823170731707317,1.0,True
heldout,Toffalini_2021,328,22,jev_only,8,60,70,0.7670731707317073,0.7865853658536586,0.6363636363636364,0.9545454545454546,1.0,328,1.0,1.0,True,270,0.823170731707317,1.0,1,328,1,0,0.0,0.9996179119740184,0.08578159645232816,270.0,0.823170731707317,1.0,True
heldout,Toffalini_2021,328,22,jev_only,9,63,70,0.7579268292682926,0.7865853658536586,0.6363636363636364,0.9545454545454546,1.0,328,1.0,1.0,True,270,0.823170731707317,1.0,1,328,1,0,0.0,0.9992921409618813,0.08605875831485588,270.0,0.823170731707317,1.0,True
heldout,Tumkaya_2018,481,39,asr_prior,0,132,159,0.6755717255717255,0.6694386694386694,0.5128205128205128,0.8717948717948718,0.9743589743589743,481,1.0,1.0,True,362,0.7525987525987526,1.0,1,481,3,0,0.0,0.9996187593741508,0.11349219041526734,,,,
heldout,Tumkaya_2018,481,39,asr_prior,1,132,153,0.6755717255717255,0.681912681912682,0.358974358974359,0.6923076923076923,0.9743589743589743,481,1.0,1.0,True,360,0.7484407484407485,1.0,1,481,3,0,0.0,0.9990505971624235,0.1350818273895197,,,,
heldout,Tumkaya_2018,481,39,asr_prior,2,126,161,0.688045738045738,0.6652806652806653,0.3333333333333333,0.6923076923076923,0.9743589743589743,481,1.0,1.0,True,363,0.7546777546777547,1.0,1,481,3,0,0.0,0.9999999913292846,0.13742736819659895,,,,
heldout,Tumkaya_2018,481,39,asr_prior,3,133,151,0.6734927234927235,0.686070686070686,0.41025641025641024,0.7948717948717948,0.9743589743589743,481,1.0,1.0,True,359,0.7463617463617463,1.0,1,481,3,0,0.0,0.9908660364235372,0.1304440535209766,,,,
heldout,Tumkaya_2018,481,39,asr_prior,4,127,156,0.6859667359667359,0.6756756756756757,0.48717948717948717,0.8205128205128205,0.9743589743589743,481,1.0,1.0,True,361,0.7505197505197505,1.0,1,481,3,0,0.0,0.9989426633806114,0.11167972706434244,,,,
heldout,Tumkaya_2018,481,39,asr_prior,5,126,150,0.688045738045738,0.6881496881496881,0.38461538461538464,0.7435897435897436,0.9743589743589743,481,1.0,1.0,True,359,0.7463617463617463,1.0,1,481,3,0,0.0,0.9960541374782133,0.12884482115251344,,,,
heldout,Tumkaya_2018,481,39,asr_prior,6,149,152,0.6402286902286902,0.683991683991684,0.5128205128205128,0.6666666666666666,0.8974358974358975,481,1.0,1.0,True,360,0.7484407484407485,1.0,1,481,3,0,0.0,0.9999128388025479,0.13923983154752387,,,,
heldout,Tumkaya_2018,481,39,asr_prior,7,129,163,0.6818087318087318,0.661122661122661,0.41025641025641024,0.6923076923076923,0.9743589743589743,481,1.0,1.0,True,364,0.7567567567567568,1.0,1,481,3,0,0.0,0.9999039708071253,0.13252305559997868,,,,
heldout,Tumkaya_2018,481,39,asr_prior,8,135,136,0.6693347193347192,0.7172557172557172,0.358974358974359,0.6923076923076923,1.0,481,1.0,1.0,True,354,0.735966735966736,1.0,1,481,3,0,0.0,0.9999848747694742,0.13684098299482914,,,,
heldout,Tumkaya_2018,481,39,asr_prior,9,138,153,0.663097713097713,0.681912681912682,0.41025641025641024,0.6923076923076923,0.9743589743589743,481,1.0,1.0,True,360,0.7484407484407485,1.0,1,481,3,0,0.0,0.9852698969140673,0.13076389999466922,,,,
heldout,Tumkaya_2018,481,39,asr_jevblend_3,0,133,173,0.6734927234927235,0.6403326403326404,0.6153846153846154,0.9230769230769231,0.9743589743589743,481,1.0,1.0,True,367,0.762993762993763,1.0,1,481,3,0,0.0,0.9883833607205161,0.09147609147609148,,,,
heldout,Tumkaya_2018,481,39,jev_only,0,166,197,0.6048856548856548,0.5904365904365905,0.5641025641025641,0.8717948717948718,0.9230769230769231,481,1.0,1.0,True,376,0.7817047817047817,1.0,1,481,3,0,0.0,0.9810632674977693,0.11109334186257264,376.0,0.7817047817047817,1.0,True
heldout,Tumkaya_2018,481,39,jev_only,1,166,199,0.6048856548856548,0.5862785862785862,0.5641025641025641,0.8717948717948718,0.9230769230769231,481,1.0,1.0,True,377,0.7837837837837838,1.0,1,481,3,0,0.0,0.9810632674977693,0.11157311157311157,377.0,0.7837837837837838,1.0,True
heldout,Tumkaya_2018,481,39,jev_only,2,166,194,0.6048856548856548,0.5966735966735967,0.6153846153846154,0.8717948717948718,0.9487179487179487,481,1.0,1.0,True,375,0.7796257796257796,1.0,1,481,3,0,0.0,0.9774264306322341,0.11072018764326456,375.0,0.7796257796257796,1.0,True
heldout,Tumkaya_2018,481,39,jev_only,3,162,206,0.6132016632016631,0.5717255717255717,0.5897435897435898,0.8717948717948718,0.9487179487179487,481,1.0,1.0,True,380,0.7900207900207901,1.0,1,481,3,0,0.0,0.9741386149414958,0.11040034116957194,380.0,0.7900207900207901,1.0,True
heldout,Tumkaya_2018,481,39,jev_only,4,164,197,0.609043659043659,0.5904365904365905,0.5897435897435898,0.8717948717948718,0.9487179487179487,481,1.0,1.0,True,376,0.7817047817047817,1.0,1,481,3,0,0.0,0.9757930393174328,0.11072018764326456,376.0,0.7817047817047817,1.0,True
heldout,Tumkaya_2018,481,39,jev_only,5,162,203,0.6132016632016631,0.5779625779625779,0.5897435897435898,0.8717948717948718,0.9487179487179487,481,1.0,1.0,True,378,0.7858627858627859,1.0,1,481,3,0,0.0,0.9848006776018531,0.11093341862572631,378.0,0.7858627858627859,1.0,True
heldout,Tumkaya_2018,481,39,jev_only,6,166,204,0.6048856548856548,0.5758835758835759,0.5897435897435898,0.8717948717948718,0.9487179487179487,481,1.0,1.0,True,379,0.7879417879417879,1.0,1,481,3,0,0.0,0.9673301618595654,0.11114664960818807,379.0,0.7879417879417879,1.0,True
heldout,Tumkaya_2018,481,39,jev_only,7,162,192,0.6132016632016631,0.6008316008316008,0.5897435897435898,0.8717948717948718,0.9487179487179487,481,1.0,1.0,True,374,0.7775467775467776,1.0,1,481,3,0,0.0,0.9848006776018531,0.11029372567834106,374.0,0.7775467775467776,1.0,True
heldout,Tumkaya_2018,481,39,jev_only,8,162,201,0.6132016632016631,0.5821205821205822,0.5897435897435898,0.8717948717948718,0.9487179487179487,481,1.0,1.0,True,378,0.7858627858627859,1.0,1,481,3,0,0.0,0.9797422576803019,0.11050695666080282,378.0,0.7858627858627859,1.0,True
heldout,Tumkaya_2018,481,39,jev_only,9,162,199,0.6132016632016631,0.5862785862785862,0.5897435897435898,0.8717948717948718,0.9487179487179487,481,1.0,1.0,True,377,0.7837837837837838,1.0,1,481,3,0,0.0,0.9831786670915669,0.11077349538888001,377.0,0.7837837837837838,1.0,True
heldout,Walker_2018,11735,64,asr_prior,0,1259,3961,0.8427141031103536,0.6624627183638687,0.90625,0.96875,0.984375,6948,0.592074989348104,1.0,True,8060,0.6868342564976566,1.0,5,2347,3,0,0.0,0.9996181748759099,0.0327266190881977,,,,
heldout,Walker_2018,11735,64,asr_prior,1,1255,3976,0.8430549637835534,0.6611844908393694,0.90625,0.96875,0.984375,6926,0.5902002556455049,1.0,True,8070,0.6876864081806562,1.0,5,2347,3,0,0.0,0.999996991473008,0.03238442692799318,,,,
heldout,Walker_2018,11735,64,asr_prior,2,1256,3983,0.8429697486152534,0.6605879846612697,0.90625,0.96875,0.984375,6926,0.5902002556455049,1.0,True,8070,0.6876864081806562,1.0,5,2347,3,0,0.0,0.9984737924101422,0.03256151469961653,,,,
heldout,Walker_2018,11735,64,asr_prior,3,1460,4146,0.8255858542820622,0.6466979122283767,0.890625,0.984375,0.984375,161,0.01371964209629314,0.015625,True,8150,0.6945036216446527,1.0,5,2347,3,0,0.0,0.9999945919688431,0.0479574989348104,,,,
heldout,Walker_2018,11735,64,asr_prior,4,1258,3976,0.8427993182786535,0.6611844908393694,0.90625,0.96875,0.984375,6937,0.5911376224968045,1.0,True,8070,0.6876864081806562,1.0,5,2347,3,0,0.0,0.999236531972458,0.03287707711972731,,,,
heldout,Walker_2018,11735,64,asr_prior,5,1289,3982,0.8401576480613548,0.6606731998295696,0.890625,0.96875,0.984375,7113,0.606135492117597,1.0,True,8070,0.6876864081806562,1.0,5,2347,3,0,0.0,0.9996170783074886,0.033167341286749044,,,,
heldout,Walker_2018,11735,64,asr_prior,6,1258,3976,0.8427993182786535,0.6611844908393694,0.90625,0.96875,0.984375,6937,0.5911376224968045,1.0,True,8070,0.6876864081806562,1.0,5,2347,3,0,0.0,0.999236531972458,0.03327785470813805,,,,
heldout,Walker_2018,11735,64,asr_prior,7,1273,3980,0.8415210907541542,0.6608436301661695,0.90625,0.96875,0.984375,7025,0.5986365573072007,1.0,True,8070,0.6876864081806562,1.0,5,2347,3,0,0.0,0.9992354374993044,0.0335255112910098,,,,
heldout,Walker_2018,11735,64,asr_prior,8,1263,3976,0.8423732424371537,0.6611844908393694,0.90625,0.96875,0.984375,6970,0.593949723050703,1.0,True,8070,0.6876864081806562,1.0,5,2347,3,0,0.0,0.9992361674963922,0.03297294418406476,,,,
heldout,Walker_2018,11735,64,asr_prior,9,1262,3976,0.8424584576054537,0.6611844908393694,0.90625,0.96875,0.984375,6959,0.5930123561994035,1.0,True,8070,0.6876864081806562,1.0,5,2347,3,0,0.0,0.9988545247321476,0.032509586706433745,,,,
heldout,Walker_2018,11735,64,asr_jevblend_3,0,801,818,0.881742650191734,0.9302939923306348,1.0,1.0,1.0,3879,0.3305496378355347,1.0,True,6575,0.5602897315722198,1.0,5,2347,3,0,0.0,0.9999961885465567,0.01483409671921602,,,,
heldout,Walker_2018,11735,64,jev_only,0,880,1498,0.8750106518960374,0.8723476778866638,0.984375,1.0,1.0,6167,0.5255219429058372,1.0,True,6895,0.5875585854282063,1.0,5,2348,3,0,0.0,0.9996964244468444,0.016320036216446527,6895.0,0.5875585854282063,1.0,True
heldout,Walker_2018,11735,64,jev_only,1,902,1525,0.8731359181934384,0.870046868342565,0.984375,1.0,1.0,6112,0.5208351086493396,1.0,True,6910,0.5888368129527056,1.0,5,2348,3,0,0.0,0.9992615498459204,0.016375958670643374,6910.0,0.5888368129527056,1.0,True
heldout,Walker_2018,11735,64,jev_only,2,893,1438,0.873902854708138,0.8774605879846613,0.984375,1.0,1.0,6156,0.5245845760545377,1.0,True,6870,0.5854282062207072,1.0,5,2348,3,0,0.0,0.999262230853055,0.016221506178099702,6870.0,0.5854282062207072,1.0,True
heldout,Walker_2018,11735,64,jev_only,3,893,1523,0.873902854708138,0.8702172986791649,0.984375,1.0,1.0,6112,0.5208351086493396,1.0,True,6910,0.5888368129527056,1.0,5,2348,3,0,0.0,0.999262230853055,0.01634400298253089,6910.0,0.5888368129527056,1.0,True
heldout,Walker_2018,11735,64,jev_only,4,881,1473,0.8749254367277375,0.8744780570941628,0.984375,1.0,1.0,6101,0.51989774179804,1.0,True,6885,0.5867064337452067,1.0,5,2348,3,0,0.0,0.9985265002114205,0.01620952279505752,6885.0,0.5867064337452067,1.0,True
heldout,Walker_2018,11735,64,jev_only,5,886,1464,0.8744993608862377,0.8752449936088624,0.984375,1.0,1.0,6167,0.5255219429058372,1.0,True,6880,0.5862803579037068,1.0,5,2348,3,0,0.0,0.9985258213984844,0.01621751171708564,6880.0,0.5862803579037068,1.0,True
heldout,Walker_2018,11735,64,jev_only,6,882,1489,0.8748402215594375,0.8731146144013635,0.984375,1.0,1.0,6178,0.5264593097571367,1.0,True,6890,0.5871325095867065,1.0,5,2348,3,0,0.0,0.9988946205801991,0.01630139539838091,6890.0,0.5871325095867065,1.0,True
heldout,Walker_2018,11735,64,jev_only,7,882,1540,0.8748402215594375,0.8687686408180656,0.984375,1.0,1.0,6178,0.5264593097571367,1.0,True,6915,0.5892628887942054,1.0,5,2348,3,0,0.0,0.9988946205801991,0.016434544098849594,6915.0,0.5892628887942054,1.0,True
heldout,Walker_2018,11735,64,jev_only,8,899,1511,0.8733915636983383,0.8712398806987643,0.984375,1.0,1.0,6101,0.51989774179804,1.0,True,6900,0.587984661269706,1.0,5,2348,3,0,0.0,0.9995957834918444,0.016358649339582445,6900.0,0.587984661269706,1.0,True
heldout,Walker_2018,11735,64,jev_only,9,894,1525,0.873817639539838,0.870046868342565,0.984375,1.0,1.0,6101,0.51989774179804,1.0,True,6910,0.5888368129527056,1.0,5,2348,3,0,0.0,0.9996146327951186,0.016338677034512143,6910.0,0.5888368129527056,1.0,True
heldout,van_der_Waal_2022,1158,17,asr_prior,0,620,620,0.4145941278065631,0.46459412780656306,0.8823529411764706,0.9411764705882353,0.9411764705882353,1158,1.0,1.0,True,1132,0.9775474956822107,1.0,1,1158,0,0,0.0,0.8065101456816801,0.059179112059331504,,,,
heldout,van_der_Waal_2022,1158,17,asr_prior,1,621,621,0.4137305699481865,0.4637305699481865,0.8823529411764706,0.9411764705882353,0.9411764705882353,1158,1.0,1.0,True,1132,0.9775474956822107,1.0,1,1158,0,0,0.0,0.8055931321539653,0.06009346743878899,,,,
heldout,van_der_Waal_2022,1158,17,asr_prior,2,620,620,0.4145941278065631,0.46459412780656306,0.8823529411764706,0.9411764705882353,0.9411764705882353,1158,1.0,1.0,True,1132,0.9775474956822107,1.0,1,1158,0,0,0.0,0.8059973044363119,0.0572488062582546,,,,
heldout,van_der_Waal_2022,1158,17,asr_prior,3,653,653,0.3860967184801382,0.4360967184801382,0.058823529411764705,0.9411764705882353,0.9411764705882353,1158,1.0,1.0,True,1133,0.9784110535405872,1.0,1,1158,0,0,0.0,0.7745851190180181,0.16321243523316062,,,,
heldout,van_der_Waal_2022,1158,17,asr_prior,4,620,620,0.4145941278065631,0.46459412780656306,0.8823529411764706,0.9411764705882353,0.9411764705882353,1158,1.0,1.0,True,1132,0.9775474956822107,1.0,1,1158,0,0,0.0,0.8059973044363119,0.057655186426902365,,,,
heldout,van_der_Waal_2022,1158,17,asr_prior,5,620,620,0.4145941278065631,0.46459412780656306,0.8823529411764706,0.9411764705882353,0.9411764705882353,1158,1.0,1.0,True,1132,0.9775474956822107,1.0,1,1158,0,0,0.0,0.8059973044363119,0.059839479833384134,,,,
heldout,van_der_Waal_2022,1158,17,asr_prior,6,621,621,0.4137305699481865,0.4637305699481865,0.8823529411764706,0.9411764705882353,0.9411764705882353,1158,1.0,1.0,True,1132,0.9775474956822107,1.0,1,1158,0,0,0.0,0.8050800340082239,0.059636289749060246,,,,
heldout,van_der_Waal_2022,1158,17,asr_prior,7,620,620,0.4145941278065631,0.46459412780656306,0.8823529411764706,0.9411764705882353,0.9411764705882353,1158,1.0,1.0,True,1132,0.9775474956822107,1.0,1,1158,0,0,0.0,0.8059973044363119,0.059331504622574416,,,,
heldout,van_der_Waal_2022,1158,17,asr_prior,8,621,621,0.4137305699481865,0.4637305699481865,0.8823529411764706,0.9411764705882353,0.9411764705882353,1158,1.0,1.0,True,1132,0.9775474956822107,1.0,1,1158,0,0,0.0,0.8055931321539653,0.059331504622574416,,,,
heldout,van_der_Waal_2022,1158,17,asr_prior,9,336,336,0.6598445595854923,0.7098445595854923,0.058823529411764705,0.9411764705882353,1.0,156,0.13471502590673576,0.058823529411764705,True,1117,0.9645941278065631,1.0,1,1158,0,0,0.0,0.9852804058686415,0.1704764807477395,,,,
heldout,van_der_Waal_2022,1158,17,asr_jevblend_3,0,112,112,0.8532815198618307,0.9032815198618307,1.0,1.0,1.0,1028,0.8877374784110535,1.0,True,1106,0.9550949913644214,1.0,1,1158,0,0,0.0,0.9972850723323727,0.019760235700497817,,,,
heldout,van_der_Waal_2022,1158,17,jev_only,0,62,62,0.8964594127806562,0.9464594127806563,1.0,1.0,1.0,569,0.4913644214162349,1.0,True,1104,0.9533678756476683,1.0,1,1158,0,0,0.0,0.9998730439821218,0.017423549730773136,1104.0,0.9533678756476683,1.0,True
heldout,van_der_Waal_2022,1158,17,jev_only,1,63,63,0.8955958549222798,0.9455958549222798,1.0,1.0,1.0,579,0.5,1.0,True,1104,0.9533678756476683,1.0,1,1158,0,0,0.0,0.9998518846458089,0.017474347251854108,1104.0,0.9533678756476683,1.0,True
heldout,van_der_Waal_2022,1158,17,jev_only,2,62,62,0.8964594127806562,0.9464594127806563,1.0,1.0,1.0,569,0.4913644214162349,1.0,True,1104,0.9533678756476683,1.0,1,1158,0,0,0.0,0.9998297127009997,0.017321954688611196,1104.0,0.9533678756476683,1.0,True
heldout,van_der_Waal_2022,1158,17,jev_only,3,62,62,0.8964594127806562,0.9464594127806563,1.0,1.0,1.0,569,0.4913644214162349,1.0,True,1104,0.9533678756476683,1.0,1,1158,0,0,0.0,0.9998730439821218,0.017321954688611196,1104.0,0.9533678756476683,1.0,True
heldout,van_der_Waal_2022,1158,17,jev_only,4,62,62,0.8964594127806562,0.9464594127806563,1.0,1.0,1.0,569,0.4913644214162349,1.0,True,1104,0.9533678756476683,1.0,1,1158,0,0,0.0,0.9998297127009997,0.017271157167530225,1104.0,0.9533678756476683,1.0,True
heldout,van_der_Waal_2022,1158,17,jev_only,5,62,62,0.8964594127806562,0.9464594127806563,1.0,1.0,1.0,569,0.4913644214162349,1.0,True,1104,0.9533678756476683,1.0,1,1158,0,0,0.0,0.9998730439821218,0.017423549730773136,1104.0,0.9533678756476683,1.0,True
heldout,van_der_Waal_2022,1158,17,jev_only,6,62,62,0.8964594127806562,0.9464594127806563,1.0,1.0,1.0,569,0.4913644214162349,1.0,True,1104,0.9533678756476683,1.0,1,1158,0,0,0.0,0.9998297127009997,0.017321954688611196,1104.0,0.9533678756476683,1.0,True
heldout,van_der_Waal_2022,1158,17,jev_only,7,62,62,0.8964594127806562,0.9464594127806563,1.0,1.0,1.0,569,0.4913644214162349,1.0,True,1104,0.9533678756476683,1.0,1,1158,0,0,0.0,0.9998730439821218,0.01752514477293508,1104.0,0.9533678756476683,1.0,True
heldout,van_der_Waal_2022,1158,17,jev_only,8,64,64,0.8947322970639032,0.9447322970639033,1.0,1.0,1.0,588,0.5077720207253886,1.0,True,1104,0.9533678756476683,1.0,1,1158,0,0,0.0,0.9998050349718517,0.01752514477293508,1104.0,0.9533678756476683,1.0,True
heldout,van_der_Waal_2022,1158,17,jev_only,9,62,62,0.8964594127806562,0.9464594127806563,1.0,1.0,1.0,569,0.4913644214162349,1.0,True,1104,0.9533678756476683,1.0,1,1158,0,0,0.0,0.9998297127009997,0.017220359646449253,1104.0,0.9533678756476683,1.0,True
clef,CD000996,281,6,asr_prior,0,10,10,0.9144128113879003,0.9644128113879004,1.0,1.0,1.0,260,0.9252669039145908,1.0,True,268,0.9537366548042705,1.0,1,281,0,0,0.0,0.9999988332835048,0.020166073546856466,,,,
clef,CD000996,281,6,asr_prior,1,10,10,0.9144128113879003,0.9644128113879004,1.0,1.0,1.0,260,0.9252669039145908,1.0,True,268,0.9537366548042705,1.0,1,281,0,0,0.0,0.9999997051038271,0.021352313167259787,,,,
clef,CD000996,281,6,asr_prior,2,11,11,0.9108540925266904,0.9608540925266904,1.0,1.0,1.0,281,1.0,1.0,True,268,0.9537366548042705,1.0,1,281,0,0,0.0,0.9999728673757325,0.021352313167259787,,,,
clef,CD000996,281,6,asr_prior,3,10,10,0.9144128113879003,0.9644128113879004,1.0,1.0,1.0,260,0.9252669039145908,1.0,True,268,0.9537366548042705,1.0,1,281,0,0,0.0,0.9999997051038271,0.022538552787663108,,,,
clef,CD000996,281,6,asr_prior,4,10,10,0.9144128113879003,0.9644128113879004,1.0,1.0,1.0,260,0.9252669039145908,1.0,True,268,0.9537366548042705,1.0,1,281,0,0,0.0,0.9999730661495367,0.018386714116251483,,,,
clef,CD000996,281,6,asr_prior,5,10,10,0.9144128113879003,0.9644128113879004,1.0,1.0,1.0,260,0.9252669039145908,1.0,True,268,0.9537366548042705,1.0,1,281,0,0,0.0,0.9999988332835048,0.020166073546856466,,,,
clef,CD000996,281,6,asr_prior,6,10,10,0.9144128113879003,0.9644128113879004,1.0,1.0,1.0,260,0.9252669039145908,1.0,True,268,0.9537366548042705,1.0,1,281,0,0,0.0,0.9999730661495367,0.018386714116251483,,,,
clef,CD000996,281,6,asr_prior,7,11,11,0.9108540925266904,0.9608540925266904,1.0,1.0,1.0,281,1.0,1.0,True,268,0.9537366548042705,1.0,1,281,0,0,0.0,0.9999988204153082,0.02372479240806643,,,,
clef,CD000996,281,6,asr_prior,8,10,10,0.9144128113879003,0.9644128113879004,1.0,1.0,1.0,260,0.9252669039145908,1.0,True,268,0.9537366548042705,1.0,1,281,0,0,0.0,0.9999730661495367,0.018386714116251483,,,,
clef,CD000996,281,6,asr_prior,9,11,11,0.9108540925266904,0.9608540925266904,1.0,1.0,1.0,281,1.0,1.0,True,268,0.9537366548042705,1.0,1,281,0,0,0.0,0.999997083208762,0.021352313167259787,,,,
clef,CD000996,281,6,asr_jevblend_3,0,7,7,0.9250889679715302,0.9750889679715302,1.0,1.0,1.0,182,0.6476868327402135,1.0,True,268,0.9537366548042705,1.0,1,281,0,0,0.0,0.9999736495388669,0.013048635824436536,,,,
clef,CD000996,281,6,jev_only,0,8,8,0.9215302491103202,0.9715302491103203,1.0,1.0,1.0,208,0.7402135231316725,1.0,True,268,0.9537366548042705,1.0,1,281,0,0,0.0,0.9999209486166007,0.013641755634638198,268.0,0.9537366548042705,1.0,True
clef,CD000996,281,6,jev_only,1,8,8,0.9215302491103202,0.9715302491103203,1.0,1.0,1.0,208,0.7402135231316725,1.0,True,268,0.9537366548042705,1.0,1,281,0,0,0.0,0.9999209486166007,0.013641755634638198,268.0,0.9537366548042705,1.0,True
clef,CD000996,281,6,jev_only,2,8,8,0.9215302491103202,0.9715302491103203,1.0,1.0,1.0,208,0.7402135231316725,1.0,True,268,0.9537366548042705,1.0,1,281,0,0,0.0,0.9999209486166007,0.013641755634638198,268.0,0.9537366548042705,1.0,True
clef,CD000996,281,6,jev_only,3,8,8,0.9215302491103202,0.9715302491103203,1.0,1.0,1.0,208,0.7402135231316725,1.0,True,268,0.9537366548042705,1.0,1,281,0,0,0.0,0.9999209486166007,0.013641755634638198,268.0,0.9537366548042705,1.0,True
clef,CD000996,281,6,jev_only,4,8,8,0.9215302491103202,0.9715302491103203,1.0,1.0,1.0,208,0.7402135231316725,1.0,True,268,0.9537366548042705,1.0,1,281,0,0,0.0,0.9999209486166007,0.013641755634638198,268.0,0.9537366548042705,1.0,True
clef,CD000996,281,6,jev_only,5,8,8,0.9215302491103202,0.9715302491103203,1.0,1.0,1.0,208,0.7402135231316725,1.0,True,268,0.9537366548042705,1.0,1,281,0,0,0.0,0.9999209486166007,0.013641755634638198,268.0,0.9537366548042705,1.0,True
clef,CD000996,281,6,jev_only,6,8,8,0.9215302491103202,0.9715302491103203,1.0,1.0,1.0,208,0.7402135231316725,1.0,True,268,0.9537366548042705,1.0,1,281,0,0,0.0,0.9999209486166007,0.013641755634638198,268.0,0.9537366548042705,1.0,True
clef,CD000996,281,6,jev_only,7,8,8,0.9215302491103202,0.9715302491103203,1.0,1.0,1.0,208,0.7402135231316725,1.0,True,268,0.9537366548042705,1.0,1,281,0,0,0.0,0.9999209486166007,0.013641755634638198,268.0,0.9537366548042705,1.0,True
clef,CD000996,281,6,jev_only,8,8,8,0.9215302491103202,0.9715302491103203,1.0,1.0,1.0,208,0.7402135231316725,1.0,True,268,0.9537366548042705,1.0,1,281,0,0,0.0,0.9999209486166007,0.013641755634638198,268.0,0.9537366548042705,1.0,True
clef,CD000996,281,6,jev_only,9,8,8,0.9215302491103202,0.9715302491103203,1.0,1.0,1.0,208,0.7402135231316725,1.0,True,268,0.9537366548042705,1.0,1,281,0,0,0.0,0.9999209486166007,0.013641755634638198,268.0,0.9537366548042705,1.0,True
clef,CD001261,571,22,asr_prior,0,61,62,0.843169877408056,0.8914185639229422,0.9090909090909091,1.0,1.0,440,0.7705779334500875,1.0,True,457,0.8003502626970228,1.0,1,571,1,0,0.0,0.9980382110551711,0.04043942047444674,,,,
clef,CD001261,571,22,asr_prior,1,48,58,0.8659369527145359,0.8984238178633975,0.9545454545454546,1.0,1.0,412,0.7215411558669002,1.0,True,456,0.7985989492119089,1.0,1,571,1,0,0.0,0.9997851911077646,0.042986785543703235,,,,
clef,CD001261,571,22,asr_prior,2,60,61,0.8449211908931699,0.8931698774080561,0.9090909090909091,1.0,1.0,433,0.7583187390542907,1.0,True,457,0.8003502626970228,1.0,1,571,1,0,0.0,0.9988005960108679,0.04075784110810381,,,,
clef,CD001261,571,22,asr_prior,3,59,60,0.8466725043782837,0.8949211908931699,0.9090909090909091,1.0,1.0,426,0.7460595446584939,1.0,True,457,0.8003502626970228,1.0,1,571,1,0,0.0,0.9985734731775883,0.04035981531603248,,,,
clef,CD001261,571,22,asr_prior,4,61,62,0.843169877408056,0.8914185639229422,0.9090909090909091,1.0,1.0,440,0.7705779334500875,1.0,True,457,0.8003502626970228,1.0,1,571,1,0,0.0,0.9977478726665003,0.039484158573475564,,,,
clef,CD001261,571,22,asr_prior,5,61,62,0.843169877408056,0.8914185639229422,0.9090909090909091,1.0,1.0,440,0.7705779334500875,1.0,True,457,0.8003502626970228,1.0,1,571,1,0,0.0,0.9980382110551711,0.040678235949689535,,,,
clef,CD001261,571,22,asr_prior,6,48,56,0.8659369527145359,0.9019264448336253,1.0,1.0,1.0,398,0.6970227670753065,1.0,True,456,0.7985989492119089,1.0,1,571,1,0,0.0,0.9997851911077646,0.042986785543703235,,,,
clef,CD001261,571,22,asr_prior,7,60,61,0.8449211908931699,0.8931698774080561,0.9090909090909091,1.0,1.0,433,0.7583187390542907,1.0,True,457,0.8003502626970228,1.0,1,571,1,0,0.0,0.9983162856415697,0.04155389269224646,,,,
clef,CD001261,571,22,asr_prior,8,50,54,0.8624343257443082,0.9054290718038529,1.0,1.0,1.0,383,0.670753064798599,1.0,True,456,0.7985989492119089,1.0,1,571,1,0,0.0,0.9994030873801161,0.042907180385288964,,,,
clef,CD001261,571,22,asr_prior,9,50,59,0.8624343257443082,0.8966725043782837,0.9545454545454546,1.0,1.0,419,0.7338003502626971,1.0,True,457,0.8003502626970228,1.0,1,571,1,0,0.0,0.9995500491600807,0.043544021652603085,,,,
clef,CD001261,571,22,asr_jevblend_3,0,36,37,0.8869527145359019,0.9352014010507881,1.0,1.0,1.0,263,0.46059544658493873,1.0,True,452,0.7915936952714536,1.0,1,571,1,0,0.0,0.9999791545067956,0.02595128164305047,,,,
clef,CD001261,571,22,jev_only,0,58,78,0.8484238178633975,0.8633975481611209,0.9090909090909091,1.0,1.0,554,0.9702276707530648,1.0,True,461,0.8073555166374781,1.0,1,571,1,0,0.0,0.9964457033213024,0.03606113676166215,461.0,0.8073555166374781,1.0,True
clef,CD001261,571,22,jev_only,1,58,78,0.8484238178633975,0.8633975481611209,0.9090909090909091,1.0,1.0,554,0.9702276707530648,1.0,True,461,0.8073555166374781,1.0,1,571,1,0,0.0,0.9964457033213024,0.036379557395319215,461.0,0.8073555166374781,1.0,True
clef,CD001261,571,22,jev_only,2,58,79,0.8484238178633975,0.861646234676007,0.9090909090909091,1.0,1.0,561,0.9824868651488616,1.0,True,461,0.8073555166374781,1.0,1,571,1,0,0.0,0.9968038602742261,0.0355039006527623,461.0,0.8073555166374781,1.0,True
clef,CD001261,571,22,jev_only,3,58,77,0.8484238178633975,0.8651488616462346,0.9090909090909091,1.0,1.0,546,0.9562171628721541,1.0,True,461,0.8073555166374781,1.0,1,571,1,0,0.0,0.9952699487899247,0.03542429549434803,461.0,0.8073555166374781,1.0,True
clef,CD001261,571,22,jev_only,4,58,78,0.8484238178633975,0.8633975481611209,0.9090909090909091,1.0,1.0,554,0.9702276707530648,1.0,True,461,0.8073555166374781,1.0,1,571,1,0,0.0,0.9964457033213024,0.035583505811176565,461.0,0.8073555166374781,1.0,True
clef,CD001261,571,22,jev_only,5,58,78,0.8484238178633975,0.8633975481611209,0.9090909090909091,1.0,1.0,554,0.9702276707530648,1.0,True,461,0.8073555166374781,1.0,1,571,1,0,0.0,0.9968038602742261,0.03629995223690495,461.0,0.8073555166374781,1.0,True
clef,CD001261,571,22,jev_only,6,58,77,0.8484238178633975,0.8651488616462346,0.9090909090909091,1.0,1.0,546,0.9562171628721541,1.0,True,461,0.8073555166374781,1.0,1,571,1,0,0.0,0.9964457033213024,0.03510587486069097,461.0,0.8073555166374781,1.0,True
clef,CD001261,571,22,jev_only,7,58,77,0.8484238178633975,0.8651488616462346,0.9090909090909091,1.0,1.0,546,0.9562171628721541,1.0,True,461,0.8073555166374781,1.0,1,571,1,0,0.0,0.9964457033213024,0.03510587486069097,461.0,0.8073555166374781,1.0,True
clef,CD001261,571,22,jev_only,8,58,78,0.8484238178633975,0.8633975481611209,0.9090909090909091,1.0,1.0,554,0.9702276707530648,1.0,True,461,0.8073555166374781,1.0,1,571,1,0,0.0,0.9956784788245462,0.03582232128641936,461.0,0.8073555166374781,1.0,True
clef,CD001261,571,22,jev_only,9,58,79,0.8484238178633975,0.861646234676007,0.9090909090909091,1.0,1.0,561,0.9824868651488616,1.0,True,461,0.8073555166374781,1.0,1,571,1,0,0.0,0.9968038602742261,0.036618372870562015,461.0,0.8073555166374781,1.0,True
clef,CD004414,336,7,asr_prior,0,43,43,0.8220238095238095,0.8720238095238095,0.8571428571428571,1.0,1.0,336,1.0,1.0,True,322,0.9583333333333334,1.0,1,336,0,0,0.0,0.9977790938702998,0.050170068027210885,,,,
clef,CD004414,336,7,asr_prior,1,41,41,0.8279761904761904,0.8779761904761905,0.8571428571428571,1.0,1.0,336,1.0,1.0,True,322,0.9583333333333334,1.0,1,336,0,0,0.0,0.9983501840179371,0.04931972789115647,,,,
clef,CD004414,336,7,asr_prior,2,36,36,0.8428571428571429,0.8928571428571429,0.8571428571428571,1.0,1.0,336,1.0,1.0,True,321,0.9553571428571429,1.0,1,336,0,0,0.0,0.9995529156287922,0.047619047619047616,,,,
clef,CD004414,336,7,asr_prior,3,34,34,0.8488095238095238,0.8988095238095238,0.8571428571428571,1.0,1.0,336,1.0,1.0,True,321,0.9553571428571429,1.0,1,336,0,0,0.0,0.9986569259884823,0.04039115646258503,,,,
clef,CD004414,336,7,asr_prior,4,36,36,0.8428571428571429,0.8928571428571429,0.8571428571428571,1.0,1.0,336,1.0,1.0,True,321,0.9553571428571429,1.0,1,336,0,0,0.0,0.9984025559105426,0.04336734693877551,,,,
clef,CD004414,336,7,asr_prior,5,43,43,0.8220238095238095,0.8720238095238095,0.8571428571428571,1.0,1.0,336,1.0,1.0,True,322,0.9583333333333334,1.0,1,336,0,0,0.0,0.9971604551623331,0.04931972789115647,,,,
clef,CD004414,336,7,asr_prior,6,36,36,0.8428571428571429,0.8928571428571429,0.8571428571428571,1.0,1.0,336,1.0,1.0,True,321,0.9553571428571429,1.0,1,336,0,0,0.0,0.9996396219306436,0.04719387755102041,,,,
clef,CD004414,336,7,asr_prior,7,42,42,0.825,0.875,0.8571428571428571,1.0,1.0,336,1.0,1.0,True,322,0.9583333333333334,1.0,1,336,0,0,0.0,0.9974945192608821,0.04889455782312925,,,,
clef,CD004414,336,7,asr_prior,8,42,42,0.825,0.875,0.8571428571428571,1.0,1.0,336,1.0,1.0,True,322,0.9583333333333334,1.0,1,336,0,0,0.0,0.9961335748153278,0.04549319727891157,,,,
clef,CD004414,336,7,asr_prior,9,43,43,0.8220238095238095,0.8720238095238095,0.8571428571428571,1.0,1.0,336,1.0,1.0,True,322,0.9583333333333334,1.0,1,336,0,0,0.0,0.9961087900385012,0.039965986394557826,,,,
clef,CD004414,336,7,asr_jevblend_3,0,14,14,0.9083333333333333,0.9583333333333334,1.0,1.0,1.0,312,0.9285714285714286,1.0,True,320,0.9523809523809523,1.0,1,336,0,0,0.0,0.9999993008581965,0.026360544217687076,,,,
clef,CD004414,336,7,jev_only,0,19,19,0.8934523809523809,0.9434523809523809,1.0,1.0,1.0,336,1.0,1.0,True,321,0.9553571428571429,1.0,1,336,0,0,0.0,0.9999999593172072,0.033163265306122444,321.0,0.9553571428571429,1.0,True
clef,CD004414,336,7,jev_only,1,19,19,0.8934523809523809,0.9434523809523809,1.0,1.0,1.0,336,1.0,1.0,True,321,0.9553571428571429,1.0,1,336,0,0,0.0,0.9999999593172072,0.034013605442176874,321.0,0.9553571428571429,1.0,True
clef,CD004414,336,7,jev_only,2,19,19,0.8934523809523809,0.9434523809523809,1.0,1.0,1.0,336,1.0,1.0,True,321,0.9553571428571429,1.0,1,336,0,0,0.0,0.9999999593172072,0.03443877551020408,321.0,0.9553571428571429,1.0,True
clef,CD004414,336,7,jev_only,3,19,19,0.8934523809523809,0.9434523809523809,1.0,1.0,1.0,336,1.0,1.0,True,321,0.9553571428571429,1.0,1,336,0,0,0.0,0.9999999593172072,0.034013605442176874,321.0,0.9553571428571429,1.0,True
clef,CD004414,336,7,jev_only,4,19,19,0.8934523809523809,0.9434523809523809,1.0,1.0,1.0,336,1.0,1.0,True,321,0.9553571428571429,1.0,1,336,0,0,0.0,0.9999999593172072,0.03443877551020408,321.0,0.9553571428571429,1.0,True
clef,CD004414,336,7,jev_only,5,19,19,0.8934523809523809,0.9434523809523809,1.0,1.0,1.0,336,1.0,1.0,True,321,0.9553571428571429,1.0,1,336,0,0,0.0,0.9999999593172072,0.033163265306122444,321.0,0.9553571428571429,1.0,True
clef,CD004414,336,7,jev_only,6,19,19,0.8934523809523809,0.9434523809523809,1.0,1.0,1.0,336,1.0,1.0,True,321,0.9553571428571429,1.0,1,336,0,0,0.0,0.9999999593172072,0.034013605442176874,321.0,0.9553571428571429,1.0,True
clef,CD004414,336,7,jev_only,7,19,19,0.8934523809523809,0.9434523809523809,1.0,1.0,1.0,336,1.0,1.0,True,321,0.9553571428571429,1.0,1,336,0,0,0.0,0.9999999593172072,0.03358843537414966,321.0,0.9553571428571429,1.0,True
clef,CD004414,336,7,jev_only,8,19,19,0.8934523809523809,0.9434523809523809,1.0,1.0,1.0,336,1.0,1.0,True,321,0.9553571428571429,1.0,1,336,0,0,0.0,0.9999999593172072,0.03358843537414966,321.0,0.9553571428571429,1.0,True
clef,CD004414,336,7,jev_only,9,19,19,0.8934523809523809,0.9434523809523809,1.0,1.0,1.0,336,1.0,1.0,True,321,0.9553571428571429,1.0,1,336,0,0,0.0,0.9999999593172072,0.034013605442176874,321.0,0.9553571428571429,1.0,True
clef,CD006468,3874,12,asr_prior,0,40,40,0.9396747547754258,0.9896747547754259,1.0,1.0,1.0,522,0.13474445018069178,1.0,True,3683,0.9506969540526587,1.0,1,3874,0,0,0.0,0.9999816542844328,0.004323696437790398,,,,
clef,CD006468,3874,12,asr_prior,1,77,77,0.9301239029426949,0.9801239029426949,1.0,1.0,1.0,1002,0.2586473928755808,1.0,True,3685,0.9512132163138874,1.0,1,3874,0,0,0.0,0.9999142160133374,0.004969024264326278,,,,
clef,CD006468,3874,12,asr_prior,2,86,86,0.9278007227671656,0.9778007227671657,1.0,1.0,1.0,1119,0.28884873515746,1.0,True,3685,0.9512132163138874,1.0,1,3874,0,0,0.0,0.9998711206076787,0.006130614352090862,,,,
clef,CD006468,3874,12,asr_prior,3,81,81,0.9290913784202375,0.9790913784202375,1.0,1.0,1.0,1056,0.2725864739287558,1.0,True,3685,0.9512132163138874,1.0,1,3874,0,0,0.0,0.9998884028971152,0.0053347100326966105,,,,
clef,CD006468,3874,12,asr_prior,4,78,78,0.9298657718120805,0.9798657718120806,1.0,1.0,1.0,1014,0.26174496644295303,1.0,True,3685,0.9512132163138874,1.0,1,3874,0,0,0.0,0.9999043258983804,0.004818447771467906,,,,
clef,CD006468,3874,12,asr_prior,5,82,82,0.9288332472896231,0.9788332472896232,1.0,1.0,1.0,1068,0.275684047496128,1.0,True,3685,0.9512132163138874,1.0,1,3874,0,0,0.0,0.9998594361720033,0.004969024264326278,,,,
clef,CD006468,3874,12,asr_prior,6,79,79,0.9296076406814662,0.9796076406814662,1.0,1.0,1.0,1029,0.2656169334021683,1.0,True,3685,0.9512132163138874,1.0,1,3874,0,0,0.0,0.99989915432532,0.005119600757184649,,,,
clef,CD006468,3874,12,asr_prior,7,80,80,0.9293495095508518,0.9793495095508519,1.0,1.0,1.0,1041,0.2687145069695405,1.0,True,3685,0.9512132163138874,1.0,1,3874,0,0,0.0,0.9998772992130026,0.004861469626570298,,,,
clef,CD006468,3874,12,asr_prior,8,81,81,0.9290913784202375,0.9790913784202375,1.0,1.0,1.0,1056,0.2725864739287558,1.0,True,3685,0.9512132163138874,1.0,1,3874,0,0,0.0,0.999877235223022,0.00490449148167269,,,,
clef,CD006468,3874,12,asr_prior,9,74,74,0.9308982963345379,0.980898296334538,1.0,1.0,1.0,963,0.24858027878162106,1.0,True,3685,0.9512132163138874,1.0,1,3874,0,0,0.0,0.9999095030740418,0.004861469626570298,,,,
clef,CD006468,3874,12,asr_jevblend_3,0,22,22,0.9443211151264842,0.9943211151264842,1.0,1.0,1.0,288,0.0743417656169334,1.0,True,3682,0.9504388229220444,1.0,1,3874,0,0,0.0,0.9999986552444927,0.002065049044914817,,,,
clef,CD006468,3874,12,jev_only,0,38,38,0.9401910170366545,0.9901910170366546,1.0,1.0,1.0,495,0.1277749096541043,1.0,True,3683,0.9506969540526587,1.0,1,3874,0,0,0.0,0.9999894672536918,0.002602822233694717,3683.0,0.9506969540526587,1.0,True
clef,CD006468,3874,12,jev_only,1,38,38,0.9401910170366545,0.9901910170366546,1.0,1.0,1.0,495,0.1277749096541043,1.0,True,3683,0.9506969540526587,1.0,1,3874,0,0,0.0,0.9999894672536918,0.002581311306143521,3683.0,0.9506969540526587,1.0,True
clef,CD006468,3874,12,jev_only,2,37,37,0.9404491481672689,0.9904491481672689,1.0,1.0,1.0,483,0.12467733608673207,1.0,True,3683,0.9506969540526587,1.0,1,3874,0,0,0.0,0.9999910876762007,0.002581311306143521,3683.0,0.9506969540526587,1.0,True
clef,CD006468,3874,12,jev_only,3,38,38,0.9401910170366545,0.9901910170366546,1.0,1.0,1.0,495,0.1277749096541043,1.0,True,3683,0.9506969540526587,1.0,1,3874,0,0,0.0,0.9999894672536918,0.002581311306143521,3683.0,0.9506969540526587,1.0,True
clef,CD006468,3874,12,jev_only,4,37,37,0.9404491481672689,0.9904491481672689,1.0,1.0,1.0,483,0.12467733608673207,1.0,True,3683,0.9506969540526587,1.0,1,3874,0,0,0.0,0.9999910876762007,0.002602822233694717,3683.0,0.9506969540526587,1.0,True
clef,CD006468,3874,12,jev_only,5,38,38,0.9401910170366545,0.9901910170366546,1.0,1.0,1.0,495,0.1277749096541043,1.0,True,3683,0.9506969540526587,1.0,1,3874,0,0,0.0,0.9999894672536918,0.002624333161245913,3683.0,0.9506969540526587,1.0,True
clef,CD006468,3874,12,jev_only,6,37,37,0.9404491481672689,0.9904491481672689,1.0,1.0,1.0,483,0.12467733608673207,1.0,True,3683,0.9506969540526587,1.0,1,3874,0,0,0.0,0.9999910876762007,0.0025598003785923247,3683.0,0.9506969540526587,1.0,True
clef,CD006468,3874,12,jev_only,7,38,38,0.9401910170366545,0.9901910170366546,1.0,1.0,1.0,495,0.1277749096541043,1.0,True,3683,0.9506969540526587,1.0,1,3874,0,0,0.0,0.9999894672536918,0.002624333161245913,3683.0,0.9506969540526587,1.0,True
clef,CD006468,3874,12,jev_only,8,37,37,0.9404491481672689,0.9904491481672689,1.0,1.0,1.0,483,0.12467733608673207,1.0,True,3683,0.9506969540526587,1.0,1,3874,0,0,0.0,0.9999910876762007,0.002602822233694717,3683.0,0.9506969540526587,1.0,True
clef,CD006468,3874,12,jev_only,9,38,38,0.9401910170366545,0.9901910170366546,1.0,1.0,1.0,495,0.1277749096541043,1.0,True,3683,0.9506969540526587,1.0,1,3874,0,0,0.0,0.9999894672536918,0.002602822233694717,3683.0,0.9506969540526587,1.0,True
clef,CD007867,943,9,asr_prior,0,218,218,0.7188229056203606,0.7688229056203606,0.8888888888888888,0.8888888888888888,1.0,943,1.0,1.0,True,907,0.9618239660657476,1.0,1,943,0,0,0.0,0.9694698624705691,0.04972310592671144,,,,
clef,CD007867,943,9,asr_prior,1,95,95,0.8492576882290561,0.8992576882290562,0.8888888888888888,1.0,1.0,943,1.0,1.0,True,901,0.9554612937433722,1.0,1,943,0,0,0.0,0.9988701386742433,0.05431836927064923,,,,
clef,CD007867,943,9,asr_prior,2,219,219,0.7177624602332979,0.767762460233298,0.8888888888888888,0.8888888888888888,1.0,943,1.0,1.0,True,907,0.9618239660657476,1.0,1,943,0,0,0.0,0.9684088329377778,0.044420878991398606,,,,
clef,CD007867,943,9,asr_prior,3,217,217,0.7198833510074231,0.7698833510074231,0.8888888888888888,0.8888888888888888,1.0,943,1.0,1.0,True,907,0.9618239660657476,1.0,1,943,0,0,0.0,0.9685518601551445,0.04418522446094026,,,,
clef,CD007867,943,9,asr_prior,4,91,91,0.8534994697773064,0.9034994697773064,1.0,1.0,1.0,943,1.0,1.0,True,901,0.9554612937433722,1.0,1,943,0,0,0.0,0.9994482802105993,0.05537881465771179,,,,
clef,CD007867,943,9,asr_prior,5,218,218,0.7188229056203606,0.7688229056203606,0.8888888888888888,0.8888888888888888,1.0,943,1.0,1.0,True,907,0.9618239660657476,1.0,1,943,0,0,0.0,0.9694698624705691,0.04995876045716979,,,,
clef,CD007867,943,9,asr_prior,6,90,90,0.854559915164369,0.9045599151643691,1.0,1.0,1.0,943,1.0,1.0,True,901,0.9554612937433722,1.0,1,943,0,0,0.0,0.999281485762484,0.051372687639919874,,,,
clef,CD007867,943,9,asr_prior,7,217,217,0.7198833510074231,0.7698833510074231,0.8888888888888888,0.8888888888888888,1.0,943,1.0,1.0,True,907,0.9618239660657476,1.0,1,943,0,0,0.0,0.970192440058888,0.04925179686579474,,,,
clef,CD007867,943,9,asr_prior,8,217,217,0.7198833510074231,0.7698833510074231,0.8888888888888888,0.8888888888888888,1.0,943,1.0,1.0,True,907,0.9618239660657476,1.0,1,943,0,0,0.0,0.9724454649827668,0.05054789678331566,,,,
clef,CD007867,943,9,asr_prior,9,88,88,0.8566808059384942,0.9066808059384942,1.0,1.0,1.0,943,1.0,1.0,True,901,0.9554612937433722,1.0,1,943,0,0,0.0,0.9993986348229486,0.051490514905149054,,,,
clef,CD007867,943,9,asr_jevblend_3,0,38,38,0.9097030752916224,0.9597030752916225,1.0,1.0,1.0,659,0.6988335100742312,1.0,True,898,0.9522799575821845,1.0,1,943,0,0,0.0,0.9995989925567392,0.011311417462000706,,,,
clef,CD007867,943,9,jev_only,0,54,54,0.8927359490986214,0.9427359490986215,1.0,1.0,1.0,936,0.9925768822905621,1.0,True,899,0.953340402969247,1.0,1,943,0,0,0.0,0.9987564210362695,0.01402144456227171,899.0,0.953340402969247,1.0,True
clef,CD007867,943,9,jev_only,1,56,56,0.8906150583244963,0.9406150583244963,1.0,1.0,1.0,943,1.0,1.0,True,899,0.953340402969247,1.0,1,943,0,0,0.0,0.9985986184026143,0.014257099092730059,899.0,0.953340402969247,1.0,True
clef,CD007867,943,9,jev_only,2,55,55,0.8916755037115588,0.9416755037115588,1.0,1.0,1.0,943,1.0,1.0,True,899,0.953340402969247,1.0,1,943,0,0,0.0,0.9986786973510364,0.014139271827500884,899.0,0.953340402969247,1.0,True
clef,CD007867,943,9,jev_only,3,54,54,0.8927359490986214,0.9427359490986215,1.0,1.0,1.0,936,0.9925768822905621,1.0,True,899,0.953340402969247,1.0,1,943,0,0,0.0,0.9987564210362695,0.01402144456227171,899.0,0.953340402969247,1.0,True
clef,CD007867,943,9,jev_only,4,58,58,0.8884941675503711,0.9384941675503712,1.0,1.0,1.0,943,1.0,1.0,True,899,0.953340402969247,1.0,1,943,0,0,0.0,0.9984313947162036,0.014492753623188406,899.0,0.953340402969247,1.0,True
clef,CD007867,943,9,jev_only,5,57,57,0.8895546129374337,0.9395546129374337,1.0,1.0,1.0,943,1.0,1.0,True,899,0.953340402969247,1.0,1,943,0,0,0.0,0.9985161841910033,0.014374926357959231,899.0,0.953340402969247,1.0,True
clef,CD007867,943,9,jev_only,6,55,55,0.8916755037115588,0.9416755037115588,1.0,1.0,1.0,943,1.0,1.0,True,899,0.953340402969247,1.0,1,943,0,0,0.0,0.9986786973510364,0.014139271827500884,899.0,0.953340402969247,1.0,True
clef,CD007867,943,9,jev_only,7,59,59,0.8874337221633085,0.9374337221633086,1.0,1.0,1.0,943,1.0,1.0,True,899,0.953340402969247,1.0,1,943,0,0,0.0,0.9983442499782148,0.01461058088841758,899.0,0.953340402969247,1.0,True
clef,CD007867,943,9,jev_only,8,54,54,0.8927359490986214,0.9427359490986215,1.0,1.0,1.0,936,0.9925768822905621,1.0,True,899,0.953340402969247,1.0,1,943,0,0,0.0,0.9987564210362695,0.01402144456227171,899.0,0.953340402969247,1.0,True
clef,CD007867,943,9,jev_only,9,56,56,0.8906150583244963,0.9406150583244963,1.0,1.0,1.0,943,1.0,1.0,True,899,0.953340402969247,1.0,1,943,0,0,0.0,0.9985986184026143,0.014257099092730059,899.0,0.953340402969247,1.0,True
clef,CD008874,2382,110,asr_prior,0,321,915,0.8152392947103274,0.6158690176322419,0.8727272727272727,0.9818181818181818,0.9818181818181818,1156,0.48530646515533166,1.0,True,1491,0.6259445843828715,1.0,1,2382,15,0,0.0,0.9996509284336799,0.05380123654682849,,,,
clef,CD008874,2382,110,asr_prior,1,323,915,0.8143996641477749,0.6158690176322419,0.8727272727272727,0.9818181818181818,0.9818181818181818,1174,0.49286314021830396,1.0,True,1491,0.6259445843828715,1.0,1,2382,15,0,0.0,0.9992499868902839,0.05453400503778338,,,,
clef,CD008874,2382,110,asr_prior,2,322,915,0.8148194794290512,0.6158690176322419,0.8727272727272727,0.9818181818181818,0.9818181818181818,1090,0.45759865659109994,1.0,True,1491,0.6259445843828715,1.0,1,2382,15,0,0.0,0.9997275373241533,0.05524005801083887,,,,
clef,CD008874,2382,110,asr_prior,3,329,914,0.8118807724601175,0.6162888329135181,0.8636363636363636,0.9818181818181818,0.9818181818181818,1302,0.5465994962216625,1.0,True,1490,0.6255247691015953,1.0,1,2382,15,0,0.0,0.9986982225308006,0.05346920082436455,,,,
clef,CD008874,2382,110,asr_prior,4,320,910,0.8156591099916036,0.617968094038623,0.8636363636363636,0.9818181818181818,0.9818181818181818,1162,0.4878253568429891,1.0,True,1488,0.6246851385390428,1.0,1,2382,15,0,0.0,0.9997280611427449,0.05451492252499809,,,,
clef,CD008874,2382,110,asr_prior,5,323,919,0.8143996641477749,0.6141897565071368,0.8727272727272727,0.9818181818181818,0.9818181818181818,1230,0.5163727959697733,1.0,True,1494,0.6272040302267002,1.0,1,2382,15,0,0.0,0.9994684161216925,0.05398061216701016,,,,
clef,CD008874,2382,110,asr_prior,6,329,932,0.8118807724601175,0.6087321578505458,0.8636363636363636,0.9818181818181818,0.9818181818181818,1388,0.5827036104114189,1.0,True,1501,0.630142737195634,1.0,1,2382,15,0,0.0,0.9986982225308006,0.05427066636134647,,,,
clef,CD008874,2382,110,asr_prior,7,320,915,0.8156591099916036,0.6158690176322419,0.8636363636363636,0.9818181818181818,0.9818181818181818,1318,0.5533165407220823,1.0,True,1491,0.6259445843828715,1.0,1,2382,15,0,0.0,0.9995652000109625,0.05456835356079688,,,,
clef,CD008874,2382,110,asr_prior,8,321,915,0.8152392947103274,0.6158690176322419,0.8727272727272727,0.9818181818181818,0.9818181818181818,1102,0.4626364399664148,1.0,True,1491,0.6259445843828715,1.0,1,2382,15,0,0.0,0.9999410659749141,0.05531638806198,,,,
clef,CD008874,2382,110,asr_prior,9,324,922,0.8139798488664987,0.6129303106633082,0.8727272727272727,0.9818181818181818,0.9818181818181818,1412,0.5927791771620488,1.0,True,1495,0.6276238455079765,1.0,1,2382,15,0,0.0,0.9991263962260627,0.05649187084955347,,,,
clef,CD008874,2382,110,asr_jevblend_3,0,332,526,0.8106213266162888,0.7791771620486986,0.8636363636363636,0.990909090909091,1.0,1184,0.49706129303106633,1.0,True,1255,0.5268681780016793,1.0,1,2382,15,0,0.0,0.9991196755558513,0.04970612930310664,,,,
clef,CD008874,2382,110,jev_only,0,403,579,0.7808144416456759,0.756926952141058,0.8,0.9727272727272728,1.0,1634,0.6859781696053736,1.0,True,1287,0.5403022670025189,1.0,1,2382,15,0,0.0,0.9994323048448807,0.05765972063201282,1287.0,0.5403022670025189,1.0,True
clef,CD008874,2382,110,jev_only,1,416,605,0.7753568429890847,0.7460117548278757,0.8,0.9818181818181818,1.0,1652,0.6935348446683459,1.0,True,1303,0.5470193115029387,1.0,1,2382,15,0,0.0,0.9969404221315242,0.05798030684680558,1303.0,0.5470193115029387,1.0,True
clef,CD008874,2382,110,jev_only,2,406,593,0.7795549958018472,0.7510495382031905,0.7909090909090909,0.9727272727272728,1.0,1638,0.6876574307304786,1.0,True,1296,0.5440806045340051,1.0,1,2382,15,0,0.0,0.9985969819199929,0.057926875811006785,1296.0,0.5440806045340051,1.0,True
clef,CD008874,2382,110,jev_only,3,406,608,0.7795549958018472,0.7447523089840471,0.8,0.9727272727272728,1.0,1628,0.6834592779177162,1.0,True,1305,0.5478589420654912,1.0,1,2382,15,0,0.0,0.9984258130171421,0.057804747729180976,1305.0,0.5478589420654912,1.0,True
clef,CD008874,2382,110,jev_only,4,416,586,0.7753568429890847,0.7539882451721243,0.7909090909090909,0.9818181818181818,1.0,1634,0.6859781696053736,1.0,True,1291,0.5419815281276238,1.0,1,2382,15,0,0.0,0.9969404221315242,0.057823830241966266,1291.0,0.5419815281276238,1.0,True
clef,CD008874,2382,110,jev_only,5,415,612,0.775776658270361,0.743073047858942,0.8,0.9818181818181818,1.0,1642,0.6893366918555835,1.0,True,1307,0.5486985726280437,1.0,1,2382,15,0,0.0,0.998038136304695,0.057770399206167465,1307.0,0.5486985726280437,1.0,True
clef,CD008874,2382,110,jev_only,6,399,622,0.7824937027707808,0.7388748950461796,0.8,0.9727272727272728,1.0,1652,0.6935348446683459,1.0,True,1313,0.5512174643157011,1.0,1,2382,15,0,0.0,0.9995302788345372,0.05786962827265094,1313.0,0.5512174643157011,1.0,True
clef,CD008874,2382,110,jev_only,7,412,588,0.7770361041141898,0.7531486146095718,0.7909090909090909,0.9727272727272728,1.0,1624,0.6817800167926112,1.0,True,1293,0.5428211586901763,1.0,1,2382,15,0,0.0,0.9984164227761637,0.057839096252194494,1293.0,0.5428211586901763,1.0,True
clef,CD008874,2382,110,jev_only,8,404,636,0.7803946263643996,0.7329974811083124,0.8,0.9727272727272728,1.0,1652,0.6935348446683459,1.0,True,1322,0.5549958018471872,1.0,1,2382,15,0,0.0,0.9987611911112974,0.05800702236470499,1322.0,0.5549958018471872,1.0,True
clef,CD008874,2382,110,jev_only,9,403,633,0.7808144416456759,0.7342569269521411,0.8,0.9727272727272728,1.0,1648,0.691855583543241,1.0,True,1320,0.5541561712846348,1.0,1,2382,15,0,0.0,0.9995338523763022,0.058113884436302575,1320.0,0.5541561712846348,1.0,True
clef,CD009044,3169,1,asr_prior,0,1,1,0.9496844430419691,0.9996844430419691,1.0,1.0,1.0,156,0.049226885452824234,1.0,True,3011,0.9501420006311139,1.0,1,3169,0,0,0.0,1.0,0.0003155569580309246,,,,
clef,CD009044,3169,1,asr_prior,1,1,1,0.9496844430419691,0.9996844430419691,1.0,1.0,1.0,156,0.049226885452824234,1.0,True,3011,0.9501420006311139,1.0,1,3169,0,0,0.0,1.0,0.0003155569580309246,,,,
clef,CD009044,3169,1,asr_prior,2,1,1,0.9496844430419691,0.9996844430419691,1.0,1.0,1.0,156,0.049226885452824234,1.0,True,3011,0.9501420006311139,1.0,1,3169,0,0,0.0,1.0,0.0003155569580309246,,,,
clef,CD009044,3169,1,asr_prior,3,1,1,0.9496844430419691,0.9996844430419691,1.0,1.0,1.0,156,0.049226885452824234,1.0,True,3011,0.9501420006311139,1.0,1,3169,0,0,0.0,1.0,0.0003155569580309246,,,,
clef,CD009044,3169,1,asr_prior,4,1,1,0.9496844430419691,0.9996844430419691,1.0,1.0,1.0,156,0.049226885452824234,1.0,True,3011,0.9501420006311139,1.0,1,3169,0,0,0.0,1.0,0.0003155569580309246,,,,
clef,CD009044,3169,1,asr_prior,5,1,1,0.9496844430419691,0.9996844430419691,1.0,1.0,1.0,156,0.049226885452824234,1.0,True,3011,0.9501420006311139,1.0,1,3169,0,0,0.0,1.0,0.0003155569580309246,,,,
clef,CD009044,3169,1,asr_prior,6,1,1,0.9496844430419691,0.9996844430419691,1.0,1.0,1.0,156,0.049226885452824234,1.0,True,3011,0.9501420006311139,1.0,1,3169,0,0,0.0,1.0,0.0003155569580309246,,,,
clef,CD009044,3169,1,asr_prior,7,1,1,0.9496844430419691,0.9996844430419691,1.0,1.0,1.0,156,0.049226885452824234,1.0,True,3011,0.9501420006311139,1.0,1,3169,0,0,0.0,1.0,0.0003155569580309246,,,,
clef,CD009044,3169,1,asr_prior,8,1,1,0.9496844430419691,0.9996844430419691,1.0,1.0,1.0,156,0.049226885452824234,1.0,True,3011,0.9501420006311139,1.0,1,3169,0,0,0.0,1.0,0.0003155569580309246,,,,
clef,CD009044,3169,1,asr_prior,9,1,1,0.9496844430419691,0.9996844430419691,1.0,1.0,1.0,156,0.049226885452824234,1.0,True,3011,0.9501420006311139,1.0,1,3169,0,0,0.0,1.0,0.0003155569580309246,,,,
clef,CD009044,3169,1,asr_jevblend_3,0,45,45,0.9357999368886083,0.9857999368886083,1.0,1.0,1.0,3169,1.0,1.0,True,3013,0.9507731145471757,1.0,1,3169,0,0,0.0,0.9998027769012315,0.014200063111391607,,,,
clef,CD009044,3169,1,jev_only,0,43,43,0.9364310508046702,0.9864310508046702,1.0,1.0,1.0,3169,1.0,1.0,True,3013,0.9507731145471757,1.0,1,3169,0,0,0.0,0.999820108628093,0.013568949195329758,3013.0,0.9507731145471757,1.0,True
clef,CD009044,3169,1,jev_only,1,45,45,0.9357999368886083,0.9857999368886083,1.0,1.0,1.0,3169,1.0,1.0,True,3013,0.9507731145471757,1.0,1,3169,0,0,0.0,0.9998027769012315,0.014200063111391607,3013.0,0.9507731145471757,1.0,True
clef,CD009044,3169,1,jev_only,2,43,43,0.9364310508046702,0.9864310508046702,1.0,1.0,1.0,3169,1.0,1.0,True,3013,0.9507731145471757,1.0,1,3169,0,0,0.0,0.999820108628093,0.013568949195329758,3013.0,0.9507731145471757,1.0,True
clef,CD009044,3169,1,jev_only,3,44,44,0.9361154938466393,0.9861154938466393,1.0,1.0,1.0,3169,1.0,1.0,True,3013,0.9507731145471757,1.0,1,3169,0,0,0.0,0.9998115423722879,0.013884506153360681,3013.0,0.9507731145471757,1.0,True
clef,CD009044,3169,1,jev_only,4,45,45,0.9357999368886083,0.9857999368886083,1.0,1.0,1.0,3169,1.0,1.0,True,3013,0.9507731145471757,1.0,1,3169,0,0,0.0,0.9998027769012315,0.014200063111391607,3013.0,0.9507731145471757,1.0,True
clef,CD009044,3169,1,jev_only,5,44,44,0.9361154938466393,0.9861154938466393,1.0,1.0,1.0,3169,1.0,1.0,True,3013,0.9507731145471757,1.0,1,3169,0,0,0.0,0.9998115423722879,0.013884506153360681,3013.0,0.9507731145471757,1.0,True
clef,CD009044,3169,1,jev_only,6,43,43,0.9364310508046702,0.9864310508046702,1.0,1.0,1.0,3169,1.0,1.0,True,3013,0.9507731145471757,1.0,1,3169,0,0,0.0,0.999820108628093,0.013568949195329758,3013.0,0.9507731145471757,1.0,True
clef,CD009044,3169,1,jev_only,7,45,45,0.9357999368886083,0.9857999368886083,1.0,1.0,1.0,3169,1.0,1.0,True,3013,0.9507731145471757,1.0,1,3169,0,0,0.0,0.9998027769012315,0.014200063111391607,3013.0,0.9507731145471757,1.0,True
clef,CD009044,3169,1,jev_only,8,44,44,0.9361154938466393,0.9861154938466393,1.0,1.0,1.0,3169,1.0,1.0,True,3013,0.9507731145471757,1.0,1,3169,0,0,0.0,0.9998115423722879,0.013884506153360681,3013.0,0.9507731145471757,1.0,True
clef,CD009044,3169,1,jev_only,9,45,45,0.9357999368886083,0.9857999368886083,1.0,1.0,1.0,3169,1.0,1.0,True,3013,0.9507731145471757,1.0,1,3169,0,0,0.0,0.9998027769012315,0.014200063111391607,3013.0,0.9507731145471757,1.0,True
clef,CD009069,1757,5,asr_prior,0,280,280,0.7906374501992032,0.8406374501992032,0.8,1.0,1.0,1757,1.0,1.0,True,1684,0.958451906659078,1.0,1,1757,0,0,0.0,0.9801107999512924,0.043824701195219126,,,,
clef,CD009069,1757,5,asr_prior,1,280,280,0.7906374501992032,0.8406374501992032,0.8,1.0,1.0,1757,1.0,1.0,True,1684,0.958451906659078,1.0,1,1757,0,0,0.0,0.9801107999512924,0.043824701195219126,,,,
clef,CD009069,1757,5,asr_prior,2,280,280,0.7906374501992032,0.8406374501992032,0.8,1.0,1.0,1757,1.0,1.0,True,1684,0.958451906659078,1.0,1,1757,0,0,0.0,0.9801107999512924,0.043824701195219126,,,,
clef,CD009069,1757,5,asr_prior,3,280,280,0.7906374501992032,0.8406374501992032,0.8,1.0,1.0,1757,1.0,1.0,True,1684,0.958451906659078,1.0,1,1757,0,0,0.0,0.9805319898505583,0.03824701195219124,,,,
clef,CD009069,1757,5,asr_prior,4,282,282,0.7894991462720546,0.8394991462720547,0.8,1.0,1.0,1757,1.0,1.0,True,1684,0.958451906659078,1.0,1,1757,0,0,0.0,0.9802054866119918,0.03813318155947638,,,,
clef,CD009069,1757,5,asr_prior,5,281,281,0.7900682982356289,0.8400682982356289,0.8,1.0,1.0,1757,1.0,1.0,True,1684,0.958451906659078,1.0,1,1757,0,0,0.0,0.9803690776317296,0.03801935116676152,,,,
clef,CD009069,1757,5,asr_prior,6,281,281,0.7900682982356289,0.8400682982356289,0.8,1.0,1.0,1757,1.0,1.0,True,1684,0.958451906659078,1.0,1,1757,0,0,0.0,0.9803690776317296,0.038360842344906096,,,,
clef,CD009069,1757,5,asr_prior,7,281,281,0.7900682982356289,0.8400682982356289,0.8,1.0,1.0,1757,1.0,1.0,True,1684,0.958451906659078,1.0,1,1757,0,0,0.0,0.9803690776317296,0.03801935116676152,,,,
clef,CD009069,1757,5,asr_prior,8,281,281,0.7900682982356289,0.8400682982356289,0.8,1.0,1.0,1757,1.0,1.0,True,1684,0.958451906659078,1.0,1,1757,0,0,0.0,0.9803690776317296,0.03801935116676152,,,,
clef,CD009069,1757,5,asr_prior,9,281,281,0.7900682982356289,0.8400682982356289,0.8,1.0,1.0,1757,1.0,1.0,True,1684,0.958451906659078,1.0,1,1757,0,0,0.0,0.9803690776317296,0.038360842344906096,,,,
clef,CD009069,1757,5,asr_jevblend_3,0,107,107,0.8891007398975526,0.9391007398975526,1.0,1.0,1.0,1757,1.0,1.0,True,1675,0.9533295389869095,1.0,1,1757,0,0,0.0,0.997732509405119,0.021400113830392715,,,,
clef,CD009069,1757,5,jev_only,0,75,75,0.9073136027319294,0.9573136027319294,1.0,1.0,1.0,1757,1.0,1.0,True,1673,0.952191235059761,1.0,1,1757,0,0,0.0,0.9994472542354147,0.020717131474103586,1673.0,0.952191235059761,1.0,True
clef,CD009069,1757,5,jev_only,1,76,76,0.9067444507683551,0.9567444507683551,1.0,1.0,1.0,1757,1.0,1.0,True,1673,0.952191235059761,1.0,1,1757,0,0,0.0,0.9994196169471855,0.020489470688673878,1673.0,0.952191235059761,1.0,True
clef,CD009069,1757,5,jev_only,2,74,74,0.9078827546955036,0.9578827546955037,1.0,1.0,1.0,1757,1.0,1.0,True,1673,0.952191235059761,1.0,1,1757,0,0,0.0,0.9995250192559756,0.0199203187250996,1673.0,0.952191235059761,1.0,True
clef,CD009069,1757,5,jev_only,3,76,76,0.9067444507683551,0.9567444507683551,1.0,1.0,1.0,1757,1.0,1.0,True,1673,0.952191235059761,1.0,1,1757,0,0,0.0,0.9994987621250861,0.020489470688673878,1673.0,0.952191235059761,1.0,True
clef,CD009069,1757,5,jev_only,4,74,74,0.9078827546955036,0.9578827546955037,1.0,1.0,1.0,1757,1.0,1.0,True,1673,0.952191235059761,1.0,1,1757,0,0,0.0,0.9995494947035187,0.020034149117814457,1673.0,0.952191235059761,1.0,True
clef,CD009069,1757,5,jev_only,5,73,73,0.9084519066590779,0.958451906659078,1.0,1.0,1.0,1757,1.0,1.0,True,1673,0.952191235059761,1.0,1,1757,0,0,0.0,0.9995255709176994,0.020261809903244166,1673.0,0.952191235059761,1.0,True
clef,CD009069,1757,5,jev_only,6,73,73,0.9084519066590779,0.958451906659078,1.0,1.0,1.0,1757,1.0,1.0,True,1673,0.952191235059761,1.0,1,1757,0,0,0.0,0.9995738463411663,0.020375640295959018,1673.0,0.952191235059761,1.0,True
clef,CD009069,1757,5,jev_only,7,76,76,0.9067444507683551,0.9567444507683551,1.0,1.0,1.0,1757,1.0,1.0,True,1673,0.952191235059761,1.0,1,1757,0,0,0.0,0.9994196169471855,0.020603301081388734,1673.0,0.952191235059761,1.0,True
clef,CD009069,1757,5,jev_only,8,77,77,0.9061752988047809,0.9561752988047809,1.0,1.0,1.0,1757,1.0,1.0,True,1674,0.9527603870233352,1.0,1,1757,0,0,0.0,0.9993913055787554,0.020830961866818442,1674.0,0.9527603870233352,1.0,True
clef,CD009069,1757,5,jev_only,9,78,78,0.9056061468412065,0.9556061468412066,1.0,1.0,1.0,1757,1.0,1.0,True,1674,0.9527603870233352,1.0,1,1757,0,0,0.0,0.99941826682702,0.020944792259533294,1674.0,0.9527603870233352,1.0,True
clef,CD009642,1922,50,asr_prior,0,112,691,0.8917273673257023,0.6404786680541104,0.98,0.98,0.98,564,0.2934443288241415,0.98,True,1468,0.7637877211238293,1.0,1,1922,3,0,0.0,0.99967447134438,0.02822060353798127,,,,
clef,CD009642,1922,50,asr_prior,1,108,692,0.8938085327783558,0.6399583766909469,0.98,0.98,0.98,360,0.18730489073881373,0.98,True,1469,0.7643080124869928,1.0,1,1922,3,0,0.0,0.9998706043074266,0.027460978147762747,,,,
clef,CD009642,1922,50,asr_prior,2,112,695,0.8917273673257023,0.6383975026014568,0.98,0.98,0.98,466,0.24245577523413112,0.98,True,1470,0.7648283038501561,1.0,1,1922,3,0,0.0,0.9995722958884254,0.02673257023933403,,,,
clef,CD009642,1922,50,asr_prior,3,110,692,0.8927679500520291,0.6399583766909469,0.98,0.98,0.98,442,0.2299687825182102,0.98,True,1469,0.7643080124869928,1.0,1,1922,3,0,0.0,0.999763555195944,0.027419354838709678,,,,
clef,CD009642,1922,50,asr_prior,4,106,687,0.8948491155046826,0.6425598335067637,0.98,0.98,0.98,354,0.1841831425598335,0.98,True,1467,0.763267429760666,1.0,1,1922,3,0,0.0,0.9998993952104492,0.026774193548387098,,,,
clef,CD009642,1922,50,asr_prior,5,110,691,0.8927679500520291,0.6404786680541104,0.98,0.98,0.98,417,0.2169614984391259,0.98,True,1468,0.7637877211238293,1.0,1,1922,3,0,0.0,0.9998026022200602,0.02749219562955255,,,,
clef,CD009642,1922,50,asr_prior,6,93,691,0.9016129032258065,0.6404786680541104,0.98,0.98,0.98,508,0.2643080124869927,0.98,True,1468,0.7637877211238293,1.0,1,1922,3,0,0.0,0.999978590243654,0.027148803329864725,,,,
clef,CD009642,1922,50,asr_prior,7,107,692,0.8943288241415193,0.6399583766909469,0.98,0.98,0.98,466,0.24245577523413112,0.98,True,1469,0.7643080124869928,1.0,1,1922,3,0,0.0,0.9998707458241032,0.02701352757544225,,,,
clef,CD009642,1922,50,asr_prior,8,101,691,0.8974505723204994,0.6404786680541104,0.98,0.98,0.98,552,0.28720083246618106,0.98,True,1468,0.7637877211238293,1.0,1,1922,3,0,0.0,0.999964069393278,0.027606659729448493,,,,
clef,CD009642,1922,50,asr_prior,9,113,695,0.891207075962539,0.6383975026014568,0.98,0.98,0.98,507,0.26378772112382937,0.98,True,1470,0.7648283038501561,1.0,1,1922,3,0,0.0,0.9995718293300763,0.0263579604578564,,,,
clef,CD009642,1922,50,asr_jevblend_3,0,66,179,0.9156607700312175,0.9068678459937565,1.0,1.0,1.0,357,0.18574401664932363,1.0,True,1280,0.6659729448491155,1.0,1,1922,3,0,0.0,0.9999654071111925,0.016732570239334027,,,,
clef,CD009642,1922,50,jev_only,0,63,140,0.9172216441207075,0.927159209157128,1.0,1.0,1.0,481,0.25026014568158167,1.0,True,1265,0.658168574401665,1.0,1,1922,3,0,0.0,0.9999896183826569,0.016181061394380854,1265.0,0.658168574401665,1.0,True
clef,CD009642,1922,50,jev_only,1,62,141,0.917741935483871,0.9266389177939647,1.0,1.0,1.0,473,0.2460978147762747,1.0,True,1266,0.6586888657648283,1.0,1,1922,3,0,0.0,0.9999965369784329,0.01619146722164412,1266.0,0.6586888657648283,1.0,True
clef,CD009642,1922,50,jev_only,2,63,143,0.9172216441207075,0.9255983350676379,1.0,1.0,1.0,481,0.25026014568158167,1.0,True,1266,0.6586888657648283,1.0,1,1922,3,0,0.0,0.9999896183826569,0.016222684703433923,1266.0,0.6586888657648283,1.0,True
clef,CD009642,1922,50,jev_only,3,62,147,0.917741935483871,0.9235171696149844,1.0,1.0,1.0,473,0.2460978147762747,1.0,True,1268,0.659729448491155,1.0,1,1922,3,0,0.0,0.9999965369784329,0.016264308012486992,1268.0,0.659729448491155,1.0,True
clef,CD009642,1922,50,jev_only,4,62,144,0.917741935483871,0.9250780437044746,1.0,1.0,1.0,473,0.2460978147762747,1.0,True,1267,0.6592091571279917,1.0,1,1922,3,0,0.0,0.9999965369784329,0.01623309053069719,1267.0,0.6592091571279917,1.0,True
clef,CD009642,1922,50,jev_only,5,62,141,0.917741935483871,0.9266389177939647,1.0,1.0,1.0,473,0.2460978147762747,1.0,True,1266,0.6586888657648283,1.0,1,1922,3,0,0.0,0.9999965369784329,0.01619146722164412,1266.0,0.6586888657648283,1.0,True
clef,CD009642,1922,50,jev_only,6,63,147,0.9172216441207075,0.9235171696149844,1.0,1.0,1.0,481,0.25026014568158167,1.0,True,1268,0.659729448491155,1.0,1,1922,3,0,0.0,0.9999896183826569,0.016274713839750262,1268.0,0.659729448491155,1.0,True
clef,CD009642,1922,50,jev_only,7,63,149,0.9172216441207075,0.9224765868886576,1.0,1.0,1.0,481,0.25026014568158167,1.0,True,1269,0.6602497398543185,1.0,1,1922,3,0,0.0,0.9999896183826569,0.016337148803329864,1269.0,0.6602497398543185,1.0,True
clef,CD009642,1922,50,jev_only,8,62,143,0.917741935483871,0.9255983350676379,1.0,1.0,1.0,473,0.2460978147762747,1.0,True,1266,0.6586888657648283,1.0,1,1922,3,0,0.0,0.9999965369784329,0.016243496357960456,1266.0,0.6586888657648283,1.0,True
clef,CD009642,1922,50,jev_only,9,63,143,0.9172216441207075,0.9255983350676379,1.0,1.0,1.0,481,0.25026014568158167,1.0,True,1266,0.6586888657648283,1.0,1,1922,3,0,0.0,0.9999896183826569,0.016212278876170657,1266.0,0.6586888657648283,1.0,True
clef,CD010038,8867,9,asr_prior,0,945,945,0.8434250592083004,0.8934250592083004,0.8888888888888888,1.0,1.0,8867,1.0,1.0,True,8472,0.9554528025262208,1.0,4,2217,0,0,0.0,0.9954988320528914,0.02809418192298535,,,,
clef,CD010038,8867,9,asr_prior,1,940,940,0.8439889477839179,0.8939889477839179,0.8888888888888888,1.0,1.0,8867,1.0,1.0,True,8472,0.9554528025262208,1.0,4,2217,0,0,0.0,0.9947772368360686,0.029986341365612824,,,,
clef,CD010038,8867,9,asr_prior,2,643,643,0.8774839291755948,0.9274839291755949,1.0,1.0,1.0,158,0.017818878989511674,0.1111111111111111,True,8456,0.953648359084245,1.0,4,2217,0,0,0.0,0.9998784046692593,0.04234176660025313,,,,
clef,CD010038,8867,9,asr_prior,3,940,940,0.8439889477839179,0.8939889477839179,0.8888888888888888,1.0,1.0,8867,1.0,1.0,True,8472,0.9554528025262208,1.0,4,2217,0,0,0.0,0.9947615335285847,0.02991115622219716,,,,
clef,CD010038,8867,9,asr_prior,4,943,943,0.8436506146385474,0.8936506146385474,0.8888888888888888,1.0,1.0,8867,1.0,1.0,True,8472,0.9554528025262208,1.0,4,2217,0,0,0.0,0.99611729548896,0.03230454995426237,,,,
clef,CD010038,8867,9,asr_prior,5,943,943,0.8436506146385474,0.8936506146385474,0.8888888888888888,1.0,1.0,8867,1.0,1.0,True,8472,0.9554528025262208,1.0,4,2217,0,0,0.0,0.9954291455517446,0.025926343621167122,,,,
clef,CD010038,8867,9,asr_prior,6,941,941,0.8438761700687943,0.8938761700687944,0.8888888888888888,1.0,1.0,8867,1.0,1.0,True,8472,0.9554528025262208,1.0,4,2217,0,0,0.0,0.9947093543106437,0.02991115622219716,,,,
clef,CD010038,8867,9,asr_prior,7,943,943,0.8436506146385474,0.8936506146385474,0.8888888888888888,1.0,1.0,8867,1.0,1.0,True,8472,0.9554528025262208,1.0,4,2217,0,0,0.0,0.9954291455517446,0.02587622019222335,,,,
clef,CD010038,8867,9,asr_prior,8,945,945,0.8434250592083004,0.8934250592083004,0.8888888888888888,1.0,1.0,8867,1.0,1.0,True,8472,0.9554528025262208,1.0,4,2217,0,0,0.0,0.9954692968748312,0.02798140420786186,,,,
clef,CD010038,8867,9,asr_prior,9,943,943,0.8436506146385474,0.8936506146385474,0.8888888888888888,1.0,1.0,8867,1.0,1.0,True,8472,0.9554528025262208,1.0,4,2217,0,0,0.0,0.9947093543106437,0.030023933937320654,,,,
clef,CD010038,8867,9,asr_jevblend_3,0,44,44,0.9450377805345663,0.9950377805345664,1.0,1.0,1.0,766,0.08638772978459457,1.0,True,8428,0.9504905830607872,1.0,4,2217,0,0,0.0,0.9999983087415384,0.00210518401563851,,,,
clef,CD010038,8867,9,jev_only,0,43,43,0.9451505582496899,0.9951505582496899,1.0,1.0,1.0,750,0.0845832863426187,1.0,True,8428,0.9504905830607872,1.0,4,2218,0,0,0.0,0.9998866727107883,0.0016039497262007694,8428.0,0.9504905830607872,1.0,True
clef,CD010038,8867,9,jev_only,1,42,42,0.9452633359648133,0.9952633359648133,1.0,1.0,1.0,734,0.08277884290064283,1.0,True,8428,0.9504905830607872,1.0,4,2218,0,0,0.0,0.9997733711048191,0.0015788880117288823,8428.0,0.9504905830607872,1.0,True
clef,CD010038,8867,9,jev_only,2,44,44,0.9450377805345663,0.9950377805345664,1.0,1.0,1.0,766,0.08638772978459457,1.0,True,8428,0.9504905830607872,1.0,4,2218,0,0,0.0,0.9999976691687841,0.0016039497262007694,8428.0,0.9504905830607872,1.0,True
clef,CD010038,8867,9,jev_only,3,44,44,0.9450377805345663,0.9950377805345664,1.0,1.0,1.0,766,0.08638772978459457,1.0,True,8428,0.9504905830607872,1.0,4,2218,0,0,0.0,0.9999980016924128,0.0016039497262007694,8428.0,0.9504905830607872,1.0,True
clef,CD010038,8867,9,jev_only,4,44,44,0.9450377805345663,0.9950377805345664,1.0,1.0,1.0,766,0.08638772978459457,1.0,True,8428,0.9504905830607872,1.0,4,2218,0,0,0.0,0.9999983087415384,0.0016290114406726564,8428.0,0.9504905830607872,1.0,True
clef,CD010038,8867,9,jev_only,5,45,45,0.9449250028194428,0.9949250028194428,1.0,1.0,1.0,782,0.08819217322657043,1.0,True,8428,0.9504905830607872,1.0,4,2218,0,0,0.0,0.9996599410564457,0.0016290114406726564,8428.0,0.9504905830607872,1.0,True
clef,CD010038,8867,9,jev_only,6,42,42,0.9452633359648133,0.9952633359648133,1.0,1.0,1.0,734,0.08277884290064283,1.0,True,8428,0.9504905830607872,1.0,4,2218,0,0,0.0,0.9997733711048191,0.001591418868964826,8428.0,0.9504905830607872,1.0,True
clef,CD010038,8867,9,jev_only,7,44,44,0.9450377805345663,0.9950377805345664,1.0,1.0,1.0,766,0.08638772978459457,1.0,True,8428,0.9504905830607872,1.0,4,2218,0,0,0.0,0.9999983087415384,0.001616480583436713,8428.0,0.9504905830607872,1.0,True
clef,CD010038,8867,9,jev_only,8,44,44,0.9450377805345663,0.9950377805345664,1.0,1.0,1.0,766,0.08638772978459457,1.0,True,8428,0.9504905830607872,1.0,4,2218,0,0,0.0,0.9999980016924128,0.001616480583436713,8428.0,0.9504905830607872,1.0,True
clef,CD010038,8867,9,jev_only,9,43,43,0.9451505582496899,0.9951505582496899,1.0,1.0,1.0,750,0.0845832863426187,1.0,True,8428,0.9504905830607872,1.0,4,2218,0,0,0.0,0.9998866727107883,0.0015663571544929388,8428.0,0.9504905830607872,1.0,True
clef,CD010239,224,10,asr_prior,0,11,11,0.900892857142857,0.9508928571428571,1.0,1.0,1.0,172,0.7678571428571429,1.0,True,214,0.9553571428571429,1.0,1,224,0,0,0.0,1.0,0.028571428571428574,,,,
clef,CD010239,224,10,asr_prior,1,12,12,0.8964285714285714,0.9464285714285714,1.0,1.0,1.0,188,0.8392857142857143,1.0,True,214,0.9553571428571429,1.0,1,224,0,0,0.0,0.999956123031021,0.029017857142857144,,,,
clef,CD010239,224,10,asr_prior,2,12,12,0.8964285714285714,0.9464285714285714,1.0,1.0,1.0,188,0.8392857142857143,1.0,True,214,0.9553571428571429,1.0,1,224,0,0,0.0,0.999956123031021,0.029017857142857144,,,,
clef,CD010239,224,10,asr_prior,3,12,12,0.8964285714285714,0.9464285714285714,1.0,1.0,1.0,188,0.8392857142857143,1.0,True,214,0.9553571428571429,1.0,1,224,0,0,0.0,0.999956123031021,0.029017857142857144,,,,
clef,CD010239,224,10,asr_prior,4,11,11,0.900892857142857,0.9508928571428571,1.0,1.0,1.0,172,0.7678571428571429,1.0,True,214,0.9553571428571429,1.0,1,224,0,0,0.0,1.0,0.028571428571428574,,,,
clef,CD010239,224,10,asr_prior,5,12,12,0.8964285714285714,0.9464285714285714,1.0,1.0,1.0,188,0.8392857142857143,1.0,True,214,0.9553571428571429,1.0,1,224,0,0,0.0,0.999956123031021,0.029017857142857144,,,,
clef,CD010239,224,10,asr_prior,6,13,13,0.8919642857142857,0.9419642857142857,1.0,1.0,1.0,203,0.90625,1.0,True,214,0.9553571428571429,1.0,1,224,0,0,0.0,0.9999557090973514,0.029910714285714287,,,,
clef,CD010239,224,10,asr_prior,7,11,11,0.900892857142857,0.9508928571428571,1.0,1.0,1.0,172,0.7678571428571429,1.0,True,214,0.9553571428571429,1.0,1,224,0,0,0.0,1.0,0.028571428571428574,,,,
clef,CD010239,224,10,asr_prior,8,12,12,0.8964285714285714,0.9464285714285714,1.0,1.0,1.0,188,0.8392857142857143,1.0,True,214,0.9553571428571429,1.0,1,224,0,0,0.0,0.999956123031021,0.029017857142857144,,,,
clef,CD010239,224,10,asr_prior,9,12,12,0.8964285714285714,0.9464285714285714,1.0,1.0,1.0,188,0.8392857142857143,1.0,True,214,0.9553571428571429,1.0,1,224,0,0,0.0,0.999956123031021,0.029017857142857144,,,,
clef,CD010239,224,10,asr_jevblend_3,0,11,11,0.900892857142857,0.9508928571428571,1.0,1.0,1.0,172,0.7678571428571429,1.0,True,214,0.9553571428571429,1.0,1,224,0,0,0.0,0.999956531188872,0.024999999999999998,,,,
clef,CD010239,224,10,jev_only,0,13,13,0.8919642857142857,0.9419642857142857,1.0,1.0,1.0,203,0.90625,1.0,True,214,0.9553571428571429,1.0,1,224,0,0,0.0,0.999739187133232,0.02589285714285714,214.0,0.9553571428571429,1.0,True
clef,CD010239,224,10,jev_only,1,13,13,0.8919642857142857,0.9419642857142857,1.0,1.0,1.0,203,0.90625,1.0,True,214,0.9553571428571429,1.0,1,224,0,0,0.0,0.999739187133232,0.02589285714285714,214.0,0.9553571428571429,1.0,True
clef,CD010239,224,10,jev_only,2,13,13,0.8919642857142857,0.9419642857142857,1.0,1.0,1.0,203,0.90625,1.0,True,214,0.9553571428571429,1.0,1,224,0,0,0.0,0.999739187133232,0.02589285714285714,214.0,0.9553571428571429,1.0,True
clef,CD010239,224,10,jev_only,3,13,13,0.8919642857142857,0.9419642857142857,1.0,1.0,1.0,203,0.90625,1.0,True,214,0.9553571428571429,1.0,1,224,0,0,0.0,0.999739187133232,0.02589285714285714,214.0,0.9553571428571429,1.0,True
clef,CD010239,224,10,jev_only,4,13,13,0.8919642857142857,0.9419642857142857,1.0,1.0,1.0,203,0.90625,1.0,True,214,0.9553571428571429,1.0,1,224,0,0,0.0,0.999739187133232,0.02589285714285714,214.0,0.9553571428571429,1.0,True
clef,CD010239,224,10,jev_only,5,13,13,0.8919642857142857,0.9419642857142857,1.0,1.0,1.0,203,0.90625,1.0,True,214,0.9553571428571429,1.0,1,224,0,0,0.0,0.999739187133232,0.02589285714285714,214.0,0.9553571428571429,1.0,True
clef,CD010239,224,10,jev_only,6,13,13,0.8919642857142857,0.9419642857142857,1.0,1.0,1.0,203,0.90625,1.0,True,214,0.9553571428571429,1.0,1,224,0,0,0.0,0.999739187133232,0.02589285714285714,214.0,0.9553571428571429,1.0,True
clef,CD010239,224,10,jev_only,7,13,13,0.8919642857142857,0.9419642857142857,1.0,1.0,1.0,203,0.90625,1.0,True,214,0.9553571428571429,1.0,1,224,0,0,0.0,0.999739187133232,0.02589285714285714,214.0,0.9553571428571429,1.0,True
clef,CD010239,224,10,jev_only,8,13,13,0.8919642857142857,0.9419642857142857,1.0,1.0,1.0,203,0.90625,1.0,True,214,0.9553571428571429,1.0,1,224,0,0,0.0,0.999739187133232,0.02589285714285714,214.0,0.9553571428571429,1.0,True
clef,CD010239,224,10,jev_only,9,13,13,0.8919642857142857,0.9419642857142857,1.0,1.0,1.0,203,0.90625,1.0,True,214,0.9553571428571429,1.0,1,224,0,0,0.0,0.999739187133232,0.02589285714285714,214.0,0.9553571428571429,1.0,True
clef,CD010558,2815,10,asr_prior,0,168,168,0.8903197158081705,0.9403197158081705,1.0,1.0,1.0,2622,0.9314387211367673,1.0,True,2683,0.9531083481349911,1.0,1,2815,0,0,0.0,0.9997019962392537,0.03502664298401421,,,,
clef,CD010558,2815,10,asr_prior,1,150,150,0.8967140319715807,0.9467140319715808,1.0,1.0,1.0,2340,0.8312611012433393,1.0,True,2682,0.952753108348135,1.0,1,2815,0,0,0.0,0.9996675040137017,0.029165186500888098,,,,
clef,CD010558,2815,10,asr_prior,2,230,230,0.8682948490230905,0.9182948490230906,1.0,1.0,1.0,2815,1.0,1.0,True,2686,0.9541740674955596,1.0,1,2815,0,0,0.0,0.999791312546638,0.020071047957371226,,,,
clef,CD010558,2815,10,asr_prior,3,233,233,0.8672291296625222,0.9172291296625222,1.0,1.0,1.0,1060,0.3765541740674956,1.0,True,2686,0.9541740674955596,1.0,1,2815,0,0,0.0,0.9995574280789846,0.020319715808170515,,,,
clef,CD010558,2815,10,asr_prior,4,163,163,0.8920959147424511,0.9420959147424511,1.0,1.0,1.0,2544,0.9037300177619894,1.0,True,2683,0.9531083481349911,1.0,1,2815,0,0,0.0,0.9997030995473436,0.0336056838365897,,,,
clef,CD010558,2815,10,asr_prior,5,229,229,0.8686500888099467,0.9186500888099467,1.0,1.0,1.0,2815,1.0,1.0,True,2686,0.9541740674955596,1.0,1,2815,0,0,0.0,0.9997986809128345,0.02,,,,
clef,CD010558,2815,10,asr_prior,6,229,229,0.8686500888099467,0.9186500888099467,1.0,1.0,1.0,2815,1.0,1.0,True,2686,0.9541740674955596,1.0,1,2815,0,0,0.0,0.9997951300000532,0.02,,,,
clef,CD010558,2815,10,asr_prior,7,225,225,0.8700710479573712,0.9200710479573713,1.0,1.0,1.0,2815,1.0,1.0,True,2686,0.9541740674955596,1.0,1,2815,0,0,0.0,0.9998232369093779,0.019857904085257547,,,,
clef,CD010558,2815,10,asr_prior,8,230,230,0.8682948490230905,0.9182948490230906,1.0,1.0,1.0,2815,1.0,1.0,True,2686,0.9541740674955596,1.0,1,2815,0,0,0.0,0.9997949061799501,0.02014209591474245,,,,
clef,CD010558,2815,10,asr_prior,9,225,225,0.8700710479573712,0.9200710479573713,1.0,1.0,1.0,2815,1.0,1.0,True,2686,0.9541740674955596,1.0,1,2815,0,0,0.0,0.999819967866315,0.019822380106571936,,,,
clef,CD010558,2815,10,asr_jevblend_3,0,88,88,0.9187388987566607,0.9687388987566607,1.0,1.0,1.0,470,0.1669626998223801,1.0,True,2679,0.9516873889875667,1.0,1,2815,0,0,0.0,0.9993112153822614,0.005364120781527531,,,,
clef,CD010558,2815,10,jev_only,0,928,928,0.6203374777975132,0.6703374777975133,0.9,0.9,0.9,434,0.1541740674955595,0.9,True,2721,0.966607460035524,1.0,1,2815,0,0,0.0,0.8953253372508176,0.03626998223801065,2721.0,0.966607460035524,1.0,True
clef,CD010558,2815,10,jev_only,1,954,954,0.611101243339254,0.661101243339254,0.9,0.9,0.9,452,0.1605683836589698,0.9,True,2722,0.9669626998223801,1.0,1,2815,0,0,0.0,0.8893665573863111,0.03719360568383659,2722.0,0.9669626998223801,1.0,True
clef,CD010558,2815,10,jev_only,2,915,915,0.624955595026643,0.674955595026643,0.9,0.9,0.9,434,0.1541740674955595,0.9,True,2720,0.9662522202486679,1.0,1,2815,0,0,0.0,0.8983191776194005,0.03584369449378331,2720.0,0.9662522202486679,1.0,True
clef,CD010558,2815,10,jev_only,3,1036,1036,0.5819715808170515,0.6319715808170515,0.9,0.9,0.9,452,0.1605683836589698,0.9,True,2727,0.9687388987566607,1.0,1,2815,0,0,0.0,0.8689396702457044,0.04014209591474245,2727.0,0.9687388987566607,1.0,True
clef,CD010558,2815,10,jev_only,4,924,924,0.6217584369449378,0.6717584369449379,0.9,0.9,0.9,452,0.1605683836589698,0.9,True,2721,0.966607460035524,1.0,1,2815,0,0,0.0,0.8964076951210673,0.036163410301953816,2721.0,0.966607460035524,1.0,True
clef,CD010558,2815,10,jev_only,5,1031,1031,0.5837477797513322,0.6337477797513322,0.9,0.9,0.9,434,0.1541740674955595,0.9,True,2726,0.9683836589698046,1.0,1,2815,0,0,0.0,0.8700694356093519,0.03992895204262878,2726.0,0.9683836589698046,1.0,True
clef,CD010558,2815,10,jev_only,6,989,989,0.5986678507992895,0.6486678507992896,0.9,0.9,0.9,452,0.1605683836589698,0.9,True,2724,0.9676731793960923,1.0,1,2815,0,0,0.0,0.8808593197397709,0.03847246891651865,2724.0,0.9676731793960923,1.0,True
clef,CD010558,2815,10,jev_only,7,1015,1015,0.5894316163410301,0.6394316163410302,0.9,0.9,0.9,434,0.1541740674955595,0.9,True,2725,0.9680284191829485,1.0,1,2815,0,0,0.0,0.87417157265323,0.03932504440497336,2725.0,0.9680284191829485,1.0,True
clef,CD010558,2815,10,jev_only,8,1007,1007,0.5922735346358792,0.6422735346358792,0.9,0.9,0.9,452,0.1605683836589698,0.9,True,2725,0.9680284191829485,1.0,1,2815,0,0,0.0,0.8763614795364064,0.03911190053285968,2725.0,0.9680284191829485,1.0,True
clef,CD010558,2815,10,jev_only,9,941,941,0.6157193605683836,0.6657193605683837,0.9,0.9,0.9,434,0.1541740674955595,0.9,True,2722,0.9669626998223801,1.0,1,2815,0,0,0.0,0.8922880594658104,0.036731793960923624,2722.0,0.9669626998223801,1.0,True
clef,CD010753,2539,20,asr_prior,0,526,582,0.7428318235525797,0.7707758960220559,0.9,0.9,1.0,2539,1.0,1.0,True,2102,0.8278849940921623,1.0,1,2539,1,0,0.0,0.9347187526108498,0.04517526585269791,,,,
clef,CD010753,2539,20,asr_prior,1,517,585,0.7463765261914139,0.7695943284757778,0.9,0.9,1.0,2539,1.0,1.0,True,2102,0.8278849940921623,1.0,1,2539,1,0,0.0,0.95205035111927,0.05838912957857424,,,,
clef,CD010753,2539,20,asr_prior,2,521,589,0.7448011027963765,0.7680189050807404,0.9,0.9,1.0,2539,1.0,1.0,True,2103,0.8282788499409216,1.0,1,2539,1,0,0.0,0.9434663955031487,0.05230405671524223,,,,
clef,CD010753,2539,20,asr_prior,3,514,590,0.747558093737692,0.7676250492319812,0.9,0.9,1.0,2539,1.0,1.0,True,2103,0.8282788499409216,1.0,1,2539,1,0,0.0,0.9589329831969927,0.06648286727057898,,,,
clef,CD010753,2539,20,asr_prior,4,518,598,0.7459826703426545,0.7644742024419062,0.9,0.9,1.0,2539,1.0,1.0,True,2105,0.8290665616384403,1.0,1,2539,1,0,0.0,0.9543065484497258,0.06666010240252068,,,,
clef,CD010753,2539,20,asr_prior,5,518,579,0.7459826703426545,0.771957463568334,0.9,0.9,1.0,2539,1.0,1.0,True,2101,0.8274911382434029,1.0,1,2539,1,0,0.0,0.9395395802006482,0.044446632532493105,,,,
clef,CD010753,2539,20,asr_prior,6,517,594,0.7463765261914139,0.7660496258369437,0.9,0.9,1.0,2539,1.0,1.0,True,2104,0.828672705789681,1.0,1,2539,1,0,0.0,0.9595647358427284,0.06929893658920834,,,,
clef,CD010753,2539,20,asr_prior,7,531,589,0.740862544308783,0.7680189050807404,0.9,0.9,1.0,2539,1.0,1.0,True,2103,0.8282788499409216,1.0,1,2539,1,0,0.0,0.9369723468364503,0.04547065773926743,,,,
clef,CD010753,2539,20,asr_prior,8,515,582,0.7471642378889326,0.7707758960220559,0.9,0.9,1.0,2539,1.0,1.0,True,2102,0.8278849940921623,1.0,1,2539,1,0,0.0,0.9526403443636392,0.0595706971248523,,,,
clef,CD010753,2539,20,asr_prior,9,514,580,0.747558093737692,0.7715636077195747,0.9,0.9,1.0,2539,1.0,1.0,True,2101,0.8274911382434029,1.0,1,2539,1,0,0.0,0.9562136155791622,0.05868452146514376,,,,
clef,CD010753,2539,20,asr_jevblend_3,0,132,184,0.8980110279637652,0.9275305238282788,1.0,1.0,1.0,1436,0.5655769988184325,1.0,True,2013,0.7928318235525798,1.0,1,2539,1,0,0.0,0.9999756125161072,0.01833398975974793,,,,
clef,CD010753,2539,20,jev_only,0,240,267,0.855474596297755,0.8948404883812524,0.95,1.0,1.0,2084,0.8207955888144939,1.0,True,2031,0.7999212288302481,1.0,1,2539,1,0,0.0,0.999522481521006,0.02806222922410398,2031.0,0.7999212288302481,1.0,True
clef,CD010753,2539,20,jev_only,1,250,277,0.8515360378101614,0.8909019298936589,0.95,1.0,1.0,2162,0.8515163450177236,1.0,True,2033,0.8007089405277669,1.0,1,2539,1,0,0.0,0.9988261871918654,0.02855454903505317,2033.0,0.8007089405277669,1.0,True
clef,CD010753,2539,20,jev_only,2,246,283,0.8531114612051989,0.8885387948011028,0.95,1.0,1.0,2208,0.8696337140606538,1.0,True,2035,0.8014966522252855,1.0,1,2539,1,0,0.0,0.9993096199163368,0.028593934619929103,2035.0,0.8014966522252855,1.0,True
clef,CD010753,2539,20,jev_only,3,231,271,0.8590192989365891,0.893265064986215,0.95,1.0,1.0,2114,0.8326112642772745,1.0,True,2032,0.8003150846790075,1.0,1,2539,1,0,0.0,0.9994267902622769,0.027884994092162267,2032.0,0.8003150846790075,1.0,True
clef,CD010753,2539,20,jev_only,4,235,281,0.8574438755415518,0.8893265064986215,0.95,1.0,1.0,2192,0.8633320204805042,1.0,True,2034,0.8011027963765261,1.0,1,2539,1,0,0.0,0.9996431267010025,0.028495470657739264,2034.0,0.8011027963765261,1.0,True
clef,CD010753,2539,20,jev_only,5,232,270,0.8586254430878298,0.8936589208349744,0.95,1.0,1.0,2108,0.8302481291847184,1.0,True,2032,0.8003150846790075,1.0,1,2539,1,0,0.0,0.9996440409423925,0.028022843639228044,2032.0,0.8003150846790075,1.0,True
clef,CD010753,2539,20,jev_only,6,237,270,0.8566561638440331,0.8936589208349744,0.95,1.0,1.0,2108,0.8302481291847184,1.0,True,2032,0.8003150846790075,1.0,1,2539,1,0,0.0,0.9991556351444015,0.027904686884600235,2032.0,0.8003150846790075,1.0,True
clef,CD010753,2539,20,jev_only,7,240,282,0.855474596297755,0.8889326506498622,0.95,1.0,1.0,2200,0.866482867270579,1.0,True,2034,0.8011027963765261,1.0,1,2539,1,0,0.0,0.9991534792213564,0.028298542733359588,2034.0,0.8011027963765261,1.0,True
clef,CD010753,2539,20,jev_only,8,248,282,0.8523237495076801,0.8889326506498622,0.95,1.0,1.0,2200,0.866482867270579,1.0,True,2034,0.8011027963765261,1.0,1,2539,1,0,0.0,0.9987281004144194,0.028495470657739264,2034.0,0.8011027963765261,1.0,True
clef,CD010753,2539,20,jev_only,9,230,272,0.8594131547853485,0.8928712091374557,0.95,1.0,1.0,2122,0.8357621110673493,1.0,True,2032,0.8003150846790075,1.0,1,2539,1,0,0.0,0.9996166580916553,0.02806222922410398,2032.0,0.8003150846790075,1.0,True
clef,CD011571,146,6,asr_prior,0,20,20,0.813013698630137,0.863013698630137,0.8333333333333334,1.0,1.0,146,1.0,1.0,True,140,0.958904109589041,1.0,1,146,0,0,0.0,0.9982650936849413,0.07077625570776257,,,,
clef,CD011571,146,6,asr_prior,1,12,12,0.8678082191780822,0.9178082191780822,1.0,1.0,1.0,146,1.0,1.0,True,140,0.958904109589041,1.0,1,146,0,0,0.0,0.9999976146176232,0.0502283105022831,,,,
clef,CD011571,146,6,asr_prior,2,12,12,0.8678082191780822,0.9178082191780822,1.0,1.0,1.0,146,1.0,1.0,True,140,0.958904109589041,1.0,1,146,0,0,0.0,0.9999906658950474,0.04680365296803653,,,,
clef,CD011571,146,6,asr_prior,3,12,12,0.8678082191780822,0.9178082191780822,1.0,1.0,1.0,146,1.0,1.0,True,140,0.958904109589041,1.0,1,146,0,0,0.0,0.9999976146176232,0.04794520547945205,,,,
clef,CD011571,146,6,asr_prior,4,12,12,0.8678082191780822,0.9178082191780822,1.0,1.0,1.0,146,1.0,1.0,True,140,0.958904109589041,1.0,1,146,0,0,0.0,0.9999906658950474,0.04680365296803653,,,,
clef,CD011571,146,6,asr_prior,5,19,19,0.8198630136986301,0.8698630136986302,0.8333333333333334,1.0,1.0,146,1.0,1.0,True,140,0.958904109589041,1.0,1,146,0,0,0.0,0.9988433957899608,0.06963470319634703,,,,
clef,CD011571,146,6,asr_prior,6,12,12,0.8678082191780822,0.9178082191780822,1.0,1.0,1.0,146,1.0,1.0,True,140,0.958904109589041,1.0,1,146,0,0,0.0,0.9999906658950474,0.04680365296803653,,,,
clef,CD011571,146,6,asr_prior,7,19,19,0.8198630136986301,0.8698630136986302,0.8333333333333334,1.0,1.0,146,1.0,1.0,True,140,0.958904109589041,1.0,1,146,0,0,0.0,0.9960784313725485,0.0547945205479452,,,,
clef,CD011571,146,6,asr_prior,8,19,19,0.8198630136986301,0.8698630136986302,0.8333333333333334,1.0,1.0,146,1.0,1.0,True,140,0.958904109589041,1.0,1,146,0,0,0.0,0.9960784313725485,0.05593607305936073,,,,
clef,CD011571,146,6,asr_prior,9,21,21,0.8061643835616438,0.8561643835616438,0.6666666666666666,1.0,1.0,146,1.0,1.0,True,140,0.958904109589041,1.0,1,146,0,0,0.0,0.9982384028185555,0.07534246575342465,,,,
clef,CD011571,146,6,asr_jevblend_3,0,8,8,0.8952054794520548,0.9452054794520548,1.0,1.0,1.0,146,1.0,1.0,True,140,0.958904109589041,1.0,1,146,0,0,0.0,0.9998972250770812,0.0273972602739726,,,,
clef,CD011571,146,6,jev_only,0,8,8,0.8952054794520548,0.9452054794520548,1.0,1.0,1.0,146,1.0,1.0,True,140,0.958904109589041,1.0,1,146,0,0,0.0,0.9998972250770812,0.0273972602739726,140.0,0.958904109589041,1.0,True
clef,CD011571,146,6,jev_only,1,8,8,0.8952054794520548,0.9452054794520548,1.0,1.0,1.0,146,1.0,1.0,True,140,0.958904109589041,1.0,1,146,0,0,0.0,0.9998972250770812,0.0273972602739726,140.0,0.958904109589041,1.0,True
clef,CD011571,146,6,jev_only,2,8,8,0.8952054794520548,0.9452054794520548,1.0,1.0,1.0,146,1.0,1.0,True,140,0.958904109589041,1.0,1,146,0,0,0.0,0.9998972250770812,0.0273972602739726,140.0,0.958904109589041,1.0,True
clef,CD011571,146,6,jev_only,3,8,8,0.8952054794520548,0.9452054794520548,1.0,1.0,1.0,146,1.0,1.0,True,140,0.958904109589041,1.0,1,146,0,0,0.0,0.9998972250770812,0.0273972602739726,140.0,0.958904109589041,1.0,True
clef,CD011571,146,6,jev_only,4,8,8,0.8952054794520548,0.9452054794520548,1.0,1.0,1.0,146,1.0,1.0,True,140,0.958904109589041,1.0,1,146,0,0,0.0,0.9998972250770812,0.0273972602739726,140.0,0.958904109589041,1.0,True
clef,CD011571,146,6,jev_only,5,8,8,0.8952054794520548,0.9452054794520548,1.0,1.0,1.0,146,1.0,1.0,True,140,0.958904109589041,1.0,1,146,0,0,0.0,0.9998972250770812,0.0273972602739726,140.0,0.958904109589041,1.0,True
clef,CD011571,146,6,jev_only,6,8,8,0.8952054794520548,0.9452054794520548,1.0,1.0,1.0,146,1.0,1.0,True,140,0.958904109589041,1.0,1,146,0,0,0.0,0.9998972250770812,0.0273972602739726,140.0,0.958904109589041,1.0,True
clef,CD011571,146,6,jev_only,7,8,8,0.8952054794520548,0.9452054794520548,1.0,1.0,1.0,146,1.0,1.0,True,140,0.958904109589041,1.0,1,146,0,0,0.0,0.9998972250770812,0.0273972602739726,140.0,0.958904109589041,1.0,True
clef,CD011571,146,6,jev_only,8,8,8,0.8952054794520548,0.9452054794520548,1.0,1.0,1.0,146,1.0,1.0,True,140,0.958904109589041,1.0,1,146,0,0,0.0,0.9998972250770812,0.0273972602739726,140.0,0.958904109589041,1.0,True
clef,CD011571,146,6,jev_only,9,8,8,0.8952054794520548,0.9452054794520548,1.0,1.0,1.0,146,1.0,1.0,True,140,0.958904109589041,1.0,1,146,0,0,0.0,0.9998972250770812,0.0273972602739726,140.0,0.958904109589041,1.0,True
clef,CD011686,9729,3,asr_prior,0,40,40,0.9458885805324287,0.9958885805324288,1.0,1.0,1.0,2085,0.2143077397471477,1.0,True,9248,0.9505601809024565,1.0,4,2433,0,0,0.0,0.9999988307860412,0.0023983280227498544,,,,
clef,CD011686,9729,3,asr_prior,1,75,75,0.942291088498304,0.992291088498304,1.0,1.0,1.0,3903,0.40117175454825776,1.0,True,9248,0.9505601809024565,1.0,4,2433,0,0,0.0,0.9998964159933695,0.0028094699695069723,,,,
clef,CD011686,9729,3,asr_prior,2,40,40,0.9458885805324287,0.9958885805324288,1.0,1.0,1.0,2085,0.2143077397471477,1.0,True,9248,0.9505601809024565,1.0,4,2433,0,0,0.0,0.9999988307860412,0.0023983280227498544,,,,
clef,CD011686,9729,3,asr_prior,3,74,74,0.9423938739849933,0.9923938739849933,1.0,1.0,1.0,3849,0.3956213382670367,1.0,True,9248,0.9505601809024565,1.0,4,2433,0,0,0.0,0.9997928534438122,0.003563230205228355,,,,
clef,CD011686,9729,3,asr_prior,4,74,74,0.9423938739849933,0.9923938739849933,1.0,1.0,1.0,3849,0.3956213382670367,1.0,True,9248,0.9505601809024565,1.0,4,2433,0,0,0.0,0.9997928534438122,0.0034261828896426493,,,,
clef,CD011686,9729,3,asr_prior,5,75,75,0.942291088498304,0.992291088498304,1.0,1.0,1.0,3903,0.40117175454825776,1.0,True,9248,0.9505601809024565,1.0,4,2433,0,0,0.0,0.9998964159933695,0.0028094699695069723,,,,
clef,CD011686,9729,3,asr_prior,6,75,75,0.942291088498304,0.992291088498304,1.0,1.0,1.0,3903,0.40117175454825776,1.0,True,9248,0.9505601809024565,1.0,4,2433,0,0,0.0,0.9998964159933695,0.0028094699695069723,,,,
clef,CD011686,9729,3,asr_prior,7,40,40,0.9458885805324287,0.9958885805324288,1.0,1.0,1.0,2085,0.2143077397471477,1.0,True,9248,0.9505601809024565,1.0,4,2433,0,0,0.0,0.9999988307860412,0.0023983280227498544,,,,
clef,CD011686,9729,3,asr_prior,8,40,40,0.9458885805324287,0.9958885805324288,1.0,1.0,1.0,2085,0.2143077397471477,1.0,True,9248,0.9505601809024565,1.0,4,2433,0,0,0.0,0.9999988307860412,0.0023983280227498544,,,,
clef,CD011686,9729,3,asr_prior,9,75,75,0.942291088498304,0.992291088498304,1.0,1.0,1.0,3903,0.40117175454825776,1.0,True,9248,0.9505601809024565,1.0,4,2433,0,0,0.0,0.9998964159933695,0.0034604447185390755,,,,
clef,CD011686,9729,3,asr_jevblend_3,0,10,10,0.9489721451331071,0.9989721451331072,1.0,1.0,1.0,528,0.054270736971939564,1.0,True,9244,0.9501490389556995,1.0,4,2433,0,0,0.0,0.9997942175120891,0.00044540377565354435,,,,
clef,CD011686,9729,3,jev_only,0,12,12,0.9487665741597286,0.9987665741597287,1.0,1.0,1.0,627,0.06444650015417823,1.0,True,9244,0.9501490389556995,1.0,4,2434,0,0,0.0,0.9999990486740832,0.0005139274334463973,9244.0,0.9501490389556995,1.0,True
clef,CD011686,9729,3,jev_only,1,13,13,0.9486637886730394,0.9986637886730394,1.0,1.0,1.0,681,0.06999691643539932,1.0,True,9244,0.9501490389556995,1.0,4,2434,0,0,0.0,0.9996912309592495,0.0005481892623428238,9244.0,0.9501490389556995,1.0,True
clef,CD011686,9729,3,jev_only,2,12,12,0.9487665741597286,0.9987665741597287,1.0,1.0,1.0,627,0.06444650015417823,1.0,True,9244,0.9501490389556995,1.0,4,2434,0,0,0.0,0.9999990486740832,0.0005139274334463973,9244.0,0.9501490389556995,1.0,True
clef,CD011686,9729,3,jev_only,3,13,13,0.9486637886730394,0.9986637886730394,1.0,1.0,1.0,681,0.06999691643539932,1.0,True,9244,0.9501490389556995,1.0,4,2434,0,0,0.0,0.9996912309592495,0.0005481892623428238,9244.0,0.9501490389556995,1.0,True
clef,CD011686,9729,3,jev_only,4,12,12,0.9487665741597286,0.9987665741597287,1.0,1.0,1.0,627,0.06444650015417823,1.0,True,9244,0.9501490389556995,1.0,4,2434,0,0,0.0,0.9999990486740832,0.0005139274334463973,9244.0,0.9501490389556995,1.0,True
clef,CD011686,9729,3,jev_only,5,12,12,0.9487665741597286,0.9987665741597287,1.0,1.0,1.0,627,0.06444650015417823,1.0,True,9244,0.9501490389556995,1.0,4,2434,0,0,0.0,0.9999990486740832,0.0005139274334463973,9244.0,0.9501490389556995,1.0,True
clef,CD011686,9729,3,jev_only,6,12,12,0.9487665741597286,0.9987665741597287,1.0,1.0,1.0,627,0.06444650015417823,1.0,True,9244,0.9501490389556995,1.0,4,2434,0,0,0.0,0.9999990486740832,0.0005139274334463973,9244.0,0.9501490389556995,1.0,True
clef,CD011686,9729,3,jev_only,7,13,13,0.9486637886730394,0.9986637886730394,1.0,1.0,1.0,681,0.06999691643539932,1.0,True,9244,0.9501490389556995,1.0,4,2434,0,0,0.0,0.9996912309592495,0.0005481892623428238,9244.0,0.9501490389556995,1.0,True
clef,CD011686,9729,3,jev_only,8,12,12,0.9487665741597286,0.9987665741597287,1.0,1.0,1.0,627,0.06444650015417823,1.0,True,9244,0.9501490389556995,1.0,4,2434,0,0,0.0,0.9999990486740832,0.0005139274334463973,9244.0,0.9501490389556995,1.0,True
clef,CD011686,9729,3,jev_only,9,13,13,0.9486637886730394,0.9986637886730394,1.0,1.0,1.0,681,0.06999691643539932,1.0,True,9244,0.9501490389556995,1.0,4,2434,0,0,0.0,0.9996912309592495,0.0005481892623428238,9244.0,0.9501490389556995,1.0,True
clef,CD011768,9160,25,asr_prior,0,365,611,0.9101528384279476,0.9332969432314411,1.0,1.0,1.0,4353,0.4752183406113537,1.0,True,7248,0.7912663755458516,1.0,4,2290,1,0,0.0,0.9993178717775338,0.014109170305676856,,,,
clef,CD011768,9160,25,asr_prior,1,201,400,0.9280567685589519,0.9563318777292577,1.0,1.0,1.0,2400,0.26200873362445415,1.0,True,7204,0.7864628820960698,1.0,4,2290,1,0,0.0,0.9993303571595362,0.013353711790393012,,,,
clef,CD011768,9160,25,asr_prior,2,209,396,0.9271834061135371,0.9567685589519651,1.0,1.0,1.0,2499,0.2728165938864629,1.0,True,7200,0.7860262008733624,1.0,4,2290,1,0,0.0,0.9993297587298602,0.013925764192139738,,,,
clef,CD011768,9160,25,asr_prior,3,360,623,0.9106986899563319,0.9319868995633188,1.0,1.0,1.0,4290,0.4683406113537118,1.0,True,7252,0.7917030567685589,1.0,4,2290,1,0,0.0,0.9999555586547246,0.012589519650655022,,,,
clef,CD011768,9160,25,asr_prior,4,390,624,0.9074235807860261,0.9318777292576419,1.0,1.0,1.0,4650,0.50764192139738,1.0,True,7252,0.7917030567685589,1.0,4,2290,1,0,0.0,0.9995439256643371,0.01662882096069869,,,,
clef,CD011768,9160,25,asr_prior,5,367,617,0.9099344978165939,0.9326419213973799,1.0,1.0,1.0,4380,0.4781659388646288,1.0,True,7252,0.7917030567685589,1.0,4,2290,1,0,0.0,0.9997725463436845,0.012349344978165939,,,,
clef,CD011768,9160,25,asr_prior,6,396,624,0.9067685589519651,0.9318777292576419,1.0,1.0,1.0,4722,0.5155021834061135,1.0,True,7252,0.7917030567685589,1.0,4,2290,1,0,0.0,0.999916728905358,0.016593886462882096,,,,
clef,CD011768,9160,25,asr_prior,7,413,621,0.9049126637554584,0.9322052401746725,1.0,1.0,1.0,4929,0.5381004366812228,1.0,True,7252,0.7917030567685589,1.0,4,2290,1,0,0.0,0.999314128961689,0.01596943231441048,,,,
clef,CD011768,9160,25,asr_prior,8,365,616,0.9101528384279476,0.9327510917030568,1.0,1.0,1.0,4353,0.4752183406113537,1.0,True,7252,0.7917030567685589,1.0,4,2290,1,0,0.0,0.9993178717775338,0.01251528384279476,,,,
clef,CD011768,9160,25,asr_prior,9,365,622,0.9101528384279476,0.9320960698689956,1.0,1.0,1.0,4353,0.4752183406113537,1.0,True,7252,0.7917030567685589,1.0,4,2290,1,0,0.0,0.9993178717775338,0.012493449781659388,,,,
clef,CD011768,9160,25,asr_jevblend_3,0,123,171,0.9365720524017467,0.9813318777292577,1.0,1.0,1.0,1203,0.13133187772925764,1.0,True,7152,0.7807860262008733,1.0,4,2290,1,0,0.0,0.9997786876175752,0.0043842794759825325,,,,
clef,CD011768,9160,25,jev_only,0,100,149,0.9390829694323144,0.9837336244541485,1.0,1.0,1.0,1194,0.13034934497816594,1.0,True,7148,0.780349344978166,1.0,4,2291,1,0,0.0,0.9999996356762838,0.004148471615720524,7148.0,0.780349344978166,1.0,True
clef,CD011768,9160,25,jev_only,1,100,148,0.9390829694323144,0.9838427947598253,1.0,1.0,1.0,1194,0.13034934497816594,1.0,True,7148,0.780349344978166,1.0,4,2291,1,0,0.0,0.9999996356762838,0.0040829694323144105,7148.0,0.780349344978166,1.0,True
clef,CD011768,9160,25,jev_only,2,101,148,0.9389737991266375,0.9838427947598253,1.0,1.0,1.0,1176,0.12838427947598252,1.0,True,7148,0.780349344978166,1.0,4,2291,1,0,0.0,0.9993377483605292,0.004078602620087336,7148.0,0.780349344978166,1.0,True
clef,CD011768,9160,25,jev_only,3,100,147,0.9390829694323144,0.9839519650655022,1.0,1.0,1.0,1176,0.12838427947598252,1.0,True,7148,0.780349344978166,1.0,4,2291,1,0,0.0,0.9999996615599993,0.00411353711790393,7148.0,0.780349344978166,1.0,True
clef,CD011768,9160,25,jev_only,4,101,147,0.9389737991266375,0.9839519650655022,1.0,1.0,1.0,1158,0.12641921397379913,1.0,True,7148,0.780349344978166,1.0,4,2291,1,0,0.0,0.9993377483605292,0.004148471615720524,7148.0,0.780349344978166,1.0,True
clef,CD011768,9160,25,jev_only,5,101,149,0.9389737991266375,0.9837336244541485,1.0,1.0,1.0,1203,0.13133187772925764,1.0,True,7148,0.780349344978166,1.0,4,2291,1,0,0.0,0.9993377483605292,0.004104803493449782,7148.0,0.780349344978166,1.0,True
clef,CD011768,9160,25,jev_only,6,101,147,0.9389737991266375,0.9839519650655022,1.0,1.0,1.0,1158,0.12641921397379913,1.0,True,7148,0.780349344978166,1.0,4,2291,1,0,0.0,0.9993377483605292,0.004087336244541485,7148.0,0.780349344978166,1.0,True
clef,CD011768,9160,25,jev_only,7,100,149,0.9390829694323144,0.9837336244541485,1.0,1.0,1.0,1194,0.13034934497816594,1.0,True,7148,0.780349344978166,1.0,4,2291,1,0,0.0,0.9999996615599993,0.004117903930131004,7148.0,0.780349344978166,1.0,True
clef,CD011768,9160,25,jev_only,8,100,150,0.9390829694323144,0.9836244541484717,1.0,1.0,1.0,1194,0.13034934497816594,1.0,True,7148,0.780349344978166,1.0,4,2291,1,0,0.0,0.9999996356762838,0.004091703056768559,7148.0,0.780349344978166,1.0,True
clef,CD011768,9160,25,jev_only,9,100,150,0.9390829694323144,0.9836244541484717,1.0,1.0,1.0,1194,0.13034934497816594,1.0,True,7148,0.780349344978166,1.0,4,2291,1,0,0.0,0.9999996615599993,0.004096069868995633,7148.0,0.780349344978166,1.0,True
clef,CD011787,4369,28,asr_prior,0,358,1565,0.8680590524147401,0.6417944609750514,0.9642857142857143,0.9642857142857143,0.9642857142857143,2986,0.6834515907530327,1.0,True,3742,0.8564888990615701,1.0,2,2185,1,0,0.0,0.9994730910147268,0.02991040774286368,,,,
clef,CD011787,4369,28,asr_prior,1,372,1565,0.8648546578164339,0.6417944609750514,0.9642857142857143,0.9642857142857143,0.9642857142857143,3902,0.8931105516136416,1.0,True,3742,0.8564888990615701,1.0,2,2185,1,0,0.0,0.9994470953313531,0.030131118595298042,,,,
clef,CD011787,4369,28,asr_prior,2,367,1565,0.8659990844586861,0.6417944609750514,0.9642857142857143,0.9642857142857143,0.9642857142857143,3850,0.8812085145342183,1.0,True,3742,0.8564888990615701,1.0,2,2185,1,0,0.0,0.9994896358177432,0.029975803550992382,,,,
clef,CD011787,4369,28,asr_prior,3,364,1565,0.8666857404440375,0.6417944609750514,0.9642857142857143,0.9642857142857143,0.9642857142857143,3010,0.6889448386358434,1.0,True,3742,0.8564888990615701,1.0,2,2185,1,0,0.0,0.9994361232111649,0.029452637085962786,,,,
clef,CD011787,4369,28,asr_prior,4,363,1565,0.8669146257724879,0.6417944609750514,0.9642857142857143,0.9642857142857143,0.9642857142857143,3806,0.8711375600823987,1.0,True,3742,0.8564888990615701,1.0,2,2185,1,0,0.0,0.9994776577468747,0.029689696890429326,,,,
clef,CD011787,4369,28,asr_prior,5,362,1565,0.8671435111009383,0.6417944609750514,0.9642857142857143,0.9642857142857143,0.9642857142857143,3798,0.8693064774547952,1.0,True,3742,0.8564888990615701,1.0,2,2185,1,0,0.0,0.9995493868445842,0.03194585227086944,,,,
clef,CD011787,4369,28,asr_prior,6,357,1567,0.8682879377431906,0.6413366903181505,0.9642857142857143,0.9642857142857143,0.9642857142857143,2986,0.6834515907530327,1.0,True,3744,0.856946669718471,1.0,2,2185,1,0,0.0,0.9994730910147268,0.029869535362783247,,,,
clef,CD011787,4369,28,asr_prior,7,356,1565,0.868516823071641,0.6417944609750514,0.9642857142857143,0.9642857142857143,0.9642857142857143,2966,0.6788738841840238,1.0,True,3742,0.8564888990615701,1.0,2,2185,1,0,0.0,0.9994805767457884,0.02955073079815584,,,,
clef,CD011787,4369,28,asr_prior,8,359,1564,0.8678301670862897,0.6420233463035019,0.9642857142857143,0.9642857142857143,0.9642857142857143,3766,0.8619821469443809,1.0,True,3742,0.8564888990615701,1.0,2,2185,1,0,0.0,0.9994924922368378,0.030008501455056732,,,,
clef,CD011787,4369,28,asr_prior,9,341,1573,0.8719501029983978,0.6399633783474479,0.9642857142857143,0.9642857142857143,0.9642857142857143,2902,0.6642252231631952,1.0,True,3744,0.856946669718471,1.0,2,2185,1,0,0.0,0.995855647412323,0.03243632083183468,,,,
clef,CD011787,4369,28,asr_jevblend_3,0,206,269,0.902849622339208,0.9384298466468299,1.0,1.0,1.0,1766,0.4042114900434882,1.0,True,3452,0.7901121538109407,1.0,2,2185,1,0,0.0,0.9998892726753082,0.011288951378216656,,,,
clef,CD011787,4369,28,jev_only,0,171,226,0.9108606088349737,0.9482719157701991,1.0,1.0,1.0,1542,0.35294117647058826,1.0,True,3444,0.7882810711833371,1.0,2,2185,1,0,0.0,0.9995235826584093,0.011019193669685774,3444.0,0.7882810711833371,1.0,True
clef,CD011787,4369,28,jev_only,1,171,220,0.9108606088349737,0.9496452277409018,1.0,1.0,1.0,1374,0.31448844129091325,1.0,True,3442,0.7878233005264362,1.0,2,2185,1,0,0.0,0.9995235826584093,0.010953797861557073,3442.0,0.7878233005264362,1.0,True
clef,CD011787,4369,28,jev_only,2,171,224,0.9108606088349737,0.9487296864271,1.0,1.0,1.0,1486,0.34012359807736325,1.0,True,3442,0.7878233005264362,1.0,2,2185,1,0,0.0,0.9995235826584093,0.010961972337573163,3442.0,0.7878233005264362,1.0,True
clef,CD011787,4369,28,jev_only,3,170,219,0.9110894941634241,0.9498741130693522,1.0,1.0,1.0,1374,0.31448844129091325,1.0,True,3442,0.7878233005264362,1.0,2,2185,1,0,0.0,0.9999776982254578,0.010978321289605337,3442.0,0.7878233005264362,1.0,True
clef,CD011787,4369,28,jev_only,4,171,221,0.9108606088349737,0.9494163424124513,1.0,1.0,1.0,1402,0.3208972304875258,1.0,True,3442,0.7878233005264362,1.0,2,2185,1,0,0.0,0.9995235826584093,0.011076415001798385,3442.0,0.7878233005264362,1.0,True
clef,CD011787,4369,28,jev_only,5,170,220,0.9110894941634241,0.9496452277409018,1.0,1.0,1.0,1402,0.3208972304875258,1.0,True,3442,0.7878233005264362,1.0,2,2185,1,0,0.0,0.9999814034134705,0.01099467024163751,3442.0,0.7878233005264362,1.0,True
clef,CD011787,4369,28,jev_only,6,171,222,0.9108606088349737,0.9491874570840009,1.0,1.0,1.0,1430,0.32730601968413825,1.0,True,3442,0.7878233005264362,1.0,2,2185,1,0,0.0,0.9995235826584093,0.011035542621717949,3442.0,0.7878233005264362,1.0,True
clef,CD011787,4369,28,jev_only,7,170,220,0.9110894941634241,0.9496452277409018,1.0,1.0,1.0,1402,0.3208972304875258,1.0,True,3442,0.7878233005264362,1.0,2,2185,1,0,0.0,0.9999847749688263,0.010921099957492726,3442.0,0.7878233005264362,1.0,True
clef,CD011787,4369,28,jev_only,8,170,219,0.9110894941634241,0.9498741130693522,1.0,1.0,1.0,1374,0.31448844129091325,1.0,True,3442,0.7878233005264362,1.0,2,2185,1,0,0.0,0.9999776982254578,0.01097014681358925,3442.0,0.7878233005264362,1.0,True
clef,CD011787,4369,28,jev_only,9,170,224,0.9110894941634241,0.9487296864271,1.0,1.0,1.0,1514,0.34653238727397573,1.0,True,3442,0.7878233005264362,1.0,2,2185,1,0,0.0,0.9999905146320424,0.011043717097734036,3442.0,0.7878233005264362,1.0,True
clef,CD011977,195,37,asr_prior,0,85,92,0.514102564102564,0.5282051282051282,0.2972972972972973,0.5675675675675675,0.7837837837837838,195,1.0,1.0,True,172,0.882051282051282,1.0,1,195,1,0,0.0,0.999475970516766,0.19459459459459458,,,,
clef,CD011977,195,37,asr_prior,1,84,91,0.5192307692307692,0.5333333333333333,0.2702702702702703,0.6216216216216216,0.7297297297297297,195,1.0,1.0,True,172,0.882051282051282,1.0,1,195,1,0,0.0,0.9995259165613148,0.20041580041580043,,,,
clef,CD011977,195,37,asr_prior,2,86,91,0.5089743589743589,0.5333333333333333,0.24324324324324326,0.5675675675675675,0.7027027027027027,195,1.0,1.0,True,172,0.882051282051282,1.0,1,195,1,0,0.0,0.9983263547742525,0.20595980595980595,,,,
clef,CD011977,195,37,asr_prior,3,84,92,0.5192307692307692,0.5282051282051282,0.24324324324324326,0.5405405405405406,0.7567567567567568,195,1.0,1.0,True,172,0.882051282051282,1.0,1,195,1,0,0.0,0.9995259165613148,0.20415800415800417,,,,
clef,CD011977,195,37,asr_prior,4,87,92,0.5038461538461538,0.5282051282051282,0.24324324324324326,0.6216216216216216,0.7837837837837838,195,1.0,1.0,True,172,0.882051282051282,1.0,1,195,1,0,0.0,0.9991455599633811,0.20055440055440055,,,,
clef,CD011977,195,37,asr_prior,5,85,90,0.514102564102564,0.5384615384615384,0.2702702702702703,0.5945945945945946,0.7297297297297297,195,1.0,1.0,True,172,0.882051282051282,1.0,1,195,1,0,0.0,0.9985862917278848,0.19833679833679835,,,,
clef,CD011977,195,37,asr_prior,6,86,92,0.5089743589743589,0.5282051282051282,0.2702702702702703,0.5675675675675675,0.7297297297297297,195,1.0,1.0,True,172,0.882051282051282,1.0,1,195,1,0,0.0,0.9983263547742525,0.20235620235620236,,,,
clef,CD011977,195,37,asr_prior,7,89,93,0.49358974358974367,0.523076923076923,0.10810810810810811,0.43243243243243246,0.7027027027027027,195,1.0,1.0,True,172,0.882051282051282,1.0,1,195,1,0,0.0,0.9999263837898837,0.24158004158004157,,,,
clef,CD011977,195,37,asr_prior,8,85,90,0.514102564102564,0.5384615384615384,0.1891891891891892,0.5135135135135135,0.7297297297297297,195,1.0,1.0,True,172,0.882051282051282,1.0,1,195,1,0,0.0,0.9998401640885592,0.21954261954261955,,,,
clef,CD011977,195,37,asr_prior,9,84,92,0.5192307692307692,0.5282051282051282,0.24324324324324326,0.5405405405405406,0.7297297297297297,195,1.0,1.0,True,172,0.882051282051282,1.0,1,195,1,0,0.0,0.9995259165613148,0.2047124047124047,,,,
clef,CD011977,195,37,asr_jevblend_3,0,91,104,0.48333333333333334,0.4666666666666667,0.40540540540540543,0.6756756756756757,0.7837837837837838,195,1.0,1.0,True,175,0.8974358974358975,1.0,1,195,1,0,0.0,0.992679084422204,0.1796257796257796,,,,
clef,CD011977,195,37,jev_only,0,115,121,0.36025641025641025,0.37948717948717947,0.43243243243243246,0.7027027027027027,0.7837837837837838,195,1.0,1.0,True,179,0.9179487179487179,1.0,1,195,1,0,0.0,0.9429739488526064,0.18045738045738044,179.0,0.9179487179487179,1.0,True
clef,CD011977,195,37,jev_only,1,119,121,0.3397435897435897,0.37948717948717947,0.43243243243243246,0.7027027027027027,0.7837837837837838,195,1.0,1.0,True,179,0.9179487179487179,1.0,1,195,1,0,0.0,0.8827319587628902,0.18059598059598062,179.0,0.9179487179487179,1.0,True
clef,CD011977,195,37,jev_only,2,124,125,0.31410256410256415,0.3589743589743589,0.43243243243243246,0.7027027027027027,0.7837837837837838,195,1.0,1.0,True,179,0.9179487179487179,1.0,1,195,1,0,0.0,0.7991341991341887,0.18170478170478171,179.0,0.9179487179487179,1.0,True
clef,CD011977,195,37,jev_only,3,114,120,0.36538461538461536,0.3846153846153846,0.43243243243243246,0.7027027027027027,0.7837837837837838,195,1.0,1.0,True,178,0.9128205128205128,1.0,1,195,1,0,0.0,0.893185789167153,0.17976437976437978,178.0,0.9128205128205128,1.0,True
clef,CD011977,195,37,jev_only,4,117,122,0.35000000000000003,0.37435897435897436,0.43243243243243246,0.7027027027027027,0.7837837837837838,195,1.0,1.0,True,179,0.9179487179487179,1.0,1,195,1,0,0.0,0.9029639175257806,0.18087318087318088,179.0,0.9179487179487179,1.0,True
clef,CD011977,195,37,jev_only,5,120,124,0.3346153846153846,0.36410256410256414,0.43243243243243246,0.7027027027027027,0.7837837837837838,195,1.0,1.0,True,179,0.9179487179487179,1.0,1,195,1,0,0.0,0.8804591265397518,0.18115038115038115,179.0,0.9179487179487179,1.0,True
clef,CD011977,195,37,jev_only,6,117,118,0.35000000000000003,0.3948717948717949,0.43243243243243246,0.7027027027027027,0.7837837837837838,195,1.0,1.0,True,178,0.9128205128205128,1.0,1,195,1,0,0.0,0.9029639175257806,0.18031878031878032,178.0,0.9128205128205128,1.0,True
clef,CD011977,195,37,jev_only,7,116,125,0.35512820512820514,0.3589743589743589,0.43243243243243246,0.7027027027027027,0.7837837837837838,195,1.0,1.0,True,179,0.9179487179487179,1.0,1,195,1,0,0.0,0.9200447928331514,0.1812889812889813,179.0,0.9179487179487179,1.0,True
clef,CD011977,195,37,jev_only,8,121,123,0.3294871794871795,0.36923076923076925,0.43243243243243246,0.7027027027027027,0.7837837837837838,195,1.0,1.0,True,179,0.9179487179487179,1.0,1,195,1,0,0.0,0.8265886588658887,0.1812889812889813,179.0,0.9179487179487179,1.0,True
clef,CD011977,195,37,jev_only,9,115,120,0.36025641025641025,0.3846153846153846,0.43243243243243246,0.7027027027027027,0.7837837837837838,195,1.0,1.0,True,178,0.9128205128205128,1.0,1,195,1,0,0.0,0.9066044412141511,0.1796257796257796,178.0,0.9128205128205128,1.0,True
clef,CD012069,3479,245,asr_prior,0,1642,3026,0.47802529462489224,0.13020983041103762,0.5142857142857142,0.6979591836734694,0.8530612244897959,1989,0.5717160103478011,0.9795918367346939,True,2306,0.6628341477436045,0.9836734693877551,1,3479,78,0,0.0,0.9524418647408629,0.15611804940429752,,,,
clef,CD012069,3479,245,asr_prior,1,1641,3026,0.4783127335441219,0.13020983041103762,0.49387755102040815,0.6979591836734694,0.8530612244897959,1791,0.5148031043403277,0.9551020408163265,True,2320,0.6668582926128198,0.9836734693877551,1,3479,78,0,0.0,0.962584708377705,0.15799637474995748,,,,
clef,CD012069,3479,245,asr_prior,2,1634,3026,0.48032480597872956,0.13020983041103762,0.4897959183673469,0.689795918367347,0.8530612244897959,2073,0.5958608795630929,0.9836734693877551,True,2304,0.6622592699051452,0.9836734693877551,1,3479,78,0,0.0,0.9644234931297607,0.16053404977972793,,,,
clef,CD012069,3479,245,asr_prior,3,1643,3026,0.4777378557056626,0.13020983041103762,0.4857142857142857,0.689795918367347,0.8530612244897959,2118,0.6087956309284277,0.9836734693877551,True,2307,0.6631215866628342,0.9836734693877551,1,3479,78,0,0.0,0.9558650894797589,0.15717864035525103,,,,
clef,CD012069,3479,245,asr_prior,4,1625,3036,0.48291175625179644,0.12733544121874096,0.4816326530612245,0.7061224489795919,0.8530612244897959,2220,0.6381144006898534,0.9836734693877551,True,2309,0.6636964645012935,0.9836734693877551,1,3479,78,0,0.0,0.9941152125780565,0.1589642813147104,,,,
clef,CD012069,3479,245,asr_prior,5,1642,3026,0.47802529462489224,0.13020983041103762,0.49795918367346936,0.689795918367347,0.8530612244897959,2076,0.5967231963207819,0.9836734693877551,True,2321,0.6671457315320495,0.9836734693877551,1,3479,78,0,0.0,0.9592776957411894,0.1594417818866552,,,,
clef,CD012069,3479,245,asr_prior,6,1637,3026,0.47946248922104057,0.13020983041103762,0.49387755102040815,0.6857142857142857,0.8530612244897959,2304,0.6622592699051452,0.9836734693877551,True,2311,0.6642713423397528,0.9836734693877551,1,3479,78,0,0.0,0.9643194198368584,0.15999202210346627,,,,
clef,CD012069,3479,245,asr_prior,7,1642,3026,0.47802529462489224,0.13020983041103762,0.4857142857142857,0.6979591836734694,0.8530612244897959,1998,0.574302960620868,0.9795918367346939,True,2320,0.6668582926128198,0.9836734693877551,1,3479,78,0,0.0,0.9524418647408629,0.15886103794780343,,,,
clef,CD012069,3479,245,asr_prior,8,1639,3026,0.47888761138258124,0.13020983041103762,0.49387755102040815,0.689795918367347,0.8530612244897959,2001,0.575165277378557,0.9795918367346939,True,2307,0.6631215866628342,0.9836734693877551,1,3479,78,0,0.0,0.9673548558874645,0.1587624874612104,,,,
clef,CD012069,3479,245,asr_prior,9,1643,3026,0.4777378557056626,0.13020983041103762,0.49387755102040815,0.6938775510204082,0.8530612244897959,2049,0.5889623455015809,0.9836734693877551,True,2321,0.6671457315320495,0.9836734693877551,1,3479,78,0,0.0,0.950627195973183,0.15842460007860576,,,,
clef,CD012069,3479,245,asr_jevblend_3,0,1372,2206,0.5556338028169014,0.36590974417936184,0.6122448979591837,0.8530612244897959,0.9224489795918367,1260,0.36217303822937624,0.9428571428571428,True,2453,0.705087668870365,1.0,1,3479,78,0,0.0,0.9468432878777436,0.10946260654304837,,,,
clef,CD012069,3479,245,jev_only,0,1441,2530,0.5358005173900546,0.27277953434895086,0.5877551020408164,0.7795918367346939,0.8734693877551021,1605,0.46133946536361026,0.9591836734693877,True,2657,0.7637252083932164,1.0,1,3479,78,0,0.0,0.942984795865606,0.1287057622704155,2702.0,0.7766599597585513,1.0,True
clef,CD012069,3479,245,jev_only,1,1440,2516,0.5360879563092842,0.2768036792181662,0.5918367346938775,0.7795918367346939,0.8775510204081632,1611,0.4630640988789882,0.9591836734693877,True,2650,0.7617131359586088,1.0,1,3479,78,0,0.0,0.9024911918265299,0.12871984091135735,2702.0,0.7766599597585513,1.0,True
clef,CD012069,3479,245,jev_only,2,1428,2477,0.5395372233400402,0.288013797068123,0.5877551020408164,0.7795918367346939,0.8734693877551021,1593,0.45789019833285427,0.9591836734693877,True,2660,0.7645875251509054,1.0,1,3479,78,0,0.0,0.9517340351655504,0.12850866129722943,2702.0,0.7766599597585513,1.0,True
clef,CD012069,3479,245,jev_only,3,1479,2476,0.5248778384593273,0.2883012359873527,0.5877551020408164,0.7795918367346939,0.8734693877551021,1608,0.4622017821212992,0.9591836734693877,True,2663,0.7654498419085944,1.0,1,3479,78,0,0.0,0.8502325755874478,0.1286916836294736,2702.0,0.7766599597585513,1.0,True
clef,CD012069,3479,245,jev_only,4,1460,2463,0.530339177924691,0.29203794193733834,0.5877551020408164,0.7795918367346939,0.8775510204081632,1686,0.484622017821213,0.9714285714285714,True,2654,0.7628628916355275,1.0,1,3479,78,0,0.0,0.8988912744426402,0.1285203934980143,2702.0,0.7766599597585513,1.0,True
clef,CD012069,3479,245,jev_only,5,1444,2519,0.5349382006323655,0.2759413624604772,0.5877551020408164,0.7795918367346939,0.8775510204081632,1611,0.4630640988789882,0.9591836734693877,True,2656,0.7634377694739868,1.0,1,3479,78,0,0.0,0.8941534927644175,0.12861190466413644,2702.0,0.7766599597585513,1.0,True
clef,CD012069,3479,245,jev_only,6,1428,2503,0.5395372233400402,0.2805403851681517,0.5918367346938775,0.7795918367346939,0.8775510204081632,1611,0.4630640988789882,0.9591836734693877,True,2657,0.7637252083932164,1.0,1,3479,78,0,0.0,0.9452693649555829,0.1288664934211684,2702.0,0.7766599597585513,1.0,True
clef,CD012069,3479,245,jev_only,7,1459,2485,0.5306266168439207,0.2857142857142857,0.5877551020408164,0.7755102040816326,0.8734693877551021,1599,0.45961483184823226,0.9591836734693877,True,2646,0.7605633802816901,1.0,1,3479,78,0,0.0,0.8825277859995979,0.12863771550586317,2702.0,0.7766599597585513,1.0,True
clef,CD012069,3479,245,jev_only,8,1446,2495,0.5343633227939062,0.28283989652198904,0.5918367346938775,0.7836734693877551,0.8775510204081632,1608,0.4622017821212992,0.9591836734693877,True,2663,0.7654498419085944,1.0,1,3479,78,0,0.0,0.9175658164671058,0.12863419584562769,2702.0,0.7766599597585513,1.0,True
clef,CD012069,3479,245,jev_only,9,1431,2496,0.5386749065823513,0.2825524576027594,0.5877551020408164,0.7836734693877551,0.8734693877551021,1638,0.4708249496981891,0.963265306122449,True,2646,0.7605633802816901,1.0,1,3479,78,0,0.0,0.9592958204039119,0.12869285684955212,2702.0,0.7766599597585513,1.0,True
clef,CD012080,6643,77,asr_prior,0,1169,2357,0.7740252897787144,0.6451904260123438,0.7792207792207793,0.961038961038961,0.987012987012987,6162,0.9275929549902152,1.0,True,4290,0.6457925636007827,1.0,3,2215,7,0,0.0,0.9992692729265633,0.058735784763182024,,,,
clef,CD012080,6643,77,asr_prior,1,1196,2362,0.7699608610567514,0.6444377540267952,0.8181818181818182,0.961038961038961,0.987012987012987,6306,0.9492699081740178,1.0,True,4293,0.646244166792112,1.0,3,2215,7,0,0.0,0.9992656508169725,0.06003194457206199,,,,
clef,CD012080,6643,77,asr_prior,2,1226,2363,0.7654448291434592,0.6442872196296854,0.8051948051948052,0.961038961038961,0.987012987012987,6462,0.9727532741231372,1.0,True,4293,0.646244166792112,1.0,3,2215,7,0,0.0,0.9992615839025327,0.0713650341830381,,,,
clef,CD012080,6643,77,asr_prior,3,1189,2362,0.7710146018365196,0.6444377540267952,0.8051948051948052,0.961038961038961,0.987012987012987,6270,0.9438506698780671,1.0,True,4293,0.646244166792112,1.0,3,2215,7,0,0.0,0.9985335901399884,0.05977779558992866,,,,
clef,CD012080,6643,77,asr_prior,4,1185,2357,0.7716167394249586,0.6451904260123438,0.8051948051948052,0.961038961038961,0.987012987012987,6246,0.9402378443474334,1.0,True,4290,0.6457925636007827,1.0,3,2215,7,0,0.0,0.9999203002412682,0.060299778499387106,,,,
clef,CD012080,6643,77,asr_prior,5,1203,2355,0.7689071202769833,0.6454914948065633,0.8051948051948052,0.961038961038961,0.987012987012987,6342,0.9546891464699684,1.0,True,4287,0.6453409604094535,1.0,3,2215,7,0,0.0,0.9999477388052536,0.05959989130243533,,,,
clef,CD012080,6643,77,asr_prior,6,1221,2363,0.766197501129008,0.6442872196296854,0.8051948051948052,0.961038961038961,0.987012987012987,6438,0.9691404485925034,1.0,True,4293,0.646244166792112,1.0,3,2215,7,0,0.0,0.9996600054977158,0.07153902848619091,,,,
clef,CD012080,6643,77,asr_prior,7,1175,2356,0.7731220833960559,0.6453409604094535,0.8051948051948052,0.961038961038961,0.987012987012987,6198,0.9330121932861659,1.0,True,4290,0.6457925636007827,1.0,3,2215,7,0,0.0,0.9992684711046065,0.05883353437169484,,,,
clef,CD012080,6643,77,asr_prior,8,1184,2355,0.7717672738220683,0.6454914948065633,0.8051948051948052,0.961038961038961,0.987012987012987,6240,0.9393346379647749,1.0,True,4287,0.6453409604094535,1.0,3,2215,7,0,0.0,0.999267265066859,0.05926754263349175,,,,
clef,CD012080,6643,77,asr_prior,9,1176,2355,0.7729715489989462,0.6454914948065633,0.8051948051948052,0.961038961038961,0.987012987012987,6198,0.9330121932861659,1.0,True,4287,0.6453409604094535,1.0,3,2215,7,0,0.0,0.9999396708289267,0.05873382977101176,,,,
clef,CD012080,6643,77,asr_jevblend_3,0,1026,1290,0.7955517085654071,0.8058106277284359,0.8831168831168831,1.0,1.0,5946,0.8950775252145116,1.0,True,3702,0.557278338100256,1.0,3,2215,7,0,0.0,0.9987311715344416,0.04149275382152094,,,,
clef,CD012080,6643,77,jev_only,0,1007,1254,0.7984118621104922,0.8112298660243866,0.8441558441558441,1.0,1.0,4212,0.6340508806262231,1.0,True,3684,0.5545687189522805,1.0,3,2215,7,0,0.0,0.9992902767920474,0.04826289170711871,3684.0,0.5545687189522805,1.0,True
clef,CD012080,6643,77,jev_only,1,1001,1255,0.7993150684931507,0.8110793316272769,0.8441558441558441,1.0,1.0,4212,0.6340508806262231,1.0,True,3684,0.5545687189522805,1.0,3,2215,7,0,0.0,0.9992910315490919,0.04807716745094436,3684.0,0.5545687189522805,1.0,True
clef,CD012080,6643,77,jev_only,2,1003,1244,0.7990139996989312,0.812735209995484,0.8441558441558441,1.0,1.0,4236,0.6376637061568569,1.0,True,3678,0.5536655125696222,1.0,3,2215,7,0,0.0,0.9985819375952024,0.04801656269366641,3678.0,0.5536655125696222,1.0,True
clef,CD012080,6643,77,jev_only,3,1005,1265,0.7987129309047116,0.8095739876561794,0.8441558441558441,1.0,1.0,4212,0.6340508806262231,1.0,True,3690,0.555471925334939,1.0,3,2215,7,0,0.0,0.9996960198743154,0.048088897403965894,3690.0,0.555471925334939,1.0,True
clef,CD012080,6643,77,jev_only,4,998,1247,0.7997666716844798,0.8122836068041548,0.8441558441558441,1.0,1.0,4170,0.6277284359476141,1.0,True,3681,0.5541171157609514,1.0,3,2215,7,0,0.0,0.9992914083259476,0.04808107743528487,3681.0,0.5541171157609514,1.0,True
clef,CD012080,6643,77,jev_only,5,1000,1247,0.7994656028902604,0.8122836068041548,0.8441558441558441,1.0,1.0,4206,0.6331476742435647,1.0,True,3681,0.5541171157609514,1.0,3,2215,7,0,0.0,0.9985826912821681,0.04792663305383462,3681.0,0.5541171157609514,1.0,True
clef,CD012080,6643,77,jev_only,6,996,1265,0.8000677404786993,0.8095739876561794,0.8441558441558441,1.0,1.0,4152,0.6250188167996387,1.0,True,3690,0.555471925334939,1.0,3,2215,7,0,0.0,0.9997583895385243,0.04795204795204795,3690.0,0.555471925334939,1.0,True
clef,CD012080,6643,77,jev_only,7,1012,1252,0.7976591901249435,0.811530934818606,0.8441558441558441,1.0,1.0,4236,0.6376637061568569,1.0,True,3681,0.5541171157609514,1.0,3,2215,7,0,0.0,0.998579671717044,0.04823552181673513,3681.0,0.5541171157609514,1.0,True
clef,CD012080,6643,77,jev_only,8,1008,1265,0.7982613277133824,0.8095739876561794,0.8441558441558441,1.0,1.0,4230,0.6367604997741984,1.0,True,3690,0.555471925334939,1.0,3,2215,7,0,0.0,0.9996518415588612,0.04821988187937307,3690.0,0.555471925334939,1.0,True
clef,CD012080,6643,77,jev_only,9,997,1256,0.7999172060815896,0.8109287972301671,0.8441558441558441,1.0,1.0,4218,0.6349540870088816,1.0,True,3684,0.5545687189522805,1.0,3,2215,7,0,0.0,0.9985834441684497,0.04794813796770744,3684.0,0.5545687189522805,1.0,True
clef,CD012164,61,3,asr_prior,0,16,16,0.6877049180327868,0.7377049180327868,0.3333333333333333,0.3333333333333333,1.0,61,1.0,1.0,True,59,0.9672131147540983,1.0,1,61,0,0,0.0,0.986703682057277,0.17486338797814208,,,,
clef,CD012164,61,3,asr_prior,1,10,10,0.7860655737704918,0.8360655737704918,0.6666666666666666,1.0,1.0,61,1.0,1.0,True,59,0.9672131147540983,1.0,1,61,0,0,0.0,0.9906015037593981,0.08196721311475409,,,,
clef,CD012164,61,3,asr_prior,2,16,16,0.6877049180327868,0.7377049180327868,0.3333333333333333,0.3333333333333333,1.0,61,1.0,1.0,True,59,0.9672131147540983,1.0,1,61,0,0,0.0,0.986703682057277,0.17486338797814208,,,,
clef,CD012164,61,3,asr_prior,3,22,22,0.589344262295082,0.639344262295082,0.3333333333333333,0.3333333333333333,0.3333333333333333,61,1.0,1.0,True,60,0.9836065573770492,1.0,1,61,0,0,0.0,0.9611338398597328,0.24043715846994534,,,,
clef,CD012164,61,3,asr_prior,4,22,22,0.589344262295082,0.639344262295082,0.3333333333333333,0.3333333333333333,0.3333333333333333,61,1.0,1.0,True,60,0.9836065573770492,1.0,1,61,0,0,0.0,0.9611338398597328,0.24043715846994534,,,,
clef,CD012164,61,3,asr_prior,5,11,11,0.769672131147541,0.819672131147541,0.6666666666666666,1.0,1.0,61,1.0,1.0,True,59,0.9672131147540983,1.0,1,61,0,0,0.0,0.9868421052631574,0.08743169398907104,,,,
clef,CD012164,61,3,asr_prior,6,11,11,0.769672131147541,0.819672131147541,0.6666666666666666,1.0,1.0,61,1.0,1.0,True,59,0.9672131147540983,1.0,1,61,0,0,0.0,0.9868421052631574,0.08743169398907104,,,,
clef,CD012164,61,3,asr_prior,7,16,16,0.6877049180327868,0.7377049180327868,0.3333333333333333,0.3333333333333333,1.0,61,1.0,1.0,True,59,0.9672131147540983,1.0,1,61,0,0,0.0,0.986703682057277,0.17486338797814208,,,,
clef,CD012164,61,3,asr_prior,8,17,17,0.671311475409836,0.7213114754098361,0.3333333333333333,0.3333333333333333,1.0,61,1.0,1.0,True,59,0.9672131147540983,1.0,1,61,0,0,0.0,0.9836353009935717,0.18579234972677597,,,,
clef,CD012164,61,3,asr_prior,9,22,22,0.589344262295082,0.639344262295082,0.3333333333333333,0.3333333333333333,0.3333333333333333,61,1.0,1.0,True,60,0.9836065573770492,1.0,1,61,0,0,0.0,0.9611338398597328,0.24043715846994534,,,,
clef,CD012164,61,3,asr_jevblend_3,0,3,3,0.9008196721311474,0.9508196721311475,1.0,1.0,1.0,61,1.0,1.0,True,59,0.9672131147540983,1.0,1,61,0,0,0.0,1.0,0.03278688524590164,,,,
clef,CD012164,61,3,jev_only,0,3,3,0.9008196721311474,0.9508196721311475,1.0,1.0,1.0,61,1.0,1.0,True,59,0.9672131147540983,1.0,1,61,0,0,0.0,1.0,0.03278688524590164,59.0,0.9672131147540983,1.0,True
clef,CD012164,61,3,jev_only,1,3,3,0.9008196721311474,0.9508196721311475,1.0,1.0,1.0,61,1.0,1.0,True,59,0.9672131147540983,1.0,1,61,0,0,0.0,1.0,0.03278688524590164,59.0,0.9672131147540983,1.0,True
clef,CD012164,61,3,jev_only,2,3,3,0.9008196721311474,0.9508196721311475,1.0,1.0,1.0,61,1.0,1.0,True,59,0.9672131147540983,1.0,1,61,0,0,0.0,1.0,0.03278688524590164,59.0,0.9672131147540983,1.0,True
clef,CD012164,61,3,jev_only,3,3,3,0.9008196721311474,0.9508196721311475,1.0,1.0,1.0,61,1.0,1.0,True,59,0.9672131147540983,1.0,1,61,0,0,0.0,1.0,0.03278688524590164,59.0,0.9672131147540983,1.0,True
clef,CD012164,61,3,jev_only,4,3,3,0.9008196721311474,0.9508196721311475,1.0,1.0,1.0,61,1.0,1.0,True,59,0.9672131147540983,1.0,1,61,0,0,0.0,1.0,0.03278688524590164,59.0,0.9672131147540983,1.0,True
clef,CD012164,61,3,jev_only,5,3,3,0.9008196721311474,0.9508196721311475,1.0,1.0,1.0,61,1.0,1.0,True,59,0.9672131147540983,1.0,1,61,0,0,0.0,1.0,0.03278688524590164,59.0,0.9672131147540983,1.0,True
clef,CD012164,61,3,jev_only,6,3,3,0.9008196721311474,0.9508196721311475,1.0,1.0,1.0,61,1.0,1.0,True,59,0.9672131147540983,1.0,1,61,0,0,0.0,1.0,0.03278688524590164,59.0,0.9672131147540983,1.0,True
clef,CD012164,61,3,jev_only,7,3,3,0.9008196721311474,0.9508196721311475,1.0,1.0,1.0,61,1.0,1.0,True,59,0.9672131147540983,1.0,1,61,0,0,0.0,1.0,0.03278688524590164,59.0,0.9672131147540983,1.0,True
clef,CD012164,61,3,jev_only,8,3,3,0.9008196721311474,0.9508196721311475,1.0,1.0,1.0,61,1.0,1.0,True,59,0.9672131147540983,1.0,1,61,0,0,0.0,1.0,0.03278688524590164,59.0,0.9672131147540983,1.0,True
clef,CD012164,61,3,jev_only,9,3,3,0.9008196721311474,0.9508196721311475,1.0,1.0,1.0,61,1.0,1.0,True,59,0.9672131147540983,1.0,1,61,0,0,0.0,1.0,0.03278688524590164,59.0,0.9672131147540983,1.0,True
clef,CD012233,472,9,asr_prior,0,261,261,0.3970338983050848,0.4470338983050848,0.7777777777777778,0.8888888888888888,0.8888888888888888,472,1.0,1.0,True,462,0.9788135593220338,1.0,1,472,0,0,0.0,0.7553612612302694,0.099105461393597,,,,
clef,CD012233,472,9,asr_prior,1,261,261,0.3970338983050848,0.4470338983050848,0.7777777777777778,0.8888888888888888,0.8888888888888888,472,1.0,1.0,True,462,0.9788135593220338,1.0,1,472,0,0,0.0,0.7529719286283023,0.12123352165725047,,,,
clef,CD012233,472,9,asr_prior,2,260,260,0.3991525423728814,0.4491525423728814,0.7777777777777778,0.8888888888888888,0.8888888888888888,472,1.0,1.0,True,462,0.9788135593220338,1.0,1,472,0,0,0.0,0.7698366816015252,0.11699623352165725,,,,
clef,CD012233,472,9,asr_prior,3,261,261,0.3970338983050848,0.4470338983050848,0.7777777777777778,0.8888888888888888,0.8888888888888888,472,1.0,1.0,True,462,0.9788135593220338,1.0,1,472,0,0,0.0,0.7494089834514626,0.09722222222222221,,,,
clef,CD012233,472,9,asr_prior,4,261,261,0.3970338983050848,0.4470338983050848,0.7777777777777778,0.8888888888888888,0.8888888888888888,472,1.0,1.0,True,462,0.9788135593220338,1.0,1,472,0,0,0.0,0.7505938242279645,0.09463276836158191,,,,
clef,CD012233,472,9,asr_prior,5,261,261,0.3970338983050848,0.4470338983050848,0.7777777777777778,0.8888888888888888,0.8888888888888888,472,1.0,1.0,True,462,0.9788135593220338,1.0,1,472,0,0,0.0,0.7482269503547488,0.09675141242937853,,,,
clef,CD012233,472,9,asr_prior,6,257,257,0.4055084745762712,0.4555084745762712,0.7777777777777778,0.8888888888888888,0.8888888888888888,472,1.0,1.0,True,462,0.9788135593220338,1.0,1,472,0,0,0.0,0.7623593590181215,0.12052730696798493,,,,
clef,CD012233,472,9,asr_prior,7,260,260,0.3991525423728814,0.4491525423728814,0.7777777777777778,0.8888888888888888,0.8888888888888888,472,1.0,1.0,True,462,0.9788135593220338,1.0,1,472,0,0,0.0,0.7517730496452923,0.09675141242937853,,,,
clef,CD012233,472,9,asr_prior,8,283,283,0.3504237288135594,0.40042372881355937,0.8888888888888888,0.8888888888888888,0.8888888888888888,472,1.0,1.0,True,462,0.9788135593220338,1.0,1,472,0,0,0.0,0.6922308546058684,0.09981167608286252,,,,
clef,CD012233,472,9,asr_prior,9,261,261,0.3970338983050848,0.4470338983050848,0.7777777777777778,0.8888888888888888,0.8888888888888888,472,1.0,1.0,True,462,0.9788135593220338,1.0,1,472,0,0,0.0,0.7517814726840132,0.12005649717514123,,,,
clef,CD012233,472,9,asr_jevblend_3,0,381,381,0.14279661016949158,0.19279661016949157,0.7777777777777778,0.8888888888888888,0.8888888888888888,472,1.0,1.0,True,462,0.9788135593220338,1.0,1,472,0,0,0.0,0.3835808912084123,0.12170433145009416,,,,
clef,CD012233,472,9,jev_only,0,380,380,0.14491525423728818,0.19491525423728817,0.7777777777777778,0.7777777777777778,0.7777777777777778,472,1.0,1.0,True,464,0.9830508474576272,1.0,1,472,0,0,0.0,0.48664767331444203,0.14595103578154425,464.0,0.9830508474576272,1.0,True
clef,CD012233,472,9,jev_only,1,405,405,0.09194915254237283,0.14194915254237284,0.7777777777777778,0.7777777777777778,0.7777777777777778,472,1.0,1.0,True,464,0.9830508474576272,1.0,1,472,0,0,0.0,0.371325918281564,0.1518361581920904,464.0,0.9830508474576272,1.0,True
clef,CD012233,472,9,jev_only,2,390,390,0.12372881355932201,0.17372881355932202,0.7777777777777778,0.7777777777777778,0.7777777777777778,472,1.0,1.0,True,464,0.9830508474576272,1.0,1,472,0,0,0.0,0.4450571776862804,0.14854048964218455,464.0,0.9830508474576272,1.0,True
clef,CD012233,472,9,jev_only,3,380,380,0.14491525423728818,0.19491525423728817,0.7777777777777778,0.7777777777777778,0.7777777777777778,472,1.0,1.0,True,464,0.9830508474576272,1.0,1,472,0,0,0.0,0.485398773006113,0.1457156308851224,464.0,0.9830508474576272,1.0,True
clef,CD012233,472,9,jev_only,4,396,396,0.11101694915254239,0.1610169491525424,0.7777777777777778,0.7777777777777778,0.7777777777777778,472,1.0,1.0,True,464,0.9830508474576272,1.0,1,472,0,0,0.0,0.4169036976840952,0.1504237288135593,464.0,0.9830508474576272,1.0,True
clef,CD012233,472,9,jev_only,5,397,397,0.10889830508474578,0.15889830508474578,0.7777777777777778,0.7777777777777778,0.7777777777777778,472,1.0,1.0,True,464,0.9830508474576272,1.0,1,472,0,0,0.0,0.40773949976411317,0.1492467043314501,464.0,0.9830508474576272,1.0,True
clef,CD012233,472,9,jev_only,6,397,397,0.10889830508474578,0.15889830508474578,0.7777777777777778,0.7777777777777778,0.7777777777777778,472,1.0,1.0,True,464,0.9830508474576272,1.0,1,472,0,0,0.0,0.40773949976411317,0.14948210922787195,464.0,0.9830508474576272,1.0,True
clef,CD012233,472,9,jev_only,7,384,384,0.13644067796610165,0.18644067796610164,0.7777777777777778,0.7777777777777778,0.7777777777777778,472,1.0,1.0,True,464,0.9830508474576272,1.0,1,472,0,0,0.0,0.47251407673992685,0.14736346516007534,464.0,0.9830508474576272,1.0,True
clef,CD012233,472,9,jev_only,8,407,407,0.08771186440677962,0.13771186440677963,0.7777777777777778,0.7777777777777778,0.7777777777777778,472,1.0,1.0,True,464,0.9830508474576272,1.0,1,472,0,0,0.0,0.36347980882724107,0.15230696798493407,464.0,0.9830508474576272,1.0,True
clef,CD012233,472,9,jev_only,9,390,390,0.12372881355932201,0.17372881355932202,0.7777777777777778,0.7777777777777778,0.7777777777777778,472,1.0,1.0,True,464,0.9830508474576272,1.0,1,472,0,0,0.0,0.44037753657383716,0.147834274952919,464.0,0.9830508474576272,1.0,True
clef,CD012455,1593,5,asr_prior,0,31,31,0.9305398618957941,0.9805398618957941,1.0,1.0,1.0,968,0.6076585059635907,1.0,True,1515,0.9510357815442562,1.0,1,1593,0,0,0.0,0.999780412998596,0.005775266792215944,,,,
clef,CD012455,1593,5,asr_prior,1,31,31,0.9305398618957941,0.9805398618957941,1.0,1.0,1.0,968,0.6076585059635907,1.0,True,1515,0.9510357815442562,1.0,1,1593,0,0,0.0,0.999780412998596,0.005775266792215944,,,,
clef,CD012455,1593,5,asr_prior,2,31,31,0.9305398618957941,0.9805398618957941,1.0,1.0,1.0,968,0.6076585059635907,1.0,True,1515,0.9510357815442562,1.0,1,1593,0,0,0.0,0.999742079458573,0.005524168236032643,,,,
clef,CD012455,1593,5,asr_prior,3,31,31,0.9305398618957941,0.9805398618957941,1.0,1.0,1.0,968,0.6076585059635907,1.0,True,1515,0.9510357815442562,1.0,1,1593,0,0,0.0,0.999780412998596,0.006026365348399247,,,,
clef,CD012455,1593,5,asr_prior,4,47,47,0.920495919648462,0.970495919648462,1.0,1.0,1.0,1467,0.9209039548022598,1.0,True,1516,0.9516635279347144,1.0,1,1593,0,0,0.0,0.9999974977604956,0.02222222222222222,,,,
clef,CD012455,1593,5,asr_prior,5,32,32,0.9299121155053358,0.9799121155053359,1.0,1.0,1.0,999,0.6271186440677966,1.0,True,1515,0.9510357815442562,1.0,1,1593,0,0,0.0,0.999780135742281,0.006151914626490898,,,,
clef,CD012455,1593,5,asr_prior,6,29,29,0.9317953546767106,0.9817953546767106,1.0,1.0,1.0,905,0.5681104833647207,1.0,True,1515,0.9510357815442562,1.0,1,1593,0,0,0.0,0.9998162152270857,0.005775266792215944,,,,
clef,CD012455,1593,5,asr_prior,7,48,48,0.9198681732580037,0.9698681732580038,1.0,1.0,1.0,1498,0.9403640929064658,1.0,True,1516,0.9516635279347144,1.0,1,1593,0,0,0.0,0.9999974945255383,0.022724419334588828,,,,
clef,CD012455,1593,5,asr_prior,8,31,31,0.9305398618957941,0.9805398618957941,1.0,1.0,1.0,968,0.6076585059635907,1.0,True,1515,0.9510357815442562,1.0,1,1593,0,0,0.0,0.9997984577637575,0.006026365348399247,,,,
clef,CD012455,1593,5,asr_prior,9,29,29,0.9317953546767106,0.9817953546767106,1.0,1.0,1.0,905,0.5681104833647207,1.0,True,1515,0.9510357815442562,1.0,1,1593,0,0,0.0,0.9998327119778225,0.005900816070307596,,,,
clef,CD012455,1593,5,asr_jevblend_3,0,7,7,0.9456057752667921,0.9956057752667922,1.0,1.0,1.0,219,0.1374764595103578,1.0,True,1514,0.9504080351537979,1.0,1,1593,0,0,0.0,0.9999992063983341,0.0023854362837413684,,,,
clef,CD012455,1593,5,jev_only,0,6,6,0.9462335216572504,0.9962335216572504,1.0,1.0,1.0,188,0.11801632140615191,1.0,True,1514,0.9504080351537979,1.0,1,1593,0,0,0.0,0.9999999999962401,0.0022598870056497176,1514.0,0.9504080351537979,1.0,True
clef,CD012455,1593,5,jev_only,1,6,6,0.9462335216572504,0.9962335216572504,1.0,1.0,1.0,188,0.11801632140615191,1.0,True,1514,0.9504080351537979,1.0,1,1593,0,0,0.0,0.9999999999999882,0.0023854362837413684,1514.0,0.9504080351537979,1.0,True
clef,CD012455,1593,5,jev_only,2,6,6,0.9462335216572504,0.9962335216572504,1.0,1.0,1.0,188,0.11801632140615191,1.0,True,1514,0.9504080351537979,1.0,1,1593,0,0,0.0,0.9999999999999882,0.0023854362837413684,1514.0,0.9504080351537979,1.0,True
clef,CD012455,1593,5,jev_only,3,6,6,0.9462335216572504,0.9962335216572504,1.0,1.0,1.0,188,0.11801632140615191,1.0,True,1514,0.9504080351537979,1.0,1,1593,0,0,0.0,0.9999999999962401,0.0022598870056497176,1514.0,0.9504080351537979,1.0,True
clef,CD012455,1593,5,jev_only,4,6,6,0.9462335216572504,0.9962335216572504,1.0,1.0,1.0,188,0.11801632140615191,1.0,True,1514,0.9504080351537979,1.0,1,1593,0,0,0.0,0.9999999999999882,0.0023854362837413684,1514.0,0.9504080351537979,1.0,True
clef,CD012455,1593,5,jev_only,5,6,6,0.9462335216572504,0.9962335216572504,1.0,1.0,1.0,188,0.11801632140615191,1.0,True,1514,0.9504080351537979,1.0,1,1593,0,0,0.0,0.9999999999962401,0.0022598870056497176,1514.0,0.9504080351537979,1.0,True
clef,CD012455,1593,5,jev_only,6,6,6,0.9462335216572504,0.9962335216572504,1.0,1.0,1.0,188,0.11801632140615191,1.0,True,1514,0.9504080351537979,1.0,1,1593,0,0,0.0,0.9999999999999882,0.0023854362837413684,1514.0,0.9504080351537979,1.0,True
clef,CD012455,1593,5,jev_only,7,6,6,0.9462335216572504,0.9962335216572504,1.0,1.0,1.0,188,0.11801632140615191,1.0,True,1514,0.9504080351537979,1.0,1,1593,0,0,0.0,0.9999999999999882,0.0023854362837413684,1514.0,0.9504080351537979,1.0,True
clef,CD012455,1593,5,jev_only,8,6,6,0.9462335216572504,0.9962335216572504,1.0,1.0,1.0,188,0.11801632140615191,1.0,True,1514,0.9504080351537979,1.0,1,1593,0,0,0.0,0.9999999999962401,0.0022598870056497176,1514.0,0.9504080351537979,1.0,True
clef,CD012455,1593,5,jev_only,9,6,6,0.9462335216572504,0.9962335216572504,1.0,1.0,1.0,188,0.11801632140615191,1.0,True,1514,0.9504080351537979,1.0,1,1593,0,0,0.0,0.9999999999962401,0.0022598870056497176,1514.0,0.9504080351537979,1.0,True
clef,CD012551,591,29,asr_prior,0,144,172,0.7063451776649745,0.7089678510998307,0.5517241379310345,0.7931034482758621,1.0,591,1.0,1.0,True,497,0.8409475465313029,1.0,1,591,1,0,0.0,0.9998231431595547,0.11044985121652373,,,,
clef,CD012551,591,29,asr_prior,1,145,169,0.704653130287648,0.7140439932318106,0.5517241379310345,0.7931034482758621,1.0,591,1.0,1.0,True,497,0.8409475465313029,1.0,1,591,1,0,0.0,0.9999901844072759,0.11126670167454344,,,,
clef,CD012551,591,29,asr_prior,2,146,168,0.7029610829103214,0.7157360406091371,0.5517241379310345,0.7931034482758621,1.0,591,1.0,1.0,True,497,0.8409475465313029,1.0,1,591,1,0,0.0,0.9999877523701032,0.10893284322305852,,,,
clef,CD012551,591,29,asr_prior,3,145,169,0.704653130287648,0.7140439932318106,0.5517241379310345,0.7931034482758621,1.0,591,1.0,1.0,True,497,0.8409475465313029,1.0,1,591,1,0,0.0,0.9999901844072759,0.10712410292315772,,,,
clef,CD012551,591,29,asr_prior,4,145,167,0.704653130287648,0.7174280879864636,0.6206896551724138,0.7931034482758621,1.0,591,1.0,1.0,True,496,0.8392554991539763,1.0,1,591,1,0,0.0,0.9999921701071918,0.10759087461345469,,,,
clef,CD012551,591,29,asr_prior,5,144,145,0.7063451776649745,0.754653130287648,0.6206896551724138,0.7931034482758621,1.0,591,1.0,1.0,True,491,0.8307952622673435,1.0,1,591,1,0,0.0,0.9984441062619477,0.10490693739424704,,,,
clef,CD012551,591,29,asr_prior,6,143,177,0.7080372250423012,0.700507614213198,0.5862068965517241,0.7931034482758621,1.0,591,1.0,1.0,True,499,0.8443316412859561,1.0,1,591,1,0,0.0,0.9998099526927445,0.10677402415543498,,,,
clef,CD012551,591,29,asr_prior,7,144,167,0.7063451776649745,0.7174280879864636,0.5172413793103449,0.7931034482758621,1.0,591,1.0,1.0,True,496,0.8392554991539763,1.0,1,591,1,0,0.0,0.9998231431595547,0.10969134721979112,,,,
clef,CD012551,591,29,asr_prior,8,147,163,0.7012690355329949,0.7241962774957699,0.5517241379310345,0.7241379310344828,1.0,591,1.0,1.0,True,495,0.8375634517766497,1.0,1,591,1,0,0.0,0.9999098472441695,0.11284205612929576,,,,
clef,CD012551,591,29,asr_prior,9,144,169,0.7063451776649745,0.7140439932318106,0.5517241379310345,0.7931034482758621,1.0,591,1.0,1.0,True,497,0.8409475465313029,1.0,1,591,1,0,0.0,0.9998231431595547,0.1101581189100881,,,,
clef,CD012551,591,29,asr_jevblend_3,0,58,76,0.8518612521150591,0.871404399323181,0.9655172413793104,1.0,1.0,523,0.8849407783417935,1.0,True,476,0.805414551607445,1.0,1,591,1,0,0.0,0.9999789982148483,0.04218449151058988,,,,
clef,CD012551,591,29,jev_only,0,61,71,0.8467851099830794,0.8798646362098139,0.9310344827586207,1.0,1.0,382,0.6463620981387479,1.0,True,475,0.8037225042301185,1.0,1,591,1,0,0.0,0.9998738334547712,0.04142598751385728,475.0,0.8037225042301185,1.0,True
clef,CD012551,591,29,jev_only,1,61,70,0.8467851099830794,0.8815566835871405,0.9310344827586207,1.0,1.0,377,0.637901861252115,1.0,True,475,0.8037225042301185,1.0,1,591,1,0,0.0,0.9998738334547712,0.041075908746134544,475.0,0.8037225042301185,1.0,True
clef,CD012551,591,29,jev_only,2,61,70,0.8467851099830794,0.8815566835871405,0.9310344827586207,1.0,1.0,377,0.637901861252115,1.0,True,475,0.8037225042301185,1.0,1,591,1,0,0.0,0.9998738334547712,0.041659373359005776,475.0,0.8037225042301185,1.0,True
clef,CD012551,591,29,jev_only,3,61,69,0.8467851099830794,0.883248730964467,0.9310344827586207,1.0,1.0,372,0.6294416243654822,1.0,True,474,0.8020304568527918,1.0,1,591,1,0,0.0,0.9998738334547712,0.04125094812999592,474.0,0.8020304568527918,1.0,True
clef,CD012551,591,29,jev_only,4,61,71,0.8467851099830794,0.8798646362098139,0.9310344827586207,1.0,1.0,382,0.6463620981387479,1.0,True,475,0.8037225042301185,1.0,1,591,1,0,0.0,0.9998738334547712,0.041542680436431535,475.0,0.8037225042301185,1.0,True
clef,CD012551,591,29,jev_only,5,61,71,0.8467851099830794,0.8798646362098139,0.9310344827586207,1.0,1.0,382,0.6463620981387479,1.0,True,475,0.8037225042301185,1.0,1,591,1,0,0.0,0.9998738334547712,0.04142598751385728,475.0,0.8037225042301185,1.0,True
clef,CD012551,591,29,jev_only,6,61,71,0.8467851099830794,0.8798646362098139,0.9310344827586207,1.0,1.0,382,0.6463620981387479,1.0,True,475,0.8037225042301185,1.0,1,591,1,0,0.0,0.9998738334547712,0.04113425520742167,475.0,0.8037225042301185,1.0,True
clef,CD012551,591,29,jev_only,7,61,71,0.8467851099830794,0.8798646362098139,0.9310344827586207,1.0,1.0,382,0.6463620981387479,1.0,True,475,0.8037225042301185,1.0,1,591,1,0,0.0,0.9998738334547712,0.04125094812999592,475.0,0.8037225042301185,1.0,True
clef,CD012551,591,29,jev_only,8,61,71,0.8467851099830794,0.8798646362098139,0.9310344827586207,1.0,1.0,382,0.6463620981387479,1.0,True,475,0.8037225042301185,1.0,1,591,1,0,0.0,0.9998738334547712,0.04142598751385728,475.0,0.8037225042301185,1.0,True
clef,CD012551,591,29,jev_only,9,61,69,0.8467851099830794,0.883248730964467,0.9310344827586207,1.0,1.0,372,0.6294416243654822,1.0,True,474,0.8020304568527918,1.0,1,591,1,0,0.0,0.9998738334547712,0.041017562284847424,474.0,0.8020304568527918,1.0,True
clef,CD012567,6735,4,asr_prior,0,750,750,0.838641425389755,0.888641425389755,0.75,1.0,1.0,156,0.023162583518930958,0.25,True,6438,0.955902004454343,1.0,3,2245,0,0,0.0,0.9938454469608333,0.04368968077208612,,,,
clef,CD012567,6735,4,asr_prior,1,475,475,0.8794729027468448,0.9294729027468448,1.0,1.0,1.0,156,0.023162583518930958,0.25,True,6423,0.9536748329621381,1.0,3,2245,0,0,0.0,0.9996716024926898,0.04016332590942836,,,,
clef,CD012567,6735,4,asr_prior,2,749,749,0.8387899034892353,0.8887899034892354,0.75,1.0,1.0,156,0.023162583518930958,0.25,True,6438,0.955902004454343,1.0,3,2245,0,0,0.0,0.9938008523828128,0.04350408314773571,,,,
clef,CD012567,6735,4,asr_prior,3,476,476,0.8793244246473645,0.9293244246473645,1.0,1.0,1.0,156,0.023162583518930958,0.25,True,6423,0.9536748329621381,1.0,3,2245,0,0,0.0,0.9996716024926898,0.04012620638455828,,,,
clef,CD012567,6735,4,asr_prior,4,722,722,0.8427988121752041,0.8927988121752042,0.75,1.0,1.0,6735,1.0,1.0,True,6435,0.955456570155902,1.0,3,2245,0,0,0.0,0.9957455956108843,0.04105419450631032,,,,
clef,CD012567,6735,4,asr_prior,5,721,721,0.8429472902746844,0.8929472902746844,0.75,1.0,1.0,6735,1.0,1.0,True,6435,0.955456570155902,1.0,3,2245,0,0,0.0,0.9957455956108843,0.040905716406829995,,,,
clef,CD012567,6735,4,asr_prior,6,721,721,0.8429472902746844,0.8929472902746844,0.75,1.0,1.0,6735,1.0,1.0,True,6435,0.955456570155902,1.0,3,2245,0,0,0.0,0.9957834433639848,0.0410913140311804,,,,
clef,CD012567,6735,4,asr_prior,7,750,750,0.838641425389755,0.888641425389755,0.75,1.0,1.0,156,0.023162583518930958,0.25,True,6438,0.955902004454343,1.0,3,2245,0,0,0.0,0.9938008523828128,0.04354120267260579,,,,
clef,CD012567,6735,4,asr_prior,8,749,749,0.8387899034892353,0.8887899034892354,0.75,1.0,1.0,156,0.023162583518930958,0.25,True,6438,0.955902004454343,1.0,3,2245,0,0,0.0,0.9937785050590748,0.043392724573125464,,,,
clef,CD012567,6735,4,asr_prior,9,726,726,0.8422048997772829,0.8922048997772829,0.75,1.0,1.0,6735,1.0,1.0,True,6435,0.955456570155902,1.0,3,2245,0,0,0.0,0.9956845282993344,0.040979955456570155,,,,
clef,CD012567,6735,4,asr_jevblend_3,0,29,29,0.9456941351150705,0.9956941351150705,1.0,1.0,1.0,1134,0.16837416481069042,1.0,True,6402,0.9505567928730512,1.0,3,2245,0,0,0.0,0.9998508798091266,0.0017817371937639199,,,,
clef,CD012567,6735,4,jev_only,0,12,12,0.948218262806236,0.998218262806236,1.0,1.0,1.0,468,0.06948775055679288,1.0,True,6399,0.9501113585746103,1.0,3,2245,0,0,0.0,0.9999997347820246,0.0009279881217520415,6399.0,0.9501113585746103,1.0,True
clef,CD012567,6735,4,jev_only,1,12,12,0.948218262806236,0.998218262806236,1.0,1.0,1.0,468,0.06948775055679288,1.0,True,6399,0.9501113585746103,1.0,3,2245,0,0,0.0,0.9999995581014411,0.0008908685968819599,6399.0,0.9501113585746103,1.0,True
clef,CD012567,6735,4,jev_only,2,12,12,0.948218262806236,0.998218262806236,1.0,1.0,1.0,468,0.06948775055679288,1.0,True,6399,0.9501113585746103,1.0,3,2245,0,0,0.0,0.9999995581014411,0.0009279881217520415,6399.0,0.9501113585746103,1.0,True
clef,CD012567,6735,4,jev_only,3,12,12,0.948218262806236,0.998218262806236,1.0,1.0,1.0,468,0.06948775055679288,1.0,True,6399,0.9501113585746103,1.0,3,2245,0,0,0.0,0.9999995581014411,0.0008908685968819599,6399.0,0.9501113585746103,1.0,True
clef,CD012567,6735,4,jev_only,4,12,12,0.948218262806236,0.998218262806236,1.0,1.0,1.0,468,0.06948775055679288,1.0,True,6399,0.9501113585746103,1.0,3,2245,0,0,0.0,0.9999995581014411,0.0008908685968819599,6399.0,0.9501113585746103,1.0,True
clef,CD012567,6735,4,jev_only,5,12,12,0.948218262806236,0.998218262806236,1.0,1.0,1.0,468,0.06948775055679288,1.0,True,6399,0.9501113585746103,1.0,3,2245,0,0,0.0,0.9999997347820246,0.0009279881217520415,6399.0,0.9501113585746103,1.0,True
clef,CD012567,6735,4,jev_only,6,12,12,0.948218262806236,0.998218262806236,1.0,1.0,1.0,468,0.06948775055679288,1.0,True,6399,0.9501113585746103,1.0,3,2245,0,0,0.0,0.9999995581014411,0.0009279881217520415,6399.0,0.9501113585746103,1.0,True
clef,CD012567,6735,4,jev_only,7,12,12,0.948218262806236,0.998218262806236,1.0,1.0,1.0,468,0.06948775055679288,1.0,True,6399,0.9501113585746103,1.0,3,2245,0,0,0.0,0.9999995581014411,0.0009279881217520415,6399.0,0.9501113585746103,1.0,True
clef,CD012567,6735,4,jev_only,8,12,12,0.948218262806236,0.998218262806236,1.0,1.0,1.0,468,0.06948775055679288,1.0,True,6399,0.9501113585746103,1.0,3,2245,0,0,0.0,0.9999997347820246,0.0009651076466221232,6399.0,0.9501113585746103,1.0,True
clef,CD012567,6735,4,jev_only,9,12,12,0.948218262806236,0.998218262806236,1.0,1.0,1.0,468,0.06948775055679288,1.0,True,6399,0.9501113585746103,1.0,3,2245,0,0,0.0,0.9999995581014411,0.0008908685968819599,6399.0,0.9501113585746103,1.0,True
clef,CD012661,3367,94,asr_prior,0,519,2067,0.7958568458568458,0.3861003861003861,0.8191489361702128,0.9893617021276596,0.9893617021276596,2541,0.7546777546777547,1.0,True,1866,0.5542025542025542,0.9893617021276596,1,3367,10,0,0.0,0.9985644550738088,0.05800036651100481,,,,
clef,CD012661,3367,94,asr_prior,1,517,2069,0.7964508464508464,0.3855063855063855,0.8404255319148937,0.9893617021276596,0.9893617021276596,2352,0.6985446985446986,1.0,True,1866,0.5542025542025542,0.9893617021276596,1,3367,10,0,0.0,0.998933827643345,0.055766545128247254,,,,
clef,CD012661,3367,94,asr_prior,2,475,2067,0.8089248589248589,0.3861003861003861,0.8723404255319149,0.9893617021276596,0.9893617021276596,2259,0.6709236709236709,1.0,True,1872,0.555984555984556,0.9893617021276596,1,3367,10,0,0.0,0.9996315484026096,0.0543131394195224,,,,
clef,CD012661,3367,94,asr_prior,3,511,2068,0.7982328482328482,0.3858033858033858,0.8191489361702128,0.9893617021276596,0.9893617021276596,2478,0.735966735966736,1.0,True,1868,0.5547965547965548,0.9893617021276596,1,3367,10,0,0.0,0.9981552301829962,0.055794981326896226,,,,
clef,CD012661,3367,94,asr_prior,4,508,2068,0.799123849123849,0.3858033858033858,0.8404255319148937,0.9893617021276596,0.9893617021276596,1932,0.5738045738045738,0.9893617021276596,True,1868,0.5547965547965548,0.9893617021276596,1,3367,10,0,0.0,0.9999296702130467,0.05537475750241708,,,,
clef,CD012661,3367,94,asr_prior,5,509,2068,0.7988268488268488,0.3858033858033858,0.8191489361702128,0.9893617021276596,0.9893617021276596,2670,0.792990792990793,1.0,True,1870,0.5553905553905554,0.9893617021276596,1,3367,10,0,0.0,0.9989396743613328,0.05636054572224785,,,,
clef,CD012661,3367,94,asr_prior,6,525,2067,0.794074844074844,0.3861003861003861,0.8297872340425532,0.9893617021276596,0.9893617021276596,2682,0.7965547965547966,1.0,True,1870,0.5553905553905554,0.9893617021276596,1,3367,10,0,0.0,0.9971445877403899,0.05562752371263009,,,,
clef,CD012661,3367,94,asr_prior,7,507,2067,0.7994208494208493,0.3861003861003861,0.8297872340425532,0.9893617021276596,0.9893617021276596,2445,0.7261657261657262,1.0,True,1870,0.5553905553905554,0.9893617021276596,1,3367,10,0,0.0,0.998854739147106,0.054891342125384684,,,,
clef,CD012661,3367,94,asr_prior,8,518,2068,0.7961538461538461,0.3858033858033858,0.8404255319148937,0.9893617021276596,0.9893617021276596,2520,0.7484407484407485,1.0,True,1870,0.5553905553905554,0.9893617021276596,1,3367,10,0,0.0,0.998255912059175,0.055785502594013235,,,,
clef,CD012661,3367,94,asr_prior,9,509,2067,0.7988268488268488,0.3861003861003861,0.8404255319148937,0.9893617021276596,0.9893617021276596,2304,0.6842886842886843,1.0,True,1869,0.5550935550935551,0.9893617021276596,1,3367,10,0,0.0,0.9998011457334608,0.05651536502600332,,,,
clef,CD012661,3367,94,asr_jevblend_3,0,424,1172,0.824071874071874,0.6519156519156519,0.925531914893617,0.9893617021276596,0.9893617021276596,2091,0.621027621027621,1.0,True,2161,0.6418176418176418,1.0,1,3367,10,0,0.0,0.9973313617736078,0.03797180392925074,,,,
clef,CD012661,3367,94,jev_only,0,551,950,0.7863528363528363,0.7178497178497178,0.9042553191489362,0.9680851063829787,1.0,2607,0.7742797742797742,1.0,True,2039,0.6055836055836056,1.0,1,3367,10,0,0.0,0.9960467669337085,0.043595852106490404,2039.0,0.6055836055836056,1.0,True
clef,CD012661,3367,94,jev_only,1,529,922,0.7928868428868429,0.7261657261657262,0.9042553191489362,0.9680851063829787,1.0,2613,0.7760617760617761,1.0,True,2024,0.6011286011286011,1.0,1,3367,10,0,0.0,0.9982898359476186,0.04352634139868182,2024.0,0.6011286011286011,1.0,True
clef,CD012661,3367,94,jev_only,2,526,941,0.7937778437778438,0.7205227205227205,0.9042553191489362,0.9680851063829787,1.0,2547,0.7564597564597565,1.0,True,2034,0.604098604098604,1.0,1,3367,10,0,0.0,0.9986548312451952,0.04332096885288375,2034.0,0.604098604098604,1.0,True
clef,CD012661,3367,94,jev_only,3,531,1001,0.7922928422928422,0.7027027027027026,0.9042553191489362,0.9680851063829787,1.0,2556,0.7591327591327591,1.0,True,2067,0.6138996138996139,1.0,1,3367,10,0,0.0,0.9977801491631089,0.0432230219464262,2067.0,0.6138996138996139,1.0,True
clef,CD012661,3367,94,jev_only,4,529,980,0.7928868428868429,0.7089397089397089,0.9042553191489362,0.9680851063829787,1.0,2589,0.768933768933769,1.0,True,2055,0.6103356103356103,1.0,1,3367,10,0,0.0,0.9980240404926277,0.04335572420678803,2055.0,0.6103356103356103,1.0,True
clef,CD012661,3367,94,jev_only,5,548,1011,0.7872438372438372,0.6997326997326998,0.9042553191489362,0.9680851063829787,0.9893617021276596,2574,0.7644787644787645,1.0,True,2072,0.6153846153846154,1.0,1,3367,10,0,0.0,0.9972607472008288,0.04349158604477753,2072.0,0.6153846153846154,1.0,True
clef,CD012661,3367,94,jev_only,6,532,905,0.7919958419958419,0.7312147312147312,0.9042553191489362,0.9680851063829787,1.0,2589,0.768933768933769,1.0,True,2014,0.5981585981585982,1.0,1,3367,10,0,0.0,0.9978978533056423,0.04334940505153271,2014.0,0.5981585981585982,1.0,True
clef,CD012661,3367,94,jev_only,7,540,1008,0.7896198396198396,0.7006237006237006,0.9042553191489362,0.9680851063829787,1.0,2622,0.7787347787347787,1.0,True,2071,0.6150876150876151,1.0,1,3367,10,0,0.0,0.9963881550995208,0.0433083305423731,2071.0,0.6150876150876151,1.0,True
clef,CD012661,3367,94,jev_only,8,553,926,0.7857588357588356,0.724977724977725,0.9042553191489362,0.9680851063829787,1.0,2556,0.7591327591327591,1.0,True,2026,0.6017226017226017,1.0,1,3367,10,0,0.0,0.9972268042908289,0.04334308589627738,2026.0,0.6017226017226017,1.0,True
clef,CD012661,3367,94,jev_only,9,552,913,0.7860558360558361,0.7288387288387288,0.9042553191489362,0.9680851063829787,1.0,2565,0.7618057618057618,1.0,True,2019,0.5996435996435996,1.0,1,3367,10,0,0.0,0.9942959399470684,0.043169309126755935,2019.0,0.5996435996435996,1.0,True
clef,CD012669,1260,24,asr_prior,0,239,365,0.7603174603174603,0.7103174603174602,0.75,0.9583333333333334,1.0,1260,1.0,1.0,True,1060,0.8412698412698413,1.0,1,1260,1,0,0.0,0.9998902505224567,0.07146164021164021,,,,
clef,CD012669,1260,24,asr_prior,1,241,364,0.7587301587301587,0.7111111111111111,0.75,0.9583333333333334,1.0,1260,1.0,1.0,True,1060,0.8412698412698413,1.0,1,1260,1,0,0.0,0.9998793766426984,0.07222222222222222,,,,
clef,CD012669,1260,24,asr_prior,2,243,363,0.7571428571428571,0.7119047619047619,0.7916666666666666,0.9583333333333334,1.0,1260,1.0,1.0,True,1060,0.8412698412698413,1.0,1,1260,1,0,0.0,0.999856284667057,0.07251984126984128,,,,
clef,CD012669,1260,24,asr_prior,3,243,365,0.7571428571428571,0.7103174603174602,0.75,0.9583333333333334,1.0,1260,1.0,1.0,True,1060,0.8412698412698413,1.0,1,1260,1,0,0.0,0.999878691294703,0.07450396825396825,,,,
clef,CD012669,1260,24,asr_prior,4,244,364,0.7563492063492063,0.7111111111111111,0.75,0.9583333333333334,1.0,1260,1.0,1.0,True,1060,0.8412698412698413,1.0,1,1260,1,0,0.0,0.9998309254259966,0.07407407407407407,,,,
clef,CD012669,1260,24,asr_prior,5,244,364,0.7563492063492063,0.7111111111111111,0.75,0.9583333333333334,1.0,1260,1.0,1.0,True,1060,0.8412698412698413,1.0,1,1260,1,0,0.0,0.9998984409260411,0.07288359788359788,,,,
clef,CD012669,1260,24,asr_prior,6,241,367,0.7587301587301587,0.7087301587301587,0.75,0.9583333333333334,1.0,1260,1.0,1.0,True,1060,0.8412698412698413,1.0,1,1260,1,0,0.0,0.9999325332550401,0.07304894179894181,,,,
clef,CD012669,1260,24,asr_prior,7,244,365,0.7563492063492063,0.7103174603174602,0.75,0.9583333333333334,1.0,1260,1.0,1.0,True,1060,0.8412698412698413,1.0,1,1260,1,0,0.0,0.9998886838151485,0.07546296296296295,,,,
clef,CD012669,1260,24,asr_prior,8,229,372,0.7682539682539682,0.7047619047619047,0.6666666666666666,0.9583333333333334,1.0,1260,1.0,1.0,True,1062,0.8428571428571429,1.0,1,1260,1,0,0.0,0.9999766529213527,0.08528439153439153,,,,
clef,CD012669,1260,24,asr_prior,9,253,273,0.7492063492063492,0.7833333333333333,0.7083333333333334,0.9166666666666666,1.0,1260,1.0,1.0,True,1039,0.8246031746031746,1.0,1,1260,1,0,0.0,0.9993176335502288,0.09050925925925926,,,,
clef,CD012669,1260,24,asr_jevblend_3,0,175,295,0.8111111111111111,0.7658730158730158,0.7916666666666666,0.9583333333333334,1.0,1260,1.0,1.0,True,1044,0.8285714285714286,1.0,1,1260,1,0,0.0,0.9986701685743195,0.05651455026455026,,,,
clef,CD012669,1260,24,jev_only,0,183,326,0.8047619047619047,0.7412698412698413,0.7916666666666666,0.9583333333333334,1.0,1260,1.0,1.0,True,1051,0.8341269841269842,1.0,1,1260,1,0,0.0,0.9999485420987225,0.0630621693121693,1051.0,0.8341269841269842,1.0,True
clef,CD012669,1260,24,jev_only,1,184,323,0.8039682539682539,0.7436507936507937,0.75,0.9583333333333334,1.0,1260,1.0,1.0,True,1051,0.8341269841269842,1.0,1,1260,1,0,0.0,0.9999539794078479,0.06253306878306879,1051.0,0.8341269841269842,1.0,True
clef,CD012669,1260,24,jev_only,2,186,325,0.8023809523809523,0.7420634920634921,0.7916666666666666,0.9583333333333334,1.0,1260,1.0,1.0,True,1051,0.8341269841269842,1.0,1,1260,1,0,0.0,0.9998924086488035,0.06233465608465609,1051.0,0.8341269841269842,1.0,True
clef,CD012669,1260,24,jev_only,3,187,322,0.8015873015873015,0.7444444444444445,0.75,0.9583333333333334,1.0,1260,1.0,1.0,True,1050,0.8333333333333334,1.0,1,1260,1,0,0.0,0.9999228162897564,0.06246693121693121,1050.0,0.8333333333333334,1.0,True
clef,CD012669,1260,24,jev_only,4,183,328,0.8047619047619047,0.7396825396825397,0.75,0.9583333333333334,1.0,1260,1.0,1.0,True,1052,0.834920634920635,1.0,1,1260,1,0,0.0,0.9999541039118502,0.0634589947089947,1052.0,0.834920634920635,1.0,True
clef,CD012669,1260,24,jev_only,5,184,326,0.8039682539682539,0.7412698412698413,0.75,0.9583333333333334,1.0,1260,1.0,1.0,True,1051,0.8341269841269842,1.0,1,1260,1,0,0.0,0.9999484026660813,0.06292989417989418,1051.0,0.8341269841269842,1.0,True
clef,CD012669,1260,24,jev_only,6,186,323,0.8023809523809523,0.7436507936507937,0.7916666666666666,0.9583333333333334,1.0,1260,1.0,1.0,True,1051,0.8341269841269842,1.0,1,1260,1,0,0.0,0.9999287230643493,0.06207010582010582,1051.0,0.8341269841269842,1.0,True
clef,CD012669,1260,24,jev_only,7,187,323,0.8015873015873015,0.7436507936507937,0.7916666666666666,0.9583333333333334,1.0,1260,1.0,1.0,True,1051,0.8341269841269842,1.0,1,1260,1,0,0.0,0.9999132781098826,0.06329365079365079,1051.0,0.8341269841269842,1.0,True
clef,CD012669,1260,24,jev_only,8,187,323,0.8015873015873015,0.7436507936507937,0.75,0.9583333333333334,1.0,1260,1.0,1.0,True,1051,0.8341269841269842,1.0,1,1260,1,0,0.0,0.9998161260739039,0.06273148148148149,1051.0,0.8341269841269842,1.0,True
clef,CD012669,1260,24,jev_only,9,184,327,0.8039682539682539,0.7404761904761905,0.75,0.9583333333333334,1.0,1260,1.0,1.0,True,1051,0.8341269841269842,1.0,1,1260,1,0,0.0,0.9999424070625147,0.0628968253968254,1051.0,0.8341269841269842,1.0,True
clef,CD012768,131,22,asr_prior,0,68,70,0.4309160305343512,0.46564885496183206,0.09090909090909091,0.36363636363636365,0.5454545454545454,131,1.0,1.0,True,117,0.8931297709923665,1.0,1,131,1,0,0.0,0.9815818605183805,0.27966689798750866,,,,
clef,CD012768,131,22,asr_prior,1,64,68,0.4614503816793894,0.48091603053435117,0.2727272727272727,0.5,0.6818181818181818,131,1.0,1.0,True,117,0.8931297709923665,1.0,1,131,1,0,0.0,0.9885982562038897,0.23004857737682166,,,,
clef,CD012768,131,22,asr_prior,2,56,58,0.5225190839694656,0.5572519083969465,0.22727272727272727,0.5,0.5909090909090909,131,1.0,1.0,True,115,0.8778625954198473,1.0,1,131,1,0,0.0,0.9989747095010253,0.23004857737682166,,,,
clef,CD012768,131,22,asr_prior,3,65,67,0.45381679389312973,0.4885496183206107,0.18181818181818182,0.45454545454545453,0.6363636363636364,131,1.0,1.0,True,117,0.8931297709923665,1.0,1,131,1,0,0.0,0.9882774910331549,0.25190839694656486,,,,
clef,CD012768,131,22,asr_prior,4,67,69,0.43854961832061073,0.4732824427480916,0.045454545454545456,0.36363636363636365,0.5454545454545454,131,1.0,1.0,True,117,0.8931297709923665,1.0,1,131,1,0,0.0,0.9820971867007663,0.2817487855655794,,,,
clef,CD012768,131,22,asr_prior,5,62,66,0.4767175572519084,0.4961832061068703,0.2727272727272727,0.5,0.5909090909090909,131,1.0,1.0,True,117,0.8931297709923665,1.0,1,131,1,0,0.0,0.9788904694167848,0.22761970853573907,,,,
clef,CD012768,131,22,asr_prior,6,64,68,0.4614503816793894,0.48091603053435117,0.2727272727272727,0.5454545454545454,0.6818181818181818,131,1.0,1.0,True,117,0.8931297709923665,1.0,1,131,1,0,0.0,0.9928965094917327,0.22484385843164467,,,,
clef,CD012768,131,22,asr_prior,7,64,69,0.4614503816793894,0.4732824427480916,0.22727272727272727,0.45454545454545453,0.5909090909090909,131,1.0,1.0,True,117,0.8931297709923665,1.0,1,131,1,0,0.0,0.9644950213371256,0.23733518390006939,,,,
clef,CD012768,131,22,asr_prior,8,66,69,0.4461832061068703,0.4732824427480916,0.22727272727272727,0.5,0.6363636363636364,131,1.0,1.0,True,117,0.8931297709923665,1.0,1,131,1,0,0.0,0.9626064420584963,0.2376821651630812,,,,
clef,CD012768,131,22,asr_prior,9,65,66,0.45381679389312973,0.4961832061068703,0.3181818181818182,0.45454545454545453,0.5909090909090909,131,1.0,1.0,True,117,0.8931297709923665,1.0,1,131,1,0,0.0,0.9830650570087185,0.238029146426093,,,,
clef,CD012768,131,22,asr_jevblend_3,0,56,57,0.5225190839694656,0.5648854961832062,0.3181818181818182,0.6363636363636364,0.6818181818181818,131,1.0,1.0,True,115,0.8778625954198473,1.0,1,131,1,0,0.0,0.9970292865029705,0.20298403886190144,,,,
clef,CD012768,131,22,jev_only,0,60,68,0.4919847328244275,0.48091603053435117,0.2727272727272727,0.5454545454545454,0.7272727272727273,131,1.0,1.0,True,117,0.8931297709923665,1.0,1,131,1,0,0.0,0.9988584474885845,0.21963913948646774,121.0,0.9236641221374046,1.0,True
clef,CD012768,131,22,jev_only,1,59,66,0.49961832061068706,0.4961832061068703,0.2727272727272727,0.5454545454545454,0.7272727272727273,131,1.0,1.0,True,117,0.8931297709923665,1.0,1,131,1,0,0.0,0.999320064849512,0.21721027064538515,121.0,0.9236641221374046,1.0,True
clef,CD012768,131,22,jev_only,2,59,67,0.49961832061068706,0.4885496183206107,0.2727272727272727,0.5454545454545454,0.7272727272727273,131,1.0,1.0,True,117,0.8931297709923665,1.0,1,131,1,0,0.0,0.999320064849512,0.21859819569743233,121.0,0.9236641221374046,1.0,True
clef,CD012768,131,22,jev_only,3,60,67,0.4919847328244275,0.4885496183206107,0.2727272727272727,0.5454545454545454,0.7272727272727273,131,1.0,1.0,True,117,0.8931297709923665,1.0,1,131,1,0,0.0,0.9988584474885845,0.21790423317140875,121.0,0.9236641221374046,1.0,True
clef,CD012768,131,22,jev_only,4,60,66,0.4919847328244275,0.4961832061068703,0.2727272727272727,0.5454545454545454,0.7272727272727273,131,1.0,1.0,True,117,0.8931297709923665,1.0,1,131,1,0,0.0,0.9988584474885845,0.21825121443442053,121.0,0.9236641221374046,1.0,True
clef,CD012768,131,22,jev_only,5,59,66,0.49961832061068706,0.4961832061068703,0.2727272727272727,0.5454545454545454,0.7272727272727273,131,1.0,1.0,True,117,0.8931297709923665,1.0,1,131,1,0,0.0,0.9994585041504064,0.21859819569743233,121.0,0.9236641221374046,1.0,True
clef,CD012768,131,22,jev_only,6,60,66,0.4919847328244275,0.4961832061068703,0.2727272727272727,0.5454545454545454,0.7272727272727273,131,1.0,1.0,True,117,0.8931297709923665,1.0,1,131,1,0,0.0,0.9988584474885845,0.22033310201249132,121.0,0.9236641221374046,1.0,True
clef,CD012768,131,22,jev_only,7,59,66,0.49961832061068706,0.4961832061068703,0.2727272727272727,0.5454545454545454,0.7272727272727273,131,1.0,1.0,True,117,0.8931297709923665,1.0,1,131,1,0,0.0,0.9994585041504064,0.22033310201249132,121.0,0.9236641221374046,1.0,True
clef,CD012768,131,22,jev_only,8,60,66,0.4919847328244275,0.4961832061068703,0.2727272727272727,0.5454545454545454,0.7272727272727273,131,1.0,1.0,True,117,0.8931297709923665,1.0,1,131,1,0,0.0,0.9988584474885845,0.21859819569743233,121.0,0.9236641221374046,1.0,True
clef,CD012768,131,22,jev_only,9,59,66,0.49961832061068706,0.4961832061068703,0.2727272727272727,0.5454545454545454,0.7272727272727273,131,1.0,1.0,True,117,0.8931297709923665,1.0,1,131,1,0,0.0,0.999320064849512,0.22033310201249132,121.0,0.9236641221374046,1.0,True
