collection,review,method,x0.000,x0.005,x0.010,x0.015,x0.020,x0.025,x0.030,x0.035,x0.040,x0.045,x0.050,x0.055,x0.060,x0.065,x0.070,x0.075,x0.080,x0.085,x0.090,x0.095,x0.100,x0.105,x0.110,x0.115,x0.120,x0.125,x0.130,x0.135,x0.140,x0.145,x0.150,x0.155,x0.160,x0.165,x0.170,x0.175,x0.180,x0.185,x0.190,x0.195,x0.200,x0.205,x0.210,x0.215,x0.220,x0.225,x0.230,x0.235,x0.240,x0.245,x0.250,x0.255,x0.260,x0.265,x0.270,x0.275,x0.280,x0.285,x0.290,x0.295,x0.300,x0.305,x0.310,x0.315,x0.320,x0.325,x0.330,x0.335,x0.340,x0.345,x0.350,x0.355,x0.360,x0.365,x0.370,x0.375,x0.380,x0.385,x0.390,x0.395,x0.400,x0.405,x0.410,x0.415,x0.420,x0.425,x0.430,x0.435,x0.440,x0.445,x0.450,x0.455,x0.460,x0.465,x0.470,x0.475,x0.480,x0.485,x0.490,x0.495,x0.500,x0.505,x0.510,x0.515,x0.520,x0.525,x0.530,x0.535,x0.540,x0.545,x0.550,x0.555,x0.560,x0.565,x0.570,x0.575,x0.580,x0.585,x0.590,x0.595,x0.600,x0.605,x0.610,x0.615,x0.620,x0.625,x0.630,x0.635,x0.640,x0.645,x0.650,x0.655,x0.660,x0.665,x0.670,x0.675,x0.680,x0.685,x0.690,x0.695,x0.700,x0.705,x0.710,x0.715,x0.720,x0.725,x0.730,x0.735,x0.740,x0.745,x0.750,x0.755,x0.760,x0.765,x0.770,x0.775,x0.780,x0.785,x0.790,x0.795,x0.800,x0.805,x0.810,x0.815,x0.820,x0.825,x0.830,x0.835,x0.840,x0.845,x0.850,x0.855,x0.860,x0.865,x0.870,x0.875,x0.880,x0.885,x0.890,x0.895,x0.900,x0.905,x0.910,x0.915,x0.920,x0.925,x0.930,x0.935,x0.940,x0.945,x0.950,x0.955,x0.960,x0.965,x0.970,x0.975,x0.980,x0.985,x0.990,x0.995,x1.000
heldout,Abgaz_2023,asr,0.0,0.09090909090909093,0.09090909090909093,0.12727272727272726,0.13636363636363635,0.13636363636363635,0.16363636363636364,0.2,0.24545454545454543,0.27272727272727265,0.34545454545454546,0.36363636363636365,0.4,0.4,0.4,0.4,0.41818181818181815,0.42727272727272725,0.43636363636363634,0.4545454545454545,0.4545454545454545,0.47272727272727266,0.4818181818181818,0.5,0.5,0.5,0.5,0.5,0.509090909090909,0.509090909090909,0.5272727272727271,0.5272727272727271,0.5363636363636364,0.5363636363636364,0.5545454545454545,0.5636363636363635,0.5636363636363635,0.5727272727272725,0.5909090909090908,0.609090909090909,0.6181818181818179,0.6454545454545453,0.6727272727272725,0.6818181818181817,0.6909090909090907,0.718181818181818,0.7636363636363637,0.790909090909091,0.8545454545454547,0.8818181818181818,0.918181818181818,0.9272727272727271,0.9454545454545455,0.9727272727272727,0.9727272727272727,0.9818181818181818,0.9818181818181818,0.990909090909091,0.990909090909091,1.0,1.0,1.0,1.0,1.0,1.0,1.0,1.0,1.0,1.0,1.0,1.0,1.0,1.0,1.0,1.0,1.0,1.0,1.0,1.0,1.0,1.0,1.0,1.0,1.0,1.0,1.0,1.0,1.0,1.0,1.0,1.0,1.0,1.0,1.0,1.0,1.0,1.0,1.0,1.0,1.0,1.0,1.0,1.0,1.0,1.0,1.0,1.0,1.0,1.0,1.0,1.0,1.0,1.0,1.0,1.0,1.0,1.0,1.0,1.0,1.0,1.0,1.0,1.0,1.0,1.0,1.0,1.0,1.0,1.0,1.0,1.0,1.0,1.0,1.0,1.0,1.0,1.0,1.0,1.0,1.0,1.0,1.0,1.0,1.0,1.0,1.0,1.0,1.0,1.0,1.0,1.0,1.0,1.0,1.0,1.0,1.0,1.0,1.0,1.0,1.0,1.0,1.0,1.0,1.0,1.0,1.0,1.0,1.0,1.0,1.0,1.0,1.0,1.0,1.0,1.0,1.0,1.0,1.0,1.0,1.0,1.0,1.0,1.0,1.0,1.0,1.0,1.0,1.0,1.0,1.0,1.0,1.0,1.0,1.0,1.0,1.0,1.0,1.0,1.0,1.0,1.0
heldout,Abgaz_2023,hybrid,0.0,0.0,0.0,0.18181818181818182,0.18181818181818182,0.2727272727272727,0.36363636363636365,0.36363636363636365,0.45454545454545453,0.45454545454545453,0.5454545454545454,0.6363636363636364,0.7272727272727273,0.7272727272727273,0.9090909090909091,0.9090909090909091,1.0,1.0,1.0,1.0,1.0,1.0,1.0,1.0,1.0,1.0,1.0,1.0,1.0,1.0,1.0,1.0,1.0,1.0,1.0,1.0,1.0,1.0,1.0,1.0,1.0,1.0,1.0,1.0,1.0,1.0,1.0,1.0,1.0,1.0,1.0,1.0,1.0,1.0,1.0,1.0,1.0,1.0,1.0,1.0,1.0,1.0,1.0,1.0,1.0,1.0,1.0,1.0,1.0,1.0,1.0,1.0,1.0,1.0,1.0,1.0,1.0,1.0,1.0,1.0,1.0,1.0,1.0,1.0,1.0,1.0,1.0,1.0,1.0,1.0,1.0,1.0,1.0,1.0,1.0,1.0,1.0,1.0,1.0,1.0,1.0,1.0,1.0,1.0,1.0,1.0,1.0,1.0,1.0,1.0,1.0,1.0,1.0,1.0,1.0,1.0,1.0,1.0,1.0,1.0,1.0,1.0,1.0,1.0,1.0,1.0,1.0,1.0,1.0,1.0,1.0,1.0,1.0,1.0,1.0,1.0,1.0,1.0,1.0,1.0,1.0,1.0,1.0,1.0,1.0,1.0,1.0,1.0,1.0,1.0,1.0,1.0,1.0,1.0,1.0,1.0,1.0,1.0,1.0,1.0,1.0,1.0,1.0,1.0,1.0,1.0,1.0,1.0,1.0,1.0,1.0,1.0,1.0,1.0,1.0,1.0,1.0,1.0,1.0,1.0,1.0,1.0,1.0,1.0,1.0,1.0,1.0,1.0,1.0,1.0,1.0,1.0,1.0,1.0,1.0,1.0,1.0,1.0,1.0,1.0,1.0
heldout,Abgaz_2023,jev,0.0,0.0,0.0,0.18181818181818185,0.27272727272727265,0.4545454545454545,0.509090909090909,0.5727272727272726,0.590909090909091,0.6181818181818183,0.7272727272727274,0.8181818181818181,0.9272727272727271,0.9727272727272727,1.0,1.0,1.0,1.0,1.0,1.0,1.0,1.0,1.0,1.0,1.0,1.0,1.0,1.0,1.0,1.0,1.0,1.0,1.0,1.0,1.0,1.0,1.0,1.0,1.0,1.0,1.0,1.0,1.0,1.0,1.0,1.0,1.0,1.0,1.0,1.0,1.0,1.0,1.0,1.0,1.0,1.0,1.0,1.0,1.0,1.0,1.0,1.0,1.0,1.0,1.0,1.0,1.0,1.0,1.0,1.0,1.0,1.0,1.0,1.0,1.0,1.0,1.0,1.0,1.0,1.0,1.0,1.0,1.0,1.0,1.0,1.0,1.0,1.0,1.0,1.0,1.0,1.0,1.0,1.0,1.0,1.0,1.0,1.0,1.0,1.0,1.0,1.0,1.0,1.0,1.0,1.0,1.0,1.0,1.0,1.0,1.0,1.0,1.0,1.0,1.0,1.0,1.0,1.0,1.0,1.0,1.0,1.0,1.0,1.0,1.0,1.0,1.0,1.0,1.0,1.0,1.0,1.0,1.0,1.0,1.0,1.0,1.0,1.0,1.0,1.0,1.0,1.0,1.0,1.0,1.0,1.0,1.0,1.0,1.0,1.0,1.0,1.0,1.0,1.0,1.0,1.0,1.0,1.0,1.0,1.0,1.0,1.0,1.0,1.0,1.0,1.0,1.0,1.0,1.0,1.0,1.0,1.0,1.0,1.0,1.0,1.0,1.0,1.0,1.0,1.0,1.0,1.0,1.0,1.0,1.0,1.0,1.0,1.0,1.0,1.0,1.0,1.0,1.0,1.0,1.0,1.0,1.0,1.0,1.0,1.0,1.0
heldout,Attai_2022,asr,0.0,0.03185185185185185,0.0651851851851852,0.09407407407407409,0.1325925925925926,0.16518518518518518,0.20074074074074075,0.242962962962963,0.28222222222222226,0.3148148148148148,0.34444444444444444,0.36962962962962964,0.4022222222222222,0.4340740740740741,0.45185185185185184,0.4725925925925926,0.49555555555555547,0.5177777777777777,0.5348148148148149,0.5496296296296297,0.5607407407407408,0.5740740740740742,0.5814814814814816,0.5977777777777777,0.6118518518518519,0.6325925925925927,0.6518518518518519,0.6659259259259259,0.6881481481481482,0.7044444444444444,0.7148148148148149,0.7281481481481482,0.7362962962962964,0.7407407407407407,0.7496296296296295,0.7533333333333333,0.7585185185185185,0.7644444444444445,0.7718518518518518,0.7785185185185185,0.7814814814814814,0.7866666666666667,0.791851851851852,0.8022222222222222,0.8140740740740741,0.8214814814814814,0.8281481481481482,0.8407407407407407,0.8577777777777778,0.8733333333333334,0.8800000000000001,0.8844444444444445,0.8903703703703704,0.8985185185185184,0.8992592592592592,0.9014814814814814,0.9074074074074072,0.9103703703703705,0.9170370370370371,0.9192592592592593,0.9192592592592593,0.9192592592592593,0.9229629629629628,0.9281481481481482,0.9325925925925928,0.9325925925925928,0.9385185185185186,0.9407407407407409,0.9414814814814816,0.9414814814814816,0.9414814814814816,0.9414814814814816,0.9414814814814816,0.9422222222222223,0.9474074074074073,0.948148148148148,0.9488888888888887,0.9488888888888887,0.9488888888888887,0.9540740740740741,0.9548148148148149,0.9555555555555557,0.9555555555555557,0.9555555555555557,0.9562962962962963,0.9562962962962963,0.9562962962962963,0.9562962962962963,0.9562962962962963,0.9562962962962963,0.9562962962962963,0.9562962962962963,0.9562962962962963,0.9562962962962963,0.9562962962962963,0.9562962962962963,0.9570370370370371,0.9622222222222223,0.9622222222222223,0.962962962962963,0.9696296296296294,0.9703703703703701,0.9703703703703701,0.9703703703703701,0.977037037037037,0.9777777777777776,0.9792592592592593,0.9792592592592593,0.9792592592592593,0.9792592592592593,0.9851851851851852,0.9851851851851852,0.9851851851851852,0.9851851851851852,0.9851851851851852,0.9851851851851852,0.9851851851851852,0.9851851851851852,0.9851851851851852,0.9851851851851852,0.9851851851851852,0.9851851851851852,0.9851851851851852,0.9851851851851852,0.9851851851851852,0.9851851851851852,0.9851851851851852,0.9911111111111112,0.991851851851852,0.9925925925925926,0.9925925925925926,0.9925925925925926,0.9925925925925926,0.9925925925925926,0.9925925925925926,0.9925925925925926,0.9925925925925926,0.9925925925925926,0.9925925925925926,0.9925925925925926,0.9925925925925926,0.9925925925925926,0.9925925925925926,0.9925925925925926,0.9925925925925926,0.9925925925925926,0.9925925925925926,0.9925925925925926,0.9925925925925926,0.9925925925925926,0.9925925925925926,0.9925925925925926,0.9925925925925926,0.9925925925925926,0.9925925925925926,0.9925925925925926,0.9925925925925926,0.9925925925925926,0.9925925925925926,0.9925925925925926,0.9925925925925926,0.9925925925925926,0.9925925925925926,0.9925925925925926,0.9925925925925926,0.9925925925925926,0.9925925925925926,0.9925925925925926,0.9925925925925926,0.9925925925925926,0.9925925925925926,0.9925925925925926,0.9925925925925926,0.9992592592592592,1.0,1.0,1.0,1.0,1.0,1.0,1.0,1.0,1.0,1.0,1.0,1.0,1.0,1.0,1.0,1.0,1.0,1.0,1.0,1.0,1.0,1.0,1.0,1.0,1.0,1.0,1.0
heldout,Attai_2022,hybrid,0.0,0.037037037037037035,0.06666666666666667,0.07407407407407407,0.1111111111111111,0.14814814814814814,0.18518518518518517,0.22962962962962963,0.2740740740740741,0.31851851851851853,0.35555555555555557,0.3851851851851852,0.4222222222222222,0.42962962962962964,0.45185185185185184,0.4666666666666667,0.5037037037037037,0.5407407407407407,0.562962962962963,0.6074074074074074,0.6296296296296297,0.6370370370370371,0.6518518518518519,0.6814814814814815,0.6962962962962963,0.7037037037037037,0.725925925925926,0.725925925925926,0.7333333333333333,0.7481481481481481,0.7481481481481481,0.7777777777777778,0.8074074074074075,0.8296296296296296,0.8296296296296296,0.837037037037037,0.8666666666666667,0.8888888888888888,0.8888888888888888,0.8888888888888888,0.8962962962962963,0.9037037037037037,0.9037037037037037,0.9111111111111111,0.9185185185185185,0.9185185185185185,0.9185185185185185,0.9259259259259259,0.9333333333333333,0.9333333333333333,0.9333333333333333,0.9481481481481482,0.9555555555555556,0.9555555555555556,0.9629629629629629,0.9703703703703703,0.9851851851851852,0.9851851851851852,0.9851851851851852,0.9851851851851852,0.9851851851851852,0.9851851851851852,0.9851851851851852,0.9851851851851852,0.9851851851851852,0.9851851851851852,0.9851851851851852,0.9851851851851852,0.9851851851851852,0.9851851851851852,0.9851851851851852,0.9851851851851852,0.9851851851851852,0.9851851851851852,0.9851851851851852,0.9851851851851852,0.9851851851851852,0.9851851851851852,0.9851851851851852,0.9851851851851852,0.9851851851851852,0.9851851851851852,0.9851851851851852,0.9851851851851852,0.9851851851851852,0.9851851851851852,0.9851851851851852,0.9851851851851852,0.9851851851851852,0.9851851851851852,0.9851851851851852,0.9851851851851852,0.9851851851851852,0.9851851851851852,0.9851851851851852,0.9851851851851852,0.9851851851851852,0.9851851851851852,0.9851851851851852,0.9925925925925926,0.9925925925925926,0.9925925925925926,0.9925925925925926,0.9925925925925926,0.9925925925925926,0.9925925925925926,1.0,1.0,1.0,1.0,1.0,1.0,1.0,1.0,1.0,1.0,1.0,1.0,1.0,1.0,1.0,1.0,1.0,1.0,1.0,1.0,1.0,1.0,1.0,1.0,1.0,1.0,1.0,1.0,1.0,1.0,1.0,1.0,1.0,1.0,1.0,1.0,1.0,1.0,1.0,1.0,1.0,1.0,1.0,1.0,1.0,1.0,1.0,1.0,1.0,1.0,1.0,1.0,1.0,1.0,1.0,1.0,1.0,1.0,1.0,1.0,1.0,1.0,1.0,1.0,1.0,1.0,1.0,1.0,1.0,1.0,1.0,1.0,1.0,1.0,1.0,1.0,1.0,1.0,1.0,1.0,1.0,1.0,1.0,1.0,1.0,1.0,1.0,1.0,1.0,1.0,1.0,1.0,1.0,1.0,1.0
heldout,Attai_2022,jev,0.0,0.03333333333333333,0.059999999999999984,0.09481481481481482,0.1162962962962963,0.13333333333333333,0.16296296296296298,0.20296296296296296,0.237037037037037,0.28740740740740744,0.32592592592592595,0.32592592592592595,0.35925925925925933,0.3985185185185185,0.40740740740740733,0.42222222222222217,0.43851851851851853,0.45925925925925914,0.47185185185185186,0.5037037037037038,0.522962962962963,0.5333333333333333,0.5577777777777778,0.5688888888888888,0.5896296296296295,0.6103703703703705,0.6222222222222221,0.6385185185185185,0.6518518518518519,0.6577777777777777,0.6592592592592591,0.6799999999999999,0.7,0.7185185185185184,0.7185185185185184,0.7222222222222222,0.7296296296296297,0.7407407407407406,0.7629629629629628,0.7629629629629628,0.7851851851851851,0.788888888888889,0.8007407407407406,0.8148148148148149,0.8377777777777778,0.8496296296296297,0.8592592592592594,0.8785185185185187,0.8881481481481481,0.9014814814814814,0.9066666666666666,0.9111111111111112,0.9162962962962963,0.9185185185185183,0.9222222222222222,0.9274074074074073,0.9333333333333333,0.9392592592592595,0.9488888888888887,0.9533333333333335,0.9555555555555555,0.9614814814814816,0.962962962962963,0.962962962962963,0.962962962962963,0.9644444444444444,0.9688888888888888,0.9718518518518516,0.9762962962962962,0.9777777777777776,0.9785185185185185,0.9807407407407407,0.9822222222222221,0.9829629629629629,0.9851851851851852,0.9851851851851852,0.9851851851851852,0.9851851851851852,0.9851851851851852,0.9851851851851852,0.9851851851851852,0.9851851851851852,0.9851851851851852,0.9851851851851852,0.9851851851851852,0.9851851851851852,0.9851851851851852,0.9851851851851852,0.9851851851851852,0.9851851851851852,0.9851851851851852,0.9851851851851852,0.9851851851851852,0.9851851851851852,0.9851851851851852,0.9851851851851852,0.9866666666666666,0.9881481481481481,0.9881481481481481,0.9888888888888887,0.9896296296296295,0.9903703703703703,0.9911111111111109,0.9925925925925926,0.9925925925925926,0.9933333333333334,0.9933333333333334,0.9933333333333334,0.9933333333333334,0.9940740740740741,0.9948148148148148,0.9948148148148148,0.9948148148148148,0.9955555555555555,0.9977777777777778,0.9985185185185184,0.9985185185185184,0.9985185185185184,1.0,1.0,1.0,1.0,1.0,1.0,1.0,1.0,1.0,1.0,1.0,1.0,1.0,1.0,1.0,1.0,1.0,1.0,1.0,1.0,1.0,1.0,1.0,1.0,1.0,1.0,1.0,1.0,1.0,1.0,1.0,1.0,1.0,1.0,1.0,1.0,1.0,1.0,1.0,1.0,1.0,1.0,1.0,1.0,1.0,1.0,1.0,1.0,1.0,1.0,1.0,1.0,1.0,1.0,1.0,1.0,1.0,1.0,1.0,1.0,1.0,1.0,1.0,1.0,1.0,1.0,1.0,1.0,1.0,1.0,1.0,1.0,1.0,1.0,1.0,1.0,1.0,1.0,1.0,1.0,1.0,1.0,1.0
heldout,Boersma-van_Dam_2024,asr,0.0,0.04166666666666667,0.0875,0.11666666666666667,0.17083333333333334,0.19583333333333333,0.22916666666666669,0.2666666666666667,0.2875,0.33333333333333337,0.3458333333333333,0.4041666666666667,0.4125,0.4375,0.4666666666666667,0.5125,0.5541666666666667,0.5875,0.6,0.6041666666666666,0.6166666666666666,0.625,0.6375,0.65,0.6583333333333333,0.6708333333333335,0.6875000000000001,0.7,0.7125,0.7333333333333332,0.7541666666666667,0.7583333333333332,0.7583333333333332,0.7583333333333332,0.7749999999999999,0.7916666666666666,0.7958333333333333,0.8,0.825,0.8541666666666666,0.8666666666666666,0.8666666666666666,0.8666666666666666,0.8666666666666666,0.8708333333333333,0.8791666666666667,0.8791666666666667,0.9041666666666666,0.9041666666666666,0.9041666666666666,0.9041666666666666,0.9041666666666666,0.9041666666666666,0.9166666666666666,0.9166666666666666,0.9166666666666666,0.9166666666666666,0.9166666666666666,0.9166666666666666,0.9166666666666666,0.9166666666666666,0.9166666666666666,0.9166666666666666,0.9291666666666666,0.9291666666666666,0.9666666666666666,0.9916666666666668,1.0,1.0,1.0,1.0,1.0,1.0,1.0,1.0,1.0,1.0,1.0,1.0,1.0,1.0,1.0,1.0,1.0,1.0,1.0,1.0,1.0,1.0,1.0,1.0,1.0,1.0,1.0,1.0,1.0,1.0,1.0,1.0,1.0,1.0,1.0,1.0,1.0,1.0,1.0,1.0,1.0,1.0,1.0,1.0,1.0,1.0,1.0,1.0,1.0,1.0,1.0,1.0,1.0,1.0,1.0,1.0,1.0,1.0,1.0,1.0,1.0,1.0,1.0,1.0,1.0,1.0,1.0,1.0,1.0,1.0,1.0,1.0,1.0,1.0,1.0,1.0,1.0,1.0,1.0,1.0,1.0,1.0,1.0,1.0,1.0,1.0,1.0,1.0,1.0,1.0,1.0,1.0,1.0,1.0,1.0,1.0,1.0,1.0,1.0,1.0,1.0,1.0,1.0,1.0,1.0,1.0,1.0,1.0,1.0,1.0,1.0,1.0,1.0,1.0,1.0,1.0,1.0,1.0,1.0,1.0,1.0,1.0,1.0,1.0,1.0,1.0,1.0,1.0,1.0,1.0,1.0,1.0,1.0,1.0
heldout,Boersma-van_Dam_2024,hybrid,0.0,0.041666666666666664,0.125,0.125,0.16666666666666666,0.25,0.25,0.3333333333333333,0.4166666666666667,0.5,0.5416666666666666,0.5416666666666666,0.6666666666666666,0.6666666666666666,0.6666666666666666,0.7083333333333334,0.75,0.7916666666666666,0.7916666666666666,0.7916666666666666,0.7916666666666666,0.875,0.875,0.875,0.875,0.9166666666666666,0.9166666666666666,0.9166666666666666,0.9583333333333334,0.9583333333333334,0.9583333333333334,0.9583333333333334,0.9583333333333334,0.9583333333333334,0.9583333333333334,0.9583333333333334,0.9583333333333334,0.9583333333333334,0.9583333333333334,0.9583333333333334,0.9583333333333334,0.9583333333333334,0.9583333333333334,0.9583333333333334,0.9583333333333334,1.0,1.0,1.0,1.0,1.0,1.0,1.0,1.0,1.0,1.0,1.0,1.0,1.0,1.0,1.0,1.0,1.0,1.0,1.0,1.0,1.0,1.0,1.0,1.0,1.0,1.0,1.0,1.0,1.0,1.0,1.0,1.0,1.0,1.0,1.0,1.0,1.0,1.0,1.0,1.0,1.0,1.0,1.0,1.0,1.0,1.0,1.0,1.0,1.0,1.0,1.0,1.0,1.0,1.0,1.0,1.0,1.0,1.0,1.0,1.0,1.0,1.0,1.0,1.0,1.0,1.0,1.0,1.0,1.0,1.0,1.0,1.0,1.0,1.0,1.0,1.0,1.0,1.0,1.0,1.0,1.0,1.0,1.0,1.0,1.0,1.0,1.0,1.0,1.0,1.0,1.0,1.0,1.0,1.0,1.0,1.0,1.0,1.0,1.0,1.0,1.0,1.0,1.0,1.0,1.0,1.0,1.0,1.0,1.0,1.0,1.0,1.0,1.0,1.0,1.0,1.0,1.0,1.0,1.0,1.0,1.0,1.0,1.0,1.0,1.0,1.0,1.0,1.0,1.0,1.0,1.0,1.0,1.0,1.0,1.0,1.0,1.0,1.0,1.0,1.0,1.0,1.0,1.0,1.0,1.0,1.0,1.0,1.0,1.0,1.0,1.0,1.0,1.0,1.0,1.0,1.0
heldout,Boersma-van_Dam_2024,jev,0.0,0.04166666666666667,0.125,0.125,0.20833333333333331,0.25,0.25,0.29166666666666663,0.3541666666666667,0.41666666666666663,0.4583333333333333,0.5,0.5416666666666667,0.6666666666666667,0.6666666666666667,0.7083333333333333,0.7583333333333334,0.7916666666666667,0.7916666666666667,0.8333333333333333,0.875,0.875,0.875,0.875,0.875,0.875,0.875,0.9041666666666666,0.9166666666666666,0.9166666666666666,0.9166666666666666,0.9166666666666666,0.9166666666666666,0.9333333333333333,0.9583333333333334,0.9583333333333334,0.9583333333333334,0.9583333333333334,0.9583333333333334,0.9583333333333334,0.9583333333333334,0.9583333333333334,0.9583333333333334,0.9583333333333334,0.9583333333333334,0.9583333333333334,0.9583333333333334,0.9583333333333334,0.9583333333333334,0.9583333333333334,0.9583333333333334,0.9583333333333334,0.9583333333333334,0.9583333333333334,0.9583333333333334,0.9583333333333334,0.9583333333333334,0.9583333333333334,0.9583333333333334,0.9666666666666666,0.9666666666666666,0.9708333333333334,0.975,0.9791666666666667,0.9791666666666667,0.9791666666666667,0.9833333333333334,0.9916666666666668,0.9958333333333333,0.9958333333333333,1.0,1.0,1.0,1.0,1.0,1.0,1.0,1.0,1.0,1.0,1.0,1.0,1.0,1.0,1.0,1.0,1.0,1.0,1.0,1.0,1.0,1.0,1.0,1.0,1.0,1.0,1.0,1.0,1.0,1.0,1.0,1.0,1.0,1.0,1.0,1.0,1.0,1.0,1.0,1.0,1.0,1.0,1.0,1.0,1.0,1.0,1.0,1.0,1.0,1.0,1.0,1.0,1.0,1.0,1.0,1.0,1.0,1.0,1.0,1.0,1.0,1.0,1.0,1.0,1.0,1.0,1.0,1.0,1.0,1.0,1.0,1.0,1.0,1.0,1.0,1.0,1.0,1.0,1.0,1.0,1.0,1.0,1.0,1.0,1.0,1.0,1.0,1.0,1.0,1.0,1.0,1.0,1.0,1.0,1.0,1.0,1.0,1.0,1.0,1.0,1.0,1.0,1.0,1.0,1.0,1.0,1.0,1.0,1.0,1.0,1.0,1.0,1.0,1.0,1.0,1.0,1.0,1.0,1.0,1.0,1.0,1.0,1.0,1.0,1.0,1.0,1.0,1.0,1.0,1.0,1.0
heldout,Bos_2018,asr,0.0,0.35,0.38333333333333336,0.4666666666666666,0.5333333333333333,0.5333333333333333,0.5333333333333333,0.5666666666666667,0.65,0.85,0.9333333333333333,1.0,1.0,1.0,1.0,1.0,1.0,1.0,1.0,1.0,1.0,1.0,1.0,1.0,1.0,1.0,1.0,1.0,1.0,1.0,1.0,1.0,1.0,1.0,1.0,1.0,1.0,1.0,1.0,1.0,1.0,1.0,1.0,1.0,1.0,1.0,1.0,1.0,1.0,1.0,1.0,1.0,1.0,1.0,1.0,1.0,1.0,1.0,1.0,1.0,1.0,1.0,1.0,1.0,1.0,1.0,1.0,1.0,1.0,1.0,1.0,1.0,1.0,1.0,1.0,1.0,1.0,1.0,1.0,1.0,1.0,1.0,1.0,1.0,1.0,1.0,1.0,1.0,1.0,1.0,1.0,1.0,1.0,1.0,1.0,1.0,1.0,1.0,1.0,1.0,1.0,1.0,1.0,1.0,1.0,1.0,1.0,1.0,1.0,1.0,1.0,1.0,1.0,1.0,1.0,1.0,1.0,1.0,1.0,1.0,1.0,1.0,1.0,1.0,1.0,1.0,1.0,1.0,1.0,1.0,1.0,1.0,1.0,1.0,1.0,1.0,1.0,1.0,1.0,1.0,1.0,1.0,1.0,1.0,1.0,1.0,1.0,1.0,1.0,1.0,1.0,1.0,1.0,1.0,1.0,1.0,1.0,1.0,1.0,1.0,1.0,1.0,1.0,1.0,1.0,1.0,1.0,1.0,1.0,1.0,1.0,1.0,1.0,1.0,1.0,1.0,1.0,1.0,1.0,1.0,1.0,1.0,1.0,1.0,1.0,1.0,1.0,1.0,1.0,1.0,1.0,1.0,1.0,1.0,1.0,1.0,1.0,1.0,1.0,1.0,1.0
heldout,Bos_2018,hybrid,0.0,0.6666666666666666,0.8333333333333334,0.8333333333333334,0.8333333333333334,1.0,1.0,1.0,1.0,1.0,1.0,1.0,1.0,1.0,1.0,1.0,1.0,1.0,1.0,1.0,1.0,1.0,1.0,1.0,1.0,1.0,1.0,1.0,1.0,1.0,1.0,1.0,1.0,1.0,1.0,1.0,1.0,1.0,1.0,1.0,1.0,1.0,1.0,1.0,1.0,1.0,1.0,1.0,1.0,1.0,1.0,1.0,1.0,1.0,1.0,1.0,1.0,1.0,1.0,1.0,1.0,1.0,1.0,1.0,1.0,1.0,1.0,1.0,1.0,1.0,1.0,1.0,1.0,1.0,1.0,1.0,1.0,1.0,1.0,1.0,1.0,1.0,1.0,1.0,1.0,1.0,1.0,1.0,1.0,1.0,1.0,1.0,1.0,1.0,1.0,1.0,1.0,1.0,1.0,1.0,1.0,1.0,1.0,1.0,1.0,1.0,1.0,1.0,1.0,1.0,1.0,1.0,1.0,1.0,1.0,1.0,1.0,1.0,1.0,1.0,1.0,1.0,1.0,1.0,1.0,1.0,1.0,1.0,1.0,1.0,1.0,1.0,1.0,1.0,1.0,1.0,1.0,1.0,1.0,1.0,1.0,1.0,1.0,1.0,1.0,1.0,1.0,1.0,1.0,1.0,1.0,1.0,1.0,1.0,1.0,1.0,1.0,1.0,1.0,1.0,1.0,1.0,1.0,1.0,1.0,1.0,1.0,1.0,1.0,1.0,1.0,1.0,1.0,1.0,1.0,1.0,1.0,1.0,1.0,1.0,1.0,1.0,1.0,1.0,1.0,1.0,1.0,1.0,1.0,1.0,1.0,1.0,1.0,1.0,1.0,1.0,1.0,1.0,1.0,1.0,1.0
heldout,Bos_2018,jev,0.0,0.6666666666666667,0.8333333333333333,0.8333333333333333,0.8333333333333333,0.8333333333333333,0.8333333333333333,0.8333333333333333,0.8333333333333333,0.8333333333333333,1.0,1.0,1.0,1.0,1.0,1.0,1.0,1.0,1.0,1.0,1.0,1.0,1.0,1.0,1.0,1.0,1.0,1.0,1.0,1.0,1.0,1.0,1.0,1.0,1.0,1.0,1.0,1.0,1.0,1.0,1.0,1.0,1.0,1.0,1.0,1.0,1.0,1.0,1.0,1.0,1.0,1.0,1.0,1.0,1.0,1.0,1.0,1.0,1.0,1.0,1.0,1.0,1.0,1.0,1.0,1.0,1.0,1.0,1.0,1.0,1.0,1.0,1.0,1.0,1.0,1.0,1.0,1.0,1.0,1.0,1.0,1.0,1.0,1.0,1.0,1.0,1.0,1.0,1.0,1.0,1.0,1.0,1.0,1.0,1.0,1.0,1.0,1.0,1.0,1.0,1.0,1.0,1.0,1.0,1.0,1.0,1.0,1.0,1.0,1.0,1.0,1.0,1.0,1.0,1.0,1.0,1.0,1.0,1.0,1.0,1.0,1.0,1.0,1.0,1.0,1.0,1.0,1.0,1.0,1.0,1.0,1.0,1.0,1.0,1.0,1.0,1.0,1.0,1.0,1.0,1.0,1.0,1.0,1.0,1.0,1.0,1.0,1.0,1.0,1.0,1.0,1.0,1.0,1.0,1.0,1.0,1.0,1.0,1.0,1.0,1.0,1.0,1.0,1.0,1.0,1.0,1.0,1.0,1.0,1.0,1.0,1.0,1.0,1.0,1.0,1.0,1.0,1.0,1.0,1.0,1.0,1.0,1.0,1.0,1.0,1.0,1.0,1.0,1.0,1.0,1.0,1.0,1.0,1.0,1.0,1.0,1.0,1.0,1.0,1.0,1.0
heldout,Bosch_2021,asr,0.0,0.08636363636363638,0.19545454545454546,0.24545454545454543,0.3727272727272728,0.4818181818181818,0.5318181818181819,0.5909090909090908,0.6636363636363637,0.7272727272727273,0.7636363636363636,0.7772727272727272,0.8090909090909092,0.8272727272727274,0.8363636363636363,0.8727272727272727,0.9318181818181819,0.9454545454545457,0.9500000000000002,0.9500000000000002,0.9500000000000002,0.9590909090909093,0.9590909090909093,0.9590909090909093,0.9590909090909093,0.9590909090909093,0.9590909090909093,0.9590909090909093,0.9590909090909093,0.9590909090909093,0.9590909090909093,0.9590909090909093,0.9590909090909093,0.9590909090909093,0.9590909090909093,0.9590909090909093,0.9590909090909093,0.9590909090909093,0.9590909090909093,0.9590909090909093,0.9590909090909093,0.9590909090909093,0.9590909090909093,0.9590909090909093,0.9590909090909093,0.9590909090909093,0.9590909090909093,0.9590909090909093,0.9590909090909093,0.9590909090909093,0.9590909090909093,0.9590909090909093,0.9590909090909093,0.9590909090909093,0.9590909090909093,0.9590909090909093,0.9590909090909093,1.0,1.0,1.0,1.0,1.0,1.0,1.0,1.0,1.0,1.0,1.0,1.0,1.0,1.0,1.0,1.0,1.0,1.0,1.0,1.0,1.0,1.0,1.0,1.0,1.0,1.0,1.0,1.0,1.0,1.0,1.0,1.0,1.0,1.0,1.0,1.0,1.0,1.0,1.0,1.0,1.0,1.0,1.0,1.0,1.0,1.0,1.0,1.0,1.0,1.0,1.0,1.0,1.0,1.0,1.0,1.0,1.0,1.0,1.0,1.0,1.0,1.0,1.0,1.0,1.0,1.0,1.0,1.0,1.0,1.0,1.0,1.0,1.0,1.0,1.0,1.0,1.0,1.0,1.0,1.0,1.0,1.0,1.0,1.0,1.0,1.0,1.0,1.0,1.0,1.0,1.0,1.0,1.0,1.0,1.0,1.0,1.0,1.0,1.0,1.0,1.0,1.0,1.0,1.0,1.0,1.0,1.0,1.0,1.0,1.0,1.0,1.0,1.0,1.0,1.0,1.0,1.0,1.0,1.0,1.0,1.0,1.0,1.0,1.0,1.0,1.0,1.0,1.0,1.0,1.0,1.0,1.0,1.0,1.0,1.0,1.0,1.0,1.0,1.0,1.0,1.0,1.0,1.0,1.0
heldout,Bosch_2021,hybrid,0.0,0.18181818181818182,0.3181818181818182,0.45454545454545453,0.45454545454545453,0.5454545454545454,0.7272727272727273,0.7272727272727273,0.7272727272727273,0.7272727272727273,0.7272727272727273,0.7727272727272727,0.9090909090909091,0.9545454545454546,0.9545454545454546,0.9545454545454546,0.9545454545454546,0.9545454545454546,0.9545454545454546,0.9545454545454546,0.9545454545454546,0.9545454545454546,0.9545454545454546,1.0,1.0,1.0,1.0,1.0,1.0,1.0,1.0,1.0,1.0,1.0,1.0,1.0,1.0,1.0,1.0,1.0,1.0,1.0,1.0,1.0,1.0,1.0,1.0,1.0,1.0,1.0,1.0,1.0,1.0,1.0,1.0,1.0,1.0,1.0,1.0,1.0,1.0,1.0,1.0,1.0,1.0,1.0,1.0,1.0,1.0,1.0,1.0,1.0,1.0,1.0,1.0,1.0,1.0,1.0,1.0,1.0,1.0,1.0,1.0,1.0,1.0,1.0,1.0,1.0,1.0,1.0,1.0,1.0,1.0,1.0,1.0,1.0,1.0,1.0,1.0,1.0,1.0,1.0,1.0,1.0,1.0,1.0,1.0,1.0,1.0,1.0,1.0,1.0,1.0,1.0,1.0,1.0,1.0,1.0,1.0,1.0,1.0,1.0,1.0,1.0,1.0,1.0,1.0,1.0,1.0,1.0,1.0,1.0,1.0,1.0,1.0,1.0,1.0,1.0,1.0,1.0,1.0,1.0,1.0,1.0,1.0,1.0,1.0,1.0,1.0,1.0,1.0,1.0,1.0,1.0,1.0,1.0,1.0,1.0,1.0,1.0,1.0,1.0,1.0,1.0,1.0,1.0,1.0,1.0,1.0,1.0,1.0,1.0,1.0,1.0,1.0,1.0,1.0,1.0,1.0,1.0,1.0,1.0,1.0,1.0,1.0,1.0,1.0,1.0,1.0,1.0,1.0,1.0,1.0,1.0,1.0,1.0,1.0,1.0,1.0,1.0,1.0
heldout,Bosch_2021,jev,0.0,0.19090909090909094,0.2954545454545454,0.40909090909090906,0.47727272727272724,0.5363636363636364,0.5772727272727273,0.6818181818181818,0.7272727272727274,0.7727272727272726,0.8,0.8636363636363635,0.8636363636363635,0.8636363636363635,0.909090909090909,0.909090909090909,0.9545454545454548,0.9545454545454548,0.9545454545454548,0.9545454545454548,0.9545454545454548,0.9545454545454548,1.0,1.0,1.0,1.0,1.0,1.0,1.0,1.0,1.0,1.0,1.0,1.0,1.0,1.0,1.0,1.0,1.0,1.0,1.0,1.0,1.0,1.0,1.0,1.0,1.0,1.0,1.0,1.0,1.0,1.0,1.0,1.0,1.0,1.0,1.0,1.0,1.0,1.0,1.0,1.0,1.0,1.0,1.0,1.0,1.0,1.0,1.0,1.0,1.0,1.0,1.0,1.0,1.0,1.0,1.0,1.0,1.0,1.0,1.0,1.0,1.0,1.0,1.0,1.0,1.0,1.0,1.0,1.0,1.0,1.0,1.0,1.0,1.0,1.0,1.0,1.0,1.0,1.0,1.0,1.0,1.0,1.0,1.0,1.0,1.0,1.0,1.0,1.0,1.0,1.0,1.0,1.0,1.0,1.0,1.0,1.0,1.0,1.0,1.0,1.0,1.0,1.0,1.0,1.0,1.0,1.0,1.0,1.0,1.0,1.0,1.0,1.0,1.0,1.0,1.0,1.0,1.0,1.0,1.0,1.0,1.0,1.0,1.0,1.0,1.0,1.0,1.0,1.0,1.0,1.0,1.0,1.0,1.0,1.0,1.0,1.0,1.0,1.0,1.0,1.0,1.0,1.0,1.0,1.0,1.0,1.0,1.0,1.0,1.0,1.0,1.0,1.0,1.0,1.0,1.0,1.0,1.0,1.0,1.0,1.0,1.0,1.0,1.0,1.0,1.0,1.0,1.0,1.0,1.0,1.0,1.0,1.0,1.0,1.0,1.0,1.0,1.0,1.0,1.0
heldout,Chakraborty_2023,asr,0.0,0.14285714285714282,0.14285714285714282,0.14285714285714282,0.19999999999999998,0.19999999999999998,0.19999999999999998,0.19999999999999998,0.24285714285714283,0.28571428571428564,0.32857142857142857,0.34285714285714286,0.34285714285714286,0.3571428571428571,0.3571428571428571,0.3999999999999999,0.457142857142857,0.47142857142857136,0.47142857142857136,0.5142857142857142,0.5285714285714286,0.5285714285714286,0.5571428571428572,0.5714285714285714,0.6285714285714286,0.6285714285714286,0.6285714285714286,0.6285714285714286,0.6714285714285715,0.6714285714285715,0.7,0.7857142857142857,0.7857142857142857,0.8142857142857141,0.857142857142857,0.857142857142857,0.857142857142857,0.857142857142857,0.857142857142857,0.857142857142857,0.857142857142857,0.8714285714285713,0.8857142857142856,0.8857142857142856,0.8857142857142856,0.9285714285714286,0.9428571428571428,0.9428571428571428,0.9428571428571428,0.9428571428571428,0.9428571428571428,0.9571428571428573,1.0,1.0,1.0,1.0,1.0,1.0,1.0,1.0,1.0,1.0,1.0,1.0,1.0,1.0,1.0,1.0,1.0,1.0,1.0,1.0,1.0,1.0,1.0,1.0,1.0,1.0,1.0,1.0,1.0,1.0,1.0,1.0,1.0,1.0,1.0,1.0,1.0,1.0,1.0,1.0,1.0,1.0,1.0,1.0,1.0,1.0,1.0,1.0,1.0,1.0,1.0,1.0,1.0,1.0,1.0,1.0,1.0,1.0,1.0,1.0,1.0,1.0,1.0,1.0,1.0,1.0,1.0,1.0,1.0,1.0,1.0,1.0,1.0,1.0,1.0,1.0,1.0,1.0,1.0,1.0,1.0,1.0,1.0,1.0,1.0,1.0,1.0,1.0,1.0,1.0,1.0,1.0,1.0,1.0,1.0,1.0,1.0,1.0,1.0,1.0,1.0,1.0,1.0,1.0,1.0,1.0,1.0,1.0,1.0,1.0,1.0,1.0,1.0,1.0,1.0,1.0,1.0,1.0,1.0,1.0,1.0,1.0,1.0,1.0,1.0,1.0,1.0,1.0,1.0,1.0,1.0,1.0,1.0,1.0,1.0,1.0,1.0,1.0,1.0,1.0,1.0,1.0,1.0,1.0,1.0,1.0,1.0,1.0,1.0
heldout,Chakraborty_2023,hybrid,0.0,0.2857142857142857,0.42857142857142855,0.5714285714285714,0.7142857142857143,0.7142857142857143,0.7142857142857143,1.0,1.0,1.0,1.0,1.0,1.0,1.0,1.0,1.0,1.0,1.0,1.0,1.0,1.0,1.0,1.0,1.0,1.0,1.0,1.0,1.0,1.0,1.0,1.0,1.0,1.0,1.0,1.0,1.0,1.0,1.0,1.0,1.0,1.0,1.0,1.0,1.0,1.0,1.0,1.0,1.0,1.0,1.0,1.0,1.0,1.0,1.0,1.0,1.0,1.0,1.0,1.0,1.0,1.0,1.0,1.0,1.0,1.0,1.0,1.0,1.0,1.0,1.0,1.0,1.0,1.0,1.0,1.0,1.0,1.0,1.0,1.0,1.0,1.0,1.0,1.0,1.0,1.0,1.0,1.0,1.0,1.0,1.0,1.0,1.0,1.0,1.0,1.0,1.0,1.0,1.0,1.0,1.0,1.0,1.0,1.0,1.0,1.0,1.0,1.0,1.0,1.0,1.0,1.0,1.0,1.0,1.0,1.0,1.0,1.0,1.0,1.0,1.0,1.0,1.0,1.0,1.0,1.0,1.0,1.0,1.0,1.0,1.0,1.0,1.0,1.0,1.0,1.0,1.0,1.0,1.0,1.0,1.0,1.0,1.0,1.0,1.0,1.0,1.0,1.0,1.0,1.0,1.0,1.0,1.0,1.0,1.0,1.0,1.0,1.0,1.0,1.0,1.0,1.0,1.0,1.0,1.0,1.0,1.0,1.0,1.0,1.0,1.0,1.0,1.0,1.0,1.0,1.0,1.0,1.0,1.0,1.0,1.0,1.0,1.0,1.0,1.0,1.0,1.0,1.0,1.0,1.0,1.0,1.0,1.0,1.0,1.0,1.0,1.0,1.0,1.0,1.0,1.0,1.0
heldout,Chakraborty_2023,jev,0.0,0.28571428571428564,0.4285714285714285,0.4285714285714285,0.4285714285714285,0.5714285714285713,0.7142857142857143,0.8285714285714285,0.857142857142857,0.957142857142857,1.0,1.0,1.0,1.0,1.0,1.0,1.0,1.0,1.0,1.0,1.0,1.0,1.0,1.0,1.0,1.0,1.0,1.0,1.0,1.0,1.0,1.0,1.0,1.0,1.0,1.0,1.0,1.0,1.0,1.0,1.0,1.0,1.0,1.0,1.0,1.0,1.0,1.0,1.0,1.0,1.0,1.0,1.0,1.0,1.0,1.0,1.0,1.0,1.0,1.0,1.0,1.0,1.0,1.0,1.0,1.0,1.0,1.0,1.0,1.0,1.0,1.0,1.0,1.0,1.0,1.0,1.0,1.0,1.0,1.0,1.0,1.0,1.0,1.0,1.0,1.0,1.0,1.0,1.0,1.0,1.0,1.0,1.0,1.0,1.0,1.0,1.0,1.0,1.0,1.0,1.0,1.0,1.0,1.0,1.0,1.0,1.0,1.0,1.0,1.0,1.0,1.0,1.0,1.0,1.0,1.0,1.0,1.0,1.0,1.0,1.0,1.0,1.0,1.0,1.0,1.0,1.0,1.0,1.0,1.0,1.0,1.0,1.0,1.0,1.0,1.0,1.0,1.0,1.0,1.0,1.0,1.0,1.0,1.0,1.0,1.0,1.0,1.0,1.0,1.0,1.0,1.0,1.0,1.0,1.0,1.0,1.0,1.0,1.0,1.0,1.0,1.0,1.0,1.0,1.0,1.0,1.0,1.0,1.0,1.0,1.0,1.0,1.0,1.0,1.0,1.0,1.0,1.0,1.0,1.0,1.0,1.0,1.0,1.0,1.0,1.0,1.0,1.0,1.0,1.0,1.0,1.0,1.0,1.0,1.0,1.0,1.0,1.0,1.0,1.0,1.0
heldout,Chueca_2023,asr,0.0,0.075,0.0875,0.09375,0.10625,0.1625,0.18125,0.18125,0.18125,0.1875,0.19375,0.21875,0.23125,0.23125,0.25625,0.25625,0.2625,0.2625,0.2625,0.275,0.275,0.275,0.275,0.2875,0.3125,0.3125,0.33125,0.3375,0.3375,0.35,0.35,0.35625,0.35625,0.375,0.375,0.3875,0.40625,0.40625,0.40625,0.40625,0.40625,0.4125,0.41875,0.43125,0.44375,0.45,0.4625,0.48125,0.5,0.5,0.5,0.5,0.50625,0.50625,0.50625,0.5125,0.51875,0.525,0.525,0.525,0.525,0.53125,0.53125,0.5375,0.5375,0.5375,0.54375,0.56875,0.575,0.58125,0.59375,0.59375,0.59375,0.59375,0.60625,0.625,0.65625,0.68125,0.6875,0.6875,0.6875,0.6875,0.6875,0.70625,0.71875,0.7375,0.75,0.75,0.75625,0.775,0.79375,0.80625,0.8125,0.8125,0.8125,0.8125,0.8125,0.8125,0.81875,0.81875,0.81875,0.81875,0.81875,0.8375,0.85625,0.86875,0.86875,0.875,0.875,0.875,0.875,0.875,0.875,0.875,0.875,0.875,0.875,0.875,0.875,0.875,0.875,0.875,0.875,0.875,0.875,0.875,0.875,0.875,0.875,0.88125,0.88125,0.9,0.90625,0.91875,0.9375,0.9375,0.9375,0.9375,0.9375,0.9375,0.9375,0.9375,0.9375,0.9375,0.9375,0.9375,0.9375,0.9375,0.9375,0.9375,0.9375,0.9375,0.9375,0.9375,0.9375,0.94375,0.99375,1.0,1.0,1.0,1.0,1.0,1.0,1.0,1.0,1.0,1.0,1.0,1.0,1.0,1.0,1.0,1.0,1.0,1.0,1.0,1.0,1.0,1.0,1.0,1.0,1.0,1.0,1.0,1.0,1.0,1.0,1.0,1.0,1.0,1.0,1.0,1.0,1.0,1.0,1.0,1.0,1.0,1.0,1.0,1.0
heldout,Chueca_2023,hybrid,0.0,0.0,0.0625,0.125,0.1875,0.3125,0.3125,0.3125,0.3125,0.3125,0.375,0.5,0.5,0.5,0.5625,0.5625,0.5625,0.625,0.625,0.625,0.625,0.625,0.625,0.625,0.625,0.625,0.6875,0.6875,0.6875,0.6875,0.75,0.75,0.75,0.75,0.75,0.8125,0.8125,0.8125,0.8125,0.8125,0.8125,0.8125,0.8125,0.8125,0.8125,0.8125,0.8125,0.8125,0.8125,0.8125,0.8125,0.8125,0.875,0.875,0.875,0.9375,0.9375,0.9375,0.9375,0.9375,0.9375,0.9375,0.9375,0.9375,0.9375,0.9375,1.0,1.0,1.0,1.0,1.0,1.0,1.0,1.0,1.0,1.0,1.0,1.0,1.0,1.0,1.0,1.0,1.0,1.0,1.0,1.0,1.0,1.0,1.0,1.0,1.0,1.0,1.0,1.0,1.0,1.0,1.0,1.0,1.0,1.0,1.0,1.0,1.0,1.0,1.0,1.0,1.0,1.0,1.0,1.0,1.0,1.0,1.0,1.0,1.0,1.0,1.0,1.0,1.0,1.0,1.0,1.0,1.0,1.0,1.0,1.0,1.0,1.0,1.0,1.0,1.0,1.0,1.0,1.0,1.0,1.0,1.0,1.0,1.0,1.0,1.0,1.0,1.0,1.0,1.0,1.0,1.0,1.0,1.0,1.0,1.0,1.0,1.0,1.0,1.0,1.0,1.0,1.0,1.0,1.0,1.0,1.0,1.0,1.0,1.0,1.0,1.0,1.0,1.0,1.0,1.0,1.0,1.0,1.0,1.0,1.0,1.0,1.0,1.0,1.0,1.0,1.0,1.0,1.0,1.0,1.0,1.0,1.0,1.0,1.0,1.0,1.0,1.0,1.0,1.0,1.0,1.0,1.0,1.0,1.0,1.0
heldout,Chueca_2023,jev,0.0,0.025,0.0625,0.125,0.125,0.20625,0.26875,0.325,0.4,0.45625,0.5,0.5,0.5625,0.625,0.625,0.625,0.625,0.625,0.625,0.625,0.625,0.625,0.6875,0.75,0.75,0.75,0.75,0.775,0.79375,0.8125,0.8125,0.8125,0.8125,0.8125,0.8125,0.8125,0.8125,0.8125,0.8125,0.8125,0.8125,0.8625,0.875,0.875,0.875,0.875,0.875,0.875,0.875,0.875,0.875,0.875,0.875,0.875,0.875,0.88125,0.9375,0.9375,0.9375,0.9375,0.9375,0.9375,0.9375,0.9375,0.9375,0.9375,0.9375,0.9375,0.9375,0.9375,0.98125,1.0,1.0,1.0,1.0,1.0,1.0,1.0,1.0,1.0,1.0,1.0,1.0,1.0,1.0,1.0,1.0,1.0,1.0,1.0,1.0,1.0,1.0,1.0,1.0,1.0,1.0,1.0,1.0,1.0,1.0,1.0,1.0,1.0,1.0,1.0,1.0,1.0,1.0,1.0,1.0,1.0,1.0,1.0,1.0,1.0,1.0,1.0,1.0,1.0,1.0,1.0,1.0,1.0,1.0,1.0,1.0,1.0,1.0,1.0,1.0,1.0,1.0,1.0,1.0,1.0,1.0,1.0,1.0,1.0,1.0,1.0,1.0,1.0,1.0,1.0,1.0,1.0,1.0,1.0,1.0,1.0,1.0,1.0,1.0,1.0,1.0,1.0,1.0,1.0,1.0,1.0,1.0,1.0,1.0,1.0,1.0,1.0,1.0,1.0,1.0,1.0,1.0,1.0,1.0,1.0,1.0,1.0,1.0,1.0,1.0,1.0,1.0,1.0,1.0,1.0,1.0,1.0,1.0,1.0,1.0,1.0,1.0,1.0,1.0,1.0,1.0,1.0,1.0,1.0,1.0
heldout,Donners_2021,asr,0.0,0.0,0.07142857142857141,0.07142857142857141,0.07142857142857141,0.07142857142857141,0.14285714285714282,0.18571428571428567,0.18571428571428567,0.25,0.25,0.3142857142857143,0.35,0.35,0.41428571428571426,0.41428571428571426,0.47857142857142854,0.49285714285714277,0.49285714285714277,0.5642857142857143,0.5642857142857143,0.6142857142857144,0.6285714285714287,0.6285714285714287,0.6571428571428573,0.6571428571428573,0.6714285714285716,0.7142857142857143,0.7142857142857143,0.7285714285714285,0.7285714285714285,0.75,0.7714285714285714,0.7714285714285714,0.8142857142857143,0.8142857142857143,0.85,0.8642857142857142,0.8642857142857142,0.8642857142857142,0.8642857142857142,0.8642857142857142,0.8642857142857142,0.8928571428571429,0.9285714285714286,0.9285714285714286,0.9285714285714286,0.9285714285714286,0.9285714285714286,0.9285714285714286,0.9285714285714286,0.9285714285714286,0.9285714285714286,0.9285714285714286,0.9285714285714286,0.9285714285714286,0.9285714285714286,0.9285714285714286,0.9642857142857144,1.0,1.0,1.0,1.0,1.0,1.0,1.0,1.0,1.0,1.0,1.0,1.0,1.0,1.0,1.0,1.0,1.0,1.0,1.0,1.0,1.0,1.0,1.0,1.0,1.0,1.0,1.0,1.0,1.0,1.0,1.0,1.0,1.0,1.0,1.0,1.0,1.0,1.0,1.0,1.0,1.0,1.0,1.0,1.0,1.0,1.0,1.0,1.0,1.0,1.0,1.0,1.0,1.0,1.0,1.0,1.0,1.0,1.0,1.0,1.0,1.0,1.0,1.0,1.0,1.0,1.0,1.0,1.0,1.0,1.0,1.0,1.0,1.0,1.0,1.0,1.0,1.0,1.0,1.0,1.0,1.0,1.0,1.0,1.0,1.0,1.0,1.0,1.0,1.0,1.0,1.0,1.0,1.0,1.0,1.0,1.0,1.0,1.0,1.0,1.0,1.0,1.0,1.0,1.0,1.0,1.0,1.0,1.0,1.0,1.0,1.0,1.0,1.0,1.0,1.0,1.0,1.0,1.0,1.0,1.0,1.0,1.0,1.0,1.0,1.0,1.0,1.0,1.0,1.0,1.0,1.0,1.0,1.0,1.0,1.0,1.0,1.0,1.0,1.0,1.0,1.0,1.0
heldout,Donners_2021,hybrid,0.0,0.0,0.07142857142857142,0.07142857142857142,0.14285714285714285,0.14285714285714285,0.21428571428571427,0.2857142857142857,0.2857142857142857,0.35714285714285715,0.35714285714285715,0.42857142857142855,0.5,0.5,0.5714285714285714,0.5714285714285714,0.5714285714285714,0.6428571428571429,0.6428571428571429,0.7142857142857143,0.7142857142857143,0.7857142857142857,0.7857142857142857,0.7857142857142857,0.7857142857142857,0.7857142857142857,0.7857142857142857,0.7857142857142857,0.7857142857142857,0.8571428571428571,0.8571428571428571,0.9285714285714286,1.0,1.0,1.0,1.0,1.0,1.0,1.0,1.0,1.0,1.0,1.0,1.0,1.0,1.0,1.0,1.0,1.0,1.0,1.0,1.0,1.0,1.0,1.0,1.0,1.0,1.0,1.0,1.0,1.0,1.0,1.0,1.0,1.0,1.0,1.0,1.0,1.0,1.0,1.0,1.0,1.0,1.0,1.0,1.0,1.0,1.0,1.0,1.0,1.0,1.0,1.0,1.0,1.0,1.0,1.0,1.0,1.0,1.0,1.0,1.0,1.0,1.0,1.0,1.0,1.0,1.0,1.0,1.0,1.0,1.0,1.0,1.0,1.0,1.0,1.0,1.0,1.0,1.0,1.0,1.0,1.0,1.0,1.0,1.0,1.0,1.0,1.0,1.0,1.0,1.0,1.0,1.0,1.0,1.0,1.0,1.0,1.0,1.0,1.0,1.0,1.0,1.0,1.0,1.0,1.0,1.0,1.0,1.0,1.0,1.0,1.0,1.0,1.0,1.0,1.0,1.0,1.0,1.0,1.0,1.0,1.0,1.0,1.0,1.0,1.0,1.0,1.0,1.0,1.0,1.0,1.0,1.0,1.0,1.0,1.0,1.0,1.0,1.0,1.0,1.0,1.0,1.0,1.0,1.0,1.0,1.0,1.0,1.0,1.0,1.0,1.0,1.0,1.0,1.0,1.0,1.0,1.0,1.0,1.0,1.0,1.0,1.0,1.0,1.0,1.0,1.0,1.0,1.0,1.0
heldout,Donners_2021,jev,0.0,0.0,0.07142857142857141,0.07142857142857141,0.14285714285714282,0.14285714285714282,0.21428571428571425,0.28571428571428564,0.28571428571428564,0.35714285714285715,0.35714285714285715,0.4285714285714285,0.5,0.5,0.5357142857142857,0.5357142857142857,0.5714285714285713,0.642857142857143,0.642857142857143,0.7142857142857143,0.7142857142857143,0.7857142857142857,0.7857142857142857,0.7857142857142857,0.7857142857142857,0.7857142857142857,0.7857142857142857,0.7857142857142857,0.7857142857142857,0.7857142857142857,0.7857142857142857,0.857142857142857,0.857142857142857,0.857142857142857,0.9285714285714286,0.9285714285714286,0.9285714285714286,0.9285714285714286,0.9285714285714286,0.9285714285714286,0.9285714285714286,0.9785714285714286,0.9785714285714286,1.0,1.0,1.0,1.0,1.0,1.0,1.0,1.0,1.0,1.0,1.0,1.0,1.0,1.0,1.0,1.0,1.0,1.0,1.0,1.0,1.0,1.0,1.0,1.0,1.0,1.0,1.0,1.0,1.0,1.0,1.0,1.0,1.0,1.0,1.0,1.0,1.0,1.0,1.0,1.0,1.0,1.0,1.0,1.0,1.0,1.0,1.0,1.0,1.0,1.0,1.0,1.0,1.0,1.0,1.0,1.0,1.0,1.0,1.0,1.0,1.0,1.0,1.0,1.0,1.0,1.0,1.0,1.0,1.0,1.0,1.0,1.0,1.0,1.0,1.0,1.0,1.0,1.0,1.0,1.0,1.0,1.0,1.0,1.0,1.0,1.0,1.0,1.0,1.0,1.0,1.0,1.0,1.0,1.0,1.0,1.0,1.0,1.0,1.0,1.0,1.0,1.0,1.0,1.0,1.0,1.0,1.0,1.0,1.0,1.0,1.0,1.0,1.0,1.0,1.0,1.0,1.0,1.0,1.0,1.0,1.0,1.0,1.0,1.0,1.0,1.0,1.0,1.0,1.0,1.0,1.0,1.0,1.0,1.0,1.0,1.0,1.0,1.0,1.0,1.0,1.0,1.0,1.0,1.0,1.0,1.0,1.0,1.0,1.0,1.0,1.0,1.0,1.0,1.0,1.0,1.0,1.0,1.0
heldout,Eggmann_2023,asr,0.0,0.11111111111111113,0.11111111111111113,0.1777777777777778,0.26666666666666666,0.28888888888888886,0.3,0.38888888888888884,0.4333333333333333,0.4888888888888888,0.6111111111111112,0.6666666666666667,0.7666666666666666,0.8444444444444444,0.8444444444444444,0.8666666666666666,0.9333333333333333,0.9666666666666668,0.9777777777777779,0.9777777777777779,0.9777777777777779,0.9888888888888889,0.9888888888888889,1.0,1.0,1.0,1.0,1.0,1.0,1.0,1.0,1.0,1.0,1.0,1.0,1.0,1.0,1.0,1.0,1.0,1.0,1.0,1.0,1.0,1.0,1.0,1.0,1.0,1.0,1.0,1.0,1.0,1.0,1.0,1.0,1.0,1.0,1.0,1.0,1.0,1.0,1.0,1.0,1.0,1.0,1.0,1.0,1.0,1.0,1.0,1.0,1.0,1.0,1.0,1.0,1.0,1.0,1.0,1.0,1.0,1.0,1.0,1.0,1.0,1.0,1.0,1.0,1.0,1.0,1.0,1.0,1.0,1.0,1.0,1.0,1.0,1.0,1.0,1.0,1.0,1.0,1.0,1.0,1.0,1.0,1.0,1.0,1.0,1.0,1.0,1.0,1.0,1.0,1.0,1.0,1.0,1.0,1.0,1.0,1.0,1.0,1.0,1.0,1.0,1.0,1.0,1.0,1.0,1.0,1.0,1.0,1.0,1.0,1.0,1.0,1.0,1.0,1.0,1.0,1.0,1.0,1.0,1.0,1.0,1.0,1.0,1.0,1.0,1.0,1.0,1.0,1.0,1.0,1.0,1.0,1.0,1.0,1.0,1.0,1.0,1.0,1.0,1.0,1.0,1.0,1.0,1.0,1.0,1.0,1.0,1.0,1.0,1.0,1.0,1.0,1.0,1.0,1.0,1.0,1.0,1.0,1.0,1.0,1.0,1.0,1.0,1.0,1.0,1.0,1.0,1.0,1.0,1.0,1.0,1.0,1.0,1.0,1.0,1.0,1.0,1.0
heldout,Eggmann_2023,hybrid,0.0,0.1111111111111111,0.2222222222222222,0.3333333333333333,0.5555555555555556,0.6666666666666666,0.7777777777777778,1.0,1.0,1.0,1.0,1.0,1.0,1.0,1.0,1.0,1.0,1.0,1.0,1.0,1.0,1.0,1.0,1.0,1.0,1.0,1.0,1.0,1.0,1.0,1.0,1.0,1.0,1.0,1.0,1.0,1.0,1.0,1.0,1.0,1.0,1.0,1.0,1.0,1.0,1.0,1.0,1.0,1.0,1.0,1.0,1.0,1.0,1.0,1.0,1.0,1.0,1.0,1.0,1.0,1.0,1.0,1.0,1.0,1.0,1.0,1.0,1.0,1.0,1.0,1.0,1.0,1.0,1.0,1.0,1.0,1.0,1.0,1.0,1.0,1.0,1.0,1.0,1.0,1.0,1.0,1.0,1.0,1.0,1.0,1.0,1.0,1.0,1.0,1.0,1.0,1.0,1.0,1.0,1.0,1.0,1.0,1.0,1.0,1.0,1.0,1.0,1.0,1.0,1.0,1.0,1.0,1.0,1.0,1.0,1.0,1.0,1.0,1.0,1.0,1.0,1.0,1.0,1.0,1.0,1.0,1.0,1.0,1.0,1.0,1.0,1.0,1.0,1.0,1.0,1.0,1.0,1.0,1.0,1.0,1.0,1.0,1.0,1.0,1.0,1.0,1.0,1.0,1.0,1.0,1.0,1.0,1.0,1.0,1.0,1.0,1.0,1.0,1.0,1.0,1.0,1.0,1.0,1.0,1.0,1.0,1.0,1.0,1.0,1.0,1.0,1.0,1.0,1.0,1.0,1.0,1.0,1.0,1.0,1.0,1.0,1.0,1.0,1.0,1.0,1.0,1.0,1.0,1.0,1.0,1.0,1.0,1.0,1.0,1.0,1.0,1.0,1.0,1.0,1.0,1.0
heldout,Eggmann_2023,jev,0.0,0.11111111111111113,0.22222222222222227,0.33333333333333337,0.5555555555555555,0.6666666666666667,0.7777777777777778,1.0,1.0,1.0,1.0,1.0,1.0,1.0,1.0,1.0,1.0,1.0,1.0,1.0,1.0,1.0,1.0,1.0,1.0,1.0,1.0,1.0,1.0,1.0,1.0,1.0,1.0,1.0,1.0,1.0,1.0,1.0,1.0,1.0,1.0,1.0,1.0,1.0,1.0,1.0,1.0,1.0,1.0,1.0,1.0,1.0,1.0,1.0,1.0,1.0,1.0,1.0,1.0,1.0,1.0,1.0,1.0,1.0,1.0,1.0,1.0,1.0,1.0,1.0,1.0,1.0,1.0,1.0,1.0,1.0,1.0,1.0,1.0,1.0,1.0,1.0,1.0,1.0,1.0,1.0,1.0,1.0,1.0,1.0,1.0,1.0,1.0,1.0,1.0,1.0,1.0,1.0,1.0,1.0,1.0,1.0,1.0,1.0,1.0,1.0,1.0,1.0,1.0,1.0,1.0,1.0,1.0,1.0,1.0,1.0,1.0,1.0,1.0,1.0,1.0,1.0,1.0,1.0,1.0,1.0,1.0,1.0,1.0,1.0,1.0,1.0,1.0,1.0,1.0,1.0,1.0,1.0,1.0,1.0,1.0,1.0,1.0,1.0,1.0,1.0,1.0,1.0,1.0,1.0,1.0,1.0,1.0,1.0,1.0,1.0,1.0,1.0,1.0,1.0,1.0,1.0,1.0,1.0,1.0,1.0,1.0,1.0,1.0,1.0,1.0,1.0,1.0,1.0,1.0,1.0,1.0,1.0,1.0,1.0,1.0,1.0,1.0,1.0,1.0,1.0,1.0,1.0,1.0,1.0,1.0,1.0,1.0,1.0,1.0,1.0,1.0,1.0,1.0,1.0,1.0
heldout,Hall_2011,asr,0.0,0.25,0.4,0.65,0.875,0.975,0.975,1.0,1.0,1.0,1.0,1.0,1.0,1.0,1.0,1.0,1.0,1.0,1.0,1.0,1.0,1.0,1.0,1.0,1.0,1.0,1.0,1.0,1.0,1.0,1.0,1.0,1.0,1.0,1.0,1.0,1.0,1.0,1.0,1.0,1.0,1.0,1.0,1.0,1.0,1.0,1.0,1.0,1.0,1.0,1.0,1.0,1.0,1.0,1.0,1.0,1.0,1.0,1.0,1.0,1.0,1.0,1.0,1.0,1.0,1.0,1.0,1.0,1.0,1.0,1.0,1.0,1.0,1.0,1.0,1.0,1.0,1.0,1.0,1.0,1.0,1.0,1.0,1.0,1.0,1.0,1.0,1.0,1.0,1.0,1.0,1.0,1.0,1.0,1.0,1.0,1.0,1.0,1.0,1.0,1.0,1.0,1.0,1.0,1.0,1.0,1.0,1.0,1.0,1.0,1.0,1.0,1.0,1.0,1.0,1.0,1.0,1.0,1.0,1.0,1.0,1.0,1.0,1.0,1.0,1.0,1.0,1.0,1.0,1.0,1.0,1.0,1.0,1.0,1.0,1.0,1.0,1.0,1.0,1.0,1.0,1.0,1.0,1.0,1.0,1.0,1.0,1.0,1.0,1.0,1.0,1.0,1.0,1.0,1.0,1.0,1.0,1.0,1.0,1.0,1.0,1.0,1.0,1.0,1.0,1.0,1.0,1.0,1.0,1.0,1.0,1.0,1.0,1.0,1.0,1.0,1.0,1.0,1.0,1.0,1.0,1.0,1.0,1.0,1.0,1.0,1.0,1.0,1.0,1.0,1.0,1.0,1.0,1.0,1.0,1.0,1.0,1.0,1.0,1.0,1.0
heldout,Hall_2011,hybrid,0.0,0.0,0.5,0.75,1.0,1.0,1.0,1.0,1.0,1.0,1.0,1.0,1.0,1.0,1.0,1.0,1.0,1.0,1.0,1.0,1.0,1.0,1.0,1.0,1.0,1.0,1.0,1.0,1.0,1.0,1.0,1.0,1.0,1.0,1.0,1.0,1.0,1.0,1.0,1.0,1.0,1.0,1.0,1.0,1.0,1.0,1.0,1.0,1.0,1.0,1.0,1.0,1.0,1.0,1.0,1.0,1.0,1.0,1.0,1.0,1.0,1.0,1.0,1.0,1.0,1.0,1.0,1.0,1.0,1.0,1.0,1.0,1.0,1.0,1.0,1.0,1.0,1.0,1.0,1.0,1.0,1.0,1.0,1.0,1.0,1.0,1.0,1.0,1.0,1.0,1.0,1.0,1.0,1.0,1.0,1.0,1.0,1.0,1.0,1.0,1.0,1.0,1.0,1.0,1.0,1.0,1.0,1.0,1.0,1.0,1.0,1.0,1.0,1.0,1.0,1.0,1.0,1.0,1.0,1.0,1.0,1.0,1.0,1.0,1.0,1.0,1.0,1.0,1.0,1.0,1.0,1.0,1.0,1.0,1.0,1.0,1.0,1.0,1.0,1.0,1.0,1.0,1.0,1.0,1.0,1.0,1.0,1.0,1.0,1.0,1.0,1.0,1.0,1.0,1.0,1.0,1.0,1.0,1.0,1.0,1.0,1.0,1.0,1.0,1.0,1.0,1.0,1.0,1.0,1.0,1.0,1.0,1.0,1.0,1.0,1.0,1.0,1.0,1.0,1.0,1.0,1.0,1.0,1.0,1.0,1.0,1.0,1.0,1.0,1.0,1.0,1.0,1.0,1.0,1.0,1.0,1.0,1.0,1.0,1.0,1.0
heldout,Hall_2011,jev,0.0,0.0,0.25,0.75,1.0,1.0,1.0,1.0,1.0,1.0,1.0,1.0,1.0,1.0,1.0,1.0,1.0,1.0,1.0,1.0,1.0,1.0,1.0,1.0,1.0,1.0,1.0,1.0,1.0,1.0,1.0,1.0,1.0,1.0,1.0,1.0,1.0,1.0,1.0,1.0,1.0,1.0,1.0,1.0,1.0,1.0,1.0,1.0,1.0,1.0,1.0,1.0,1.0,1.0,1.0,1.0,1.0,1.0,1.0,1.0,1.0,1.0,1.0,1.0,1.0,1.0,1.0,1.0,1.0,1.0,1.0,1.0,1.0,1.0,1.0,1.0,1.0,1.0,1.0,1.0,1.0,1.0,1.0,1.0,1.0,1.0,1.0,1.0,1.0,1.0,1.0,1.0,1.0,1.0,1.0,1.0,1.0,1.0,1.0,1.0,1.0,1.0,1.0,1.0,1.0,1.0,1.0,1.0,1.0,1.0,1.0,1.0,1.0,1.0,1.0,1.0,1.0,1.0,1.0,1.0,1.0,1.0,1.0,1.0,1.0,1.0,1.0,1.0,1.0,1.0,1.0,1.0,1.0,1.0,1.0,1.0,1.0,1.0,1.0,1.0,1.0,1.0,1.0,1.0,1.0,1.0,1.0,1.0,1.0,1.0,1.0,1.0,1.0,1.0,1.0,1.0,1.0,1.0,1.0,1.0,1.0,1.0,1.0,1.0,1.0,1.0,1.0,1.0,1.0,1.0,1.0,1.0,1.0,1.0,1.0,1.0,1.0,1.0,1.0,1.0,1.0,1.0,1.0,1.0,1.0,1.0,1.0,1.0,1.0,1.0,1.0,1.0,1.0,1.0,1.0,1.0,1.0,1.0,1.0,1.0,1.0
heldout,Harms_2024,asr,0.0,0.037500000000000006,0.06458333333333333,0.08958333333333332,0.09999999999999999,0.12916666666666668,0.16041666666666665,0.17708333333333331,0.19583333333333336,0.21666666666666665,0.225,0.2333333333333333,0.24166666666666664,0.26041666666666663,0.2833333333333333,0.29791666666666666,0.31666666666666676,0.35,0.375,0.39583333333333337,0.41875000000000007,0.4354166666666667,0.45625,0.46875,0.4791666666666667,0.49375,0.4979166666666667,0.50625,0.5187499999999999,0.5270833333333333,0.5458333333333334,0.5520833333333334,0.5645833333333334,0.5687500000000001,0.58125,0.6020833333333334,0.6104166666666667,0.625,0.6333333333333333,0.64375,0.65625,0.6666666666666667,0.6791666666666667,0.6833333333333333,0.6895833333333333,0.6958333333333333,0.6958333333333333,0.6979166666666667,0.70625,0.7124999999999999,0.7229166666666667,0.7333333333333332,0.7395833333333333,0.7479166666666666,0.7499999999999999,0.7520833333333333,0.7625,0.7645833333333333,0.7770833333333333,0.7791666666666667,0.7833333333333334,0.7833333333333334,0.7916666666666667,0.7958333333333335,0.8,0.8020833333333334,0.8104166666666668,0.8125,0.8166666666666667,0.81875,0.81875,0.8229166666666666,0.8229166666666666,0.8229166666666666,0.8229166666666666,0.8229166666666666,0.825,0.825,0.8270833333333332,0.8291666666666666,0.83125,0.83125,0.83125,0.83125,0.8354166666666668,0.8354166666666668,0.8354166666666668,0.8354166666666668,0.8375,0.84375,0.8479166666666667,0.8520833333333334,0.8520833333333334,0.85625,0.86875,0.8833333333333334,0.89375,0.8979166666666666,0.8979166666666666,0.8979166666666666,0.8979166666666666,0.9020833333333332,0.9083333333333332,0.9104166666666667,0.9125,0.9166666666666666,0.9166666666666666,0.91875,0.925,0.9291666666666668,0.9291666666666668,0.9291666666666668,0.93125,0.93125,0.9354166666666668,0.9375,0.9375,0.9375,0.9375,0.9416666666666668,0.9520833333333332,0.9541666666666666,0.95625,0.9583333333333334,0.9583333333333334,0.9583333333333334,0.9583333333333334,0.9583333333333334,0.9583333333333334,0.9583333333333334,0.9583333333333334,0.9583333333333334,0.9583333333333334,0.9583333333333334,0.9583333333333334,0.9583333333333334,0.9583333333333334,0.9583333333333334,0.9583333333333334,0.9583333333333334,0.9583333333333334,0.9583333333333334,0.9583333333333334,0.9583333333333334,0.9583333333333334,0.9583333333333334,0.9583333333333334,0.9666666666666668,0.9708333333333335,0.9750000000000002,0.9770833333333334,0.9791666666666666,0.9791666666666666,0.9791666666666666,0.9791666666666666,0.9791666666666666,0.9791666666666666,0.9791666666666666,0.9791666666666666,0.9791666666666666,0.9791666666666666,0.9791666666666666,0.9791666666666666,0.9791666666666666,0.9791666666666666,0.9791666666666666,0.9791666666666666,0.9791666666666666,0.9791666666666666,0.9791666666666666,0.9791666666666666,0.9791666666666666,0.9791666666666666,0.9791666666666666,0.9791666666666666,0.9979166666666666,1.0,1.0,1.0,1.0,1.0,1.0,1.0,1.0,1.0,1.0,1.0,1.0,1.0,1.0,1.0,1.0,1.0,1.0,1.0,1.0,1.0,1.0,1.0,1.0,1.0
heldout,Harms_2024,hybrid,0.0,0.08333333333333333,0.14583333333333334,0.22916666666666666,0.2916666666666667,0.3541666666666667,0.3958333333333333,0.4791666666666667,0.5,0.5208333333333334,0.6041666666666666,0.6666666666666666,0.6875,0.7083333333333334,0.75,0.8333333333333334,0.8333333333333334,0.8333333333333334,0.8333333333333334,0.8541666666666666,0.8958333333333334,0.8958333333333334,0.9166666666666666,0.9166666666666666,0.9166666666666666,0.9166666666666666,0.9166666666666666,0.9166666666666666,0.9166666666666666,0.9375,0.9583333333333334,0.9583333333333334,0.9583333333333334,0.9583333333333334,0.9583333333333334,0.9583333333333334,0.9583333333333334,0.9583333333333334,0.9583333333333334,0.9791666666666666,0.9791666666666666,0.9791666666666666,0.9791666666666666,0.9791666666666666,0.9791666666666666,0.9791666666666666,0.9791666666666666,1.0,1.0,1.0,1.0,1.0,1.0,1.0,1.0,1.0,1.0,1.0,1.0,1.0,1.0,1.0,1.0,1.0,1.0,1.0,1.0,1.0,1.0,1.0,1.0,1.0,1.0,1.0,1.0,1.0,1.0,1.0,1.0,1.0,1.0,1.0,1.0,1.0,1.0,1.0,1.0,1.0,1.0,1.0,1.0,1.0,1.0,1.0,1.0,1.0,1.0,1.0,1.0,1.0,1.0,1.0,1.0,1.0,1.0,1.0,1.0,1.0,1.0,1.0,1.0,1.0,1.0,1.0,1.0,1.0,1.0,1.0,1.0,1.0,1.0,1.0,1.0,1.0,1.0,1.0,1.0,1.0,1.0,1.0,1.0,1.0,1.0,1.0,1.0,1.0,1.0,1.0,1.0,1.0,1.0,1.0,1.0,1.0,1.0,1.0,1.0,1.0,1.0,1.0,1.0,1.0,1.0,1.0,1.0,1.0,1.0,1.0,1.0,1.0,1.0,1.0,1.0,1.0,1.0,1.0,1.0,1.0,1.0,1.0,1.0,1.0,1.0,1.0,1.0,1.0,1.0,1.0,1.0,1.0,1.0,1.0,1.0,1.0,1.0,1.0,1.0,1.0,1.0,1.0,1.0,1.0,1.0,1.0,1.0,1.0,1.0,1.0,1.0,1.0,1.0
heldout,Harms_2024,jev,0.0,0.07083333333333333,0.13333333333333336,0.20416666666666666,0.25833333333333336,0.3395833333333333,0.3895833333333334,0.4375,0.5208333333333333,0.5625,0.6041666666666667,0.625,0.7083333333333333,0.7625,0.7916666666666667,0.8125,0.8354166666666666,0.8645833333333334,0.875,0.875,0.875,0.8958333333333334,0.8958333333333334,0.9083333333333334,0.9125,0.9166666666666666,0.9166666666666666,0.9270833333333334,0.9375,0.9375,0.9375,0.9375,0.9375,0.9375,0.9375,0.9541666666666666,0.9583333333333334,0.9583333333333334,0.9583333333333334,0.9666666666666665,0.9770833333333334,0.9791666666666666,0.9791666666666666,0.9854166666666666,0.9958333333333332,1.0,1.0,1.0,1.0,1.0,1.0,1.0,1.0,1.0,1.0,1.0,1.0,1.0,1.0,1.0,1.0,1.0,1.0,1.0,1.0,1.0,1.0,1.0,1.0,1.0,1.0,1.0,1.0,1.0,1.0,1.0,1.0,1.0,1.0,1.0,1.0,1.0,1.0,1.0,1.0,1.0,1.0,1.0,1.0,1.0,1.0,1.0,1.0,1.0,1.0,1.0,1.0,1.0,1.0,1.0,1.0,1.0,1.0,1.0,1.0,1.0,1.0,1.0,1.0,1.0,1.0,1.0,1.0,1.0,1.0,1.0,1.0,1.0,1.0,1.0,1.0,1.0,1.0,1.0,1.0,1.0,1.0,1.0,1.0,1.0,1.0,1.0,1.0,1.0,1.0,1.0,1.0,1.0,1.0,1.0,1.0,1.0,1.0,1.0,1.0,1.0,1.0,1.0,1.0,1.0,1.0,1.0,1.0,1.0,1.0,1.0,1.0,1.0,1.0,1.0,1.0,1.0,1.0,1.0,1.0,1.0,1.0,1.0,1.0,1.0,1.0,1.0,1.0,1.0,1.0,1.0,1.0,1.0,1.0,1.0,1.0,1.0,1.0,1.0,1.0,1.0,1.0,1.0,1.0,1.0,1.0,1.0,1.0,1.0,1.0,1.0,1.0,1.0,1.0,1.0,1.0
heldout,Kerschbaumer_2024b,asr,0.0,0.07999999999999999,0.12,0.1933333333333333,0.21333333333333332,0.22666666666666666,0.24,0.28666666666666674,0.29333333333333333,0.3266666666666666,0.36666666666666664,0.37333333333333335,0.38666666666666666,0.4466666666666666,0.5266666666666666,0.5399999999999999,0.5466666666666666,0.5866666666666667,0.6000000000000001,0.6000000000000001,0.6066666666666667,0.62,0.66,0.7133333333333333,0.7533333333333333,0.7533333333333333,0.7533333333333333,0.7533333333333333,0.8066666666666666,0.8533333333333335,0.8600000000000001,0.8666666666666669,0.8666666666666669,0.8866666666666669,0.9066666666666668,0.9133333333333334,0.9400000000000001,0.9400000000000001,0.9400000000000001,0.9400000000000001,0.9400000000000001,0.9400000000000001,0.9400000000000001,0.9400000000000001,0.9400000000000001,0.9400000000000001,0.9400000000000001,0.9400000000000001,0.9400000000000001,0.9400000000000001,0.9400000000000001,0.9400000000000001,0.9800000000000001,1.0,1.0,1.0,1.0,1.0,1.0,1.0,1.0,1.0,1.0,1.0,1.0,1.0,1.0,1.0,1.0,1.0,1.0,1.0,1.0,1.0,1.0,1.0,1.0,1.0,1.0,1.0,1.0,1.0,1.0,1.0,1.0,1.0,1.0,1.0,1.0,1.0,1.0,1.0,1.0,1.0,1.0,1.0,1.0,1.0,1.0,1.0,1.0,1.0,1.0,1.0,1.0,1.0,1.0,1.0,1.0,1.0,1.0,1.0,1.0,1.0,1.0,1.0,1.0,1.0,1.0,1.0,1.0,1.0,1.0,1.0,1.0,1.0,1.0,1.0,1.0,1.0,1.0,1.0,1.0,1.0,1.0,1.0,1.0,1.0,1.0,1.0,1.0,1.0,1.0,1.0,1.0,1.0,1.0,1.0,1.0,1.0,1.0,1.0,1.0,1.0,1.0,1.0,1.0,1.0,1.0,1.0,1.0,1.0,1.0,1.0,1.0,1.0,1.0,1.0,1.0,1.0,1.0,1.0,1.0,1.0,1.0,1.0,1.0,1.0,1.0,1.0,1.0,1.0,1.0,1.0,1.0,1.0,1.0,1.0,1.0,1.0,1.0,1.0,1.0,1.0,1.0,1.0,1.0,1.0,1.0,1.0,1.0
heldout,Kerschbaumer_2024b,hybrid,0.0,0.0,0.0,0.13333333333333333,0.13333333333333333,0.2,0.26666666666666666,0.4,0.5333333333333333,0.5333333333333333,0.6666666666666666,0.8,0.8,0.8666666666666667,0.8666666666666667,0.8666666666666667,0.8666666666666667,0.9333333333333333,0.9333333333333333,0.9333333333333333,0.9333333333333333,0.9333333333333333,0.9333333333333333,0.9333333333333333,0.9333333333333333,0.9333333333333333,0.9333333333333333,0.9333333333333333,0.9333333333333333,0.9333333333333333,0.9333333333333333,0.9333333333333333,1.0,1.0,1.0,1.0,1.0,1.0,1.0,1.0,1.0,1.0,1.0,1.0,1.0,1.0,1.0,1.0,1.0,1.0,1.0,1.0,1.0,1.0,1.0,1.0,1.0,1.0,1.0,1.0,1.0,1.0,1.0,1.0,1.0,1.0,1.0,1.0,1.0,1.0,1.0,1.0,1.0,1.0,1.0,1.0,1.0,1.0,1.0,1.0,1.0,1.0,1.0,1.0,1.0,1.0,1.0,1.0,1.0,1.0,1.0,1.0,1.0,1.0,1.0,1.0,1.0,1.0,1.0,1.0,1.0,1.0,1.0,1.0,1.0,1.0,1.0,1.0,1.0,1.0,1.0,1.0,1.0,1.0,1.0,1.0,1.0,1.0,1.0,1.0,1.0,1.0,1.0,1.0,1.0,1.0,1.0,1.0,1.0,1.0,1.0,1.0,1.0,1.0,1.0,1.0,1.0,1.0,1.0,1.0,1.0,1.0,1.0,1.0,1.0,1.0,1.0,1.0,1.0,1.0,1.0,1.0,1.0,1.0,1.0,1.0,1.0,1.0,1.0,1.0,1.0,1.0,1.0,1.0,1.0,1.0,1.0,1.0,1.0,1.0,1.0,1.0,1.0,1.0,1.0,1.0,1.0,1.0,1.0,1.0,1.0,1.0,1.0,1.0,1.0,1.0,1.0,1.0,1.0,1.0,1.0,1.0,1.0,1.0,1.0,1.0,1.0,1.0,1.0,1.0,1.0
heldout,Kerschbaumer_2024b,jev,0.0,0.0,0.0,0.06666666666666667,0.1733333333333333,0.31333333333333335,0.3466666666666667,0.38,0.4666666666666667,0.5,0.5333333333333333,0.64,0.7333333333333333,0.7333333333333333,0.7333333333333333,0.7333333333333333,0.7333333333333333,0.7333333333333333,0.8133333333333332,0.8666666666666669,0.8666666666666669,0.8666666666666669,0.8666666666666669,0.8666666666666669,0.8666666666666669,0.8666666666666669,0.8666666666666669,0.9266666666666667,0.9333333333333333,0.9333333333333333,0.9333333333333333,0.9333333333333333,0.9333333333333333,0.9333333333333333,0.9333333333333333,0.9333333333333333,0.9333333333333333,0.9333333333333333,0.9333333333333333,0.9333333333333333,0.9400000000000001,0.96,1.0,1.0,1.0,1.0,1.0,1.0,1.0,1.0,1.0,1.0,1.0,1.0,1.0,1.0,1.0,1.0,1.0,1.0,1.0,1.0,1.0,1.0,1.0,1.0,1.0,1.0,1.0,1.0,1.0,1.0,1.0,1.0,1.0,1.0,1.0,1.0,1.0,1.0,1.0,1.0,1.0,1.0,1.0,1.0,1.0,1.0,1.0,1.0,1.0,1.0,1.0,1.0,1.0,1.0,1.0,1.0,1.0,1.0,1.0,1.0,1.0,1.0,1.0,1.0,1.0,1.0,1.0,1.0,1.0,1.0,1.0,1.0,1.0,1.0,1.0,1.0,1.0,1.0,1.0,1.0,1.0,1.0,1.0,1.0,1.0,1.0,1.0,1.0,1.0,1.0,1.0,1.0,1.0,1.0,1.0,1.0,1.0,1.0,1.0,1.0,1.0,1.0,1.0,1.0,1.0,1.0,1.0,1.0,1.0,1.0,1.0,1.0,1.0,1.0,1.0,1.0,1.0,1.0,1.0,1.0,1.0,1.0,1.0,1.0,1.0,1.0,1.0,1.0,1.0,1.0,1.0,1.0,1.0,1.0,1.0,1.0,1.0,1.0,1.0,1.0,1.0,1.0,1.0,1.0,1.0,1.0,1.0,1.0,1.0,1.0,1.0,1.0,1.0,1.0,1.0,1.0,1.0,1.0,1.0
heldout,Lewowski_2021,asr,0.0,0.11111111111111113,0.18888888888888888,0.30000000000000004,0.48888888888888893,0.6111111111111112,0.6444444444444444,0.7222222222222221,0.7444444444444444,0.7777777777777778,0.8222222222222223,0.8555555555555555,0.888888888888889,0.9111111111111112,0.9111111111111112,0.9111111111111112,0.9111111111111112,0.9111111111111112,0.9111111111111112,0.9222222222222223,0.9555555555555555,0.9777777777777779,1.0,1.0,1.0,1.0,1.0,1.0,1.0,1.0,1.0,1.0,1.0,1.0,1.0,1.0,1.0,1.0,1.0,1.0,1.0,1.0,1.0,1.0,1.0,1.0,1.0,1.0,1.0,1.0,1.0,1.0,1.0,1.0,1.0,1.0,1.0,1.0,1.0,1.0,1.0,1.0,1.0,1.0,1.0,1.0,1.0,1.0,1.0,1.0,1.0,1.0,1.0,1.0,1.0,1.0,1.0,1.0,1.0,1.0,1.0,1.0,1.0,1.0,1.0,1.0,1.0,1.0,1.0,1.0,1.0,1.0,1.0,1.0,1.0,1.0,1.0,1.0,1.0,1.0,1.0,1.0,1.0,1.0,1.0,1.0,1.0,1.0,1.0,1.0,1.0,1.0,1.0,1.0,1.0,1.0,1.0,1.0,1.0,1.0,1.0,1.0,1.0,1.0,1.0,1.0,1.0,1.0,1.0,1.0,1.0,1.0,1.0,1.0,1.0,1.0,1.0,1.0,1.0,1.0,1.0,1.0,1.0,1.0,1.0,1.0,1.0,1.0,1.0,1.0,1.0,1.0,1.0,1.0,1.0,1.0,1.0,1.0,1.0,1.0,1.0,1.0,1.0,1.0,1.0,1.0,1.0,1.0,1.0,1.0,1.0,1.0,1.0,1.0,1.0,1.0,1.0,1.0,1.0,1.0,1.0,1.0,1.0,1.0,1.0,1.0,1.0,1.0,1.0,1.0,1.0,1.0,1.0,1.0,1.0,1.0,1.0,1.0,1.0,1.0,1.0
heldout,Lewowski_2021,hybrid,0.0,0.1111111111111111,0.3333333333333333,0.4444444444444444,0.6666666666666666,0.7777777777777778,0.7777777777777778,0.8888888888888888,1.0,1.0,1.0,1.0,1.0,1.0,1.0,1.0,1.0,1.0,1.0,1.0,1.0,1.0,1.0,1.0,1.0,1.0,1.0,1.0,1.0,1.0,1.0,1.0,1.0,1.0,1.0,1.0,1.0,1.0,1.0,1.0,1.0,1.0,1.0,1.0,1.0,1.0,1.0,1.0,1.0,1.0,1.0,1.0,1.0,1.0,1.0,1.0,1.0,1.0,1.0,1.0,1.0,1.0,1.0,1.0,1.0,1.0,1.0,1.0,1.0,1.0,1.0,1.0,1.0,1.0,1.0,1.0,1.0,1.0,1.0,1.0,1.0,1.0,1.0,1.0,1.0,1.0,1.0,1.0,1.0,1.0,1.0,1.0,1.0,1.0,1.0,1.0,1.0,1.0,1.0,1.0,1.0,1.0,1.0,1.0,1.0,1.0,1.0,1.0,1.0,1.0,1.0,1.0,1.0,1.0,1.0,1.0,1.0,1.0,1.0,1.0,1.0,1.0,1.0,1.0,1.0,1.0,1.0,1.0,1.0,1.0,1.0,1.0,1.0,1.0,1.0,1.0,1.0,1.0,1.0,1.0,1.0,1.0,1.0,1.0,1.0,1.0,1.0,1.0,1.0,1.0,1.0,1.0,1.0,1.0,1.0,1.0,1.0,1.0,1.0,1.0,1.0,1.0,1.0,1.0,1.0,1.0,1.0,1.0,1.0,1.0,1.0,1.0,1.0,1.0,1.0,1.0,1.0,1.0,1.0,1.0,1.0,1.0,1.0,1.0,1.0,1.0,1.0,1.0,1.0,1.0,1.0,1.0,1.0,1.0,1.0,1.0,1.0,1.0,1.0,1.0,1.0
heldout,Lewowski_2021,jev,0.0,0.11111111111111113,0.33333333333333337,0.44444444444444453,0.6666666666666667,0.7777777777777778,0.7777777777777778,0.7777777777777778,0.8888888888888891,0.8888888888888891,0.8888888888888891,0.8888888888888891,0.8888888888888891,1.0,1.0,1.0,1.0,1.0,1.0,1.0,1.0,1.0,1.0,1.0,1.0,1.0,1.0,1.0,1.0,1.0,1.0,1.0,1.0,1.0,1.0,1.0,1.0,1.0,1.0,1.0,1.0,1.0,1.0,1.0,1.0,1.0,1.0,1.0,1.0,1.0,1.0,1.0,1.0,1.0,1.0,1.0,1.0,1.0,1.0,1.0,1.0,1.0,1.0,1.0,1.0,1.0,1.0,1.0,1.0,1.0,1.0,1.0,1.0,1.0,1.0,1.0,1.0,1.0,1.0,1.0,1.0,1.0,1.0,1.0,1.0,1.0,1.0,1.0,1.0,1.0,1.0,1.0,1.0,1.0,1.0,1.0,1.0,1.0,1.0,1.0,1.0,1.0,1.0,1.0,1.0,1.0,1.0,1.0,1.0,1.0,1.0,1.0,1.0,1.0,1.0,1.0,1.0,1.0,1.0,1.0,1.0,1.0,1.0,1.0,1.0,1.0,1.0,1.0,1.0,1.0,1.0,1.0,1.0,1.0,1.0,1.0,1.0,1.0,1.0,1.0,1.0,1.0,1.0,1.0,1.0,1.0,1.0,1.0,1.0,1.0,1.0,1.0,1.0,1.0,1.0,1.0,1.0,1.0,1.0,1.0,1.0,1.0,1.0,1.0,1.0,1.0,1.0,1.0,1.0,1.0,1.0,1.0,1.0,1.0,1.0,1.0,1.0,1.0,1.0,1.0,1.0,1.0,1.0,1.0,1.0,1.0,1.0,1.0,1.0,1.0,1.0,1.0,1.0,1.0,1.0,1.0,1.0,1.0,1.0,1.0,1.0
heldout,Menon_2022,asr,0.0,0.028571428571428574,0.05428571428571429,0.08857142857142858,0.12,0.1742857142857143,0.19999999999999998,0.2314285714285714,0.2628571428571428,0.27714285714285714,0.30571428571428577,0.3314285714285714,0.38,0.40857142857142853,0.4257142857142857,0.4628571428571428,0.48857142857142855,0.5228571428571428,0.5371428571428571,0.5628571428571427,0.5828571428571427,0.6142857142857142,0.6428571428571429,0.6714285714285715,0.7085714285714286,0.7257142857142858,0.76,0.7771428571428571,0.7857142857142857,0.7971428571428572,0.8057142857142857,0.8171428571428571,0.8228571428571427,0.8228571428571427,0.8228571428571427,0.8228571428571427,0.8228571428571427,0.8228571428571427,0.8228571428571427,0.8228571428571427,0.8228571428571427,0.8314285714285713,0.8399999999999999,0.8428571428571427,0.8457142857142855,0.857142857142857,0.8628571428571427,0.8685714285714283,0.8685714285714283,0.8685714285714283,0.8914285714285712,0.8999999999999998,0.9114285714285714,0.9199999999999999,0.9228571428571428,0.9314285714285715,0.9342857142857144,0.9400000000000001,0.9400000000000001,0.9428571428571428,0.9428571428571428,0.9428571428571428,0.9428571428571428,0.9428571428571428,0.9428571428571428,0.9428571428571428,0.9428571428571428,0.9428571428571428,0.9428571428571428,0.9428571428571428,0.9428571428571428,0.9428571428571428,0.9428571428571428,0.9428571428571428,0.9428571428571428,0.9428571428571428,0.9428571428571428,0.9428571428571428,0.9428571428571428,0.9428571428571428,0.9428571428571428,0.9428571428571428,0.9428571428571428,0.9428571428571428,0.9428571428571428,0.9428571428571428,0.9428571428571428,0.9428571428571428,0.9428571428571428,0.9428571428571428,0.9428571428571428,0.9428571428571428,0.9428571428571428,0.9428571428571428,0.9428571428571428,0.9428571428571428,0.9428571428571428,0.9428571428571428,0.9428571428571428,0.9428571428571428,0.9428571428571428,0.9428571428571428,0.9428571428571428,0.9428571428571428,0.9428571428571428,0.9428571428571428,0.9428571428571428,0.9485714285714286,0.9628571428571429,0.9714285714285713,0.9714285714285713,0.9714285714285713,0.9714285714285713,0.9714285714285713,0.9714285714285713,0.9714285714285713,0.9714285714285713,0.9714285714285713,0.9714285714285713,0.9714285714285713,0.9714285714285713,0.9714285714285713,0.9714285714285713,0.9714285714285713,0.9714285714285713,0.9714285714285713,0.9714285714285713,0.9714285714285713,0.9714285714285713,0.9714285714285713,0.9714285714285713,0.9714285714285713,0.9742857142857144,0.9771428571428572,0.9800000000000001,0.9828571428571429,1.0,1.0,1.0,1.0,1.0,1.0,1.0,1.0,1.0,1.0,1.0,1.0,1.0,1.0,1.0,1.0,1.0,1.0,1.0,1.0,1.0,1.0,1.0,1.0,1.0,1.0,1.0,1.0,1.0,1.0,1.0,1.0,1.0,1.0,1.0,1.0,1.0,1.0,1.0,1.0,1.0,1.0,1.0,1.0,1.0,1.0,1.0,1.0,1.0,1.0,1.0,1.0,1.0,1.0,1.0,1.0,1.0,1.0,1.0,1.0,1.0,1.0,1.0,1.0,1.0
heldout,Menon_2022,hybrid,0.0,0.05714285714285714,0.08571428571428572,0.17142857142857143,0.2,0.2857142857142857,0.34285714285714286,0.37142857142857144,0.4,0.45714285714285713,0.5428571428571428,0.5714285714285714,0.6,0.6285714285714286,0.6571428571428571,0.6571428571428571,0.6857142857142857,0.7142857142857143,0.7142857142857143,0.7428571428571429,0.7428571428571429,0.7428571428571429,0.7714285714285715,0.7714285714285715,0.8285714285714286,0.8285714285714286,0.8285714285714286,0.8285714285714286,0.8285714285714286,0.8285714285714286,0.8285714285714286,0.8285714285714286,0.8857142857142857,0.8857142857142857,0.8857142857142857,0.8857142857142857,0.8857142857142857,0.8857142857142857,0.8857142857142857,0.8857142857142857,0.8857142857142857,0.8857142857142857,0.8857142857142857,0.8857142857142857,0.8857142857142857,0.8857142857142857,0.8857142857142857,0.8857142857142857,0.8857142857142857,0.8857142857142857,0.8857142857142857,0.8857142857142857,0.8857142857142857,0.8857142857142857,0.8857142857142857,0.8857142857142857,0.8857142857142857,0.9142857142857143,0.9142857142857143,0.9142857142857143,0.9142857142857143,0.9142857142857143,0.9428571428571428,0.9428571428571428,0.9428571428571428,0.9428571428571428,0.9428571428571428,0.9428571428571428,0.9428571428571428,0.9428571428571428,0.9428571428571428,0.9428571428571428,0.9428571428571428,0.9428571428571428,0.9428571428571428,0.9428571428571428,0.9428571428571428,0.9428571428571428,0.9428571428571428,0.9428571428571428,0.9428571428571428,0.9428571428571428,0.9428571428571428,0.9428571428571428,0.9428571428571428,0.9428571428571428,0.9428571428571428,0.9428571428571428,0.9428571428571428,0.9428571428571428,0.9714285714285714,0.9714285714285714,0.9714285714285714,0.9714285714285714,0.9714285714285714,0.9714285714285714,0.9714285714285714,0.9714285714285714,0.9714285714285714,0.9714285714285714,0.9714285714285714,0.9714285714285714,0.9714285714285714,0.9714285714285714,0.9714285714285714,0.9714285714285714,0.9714285714285714,0.9714285714285714,0.9714285714285714,0.9714285714285714,0.9714285714285714,0.9714285714285714,0.9714285714285714,0.9714285714285714,0.9714285714285714,0.9714285714285714,0.9714285714285714,0.9714285714285714,0.9714285714285714,0.9714285714285714,0.9714285714285714,0.9714285714285714,0.9714285714285714,0.9714285714285714,0.9714285714285714,0.9714285714285714,1.0,1.0,1.0,1.0,1.0,1.0,1.0,1.0,1.0,1.0,1.0,1.0,1.0,1.0,1.0,1.0,1.0,1.0,1.0,1.0,1.0,1.0,1.0,1.0,1.0,1.0,1.0,1.0,1.0,1.0,1.0,1.0,1.0,1.0,1.0,1.0,1.0,1.0,1.0,1.0,1.0,1.0,1.0,1.0,1.0,1.0,1.0,1.0,1.0,1.0,1.0,1.0,1.0,1.0,1.0,1.0,1.0,1.0,1.0,1.0,1.0,1.0,1.0,1.0,1.0,1.0,1.0,1.0,1.0,1.0,1.0,1.0,1.0,1.0,1.0
heldout,Menon_2022,jev,0.0,0.05714285714285715,0.08571428571428573,0.17142857142857146,0.2285714285714286,0.3142857142857142,0.3428571428571429,0.39999999999999997,0.4285714285714285,0.4571428571428572,0.48571428571428565,0.5028571428571429,0.5714285714285713,0.5714285714285713,0.5714285714285713,0.5914285714285714,0.6285714285714284,0.6857142857142858,0.6857142857142858,0.7142857142857143,0.7428571428571429,0.7428571428571429,0.7628571428571428,0.7714285714285715,0.7714285714285715,0.7714285714285715,0.7714285714285715,0.7714285714285715,0.7714285714285715,0.7714285714285715,0.7714285714285715,0.7714285714285715,0.7857142857142857,0.8057142857142857,0.8228571428571427,0.8285714285714285,0.8285714285714285,0.8285714285714285,0.8285714285714285,0.8457142857142855,0.857142857142857,0.857142857142857,0.8657142857142854,0.877142857142857,0.8857142857142859,0.8857142857142859,0.8857142857142859,0.8857142857142859,0.8857142857142859,0.8857142857142859,0.8857142857142859,0.8942857142857145,0.9085714285714287,0.9114285714285716,0.9142857142857144,0.9142857142857144,0.9142857142857144,0.9142857142857144,0.9142857142857144,0.9142857142857144,0.9142857142857144,0.9142857142857144,0.9142857142857144,0.9142857142857144,0.9142857142857144,0.9171428571428573,0.9257142857142858,0.9371428571428572,0.9400000000000001,0.9428571428571428,0.9428571428571428,0.9428571428571428,0.9428571428571428,0.9428571428571428,0.9428571428571428,0.9428571428571428,0.9428571428571428,0.9428571428571428,0.9428571428571428,0.9428571428571428,0.9428571428571428,0.9428571428571428,0.9428571428571428,0.9428571428571428,0.9428571428571428,0.9428571428571428,0.9428571428571428,0.9428571428571428,0.9428571428571428,0.9428571428571428,0.9428571428571428,0.9428571428571428,0.9428571428571428,0.9428571428571428,0.9428571428571428,0.9428571428571428,0.9428571428571428,0.9428571428571428,0.9428571428571428,0.9428571428571428,0.9428571428571428,0.9428571428571428,0.9428571428571428,0.9428571428571428,0.9428571428571428,0.9428571428571428,0.9428571428571428,0.9428571428571428,0.9428571428571428,0.9428571428571428,0.9428571428571428,0.9428571428571428,0.9428571428571428,0.9428571428571428,0.9428571428571428,0.9428571428571428,0.9428571428571428,0.9428571428571428,0.9428571428571428,0.9457142857142857,0.9514285714285714,0.9514285714285714,0.9542857142857143,0.96,0.96,0.9657142857142856,0.9657142857142856,0.9685714285714285,0.9714285714285713,0.9714285714285713,0.9742857142857142,0.9771428571428572,0.9771428571428572,0.9800000000000001,0.9828571428571429,0.9857142857142858,0.9857142857142858,0.9857142857142858,0.9914285714285714,0.9942857142857143,0.9942857142857143,0.9971428571428571,1.0,1.0,1.0,1.0,1.0,1.0,1.0,1.0,1.0,1.0,1.0,1.0,1.0,1.0,1.0,1.0,1.0,1.0,1.0,1.0,1.0,1.0,1.0,1.0,1.0,1.0,1.0,1.0,1.0,1.0,1.0,1.0,1.0,1.0,1.0,1.0,1.0,1.0,1.0,1.0,1.0,1.0,1.0,1.0,1.0,1.0,1.0,1.0,1.0,1.0,1.0,1.0,1.0,1.0,1.0,1.0,1.0,1.0,1.0
heldout,Moran_2020,asr,0.0,0.06153846153846154,0.10256410256410256,0.13076923076923078,0.1923076923076923,0.2512820512820512,0.28205128205128205,0.3051282051282051,0.33333333333333337,0.37692307692307697,0.4230769230769231,0.4564102564102564,0.4769230769230769,0.4923076923076922,0.5307692307692308,0.5641025641025641,0.594871794871795,0.612820512820513,0.6333333333333335,0.653846153846154,0.6692307692307693,0.6897435897435898,0.694871794871795,0.7000000000000001,0.7025641025641026,0.7025641025641026,0.7051282051282052,0.7076923076923077,0.7205128205128206,0.7384615384615385,0.7410256410256411,0.7461538461538462,0.7487179487179487,0.7512820512820513,0.7564102564102564,0.7717948717948717,0.7743589743589744,0.7846153846153846,0.7974358974358974,0.7974358974358974,0.7974358974358974,0.7974358974358974,0.7974358974358974,0.7974358974358974,0.7974358974358974,0.7974358974358974,0.8153846153846154,0.8179487179487179,0.8333333333333333,0.8384615384615384,0.846153846153846,0.8487179487179486,0.8820512820512821,0.8871794871794872,0.8923076923076925,0.9051282051282052,0.917948717948718,0.9384615384615385,0.9435897435897436,0.9435897435897436,0.9461538461538461,0.9487179487179487,0.9487179487179487,0.9487179487179487,0.9487179487179487,0.9487179487179487,0.9487179487179487,0.9487179487179487,0.9487179487179487,0.9564102564102563,0.964102564102564,0.9666666666666666,0.9692307692307691,0.9743589743589742,0.9743589743589742,0.9743589743589742,0.9743589743589742,0.9743589743589742,0.9743589743589742,0.9743589743589742,0.9897435897435898,0.9974358974358974,1.0,1.0,1.0,1.0,1.0,1.0,1.0,1.0,1.0,1.0,1.0,1.0,1.0,1.0,1.0,1.0,1.0,1.0,1.0,1.0,1.0,1.0,1.0,1.0,1.0,1.0,1.0,1.0,1.0,1.0,1.0,1.0,1.0,1.0,1.0,1.0,1.0,1.0,1.0,1.0,1.0,1.0,1.0,1.0,1.0,1.0,1.0,1.0,1.0,1.0,1.0,1.0,1.0,1.0,1.0,1.0,1.0,1.0,1.0,1.0,1.0,1.0,1.0,1.0,1.0,1.0,1.0,1.0,1.0,1.0,1.0,1.0,1.0,1.0,1.0,1.0,1.0,1.0,1.0,1.0,1.0,1.0,1.0,1.0,1.0,1.0,1.0,1.0,1.0,1.0,1.0,1.0,1.0,1.0,1.0,1.0,1.0,1.0,1.0,1.0,1.0,1.0,1.0,1.0,1.0,1.0,1.0,1.0,1.0,1.0,1.0,1.0,1.0,1.0,1.0,1.0,1.0,1.0,1.0
heldout,Moran_2020,hybrid,0.0,0.23076923076923078,0.3333333333333333,0.4358974358974359,0.5128205128205128,0.5897435897435898,0.6410256410256411,0.717948717948718,0.8205128205128205,0.8461538461538461,0.8461538461538461,0.8461538461538461,0.8461538461538461,0.8461538461538461,0.8461538461538461,0.8461538461538461,0.8461538461538461,0.8461538461538461,0.8717948717948718,0.8717948717948718,0.8717948717948718,0.8717948717948718,0.8717948717948718,0.8974358974358975,0.8974358974358975,0.9487179487179487,0.9487179487179487,0.9487179487179487,0.9487179487179487,0.9487179487179487,0.9487179487179487,0.9743589743589743,0.9743589743589743,0.9743589743589743,1.0,1.0,1.0,1.0,1.0,1.0,1.0,1.0,1.0,1.0,1.0,1.0,1.0,1.0,1.0,1.0,1.0,1.0,1.0,1.0,1.0,1.0,1.0,1.0,1.0,1.0,1.0,1.0,1.0,1.0,1.0,1.0,1.0,1.0,1.0,1.0,1.0,1.0,1.0,1.0,1.0,1.0,1.0,1.0,1.0,1.0,1.0,1.0,1.0,1.0,1.0,1.0,1.0,1.0,1.0,1.0,1.0,1.0,1.0,1.0,1.0,1.0,1.0,1.0,1.0,1.0,1.0,1.0,1.0,1.0,1.0,1.0,1.0,1.0,1.0,1.0,1.0,1.0,1.0,1.0,1.0,1.0,1.0,1.0,1.0,1.0,1.0,1.0,1.0,1.0,1.0,1.0,1.0,1.0,1.0,1.0,1.0,1.0,1.0,1.0,1.0,1.0,1.0,1.0,1.0,1.0,1.0,1.0,1.0,1.0,1.0,1.0,1.0,1.0,1.0,1.0,1.0,1.0,1.0,1.0,1.0,1.0,1.0,1.0,1.0,1.0,1.0,1.0,1.0,1.0,1.0,1.0,1.0,1.0,1.0,1.0,1.0,1.0,1.0,1.0,1.0,1.0,1.0,1.0,1.0,1.0,1.0,1.0,1.0,1.0,1.0,1.0,1.0,1.0,1.0,1.0,1.0,1.0,1.0,1.0,1.0,1.0,1.0,1.0,1.0,1.0,1.0
heldout,Moran_2020,jev,0.0,0.23076923076923078,0.358974358974359,0.41025641025641024,0.5051282051282051,0.5179487179487179,0.630769230769231,0.7435897435897436,0.7692307692307693,0.7948717948717948,0.8025641025641026,0.8205128205128205,0.8205128205128205,0.8205128205128205,0.8205128205128205,0.8205128205128205,0.8205128205128205,0.8205128205128205,0.8205128205128205,0.8410256410256409,0.846153846153846,0.846153846153846,0.846153846153846,0.8641025641025643,0.871794871794872,0.8743589743589746,0.8923076923076925,0.9051282051282052,0.917948717948718,0.9230769230769231,0.9230769230769231,0.9307692307692308,0.941025641025641,0.9717948717948719,0.9974358974358974,1.0,1.0,1.0,1.0,1.0,1.0,1.0,1.0,1.0,1.0,1.0,1.0,1.0,1.0,1.0,1.0,1.0,1.0,1.0,1.0,1.0,1.0,1.0,1.0,1.0,1.0,1.0,1.0,1.0,1.0,1.0,1.0,1.0,1.0,1.0,1.0,1.0,1.0,1.0,1.0,1.0,1.0,1.0,1.0,1.0,1.0,1.0,1.0,1.0,1.0,1.0,1.0,1.0,1.0,1.0,1.0,1.0,1.0,1.0,1.0,1.0,1.0,1.0,1.0,1.0,1.0,1.0,1.0,1.0,1.0,1.0,1.0,1.0,1.0,1.0,1.0,1.0,1.0,1.0,1.0,1.0,1.0,1.0,1.0,1.0,1.0,1.0,1.0,1.0,1.0,1.0,1.0,1.0,1.0,1.0,1.0,1.0,1.0,1.0,1.0,1.0,1.0,1.0,1.0,1.0,1.0,1.0,1.0,1.0,1.0,1.0,1.0,1.0,1.0,1.0,1.0,1.0,1.0,1.0,1.0,1.0,1.0,1.0,1.0,1.0,1.0,1.0,1.0,1.0,1.0,1.0,1.0,1.0,1.0,1.0,1.0,1.0,1.0,1.0,1.0,1.0,1.0,1.0,1.0,1.0,1.0,1.0,1.0,1.0,1.0,1.0,1.0,1.0,1.0,1.0,1.0,1.0,1.0,1.0,1.0,1.0,1.0,1.0,1.0,1.0,1.0
heldout,Parodis_2023b,asr,0.0,0.1484848484848485,0.2515151515151516,0.3515151515151515,0.4696969696969697,0.5121212121212122,0.5757575757575758,0.6121212121212122,0.6303030303030304,0.6575757575757576,0.690909090909091,0.7272727272727273,0.7636363636363637,0.7848484848484849,0.8090909090909092,0.8333333333333334,0.8636363636363636,0.8969696969696969,0.903030303030303,0.906060606060606,0.906060606060606,0.906060606060606,0.906060606060606,0.909090909090909,0.9121212121212121,0.915151515151515,0.915151515151515,0.9333333333333333,0.9393939393939394,0.9454545454545455,0.9606060606060606,0.9666666666666668,0.9757575757575758,0.9939393939393939,0.9969696969696968,1.0,1.0,1.0,1.0,1.0,1.0,1.0,1.0,1.0,1.0,1.0,1.0,1.0,1.0,1.0,1.0,1.0,1.0,1.0,1.0,1.0,1.0,1.0,1.0,1.0,1.0,1.0,1.0,1.0,1.0,1.0,1.0,1.0,1.0,1.0,1.0,1.0,1.0,1.0,1.0,1.0,1.0,1.0,1.0,1.0,1.0,1.0,1.0,1.0,1.0,1.0,1.0,1.0,1.0,1.0,1.0,1.0,1.0,1.0,1.0,1.0,1.0,1.0,1.0,1.0,1.0,1.0,1.0,1.0,1.0,1.0,1.0,1.0,1.0,1.0,1.0,1.0,1.0,1.0,1.0,1.0,1.0,1.0,1.0,1.0,1.0,1.0,1.0,1.0,1.0,1.0,1.0,1.0,1.0,1.0,1.0,1.0,1.0,1.0,1.0,1.0,1.0,1.0,1.0,1.0,1.0,1.0,1.0,1.0,1.0,1.0,1.0,1.0,1.0,1.0,1.0,1.0,1.0,1.0,1.0,1.0,1.0,1.0,1.0,1.0,1.0,1.0,1.0,1.0,1.0,1.0,1.0,1.0,1.0,1.0,1.0,1.0,1.0,1.0,1.0,1.0,1.0,1.0,1.0,1.0,1.0,1.0,1.0,1.0,1.0,1.0,1.0,1.0,1.0,1.0,1.0,1.0,1.0,1.0,1.0,1.0,1.0,1.0,1.0,1.0,1.0
heldout,Parodis_2023b,hybrid,0.0,0.18181818181818182,0.3939393939393939,0.5757575757575758,0.6363636363636364,0.6363636363636364,0.6363636363636364,0.696969696969697,0.7878787878787878,0.8484848484848485,0.8484848484848485,0.8484848484848485,0.8484848484848485,0.8787878787878788,0.8787878787878788,0.8787878787878788,0.8787878787878788,0.8787878787878788,0.9090909090909091,0.9090909090909091,0.9090909090909091,0.9090909090909091,0.9090909090909091,0.9090909090909091,0.9090909090909091,0.9090909090909091,0.9090909090909091,0.9090909090909091,0.9090909090909091,0.9090909090909091,0.9393939393939394,0.9393939393939394,0.9393939393939394,0.9696969696969697,0.9696969696969697,0.9696969696969697,1.0,1.0,1.0,1.0,1.0,1.0,1.0,1.0,1.0,1.0,1.0,1.0,1.0,1.0,1.0,1.0,1.0,1.0,1.0,1.0,1.0,1.0,1.0,1.0,1.0,1.0,1.0,1.0,1.0,1.0,1.0,1.0,1.0,1.0,1.0,1.0,1.0,1.0,1.0,1.0,1.0,1.0,1.0,1.0,1.0,1.0,1.0,1.0,1.0,1.0,1.0,1.0,1.0,1.0,1.0,1.0,1.0,1.0,1.0,1.0,1.0,1.0,1.0,1.0,1.0,1.0,1.0,1.0,1.0,1.0,1.0,1.0,1.0,1.0,1.0,1.0,1.0,1.0,1.0,1.0,1.0,1.0,1.0,1.0,1.0,1.0,1.0,1.0,1.0,1.0,1.0,1.0,1.0,1.0,1.0,1.0,1.0,1.0,1.0,1.0,1.0,1.0,1.0,1.0,1.0,1.0,1.0,1.0,1.0,1.0,1.0,1.0,1.0,1.0,1.0,1.0,1.0,1.0,1.0,1.0,1.0,1.0,1.0,1.0,1.0,1.0,1.0,1.0,1.0,1.0,1.0,1.0,1.0,1.0,1.0,1.0,1.0,1.0,1.0,1.0,1.0,1.0,1.0,1.0,1.0,1.0,1.0,1.0,1.0,1.0,1.0,1.0,1.0,1.0,1.0,1.0,1.0,1.0,1.0,1.0,1.0,1.0,1.0,1.0,1.0
heldout,Parodis_2023b,jev,0.0,0.18181818181818185,0.34242424242424246,0.4787878787878787,0.5454545454545453,0.5757575757575759,0.6181818181818183,0.6363636363636365,0.6666666666666667,0.6666666666666667,0.6969696969696971,0.7424242424242425,0.7575757575757577,0.787878787878788,0.7969696969696971,0.8181818181818181,0.8181818181818181,0.8181818181818181,0.8181818181818181,0.8181818181818181,0.8181818181818181,0.8181818181818181,0.8181818181818181,0.8393939393939395,0.8484848484848484,0.8484848484848484,0.8484848484848484,0.8484848484848484,0.8666666666666666,0.8787878787878787,0.8787878787878787,0.8878787878787879,0.909090909090909,0.909090909090909,0.909090909090909,0.909090909090909,0.909090909090909,0.909090909090909,0.909090909090909,0.915151515151515,0.9393939393939394,0.9393939393939394,0.9515151515151515,0.9696969696969695,0.9696969696969695,0.9696969696969695,0.9696969696969695,0.9696969696969695,0.9696969696969695,0.9696969696969695,0.9696969696969695,0.9696969696969695,0.9696969696969695,0.9696969696969695,0.9696969696969695,0.9696969696969695,0.9696969696969695,0.9696969696969695,0.9696969696969695,0.9696969696969695,0.9696969696969695,0.9696969696969695,0.9696969696969695,0.9696969696969695,0.9696969696969695,0.9727272727272727,0.9818181818181817,0.9939393939393939,1.0,1.0,1.0,1.0,1.0,1.0,1.0,1.0,1.0,1.0,1.0,1.0,1.0,1.0,1.0,1.0,1.0,1.0,1.0,1.0,1.0,1.0,1.0,1.0,1.0,1.0,1.0,1.0,1.0,1.0,1.0,1.0,1.0,1.0,1.0,1.0,1.0,1.0,1.0,1.0,1.0,1.0,1.0,1.0,1.0,1.0,1.0,1.0,1.0,1.0,1.0,1.0,1.0,1.0,1.0,1.0,1.0,1.0,1.0,1.0,1.0,1.0,1.0,1.0,1.0,1.0,1.0,1.0,1.0,1.0,1.0,1.0,1.0,1.0,1.0,1.0,1.0,1.0,1.0,1.0,1.0,1.0,1.0,1.0,1.0,1.0,1.0,1.0,1.0,1.0,1.0,1.0,1.0,1.0,1.0,1.0,1.0,1.0,1.0,1.0,1.0,1.0,1.0,1.0,1.0,1.0,1.0,1.0,1.0,1.0,1.0,1.0,1.0,1.0,1.0,1.0,1.0,1.0,1.0,1.0,1.0,1.0,1.0,1.0,1.0,1.0,1.0,1.0,1.0,1.0,1.0,1.0,1.0
heldout,Roberts_2021,asr,0.0,0.33333333333333337,0.33333333333333337,0.4666666666666666,0.6666666666666667,0.6666666666666667,0.7,0.9,1.0,1.0,1.0,1.0,1.0,1.0,1.0,1.0,1.0,1.0,1.0,1.0,1.0,1.0,1.0,1.0,1.0,1.0,1.0,1.0,1.0,1.0,1.0,1.0,1.0,1.0,1.0,1.0,1.0,1.0,1.0,1.0,1.0,1.0,1.0,1.0,1.0,1.0,1.0,1.0,1.0,1.0,1.0,1.0,1.0,1.0,1.0,1.0,1.0,1.0,1.0,1.0,1.0,1.0,1.0,1.0,1.0,1.0,1.0,1.0,1.0,1.0,1.0,1.0,1.0,1.0,1.0,1.0,1.0,1.0,1.0,1.0,1.0,1.0,1.0,1.0,1.0,1.0,1.0,1.0,1.0,1.0,1.0,1.0,1.0,1.0,1.0,1.0,1.0,1.0,1.0,1.0,1.0,1.0,1.0,1.0,1.0,1.0,1.0,1.0,1.0,1.0,1.0,1.0,1.0,1.0,1.0,1.0,1.0,1.0,1.0,1.0,1.0,1.0,1.0,1.0,1.0,1.0,1.0,1.0,1.0,1.0,1.0,1.0,1.0,1.0,1.0,1.0,1.0,1.0,1.0,1.0,1.0,1.0,1.0,1.0,1.0,1.0,1.0,1.0,1.0,1.0,1.0,1.0,1.0,1.0,1.0,1.0,1.0,1.0,1.0,1.0,1.0,1.0,1.0,1.0,1.0,1.0,1.0,1.0,1.0,1.0,1.0,1.0,1.0,1.0,1.0,1.0,1.0,1.0,1.0,1.0,1.0,1.0,1.0,1.0,1.0,1.0,1.0,1.0,1.0,1.0,1.0,1.0,1.0,1.0,1.0,1.0,1.0,1.0,1.0,1.0,1.0
heldout,Roberts_2021,hybrid,0.0,0.0,0.6666666666666666,1.0,1.0,1.0,1.0,1.0,1.0,1.0,1.0,1.0,1.0,1.0,1.0,1.0,1.0,1.0,1.0,1.0,1.0,1.0,1.0,1.0,1.0,1.0,1.0,1.0,1.0,1.0,1.0,1.0,1.0,1.0,1.0,1.0,1.0,1.0,1.0,1.0,1.0,1.0,1.0,1.0,1.0,1.0,1.0,1.0,1.0,1.0,1.0,1.0,1.0,1.0,1.0,1.0,1.0,1.0,1.0,1.0,1.0,1.0,1.0,1.0,1.0,1.0,1.0,1.0,1.0,1.0,1.0,1.0,1.0,1.0,1.0,1.0,1.0,1.0,1.0,1.0,1.0,1.0,1.0,1.0,1.0,1.0,1.0,1.0,1.0,1.0,1.0,1.0,1.0,1.0,1.0,1.0,1.0,1.0,1.0,1.0,1.0,1.0,1.0,1.0,1.0,1.0,1.0,1.0,1.0,1.0,1.0,1.0,1.0,1.0,1.0,1.0,1.0,1.0,1.0,1.0,1.0,1.0,1.0,1.0,1.0,1.0,1.0,1.0,1.0,1.0,1.0,1.0,1.0,1.0,1.0,1.0,1.0,1.0,1.0,1.0,1.0,1.0,1.0,1.0,1.0,1.0,1.0,1.0,1.0,1.0,1.0,1.0,1.0,1.0,1.0,1.0,1.0,1.0,1.0,1.0,1.0,1.0,1.0,1.0,1.0,1.0,1.0,1.0,1.0,1.0,1.0,1.0,1.0,1.0,1.0,1.0,1.0,1.0,1.0,1.0,1.0,1.0,1.0,1.0,1.0,1.0,1.0,1.0,1.0,1.0,1.0,1.0,1.0,1.0,1.0,1.0,1.0,1.0,1.0,1.0,1.0
heldout,Roberts_2021,jev,0.0,0.0,0.6666666666666667,1.0,1.0,1.0,1.0,1.0,1.0,1.0,1.0,1.0,1.0,1.0,1.0,1.0,1.0,1.0,1.0,1.0,1.0,1.0,1.0,1.0,1.0,1.0,1.0,1.0,1.0,1.0,1.0,1.0,1.0,1.0,1.0,1.0,1.0,1.0,1.0,1.0,1.0,1.0,1.0,1.0,1.0,1.0,1.0,1.0,1.0,1.0,1.0,1.0,1.0,1.0,1.0,1.0,1.0,1.0,1.0,1.0,1.0,1.0,1.0,1.0,1.0,1.0,1.0,1.0,1.0,1.0,1.0,1.0,1.0,1.0,1.0,1.0,1.0,1.0,1.0,1.0,1.0,1.0,1.0,1.0,1.0,1.0,1.0,1.0,1.0,1.0,1.0,1.0,1.0,1.0,1.0,1.0,1.0,1.0,1.0,1.0,1.0,1.0,1.0,1.0,1.0,1.0,1.0,1.0,1.0,1.0,1.0,1.0,1.0,1.0,1.0,1.0,1.0,1.0,1.0,1.0,1.0,1.0,1.0,1.0,1.0,1.0,1.0,1.0,1.0,1.0,1.0,1.0,1.0,1.0,1.0,1.0,1.0,1.0,1.0,1.0,1.0,1.0,1.0,1.0,1.0,1.0,1.0,1.0,1.0,1.0,1.0,1.0,1.0,1.0,1.0,1.0,1.0,1.0,1.0,1.0,1.0,1.0,1.0,1.0,1.0,1.0,1.0,1.0,1.0,1.0,1.0,1.0,1.0,1.0,1.0,1.0,1.0,1.0,1.0,1.0,1.0,1.0,1.0,1.0,1.0,1.0,1.0,1.0,1.0,1.0,1.0,1.0,1.0,1.0,1.0,1.0,1.0,1.0,1.0,1.0,1.0
heldout,Seghers_2022,asr,0.0,0.1375,0.225,0.26875,0.2875,0.31875,0.31875,0.35,0.36875,0.38125,0.40625,0.425,0.53125,0.6,0.65625,0.6875,0.7125,0.7625,0.78125,0.78125,0.78125,0.7875,0.80625,0.8125,0.8125,0.8125,0.8125,0.8125,0.8125,0.8625,0.88125,0.88125,0.88125,0.88125,0.88125,0.88125,0.88125,0.88125,0.90625,0.9125,0.925,0.95,0.95625,0.96875,0.96875,0.98125,1.0,1.0,1.0,1.0,1.0,1.0,1.0,1.0,1.0,1.0,1.0,1.0,1.0,1.0,1.0,1.0,1.0,1.0,1.0,1.0,1.0,1.0,1.0,1.0,1.0,1.0,1.0,1.0,1.0,1.0,1.0,1.0,1.0,1.0,1.0,1.0,1.0,1.0,1.0,1.0,1.0,1.0,1.0,1.0,1.0,1.0,1.0,1.0,1.0,1.0,1.0,1.0,1.0,1.0,1.0,1.0,1.0,1.0,1.0,1.0,1.0,1.0,1.0,1.0,1.0,1.0,1.0,1.0,1.0,1.0,1.0,1.0,1.0,1.0,1.0,1.0,1.0,1.0,1.0,1.0,1.0,1.0,1.0,1.0,1.0,1.0,1.0,1.0,1.0,1.0,1.0,1.0,1.0,1.0,1.0,1.0,1.0,1.0,1.0,1.0,1.0,1.0,1.0,1.0,1.0,1.0,1.0,1.0,1.0,1.0,1.0,1.0,1.0,1.0,1.0,1.0,1.0,1.0,1.0,1.0,1.0,1.0,1.0,1.0,1.0,1.0,1.0,1.0,1.0,1.0,1.0,1.0,1.0,1.0,1.0,1.0,1.0,1.0,1.0,1.0,1.0,1.0,1.0,1.0,1.0,1.0,1.0,1.0,1.0,1.0,1.0,1.0,1.0,1.0,1.0
heldout,Seghers_2022,hybrid,0.0,0.25,0.4375,0.5625,0.625,0.625,0.6875,0.75,0.8125,0.9375,0.9375,0.9375,0.9375,0.9375,1.0,1.0,1.0,1.0,1.0,1.0,1.0,1.0,1.0,1.0,1.0,1.0,1.0,1.0,1.0,1.0,1.0,1.0,1.0,1.0,1.0,1.0,1.0,1.0,1.0,1.0,1.0,1.0,1.0,1.0,1.0,1.0,1.0,1.0,1.0,1.0,1.0,1.0,1.0,1.0,1.0,1.0,1.0,1.0,1.0,1.0,1.0,1.0,1.0,1.0,1.0,1.0,1.0,1.0,1.0,1.0,1.0,1.0,1.0,1.0,1.0,1.0,1.0,1.0,1.0,1.0,1.0,1.0,1.0,1.0,1.0,1.0,1.0,1.0,1.0,1.0,1.0,1.0,1.0,1.0,1.0,1.0,1.0,1.0,1.0,1.0,1.0,1.0,1.0,1.0,1.0,1.0,1.0,1.0,1.0,1.0,1.0,1.0,1.0,1.0,1.0,1.0,1.0,1.0,1.0,1.0,1.0,1.0,1.0,1.0,1.0,1.0,1.0,1.0,1.0,1.0,1.0,1.0,1.0,1.0,1.0,1.0,1.0,1.0,1.0,1.0,1.0,1.0,1.0,1.0,1.0,1.0,1.0,1.0,1.0,1.0,1.0,1.0,1.0,1.0,1.0,1.0,1.0,1.0,1.0,1.0,1.0,1.0,1.0,1.0,1.0,1.0,1.0,1.0,1.0,1.0,1.0,1.0,1.0,1.0,1.0,1.0,1.0,1.0,1.0,1.0,1.0,1.0,1.0,1.0,1.0,1.0,1.0,1.0,1.0,1.0,1.0,1.0,1.0,1.0,1.0,1.0,1.0,1.0,1.0,1.0,1.0
heldout,Seghers_2022,jev,0.0,0.0625,0.375,0.51875,0.6875,0.75,0.8625,0.9375,0.9375,0.9375,0.9375,0.9375,0.9375,0.9375,0.9375,1.0,1.0,1.0,1.0,1.0,1.0,1.0,1.0,1.0,1.0,1.0,1.0,1.0,1.0,1.0,1.0,1.0,1.0,1.0,1.0,1.0,1.0,1.0,1.0,1.0,1.0,1.0,1.0,1.0,1.0,1.0,1.0,1.0,1.0,1.0,1.0,1.0,1.0,1.0,1.0,1.0,1.0,1.0,1.0,1.0,1.0,1.0,1.0,1.0,1.0,1.0,1.0,1.0,1.0,1.0,1.0,1.0,1.0,1.0,1.0,1.0,1.0,1.0,1.0,1.0,1.0,1.0,1.0,1.0,1.0,1.0,1.0,1.0,1.0,1.0,1.0,1.0,1.0,1.0,1.0,1.0,1.0,1.0,1.0,1.0,1.0,1.0,1.0,1.0,1.0,1.0,1.0,1.0,1.0,1.0,1.0,1.0,1.0,1.0,1.0,1.0,1.0,1.0,1.0,1.0,1.0,1.0,1.0,1.0,1.0,1.0,1.0,1.0,1.0,1.0,1.0,1.0,1.0,1.0,1.0,1.0,1.0,1.0,1.0,1.0,1.0,1.0,1.0,1.0,1.0,1.0,1.0,1.0,1.0,1.0,1.0,1.0,1.0,1.0,1.0,1.0,1.0,1.0,1.0,1.0,1.0,1.0,1.0,1.0,1.0,1.0,1.0,1.0,1.0,1.0,1.0,1.0,1.0,1.0,1.0,1.0,1.0,1.0,1.0,1.0,1.0,1.0,1.0,1.0,1.0,1.0,1.0,1.0,1.0,1.0,1.0,1.0,1.0,1.0,1.0,1.0,1.0,1.0,1.0,1.0,1.0
heldout,Theobald_2021,asr,0.0,0.0,0.0,0.11111111111111113,0.11111111111111113,0.11111111111111113,0.11111111111111113,0.11111111111111113,0.11111111111111113,0.16666666666666669,0.16666666666666669,0.16666666666666669,0.16666666666666669,0.16666666666666669,0.16666666666666669,0.2,0.2,0.2,0.22222222222222224,0.22222222222222224,0.2666666666666667,0.2666666666666667,0.2666666666666667,0.2666666666666667,0.2666666666666667,0.2666666666666667,0.28888888888888886,0.28888888888888886,0.28888888888888886,0.3111111111111111,0.3111111111111111,0.3111111111111111,0.36666666666666664,0.36666666666666664,0.36666666666666664,0.36666666666666664,0.36666666666666664,0.36666666666666664,0.36666666666666664,0.36666666666666664,0.3888888888888889,0.3888888888888889,0.3888888888888889,0.42222222222222217,0.42222222222222217,0.42222222222222217,0.4333333333333333,0.4333333333333333,0.4333333333333333,0.44444444444444436,0.44444444444444436,0.44444444444444436,0.47777777777777775,0.47777777777777775,0.47777777777777775,0.48888888888888893,0.48888888888888893,0.48888888888888893,0.48888888888888893,0.48888888888888893,0.5111111111111111,0.5111111111111111,0.5111111111111111,0.5333333333333334,0.5333333333333334,0.5333333333333334,0.5666666666666668,0.5666666666666668,0.5666666666666668,0.5666666666666668,0.5666666666666668,0.5666666666666668,0.5777777777777778,0.5777777777777778,0.5777777777777778,0.6222222222222222,0.6222222222222222,0.6222222222222222,0.6555555555555557,0.6555555555555557,0.7222222222222221,0.7222222222222221,0.7222222222222221,0.8,0.8,0.8,0.8333333333333336,0.8333333333333336,0.8333333333333336,0.8666666666666668,0.8666666666666668,0.8666666666666668,0.8666666666666668,0.8666666666666668,0.8666666666666668,0.8666666666666668,0.8666666666666668,0.8666666666666668,0.8666666666666668,0.8666666666666668,0.8666666666666668,0.8666666666666668,0.8666666666666668,0.8666666666666668,0.8666666666666668,0.8666666666666668,0.8777777777777779,0.8777777777777779,0.8777777777777779,0.8777777777777779,0.8777777777777779,0.8777777777777779,0.8777777777777779,0.8777777777777779,0.8777777777777779,0.8777777777777779,0.8777777777777779,0.8777777777777779,0.8777777777777779,0.8777777777777779,0.8777777777777779,0.8777777777777779,0.8777777777777779,0.8777777777777779,0.8777777777777779,0.8777777777777779,0.8888888888888891,0.8888888888888891,0.8888888888888891,0.9000000000000001,0.9000000000000001,0.9000000000000001,0.9000000000000001,0.9000000000000001,0.9000000000000001,0.9000000000000001,0.9000000000000001,0.9000000000000001,0.9000000000000001,0.9000000000000001,0.9000000000000001,0.9000000000000001,0.9000000000000001,0.9000000000000001,0.9000000000000001,0.9000000000000001,0.9000000000000001,0.9000000000000001,0.9000000000000001,0.9000000000000001,0.9000000000000001,0.9000000000000001,0.9000000000000001,0.9000000000000001,0.9000000000000001,0.9000000000000001,0.9000000000000001,0.9000000000000001,0.9000000000000001,0.9000000000000001,0.9000000000000001,0.9000000000000001,0.9000000000000001,0.9000000000000001,0.9000000000000001,0.9000000000000001,0.9777777777777779,0.9777777777777779,0.9777777777777779,1.0,1.0,1.0,1.0,1.0,1.0,1.0,1.0,1.0,1.0,1.0,1.0,1.0,1.0,1.0,1.0,1.0,1.0,1.0,1.0,1.0,1.0,1.0,1.0,1.0,1.0,1.0,1.0,1.0,1.0,1.0,1.0
heldout,Theobald_2021,hybrid,0.0,0.0,0.0,0.0,0.0,0.0,0.1111111111111111,0.1111111111111111,0.1111111111111111,0.1111111111111111,0.1111111111111111,0.1111111111111111,0.2222222222222222,0.2222222222222222,0.2222222222222222,0.3333333333333333,0.3333333333333333,0.3333333333333333,0.4444444444444444,0.4444444444444444,0.4444444444444444,0.4444444444444444,0.4444444444444444,0.5555555555555556,0.5555555555555556,0.5555555555555556,0.5555555555555556,0.5555555555555556,0.5555555555555556,0.5555555555555556,0.5555555555555556,0.5555555555555556,0.5555555555555556,0.5555555555555556,0.5555555555555556,0.5555555555555556,0.5555555555555556,0.5555555555555556,0.6666666666666666,0.6666666666666666,0.7777777777777778,0.7777777777777778,0.7777777777777778,0.7777777777777778,0.7777777777777778,0.7777777777777778,0.8888888888888888,0.8888888888888888,0.8888888888888888,0.8888888888888888,0.8888888888888888,0.8888888888888888,0.8888888888888888,0.8888888888888888,0.8888888888888888,0.8888888888888888,0.8888888888888888,0.8888888888888888,0.8888888888888888,0.8888888888888888,0.8888888888888888,0.8888888888888888,0.8888888888888888,0.8888888888888888,0.8888888888888888,0.8888888888888888,0.8888888888888888,0.8888888888888888,0.8888888888888888,0.8888888888888888,0.8888888888888888,0.8888888888888888,1.0,1.0,1.0,1.0,1.0,1.0,1.0,1.0,1.0,1.0,1.0,1.0,1.0,1.0,1.0,1.0,1.0,1.0,1.0,1.0,1.0,1.0,1.0,1.0,1.0,1.0,1.0,1.0,1.0,1.0,1.0,1.0,1.0,1.0,1.0,1.0,1.0,1.0,1.0,1.0,1.0,1.0,1.0,1.0,1.0,1.0,1.0,1.0,1.0,1.0,1.0,1.0,1.0,1.0,1.0,1.0,1.0,1.0,1.0,1.0,1.0,1.0,1.0,1.0,1.0,1.0,1.0,1.0,1.0,1.0,1.0,1.0,1.0,1.0,1.0,1.0,1.0,1.0,1.0,1.0,1.0,1.0,1.0,1.0,1.0,1.0,1.0,1.0,1.0,1.0,1.0,1.0,1.0,1.0,1.0,1.0,1.0,1.0,1.0,1.0,1.0,1.0,1.0,1.0,1.0,1.0,1.0,1.0,1.0,1.0,1.0,1.0,1.0,1.0,1.0,1.0,1.0,1.0,1.0,1.0,1.0,1.0,1.0,1.0,1.0,1.0,1.0,1.0,1.0
heldout,Theobald_2021,jev,0.0,0.0,0.0,0.0,0.0,0.0,0.07777777777777779,0.07777777777777779,0.07777777777777779,0.16666666666666669,0.16666666666666669,0.16666666666666669,0.22222222222222227,0.22222222222222227,0.22222222222222227,0.33333333333333337,0.33333333333333337,0.33333333333333337,0.44444444444444453,0.44444444444444453,0.44444444444444453,0.44444444444444453,0.44444444444444453,0.5555555555555555,0.5555555555555555,0.5555555555555555,0.5555555555555555,0.5555555555555555,0.5555555555555555,0.5666666666666667,0.5666666666666667,0.5666666666666667,0.6222222222222222,0.6222222222222222,0.6222222222222222,0.6666666666666667,0.6666666666666667,0.6666666666666667,0.7555555555555556,0.7555555555555556,0.7777777777777778,0.7777777777777778,0.7777777777777778,0.7777777777777778,0.7777777777777778,0.7777777777777778,0.7777777777777778,0.7777777777777778,0.7777777777777778,0.7777777777777778,0.7777777777777778,0.7777777777777778,0.8222222222222222,0.8222222222222222,0.8222222222222222,0.8888888888888891,0.8888888888888891,0.8888888888888891,1.0,1.0,1.0,1.0,1.0,1.0,1.0,1.0,1.0,1.0,1.0,1.0,1.0,1.0,1.0,1.0,1.0,1.0,1.0,1.0,1.0,1.0,1.0,1.0,1.0,1.0,1.0,1.0,1.0,1.0,1.0,1.0,1.0,1.0,1.0,1.0,1.0,1.0,1.0,1.0,1.0,1.0,1.0,1.0,1.0,1.0,1.0,1.0,1.0,1.0,1.0,1.0,1.0,1.0,1.0,1.0,1.0,1.0,1.0,1.0,1.0,1.0,1.0,1.0,1.0,1.0,1.0,1.0,1.0,1.0,1.0,1.0,1.0,1.0,1.0,1.0,1.0,1.0,1.0,1.0,1.0,1.0,1.0,1.0,1.0,1.0,1.0,1.0,1.0,1.0,1.0,1.0,1.0,1.0,1.0,1.0,1.0,1.0,1.0,1.0,1.0,1.0,1.0,1.0,1.0,1.0,1.0,1.0,1.0,1.0,1.0,1.0,1.0,1.0,1.0,1.0,1.0,1.0,1.0,1.0,1.0,1.0,1.0,1.0,1.0,1.0,1.0,1.0,1.0,1.0,1.0,1.0,1.0,1.0,1.0,1.0,1.0,1.0,1.0,1.0,1.0,1.0,1.0
heldout,Toffalini_2021,asr,0.0,0.04545454545454546,0.07272727272727272,0.09999999999999999,0.12727272727272726,0.1545454545454545,0.15909090909090906,0.1727272727272727,0.19999999999999998,0.22727272727272724,0.27272727272727276,0.3,0.3181818181818182,0.3363636363636363,0.35,0.38636363636363635,0.43636363636363634,0.459090909090909,0.4999999999999999,0.5318181818181817,0.5499999999999999,0.5909090909090908,0.6136363636363635,0.6227272727272727,0.6409090909090909,0.6590909090909091,0.6727272727272727,0.6818181818181819,0.6909090909090908,0.7227272727272728,0.7454545454545454,0.7499999999999999,0.7499999999999999,0.7636363636363636,0.7681818181818182,0.7772727272727271,0.7954545454545453,0.8045454545454545,0.8272727272727272,0.8318181818181818,0.8409090909090908,0.8636363636363635,0.8636363636363635,0.8727272727272727,0.8818181818181816,0.8954545454545453,0.9045454545454545,0.9045454545454545,0.9045454545454545,0.9045454545454545,0.909090909090909,0.909090909090909,0.909090909090909,0.909090909090909,0.909090909090909,0.909090909090909,0.909090909090909,0.909090909090909,0.909090909090909,0.909090909090909,0.909090909090909,0.9227272727272726,0.9363636363636365,0.9545454545454548,0.9545454545454548,0.9545454545454548,0.9545454545454548,0.9545454545454548,0.9545454545454548,0.9545454545454548,0.9545454545454548,0.9545454545454548,0.9545454545454548,0.9545454545454548,0.9545454545454548,0.9545454545454548,0.9545454545454548,0.9545454545454548,0.9545454545454548,0.9545454545454548,0.9545454545454548,0.9545454545454548,0.9545454545454548,0.9545454545454548,0.9545454545454548,0.9545454545454548,0.9545454545454548,0.9545454545454548,0.9545454545454548,0.9545454545454548,0.9545454545454548,0.9545454545454548,0.9545454545454548,0.9636363636363638,0.9954545454545455,1.0,1.0,1.0,1.0,1.0,1.0,1.0,1.0,1.0,1.0,1.0,1.0,1.0,1.0,1.0,1.0,1.0,1.0,1.0,1.0,1.0,1.0,1.0,1.0,1.0,1.0,1.0,1.0,1.0,1.0,1.0,1.0,1.0,1.0,1.0,1.0,1.0,1.0,1.0,1.0,1.0,1.0,1.0,1.0,1.0,1.0,1.0,1.0,1.0,1.0,1.0,1.0,1.0,1.0,1.0,1.0,1.0,1.0,1.0,1.0,1.0,1.0,1.0,1.0,1.0,1.0,1.0,1.0,1.0,1.0,1.0,1.0,1.0,1.0,1.0,1.0,1.0,1.0,1.0,1.0,1.0,1.0,1.0,1.0,1.0,1.0,1.0,1.0,1.0,1.0,1.0,1.0,1.0,1.0,1.0,1.0,1.0,1.0,1.0,1.0,1.0,1.0,1.0,1.0,1.0,1.0
heldout,Toffalini_2021,hybrid,0.0,0.045454545454545456,0.09090909090909091,0.13636363636363635,0.22727272727272727,0.2727272727272727,0.3181818181818182,0.36363636363636365,0.4090909090909091,0.4090909090909091,0.5,0.5454545454545454,0.5454545454545454,0.5909090909090909,0.5909090909090909,0.5909090909090909,0.5909090909090909,0.5909090909090909,0.6363636363636364,0.6818181818181818,0.7272727272727273,0.7272727272727273,0.7727272727272727,0.7727272727272727,0.8181818181818182,0.8181818181818182,0.8181818181818182,0.8636363636363636,0.8636363636363636,0.8636363636363636,0.8636363636363636,0.8636363636363636,0.9090909090909091,0.9090909090909091,0.9090909090909091,0.9090909090909091,0.9090909090909091,0.9090909090909091,0.9090909090909091,0.9090909090909091,0.9090909090909091,0.9090909090909091,0.9545454545454546,1.0,1.0,1.0,1.0,1.0,1.0,1.0,1.0,1.0,1.0,1.0,1.0,1.0,1.0,1.0,1.0,1.0,1.0,1.0,1.0,1.0,1.0,1.0,1.0,1.0,1.0,1.0,1.0,1.0,1.0,1.0,1.0,1.0,1.0,1.0,1.0,1.0,1.0,1.0,1.0,1.0,1.0,1.0,1.0,1.0,1.0,1.0,1.0,1.0,1.0,1.0,1.0,1.0,1.0,1.0,1.0,1.0,1.0,1.0,1.0,1.0,1.0,1.0,1.0,1.0,1.0,1.0,1.0,1.0,1.0,1.0,1.0,1.0,1.0,1.0,1.0,1.0,1.0,1.0,1.0,1.0,1.0,1.0,1.0,1.0,1.0,1.0,1.0,1.0,1.0,1.0,1.0,1.0,1.0,1.0,1.0,1.0,1.0,1.0,1.0,1.0,1.0,1.0,1.0,1.0,1.0,1.0,1.0,1.0,1.0,1.0,1.0,1.0,1.0,1.0,1.0,1.0,1.0,1.0,1.0,1.0,1.0,1.0,1.0,1.0,1.0,1.0,1.0,1.0,1.0,1.0,1.0,1.0,1.0,1.0,1.0,1.0,1.0,1.0,1.0,1.0,1.0,1.0,1.0,1.0,1.0,1.0,1.0,1.0,1.0,1.0,1.0,1.0,1.0,1.0,1.0,1.0,1.0
heldout,Toffalini_2021,jev,0.0,0.04545454545454546,0.09090909090909093,0.13636363636363633,0.13636363636363633,0.18181818181818185,0.18181818181818185,0.22727272727272724,0.25,0.2545454545454545,0.31818181818181823,0.40909090909090906,0.40909090909090906,0.4318181818181818,0.4545454545454545,0.5,0.5136363636363637,0.5363636363636364,0.5454545454545453,0.5909090909090909,0.6227272727272728,0.6818181818181818,0.6818181818181818,0.6818181818181818,0.7090909090909091,0.7272727272727274,0.7545454545454545,0.8181818181818181,0.8272727272727274,0.8636363636363635,0.8636363636363635,0.8636363636363635,0.8636363636363635,0.8636363636363635,0.8636363636363635,0.8636363636363635,0.909090909090909,0.9181818181818182,0.9363636363636363,0.9545454545454548,0.9545454545454548,0.9545454545454548,0.9545454545454548,1.0,1.0,1.0,1.0,1.0,1.0,1.0,1.0,1.0,1.0,1.0,1.0,1.0,1.0,1.0,1.0,1.0,1.0,1.0,1.0,1.0,1.0,1.0,1.0,1.0,1.0,1.0,1.0,1.0,1.0,1.0,1.0,1.0,1.0,1.0,1.0,1.0,1.0,1.0,1.0,1.0,1.0,1.0,1.0,1.0,1.0,1.0,1.0,1.0,1.0,1.0,1.0,1.0,1.0,1.0,1.0,1.0,1.0,1.0,1.0,1.0,1.0,1.0,1.0,1.0,1.0,1.0,1.0,1.0,1.0,1.0,1.0,1.0,1.0,1.0,1.0,1.0,1.0,1.0,1.0,1.0,1.0,1.0,1.0,1.0,1.0,1.0,1.0,1.0,1.0,1.0,1.0,1.0,1.0,1.0,1.0,1.0,1.0,1.0,1.0,1.0,1.0,1.0,1.0,1.0,1.0,1.0,1.0,1.0,1.0,1.0,1.0,1.0,1.0,1.0,1.0,1.0,1.0,1.0,1.0,1.0,1.0,1.0,1.0,1.0,1.0,1.0,1.0,1.0,1.0,1.0,1.0,1.0,1.0,1.0,1.0,1.0,1.0,1.0,1.0,1.0,1.0,1.0,1.0,1.0,1.0,1.0,1.0,1.0,1.0,1.0,1.0,1.0,1.0,1.0,1.0,1.0,1.0
heldout,Tumkaya_2018,asr,0.0,0.02564102564102564,0.05128205128205128,0.08461538461538462,0.10769230769230767,0.13846153846153847,0.14871794871794872,0.16923076923076924,0.18205128205128207,0.20256410256410257,0.23076923076923078,0.2564102564102565,0.2794871794871795,0.3128205128205128,0.341025641025641,0.3487179487179487,0.36153846153846153,0.36666666666666675,0.3743589743589744,0.3897435897435898,0.41794871794871796,0.44102564102564096,0.4564102564102564,0.4897435897435898,0.5102564102564103,0.5384615384615384,0.5538461538461538,0.5717948717948718,0.5871794871794871,0.5974358974358974,0.6153846153846155,0.6256410256410257,0.6358974358974361,0.6615384615384616,0.6692307692307693,0.6794871794871795,0.6871794871794873,0.6923076923076924,0.712820512820513,0.7256410256410257,0.735897435897436,0.7487179487179488,0.758974358974359,0.7717948717948718,0.7871794871794873,0.8205128205128205,0.8333333333333334,0.8487179487179487,0.8641025641025643,0.8743589743589745,0.8871794871794872,0.9025641025641027,0.9230769230769231,0.9384615384615385,0.9435897435897436,0.9538461538461538,0.9615384615384615,0.9666666666666668,0.9692307692307693,0.9692307692307693,0.9692307692307693,0.9692307692307693,0.976923076923077,0.9820512820512821,0.9897435897435898,0.9923076923076923,0.9923076923076923,0.9974358974358974,1.0,1.0,1.0,1.0,1.0,1.0,1.0,1.0,1.0,1.0,1.0,1.0,1.0,1.0,1.0,1.0,1.0,1.0,1.0,1.0,1.0,1.0,1.0,1.0,1.0,1.0,1.0,1.0,1.0,1.0,1.0,1.0,1.0,1.0,1.0,1.0,1.0,1.0,1.0,1.0,1.0,1.0,1.0,1.0,1.0,1.0,1.0,1.0,1.0,1.0,1.0,1.0,1.0,1.0,1.0,1.0,1.0,1.0,1.0,1.0,1.0,1.0,1.0,1.0,1.0,1.0,1.0,1.0,1.0,1.0,1.0,1.0,1.0,1.0,1.0,1.0,1.0,1.0,1.0,1.0,1.0,1.0,1.0,1.0,1.0,1.0,1.0,1.0,1.0,1.0,1.0,1.0,1.0,1.0,1.0,1.0,1.0,1.0,1.0,1.0,1.0,1.0,1.0,1.0,1.0,1.0,1.0,1.0,1.0,1.0,1.0,1.0,1.0,1.0,1.0,1.0,1.0,1.0,1.0,1.0,1.0,1.0,1.0,1.0,1.0,1.0,1.0,1.0,1.0,1.0,1.0,1.0,1.0
heldout,Tumkaya_2018,hybrid,0.0,0.05128205128205128,0.05128205128205128,0.1282051282051282,0.15384615384615385,0.20512820512820512,0.23076923076923078,0.23076923076923078,0.3076923076923077,0.3333333333333333,0.3333333333333333,0.3333333333333333,0.358974358974359,0.41025641025641024,0.4358974358974359,0.48717948717948717,0.5128205128205128,0.5384615384615384,0.5641025641025641,0.5641025641025641,0.6153846153846154,0.6410256410256411,0.6923076923076923,0.7692307692307693,0.7692307692307693,0.7948717948717948,0.8205128205128205,0.8461538461538461,0.8461538461538461,0.8717948717948718,0.8717948717948718,0.8717948717948718,0.8717948717948718,0.8717948717948718,0.8717948717948718,0.8717948717948718,0.8717948717948718,0.8717948717948718,0.8717948717948718,0.8974358974358975,0.9230769230769231,0.9230769230769231,0.9230769230769231,0.9230769230769231,0.9230769230769231,0.9230769230769231,0.9230769230769231,0.9230769230769231,0.9230769230769231,0.9487179487179487,0.9487179487179487,0.9487179487179487,0.9487179487179487,0.9487179487179487,0.9487179487179487,0.9487179487179487,0.9743589743589743,0.9743589743589743,0.9743589743589743,0.9743589743589743,0.9743589743589743,0.9743589743589743,0.9743589743589743,0.9743589743589743,0.9743589743589743,0.9743589743589743,0.9743589743589743,0.9743589743589743,0.9743589743589743,0.9743589743589743,0.9743589743589743,0.9743589743589743,1.0,1.0,1.0,1.0,1.0,1.0,1.0,1.0,1.0,1.0,1.0,1.0,1.0,1.0,1.0,1.0,1.0,1.0,1.0,1.0,1.0,1.0,1.0,1.0,1.0,1.0,1.0,1.0,1.0,1.0,1.0,1.0,1.0,1.0,1.0,1.0,1.0,1.0,1.0,1.0,1.0,1.0,1.0,1.0,1.0,1.0,1.0,1.0,1.0,1.0,1.0,1.0,1.0,1.0,1.0,1.0,1.0,1.0,1.0,1.0,1.0,1.0,1.0,1.0,1.0,1.0,1.0,1.0,1.0,1.0,1.0,1.0,1.0,1.0,1.0,1.0,1.0,1.0,1.0,1.0,1.0,1.0,1.0,1.0,1.0,1.0,1.0,1.0,1.0,1.0,1.0,1.0,1.0,1.0,1.0,1.0,1.0,1.0,1.0,1.0,1.0,1.0,1.0,1.0,1.0,1.0,1.0,1.0,1.0,1.0,1.0,1.0,1.0,1.0,1.0,1.0,1.0,1.0,1.0,1.0,1.0,1.0,1.0,1.0,1.0,1.0,1.0,1.0,1.0
heldout,Tumkaya_2018,jev,0.0,0.05128205128205128,0.05128205128205128,0.07692307692307691,0.10769230769230768,0.15384615384615383,0.17435897435897435,0.1794871794871795,0.23076923076923078,0.282051282051282,0.282051282051282,0.282051282051282,0.3230769230769231,0.36410256410256414,0.41025641025641024,0.4666666666666667,0.49743589743589745,0.5128205128205128,0.5256410256410255,0.5564102564102563,0.5871794871794871,0.6051282051282051,0.6153846153846153,0.6410256410256412,0.6589743589743591,0.676923076923077,0.7025641025641026,0.7307692307692308,0.7615384615384615,0.7692307692307693,0.7692307692307693,0.7692307692307693,0.7692307692307693,0.782051282051282,0.7974358974358974,0.8153846153846154,0.8205128205128205,0.8205128205128205,0.8205128205128205,0.8487179487179486,0.871794871794872,0.871794871794872,0.871794871794872,0.871794871794872,0.871794871794872,0.871794871794872,0.871794871794872,0.871794871794872,0.8794871794871797,0.8897435897435899,0.8974358974358976,0.8974358974358976,0.8974358974358976,0.8974358974358976,0.9051282051282052,0.9128205128205129,0.9230769230769231,0.9230769230769231,0.9282051282051282,0.9333333333333333,0.9435897435897436,0.9487179487179487,0.9487179487179487,0.9487179487179487,0.9487179487179487,0.9487179487179487,0.9487179487179487,0.9487179487179487,0.9615384615384615,0.964102564102564,0.9743589743589742,0.9743589743589742,0.9743589743589742,0.9743589743589742,0.9743589743589742,0.9743589743589742,0.9743589743589742,0.9743589743589742,0.9743589743589742,0.9743589743589742,0.9769230769230768,0.9794871794871796,0.9846153846153847,0.9897435897435898,0.9923076923076923,0.9974358974358974,1.0,1.0,1.0,1.0,1.0,1.0,1.0,1.0,1.0,1.0,1.0,1.0,1.0,1.0,1.0,1.0,1.0,1.0,1.0,1.0,1.0,1.0,1.0,1.0,1.0,1.0,1.0,1.0,1.0,1.0,1.0,1.0,1.0,1.0,1.0,1.0,1.0,1.0,1.0,1.0,1.0,1.0,1.0,1.0,1.0,1.0,1.0,1.0,1.0,1.0,1.0,1.0,1.0,1.0,1.0,1.0,1.0,1.0,1.0,1.0,1.0,1.0,1.0,1.0,1.0,1.0,1.0,1.0,1.0,1.0,1.0,1.0,1.0,1.0,1.0,1.0,1.0,1.0,1.0,1.0,1.0,1.0,1.0,1.0,1.0,1.0,1.0,1.0,1.0,1.0,1.0,1.0,1.0,1.0,1.0,1.0,1.0,1.0,1.0,1.0,1.0,1.0,1.0,1.0,1.0,1.0,1.0,1.0,1.0,1.0,1.0,1.0,1.0,1.0,1.0
heldout,Walker_2018,asr,0.0,0.3171875,0.478125,0.5328125,0.6171875,0.65625,0.6984375,0.7234375,0.7328125,0.759375,0.790625,0.8421875,0.8484375,0.8515625,0.8515625,0.86875,0.871875,0.8796875,0.89375,0.9015625,0.903125,0.9046875,0.959375,0.9609375,0.9609375,0.9671875,0.96875,0.96875,0.96875,0.96875,0.9703125,0.9703125,0.9703125,0.9703125,0.9703125,0.9703125,0.9703125,0.9703125,0.9703125,0.9703125,0.9703125,0.9703125,0.9703125,0.9703125,0.9703125,0.9703125,0.9703125,0.9703125,0.9703125,0.9703125,0.9703125,0.9703125,0.9703125,0.9703125,0.9703125,0.9703125,0.9703125,0.9703125,0.9703125,0.9703125,0.984375,0.984375,0.984375,0.984375,0.984375,0.984375,0.984375,0.984375,0.9984375,0.9984375,0.9984375,1.0,1.0,1.0,1.0,1.0,1.0,1.0,1.0,1.0,1.0,1.0,1.0,1.0,1.0,1.0,1.0,1.0,1.0,1.0,1.0,1.0,1.0,1.0,1.0,1.0,1.0,1.0,1.0,1.0,1.0,1.0,1.0,1.0,1.0,1.0,1.0,1.0,1.0,1.0,1.0,1.0,1.0,1.0,1.0,1.0,1.0,1.0,1.0,1.0,1.0,1.0,1.0,1.0,1.0,1.0,1.0,1.0,1.0,1.0,1.0,1.0,1.0,1.0,1.0,1.0,1.0,1.0,1.0,1.0,1.0,1.0,1.0,1.0,1.0,1.0,1.0,1.0,1.0,1.0,1.0,1.0,1.0,1.0,1.0,1.0,1.0,1.0,1.0,1.0,1.0,1.0,1.0,1.0,1.0,1.0,1.0,1.0,1.0,1.0,1.0,1.0,1.0,1.0,1.0,1.0,1.0,1.0,1.0,1.0,1.0,1.0,1.0,1.0,1.0,1.0,1.0,1.0,1.0,1.0,1.0,1.0,1.0,1.0,1.0,1.0,1.0,1.0,1.0,1.0,1.0
heldout,Walker_2018,hybrid,0.0,0.46875,0.640625,0.703125,0.765625,0.765625,0.78125,0.828125,0.890625,0.921875,0.921875,0.9375,0.9375,0.9375,1.0,1.0,1.0,1.0,1.0,1.0,1.0,1.0,1.0,1.0,1.0,1.0,1.0,1.0,1.0,1.0,1.0,1.0,1.0,1.0,1.0,1.0,1.0,1.0,1.0,1.0,1.0,1.0,1.0,1.0,1.0,1.0,1.0,1.0,1.0,1.0,1.0,1.0,1.0,1.0,1.0,1.0,1.0,1.0,1.0,1.0,1.0,1.0,1.0,1.0,1.0,1.0,1.0,1.0,1.0,1.0,1.0,1.0,1.0,1.0,1.0,1.0,1.0,1.0,1.0,1.0,1.0,1.0,1.0,1.0,1.0,1.0,1.0,1.0,1.0,1.0,1.0,1.0,1.0,1.0,1.0,1.0,1.0,1.0,1.0,1.0,1.0,1.0,1.0,1.0,1.0,1.0,1.0,1.0,1.0,1.0,1.0,1.0,1.0,1.0,1.0,1.0,1.0,1.0,1.0,1.0,1.0,1.0,1.0,1.0,1.0,1.0,1.0,1.0,1.0,1.0,1.0,1.0,1.0,1.0,1.0,1.0,1.0,1.0,1.0,1.0,1.0,1.0,1.0,1.0,1.0,1.0,1.0,1.0,1.0,1.0,1.0,1.0,1.0,1.0,1.0,1.0,1.0,1.0,1.0,1.0,1.0,1.0,1.0,1.0,1.0,1.0,1.0,1.0,1.0,1.0,1.0,1.0,1.0,1.0,1.0,1.0,1.0,1.0,1.0,1.0,1.0,1.0,1.0,1.0,1.0,1.0,1.0,1.0,1.0,1.0,1.0,1.0,1.0,1.0,1.0,1.0,1.0,1.0,1.0,1.0,1.0
heldout,Walker_2018,jev,0.0,0.4734375,0.6359375,0.71875,0.75,0.796875,0.8125,0.8546875,0.875,0.890625,0.90625,0.921875,0.921875,0.921875,0.921875,0.9390625,0.96875,0.96875,0.984375,0.984375,0.984375,0.984375,0.984375,0.984375,0.984375,0.9875,0.9984375,1.0,1.0,1.0,1.0,1.0,1.0,1.0,1.0,1.0,1.0,1.0,1.0,1.0,1.0,1.0,1.0,1.0,1.0,1.0,1.0,1.0,1.0,1.0,1.0,1.0,1.0,1.0,1.0,1.0,1.0,1.0,1.0,1.0,1.0,1.0,1.0,1.0,1.0,1.0,1.0,1.0,1.0,1.0,1.0,1.0,1.0,1.0,1.0,1.0,1.0,1.0,1.0,1.0,1.0,1.0,1.0,1.0,1.0,1.0,1.0,1.0,1.0,1.0,1.0,1.0,1.0,1.0,1.0,1.0,1.0,1.0,1.0,1.0,1.0,1.0,1.0,1.0,1.0,1.0,1.0,1.0,1.0,1.0,1.0,1.0,1.0,1.0,1.0,1.0,1.0,1.0,1.0,1.0,1.0,1.0,1.0,1.0,1.0,1.0,1.0,1.0,1.0,1.0,1.0,1.0,1.0,1.0,1.0,1.0,1.0,1.0,1.0,1.0,1.0,1.0,1.0,1.0,1.0,1.0,1.0,1.0,1.0,1.0,1.0,1.0,1.0,1.0,1.0,1.0,1.0,1.0,1.0,1.0,1.0,1.0,1.0,1.0,1.0,1.0,1.0,1.0,1.0,1.0,1.0,1.0,1.0,1.0,1.0,1.0,1.0,1.0,1.0,1.0,1.0,1.0,1.0,1.0,1.0,1.0,1.0,1.0,1.0,1.0,1.0,1.0,1.0,1.0,1.0,1.0,1.0,1.0,1.0,1.0,1.0
heldout,van_der_Waal_2022,asr,0.0,0.10588235294117647,0.1823529411764706,0.2588235294117647,0.35882352941176465,0.46470588235294114,0.5705882352941176,0.6352941176470587,0.6941176470588235,0.7176470588235295,0.7176470588235295,0.7176470588235295,0.7176470588235295,0.7176470588235295,0.7176470588235295,0.7176470588235295,0.7176470588235295,0.7176470588235295,0.7176470588235295,0.7176470588235295,0.7176470588235295,0.7176470588235295,0.7176470588235295,0.7176470588235295,0.7176470588235295,0.7176470588235295,0.7176470588235295,0.723529411764706,0.7411764705882353,0.7529411764705882,0.7764705882352942,0.7882352941176471,0.8000000000000002,0.8235294117647062,0.8705882352941178,0.9058823529411765,0.9117647058823529,0.9294117647058824,0.9352941176470588,0.9411764705882353,0.9411764705882353,0.9411764705882353,0.9411764705882353,0.9411764705882353,0.9411764705882353,0.9411764705882353,0.9411764705882353,0.9411764705882353,0.9411764705882353,0.9411764705882353,0.9411764705882353,0.9411764705882353,0.9411764705882353,0.9411764705882353,0.9411764705882353,0.9411764705882353,0.9411764705882353,0.9411764705882353,0.9411764705882353,0.9470588235294117,0.9470588235294117,0.9470588235294117,0.9470588235294117,0.9470588235294117,0.9470588235294117,0.9470588235294117,0.9470588235294117,0.9470588235294117,0.9470588235294117,0.9470588235294117,0.9470588235294117,0.9470588235294117,0.9470588235294117,0.9470588235294117,0.9470588235294117,0.9470588235294117,0.9470588235294117,0.9470588235294117,0.9470588235294117,0.9470588235294117,0.9470588235294117,0.9470588235294117,0.9470588235294117,0.9470588235294117,0.9470588235294117,0.9470588235294117,0.9470588235294117,0.9470588235294117,0.9470588235294117,0.9470588235294117,0.9470588235294117,0.9470588235294117,0.9470588235294117,0.9470588235294117,0.9470588235294117,0.9470588235294117,0.9470588235294117,0.9470588235294117,0.9470588235294117,0.9470588235294117,0.9470588235294117,0.9470588235294117,0.9470588235294117,0.9470588235294117,0.9470588235294117,0.9470588235294117,0.9470588235294117,0.9470588235294117,0.9941176470588236,0.9941176470588236,0.9941176470588236,0.9941176470588236,0.9941176470588236,1.0,1.0,1.0,1.0,1.0,1.0,1.0,1.0,1.0,1.0,1.0,1.0,1.0,1.0,1.0,1.0,1.0,1.0,1.0,1.0,1.0,1.0,1.0,1.0,1.0,1.0,1.0,1.0,1.0,1.0,1.0,1.0,1.0,1.0,1.0,1.0,1.0,1.0,1.0,1.0,1.0,1.0,1.0,1.0,1.0,1.0,1.0,1.0,1.0,1.0,1.0,1.0,1.0,1.0,1.0,1.0,1.0,1.0,1.0,1.0,1.0,1.0,1.0,1.0,1.0,1.0,1.0,1.0,1.0,1.0,1.0,1.0,1.0,1.0,1.0,1.0,1.0,1.0,1.0,1.0,1.0,1.0,1.0,1.0,1.0,1.0,1.0,1.0
heldout,van_der_Waal_2022,hybrid,0.0,0.17647058823529413,0.35294117647058826,0.5882352941176471,0.5882352941176471,0.8235294117647058,0.8823529411764706,0.8823529411764706,0.8823529411764706,0.8823529411764706,0.9411764705882353,0.9411764705882353,0.9411764705882353,0.9411764705882353,0.9411764705882353,0.9411764705882353,0.9411764705882353,0.9411764705882353,0.9411764705882353,0.9411764705882353,1.0,1.0,1.0,1.0,1.0,1.0,1.0,1.0,1.0,1.0,1.0,1.0,1.0,1.0,1.0,1.0,1.0,1.0,1.0,1.0,1.0,1.0,1.0,1.0,1.0,1.0,1.0,1.0,1.0,1.0,1.0,1.0,1.0,1.0,1.0,1.0,1.0,1.0,1.0,1.0,1.0,1.0,1.0,1.0,1.0,1.0,1.0,1.0,1.0,1.0,1.0,1.0,1.0,1.0,1.0,1.0,1.0,1.0,1.0,1.0,1.0,1.0,1.0,1.0,1.0,1.0,1.0,1.0,1.0,1.0,1.0,1.0,1.0,1.0,1.0,1.0,1.0,1.0,1.0,1.0,1.0,1.0,1.0,1.0,1.0,1.0,1.0,1.0,1.0,1.0,1.0,1.0,1.0,1.0,1.0,1.0,1.0,1.0,1.0,1.0,1.0,1.0,1.0,1.0,1.0,1.0,1.0,1.0,1.0,1.0,1.0,1.0,1.0,1.0,1.0,1.0,1.0,1.0,1.0,1.0,1.0,1.0,1.0,1.0,1.0,1.0,1.0,1.0,1.0,1.0,1.0,1.0,1.0,1.0,1.0,1.0,1.0,1.0,1.0,1.0,1.0,1.0,1.0,1.0,1.0,1.0,1.0,1.0,1.0,1.0,1.0,1.0,1.0,1.0,1.0,1.0,1.0,1.0,1.0,1.0,1.0,1.0,1.0,1.0,1.0,1.0,1.0,1.0,1.0,1.0,1.0,1.0,1.0,1.0,1.0,1.0,1.0,1.0,1.0,1.0,1.0
heldout,van_der_Waal_2022,jev,0.0,0.23529411764705882,0.4117647058823529,0.588235294117647,0.6470588235294119,0.7058823529411765,0.8235294117647058,0.8529411764705882,0.8823529411764708,0.9411764705882353,0.9411764705882353,0.9941176470588236,1.0,1.0,1.0,1.0,1.0,1.0,1.0,1.0,1.0,1.0,1.0,1.0,1.0,1.0,1.0,1.0,1.0,1.0,1.0,1.0,1.0,1.0,1.0,1.0,1.0,1.0,1.0,1.0,1.0,1.0,1.0,1.0,1.0,1.0,1.0,1.0,1.0,1.0,1.0,1.0,1.0,1.0,1.0,1.0,1.0,1.0,1.0,1.0,1.0,1.0,1.0,1.0,1.0,1.0,1.0,1.0,1.0,1.0,1.0,1.0,1.0,1.0,1.0,1.0,1.0,1.0,1.0,1.0,1.0,1.0,1.0,1.0,1.0,1.0,1.0,1.0,1.0,1.0,1.0,1.0,1.0,1.0,1.0,1.0,1.0,1.0,1.0,1.0,1.0,1.0,1.0,1.0,1.0,1.0,1.0,1.0,1.0,1.0,1.0,1.0,1.0,1.0,1.0,1.0,1.0,1.0,1.0,1.0,1.0,1.0,1.0,1.0,1.0,1.0,1.0,1.0,1.0,1.0,1.0,1.0,1.0,1.0,1.0,1.0,1.0,1.0,1.0,1.0,1.0,1.0,1.0,1.0,1.0,1.0,1.0,1.0,1.0,1.0,1.0,1.0,1.0,1.0,1.0,1.0,1.0,1.0,1.0,1.0,1.0,1.0,1.0,1.0,1.0,1.0,1.0,1.0,1.0,1.0,1.0,1.0,1.0,1.0,1.0,1.0,1.0,1.0,1.0,1.0,1.0,1.0,1.0,1.0,1.0,1.0,1.0,1.0,1.0,1.0,1.0,1.0,1.0,1.0,1.0,1.0,1.0,1.0,1.0,1.0,1.0
clef,CD000996,asr,0.0,0.16666666666666669,0.16666666666666669,0.36666666666666664,0.5166666666666667,0.6500000000000001,0.7166666666666667,0.8,1.0,1.0,1.0,1.0,1.0,1.0,1.0,1.0,1.0,1.0,1.0,1.0,1.0,1.0,1.0,1.0,1.0,1.0,1.0,1.0,1.0,1.0,1.0,1.0,1.0,1.0,1.0,1.0,1.0,1.0,1.0,1.0,1.0,1.0,1.0,1.0,1.0,1.0,1.0,1.0,1.0,1.0,1.0,1.0,1.0,1.0,1.0,1.0,1.0,1.0,1.0,1.0,1.0,1.0,1.0,1.0,1.0,1.0,1.0,1.0,1.0,1.0,1.0,1.0,1.0,1.0,1.0,1.0,1.0,1.0,1.0,1.0,1.0,1.0,1.0,1.0,1.0,1.0,1.0,1.0,1.0,1.0,1.0,1.0,1.0,1.0,1.0,1.0,1.0,1.0,1.0,1.0,1.0,1.0,1.0,1.0,1.0,1.0,1.0,1.0,1.0,1.0,1.0,1.0,1.0,1.0,1.0,1.0,1.0,1.0,1.0,1.0,1.0,1.0,1.0,1.0,1.0,1.0,1.0,1.0,1.0,1.0,1.0,1.0,1.0,1.0,1.0,1.0,1.0,1.0,1.0,1.0,1.0,1.0,1.0,1.0,1.0,1.0,1.0,1.0,1.0,1.0,1.0,1.0,1.0,1.0,1.0,1.0,1.0,1.0,1.0,1.0,1.0,1.0,1.0,1.0,1.0,1.0,1.0,1.0,1.0,1.0,1.0,1.0,1.0,1.0,1.0,1.0,1.0,1.0,1.0,1.0,1.0,1.0,1.0,1.0,1.0,1.0,1.0,1.0,1.0,1.0,1.0,1.0,1.0,1.0,1.0,1.0,1.0,1.0,1.0,1.0,1.0
clef,CD000996,hybrid,0.0,0.16666666666666666,0.3333333333333333,0.6666666666666666,0.8333333333333334,1.0,1.0,1.0,1.0,1.0,1.0,1.0,1.0,1.0,1.0,1.0,1.0,1.0,1.0,1.0,1.0,1.0,1.0,1.0,1.0,1.0,1.0,1.0,1.0,1.0,1.0,1.0,1.0,1.0,1.0,1.0,1.0,1.0,1.0,1.0,1.0,1.0,1.0,1.0,1.0,1.0,1.0,1.0,1.0,1.0,1.0,1.0,1.0,1.0,1.0,1.0,1.0,1.0,1.0,1.0,1.0,1.0,1.0,1.0,1.0,1.0,1.0,1.0,1.0,1.0,1.0,1.0,1.0,1.0,1.0,1.0,1.0,1.0,1.0,1.0,1.0,1.0,1.0,1.0,1.0,1.0,1.0,1.0,1.0,1.0,1.0,1.0,1.0,1.0,1.0,1.0,1.0,1.0,1.0,1.0,1.0,1.0,1.0,1.0,1.0,1.0,1.0,1.0,1.0,1.0,1.0,1.0,1.0,1.0,1.0,1.0,1.0,1.0,1.0,1.0,1.0,1.0,1.0,1.0,1.0,1.0,1.0,1.0,1.0,1.0,1.0,1.0,1.0,1.0,1.0,1.0,1.0,1.0,1.0,1.0,1.0,1.0,1.0,1.0,1.0,1.0,1.0,1.0,1.0,1.0,1.0,1.0,1.0,1.0,1.0,1.0,1.0,1.0,1.0,1.0,1.0,1.0,1.0,1.0,1.0,1.0,1.0,1.0,1.0,1.0,1.0,1.0,1.0,1.0,1.0,1.0,1.0,1.0,1.0,1.0,1.0,1.0,1.0,1.0,1.0,1.0,1.0,1.0,1.0,1.0,1.0,1.0,1.0,1.0,1.0,1.0,1.0,1.0,1.0,1.0,1.0
clef,CD000996,jev,0.0,0.16666666666666669,0.33333333333333337,0.6666666666666667,0.8333333333333333,0.8333333333333333,1.0,1.0,1.0,1.0,1.0,1.0,1.0,1.0,1.0,1.0,1.0,1.0,1.0,1.0,1.0,1.0,1.0,1.0,1.0,1.0,1.0,1.0,1.0,1.0,1.0,1.0,1.0,1.0,1.0,1.0,1.0,1.0,1.0,1.0,1.0,1.0,1.0,1.0,1.0,1.0,1.0,1.0,1.0,1.0,1.0,1.0,1.0,1.0,1.0,1.0,1.0,1.0,1.0,1.0,1.0,1.0,1.0,1.0,1.0,1.0,1.0,1.0,1.0,1.0,1.0,1.0,1.0,1.0,1.0,1.0,1.0,1.0,1.0,1.0,1.0,1.0,1.0,1.0,1.0,1.0,1.0,1.0,1.0,1.0,1.0,1.0,1.0,1.0,1.0,1.0,1.0,1.0,1.0,1.0,1.0,1.0,1.0,1.0,1.0,1.0,1.0,1.0,1.0,1.0,1.0,1.0,1.0,1.0,1.0,1.0,1.0,1.0,1.0,1.0,1.0,1.0,1.0,1.0,1.0,1.0,1.0,1.0,1.0,1.0,1.0,1.0,1.0,1.0,1.0,1.0,1.0,1.0,1.0,1.0,1.0,1.0,1.0,1.0,1.0,1.0,1.0,1.0,1.0,1.0,1.0,1.0,1.0,1.0,1.0,1.0,1.0,1.0,1.0,1.0,1.0,1.0,1.0,1.0,1.0,1.0,1.0,1.0,1.0,1.0,1.0,1.0,1.0,1.0,1.0,1.0,1.0,1.0,1.0,1.0,1.0,1.0,1.0,1.0,1.0,1.0,1.0,1.0,1.0,1.0,1.0,1.0,1.0,1.0,1.0,1.0,1.0,1.0,1.0,1.0,1.0
clef,CD001261,asr,0.0,0.04545454545454546,0.11363636363636362,0.22272727272727272,0.2681818181818182,0.3454545454545455,0.4045454545454546,0.4499999999999999,0.49090909090909085,0.5454545454545453,0.6590909090909092,0.7363636363636364,0.8045454545454545,0.8272727272727272,0.8409090909090908,0.8636363636363635,0.8818181818181816,0.9136363636363637,0.9272727272727274,0.9318181818181819,0.9363636363636365,0.95,1.0,1.0,1.0,1.0,1.0,1.0,1.0,1.0,1.0,1.0,1.0,1.0,1.0,1.0,1.0,1.0,1.0,1.0,1.0,1.0,1.0,1.0,1.0,1.0,1.0,1.0,1.0,1.0,1.0,1.0,1.0,1.0,1.0,1.0,1.0,1.0,1.0,1.0,1.0,1.0,1.0,1.0,1.0,1.0,1.0,1.0,1.0,1.0,1.0,1.0,1.0,1.0,1.0,1.0,1.0,1.0,1.0,1.0,1.0,1.0,1.0,1.0,1.0,1.0,1.0,1.0,1.0,1.0,1.0,1.0,1.0,1.0,1.0,1.0,1.0,1.0,1.0,1.0,1.0,1.0,1.0,1.0,1.0,1.0,1.0,1.0,1.0,1.0,1.0,1.0,1.0,1.0,1.0,1.0,1.0,1.0,1.0,1.0,1.0,1.0,1.0,1.0,1.0,1.0,1.0,1.0,1.0,1.0,1.0,1.0,1.0,1.0,1.0,1.0,1.0,1.0,1.0,1.0,1.0,1.0,1.0,1.0,1.0,1.0,1.0,1.0,1.0,1.0,1.0,1.0,1.0,1.0,1.0,1.0,1.0,1.0,1.0,1.0,1.0,1.0,1.0,1.0,1.0,1.0,1.0,1.0,1.0,1.0,1.0,1.0,1.0,1.0,1.0,1.0,1.0,1.0,1.0,1.0,1.0,1.0,1.0,1.0,1.0,1.0,1.0,1.0,1.0,1.0,1.0,1.0,1.0,1.0,1.0,1.0,1.0,1.0,1.0,1.0,1.0
clef,CD001261,hybrid,0.0,0.09090909090909091,0.22727272727272727,0.36363636363636365,0.5,0.5909090909090909,0.6818181818181818,0.7727272727272727,0.7727272727272727,0.8181818181818182,0.8181818181818182,0.8181818181818182,0.9090909090909091,1.0,1.0,1.0,1.0,1.0,1.0,1.0,1.0,1.0,1.0,1.0,1.0,1.0,1.0,1.0,1.0,1.0,1.0,1.0,1.0,1.0,1.0,1.0,1.0,1.0,1.0,1.0,1.0,1.0,1.0,1.0,1.0,1.0,1.0,1.0,1.0,1.0,1.0,1.0,1.0,1.0,1.0,1.0,1.0,1.0,1.0,1.0,1.0,1.0,1.0,1.0,1.0,1.0,1.0,1.0,1.0,1.0,1.0,1.0,1.0,1.0,1.0,1.0,1.0,1.0,1.0,1.0,1.0,1.0,1.0,1.0,1.0,1.0,1.0,1.0,1.0,1.0,1.0,1.0,1.0,1.0,1.0,1.0,1.0,1.0,1.0,1.0,1.0,1.0,1.0,1.0,1.0,1.0,1.0,1.0,1.0,1.0,1.0,1.0,1.0,1.0,1.0,1.0,1.0,1.0,1.0,1.0,1.0,1.0,1.0,1.0,1.0,1.0,1.0,1.0,1.0,1.0,1.0,1.0,1.0,1.0,1.0,1.0,1.0,1.0,1.0,1.0,1.0,1.0,1.0,1.0,1.0,1.0,1.0,1.0,1.0,1.0,1.0,1.0,1.0,1.0,1.0,1.0,1.0,1.0,1.0,1.0,1.0,1.0,1.0,1.0,1.0,1.0,1.0,1.0,1.0,1.0,1.0,1.0,1.0,1.0,1.0,1.0,1.0,1.0,1.0,1.0,1.0,1.0,1.0,1.0,1.0,1.0,1.0,1.0,1.0,1.0,1.0,1.0,1.0,1.0,1.0,1.0,1.0,1.0,1.0,1.0,1.0
clef,CD001261,jev,0.0,0.09090909090909093,0.22727272727272724,0.3636363636363637,0.5,0.5,0.5363636363636364,0.5909090909090909,0.65,0.6818181818181818,0.7045454545454546,0.759090909090909,0.8181818181818181,0.8545454545454545,0.8954545454545453,0.909090909090909,0.909090909090909,0.909090909090909,0.909090909090909,0.909090909090909,0.909090909090909,0.9545454545454548,0.9545454545454548,0.9545454545454548,0.9545454545454548,0.9545454545454548,0.9545454545454548,0.9681818181818184,1.0,1.0,1.0,1.0,1.0,1.0,1.0,1.0,1.0,1.0,1.0,1.0,1.0,1.0,1.0,1.0,1.0,1.0,1.0,1.0,1.0,1.0,1.0,1.0,1.0,1.0,1.0,1.0,1.0,1.0,1.0,1.0,1.0,1.0,1.0,1.0,1.0,1.0,1.0,1.0,1.0,1.0,1.0,1.0,1.0,1.0,1.0,1.0,1.0,1.0,1.0,1.0,1.0,1.0,1.0,1.0,1.0,1.0,1.0,1.0,1.0,1.0,1.0,1.0,1.0,1.0,1.0,1.0,1.0,1.0,1.0,1.0,1.0,1.0,1.0,1.0,1.0,1.0,1.0,1.0,1.0,1.0,1.0,1.0,1.0,1.0,1.0,1.0,1.0,1.0,1.0,1.0,1.0,1.0,1.0,1.0,1.0,1.0,1.0,1.0,1.0,1.0,1.0,1.0,1.0,1.0,1.0,1.0,1.0,1.0,1.0,1.0,1.0,1.0,1.0,1.0,1.0,1.0,1.0,1.0,1.0,1.0,1.0,1.0,1.0,1.0,1.0,1.0,1.0,1.0,1.0,1.0,1.0,1.0,1.0,1.0,1.0,1.0,1.0,1.0,1.0,1.0,1.0,1.0,1.0,1.0,1.0,1.0,1.0,1.0,1.0,1.0,1.0,1.0,1.0,1.0,1.0,1.0,1.0,1.0,1.0,1.0,1.0,1.0,1.0,1.0,1.0,1.0,1.0,1.0,1.0,1.0,1.0
clef,CD004414,asr,0.0,0.14285714285714282,0.1571428571428571,0.18571428571428567,0.18571428571428567,0.19999999999999996,0.3857142857142857,0.5142857142857142,0.7,0.7142857142857143,0.7142857142857143,0.7142857142857143,0.7142857142857143,0.7142857142857143,0.7714285714285714,0.7714285714285714,0.7999999999999999,0.8285714285714285,0.8428571428571427,0.8428571428571427,0.857142857142857,0.8714285714285712,0.9142857142857143,0.9142857142857143,0.9142857142857143,0.9571428571428573,1.0,1.0,1.0,1.0,1.0,1.0,1.0,1.0,1.0,1.0,1.0,1.0,1.0,1.0,1.0,1.0,1.0,1.0,1.0,1.0,1.0,1.0,1.0,1.0,1.0,1.0,1.0,1.0,1.0,1.0,1.0,1.0,1.0,1.0,1.0,1.0,1.0,1.0,1.0,1.0,1.0,1.0,1.0,1.0,1.0,1.0,1.0,1.0,1.0,1.0,1.0,1.0,1.0,1.0,1.0,1.0,1.0,1.0,1.0,1.0,1.0,1.0,1.0,1.0,1.0,1.0,1.0,1.0,1.0,1.0,1.0,1.0,1.0,1.0,1.0,1.0,1.0,1.0,1.0,1.0,1.0,1.0,1.0,1.0,1.0,1.0,1.0,1.0,1.0,1.0,1.0,1.0,1.0,1.0,1.0,1.0,1.0,1.0,1.0,1.0,1.0,1.0,1.0,1.0,1.0,1.0,1.0,1.0,1.0,1.0,1.0,1.0,1.0,1.0,1.0,1.0,1.0,1.0,1.0,1.0,1.0,1.0,1.0,1.0,1.0,1.0,1.0,1.0,1.0,1.0,1.0,1.0,1.0,1.0,1.0,1.0,1.0,1.0,1.0,1.0,1.0,1.0,1.0,1.0,1.0,1.0,1.0,1.0,1.0,1.0,1.0,1.0,1.0,1.0,1.0,1.0,1.0,1.0,1.0,1.0,1.0,1.0,1.0,1.0,1.0,1.0,1.0,1.0,1.0,1.0,1.0,1.0,1.0,1.0,1.0
clef,CD004414,hybrid,0.0,0.14285714285714285,0.14285714285714285,0.14285714285714285,0.14285714285714285,0.42857142857142855,0.7142857142857143,0.7142857142857143,0.8571428571428571,1.0,1.0,1.0,1.0,1.0,1.0,1.0,1.0,1.0,1.0,1.0,1.0,1.0,1.0,1.0,1.0,1.0,1.0,1.0,1.0,1.0,1.0,1.0,1.0,1.0,1.0,1.0,1.0,1.0,1.0,1.0,1.0,1.0,1.0,1.0,1.0,1.0,1.0,1.0,1.0,1.0,1.0,1.0,1.0,1.0,1.0,1.0,1.0,1.0,1.0,1.0,1.0,1.0,1.0,1.0,1.0,1.0,1.0,1.0,1.0,1.0,1.0,1.0,1.0,1.0,1.0,1.0,1.0,1.0,1.0,1.0,1.0,1.0,1.0,1.0,1.0,1.0,1.0,1.0,1.0,1.0,1.0,1.0,1.0,1.0,1.0,1.0,1.0,1.0,1.0,1.0,1.0,1.0,1.0,1.0,1.0,1.0,1.0,1.0,1.0,1.0,1.0,1.0,1.0,1.0,1.0,1.0,1.0,1.0,1.0,1.0,1.0,1.0,1.0,1.0,1.0,1.0,1.0,1.0,1.0,1.0,1.0,1.0,1.0,1.0,1.0,1.0,1.0,1.0,1.0,1.0,1.0,1.0,1.0,1.0,1.0,1.0,1.0,1.0,1.0,1.0,1.0,1.0,1.0,1.0,1.0,1.0,1.0,1.0,1.0,1.0,1.0,1.0,1.0,1.0,1.0,1.0,1.0,1.0,1.0,1.0,1.0,1.0,1.0,1.0,1.0,1.0,1.0,1.0,1.0,1.0,1.0,1.0,1.0,1.0,1.0,1.0,1.0,1.0,1.0,1.0,1.0,1.0,1.0,1.0,1.0,1.0,1.0,1.0,1.0,1.0,1.0
clef,CD004414,jev,0.0,0.14285714285714282,0.19999999999999996,0.28571428571428564,0.4285714285714285,0.4285714285714285,0.4285714285714285,0.4285714285714285,0.4285714285714285,0.5714285714285713,0.5714285714285713,0.857142857142857,1.0,1.0,1.0,1.0,1.0,1.0,1.0,1.0,1.0,1.0,1.0,1.0,1.0,1.0,1.0,1.0,1.0,1.0,1.0,1.0,1.0,1.0,1.0,1.0,1.0,1.0,1.0,1.0,1.0,1.0,1.0,1.0,1.0,1.0,1.0,1.0,1.0,1.0,1.0,1.0,1.0,1.0,1.0,1.0,1.0,1.0,1.0,1.0,1.0,1.0,1.0,1.0,1.0,1.0,1.0,1.0,1.0,1.0,1.0,1.0,1.0,1.0,1.0,1.0,1.0,1.0,1.0,1.0,1.0,1.0,1.0,1.0,1.0,1.0,1.0,1.0,1.0,1.0,1.0,1.0,1.0,1.0,1.0,1.0,1.0,1.0,1.0,1.0,1.0,1.0,1.0,1.0,1.0,1.0,1.0,1.0,1.0,1.0,1.0,1.0,1.0,1.0,1.0,1.0,1.0,1.0,1.0,1.0,1.0,1.0,1.0,1.0,1.0,1.0,1.0,1.0,1.0,1.0,1.0,1.0,1.0,1.0,1.0,1.0,1.0,1.0,1.0,1.0,1.0,1.0,1.0,1.0,1.0,1.0,1.0,1.0,1.0,1.0,1.0,1.0,1.0,1.0,1.0,1.0,1.0,1.0,1.0,1.0,1.0,1.0,1.0,1.0,1.0,1.0,1.0,1.0,1.0,1.0,1.0,1.0,1.0,1.0,1.0,1.0,1.0,1.0,1.0,1.0,1.0,1.0,1.0,1.0,1.0,1.0,1.0,1.0,1.0,1.0,1.0,1.0,1.0,1.0,1.0,1.0,1.0,1.0,1.0,1.0,1.0
clef,CD006468,asr,0.0,0.65,0.875,0.925,0.9416666666666668,1.0,1.0,1.0,1.0,1.0,1.0,1.0,1.0,1.0,1.0,1.0,1.0,1.0,1.0,1.0,1.0,1.0,1.0,1.0,1.0,1.0,1.0,1.0,1.0,1.0,1.0,1.0,1.0,1.0,1.0,1.0,1.0,1.0,1.0,1.0,1.0,1.0,1.0,1.0,1.0,1.0,1.0,1.0,1.0,1.0,1.0,1.0,1.0,1.0,1.0,1.0,1.0,1.0,1.0,1.0,1.0,1.0,1.0,1.0,1.0,1.0,1.0,1.0,1.0,1.0,1.0,1.0,1.0,1.0,1.0,1.0,1.0,1.0,1.0,1.0,1.0,1.0,1.0,1.0,1.0,1.0,1.0,1.0,1.0,1.0,1.0,1.0,1.0,1.0,1.0,1.0,1.0,1.0,1.0,1.0,1.0,1.0,1.0,1.0,1.0,1.0,1.0,1.0,1.0,1.0,1.0,1.0,1.0,1.0,1.0,1.0,1.0,1.0,1.0,1.0,1.0,1.0,1.0,1.0,1.0,1.0,1.0,1.0,1.0,1.0,1.0,1.0,1.0,1.0,1.0,1.0,1.0,1.0,1.0,1.0,1.0,1.0,1.0,1.0,1.0,1.0,1.0,1.0,1.0,1.0,1.0,1.0,1.0,1.0,1.0,1.0,1.0,1.0,1.0,1.0,1.0,1.0,1.0,1.0,1.0,1.0,1.0,1.0,1.0,1.0,1.0,1.0,1.0,1.0,1.0,1.0,1.0,1.0,1.0,1.0,1.0,1.0,1.0,1.0,1.0,1.0,1.0,1.0,1.0,1.0,1.0,1.0,1.0,1.0,1.0,1.0,1.0,1.0,1.0,1.0,1.0
clef,CD006468,hybrid,0.0,0.9166666666666666,1.0,1.0,1.0,1.0,1.0,1.0,1.0,1.0,1.0,1.0,1.0,1.0,1.0,1.0,1.0,1.0,1.0,1.0,1.0,1.0,1.0,1.0,1.0,1.0,1.0,1.0,1.0,1.0,1.0,1.0,1.0,1.0,1.0,1.0,1.0,1.0,1.0,1.0,1.0,1.0,1.0,1.0,1.0,1.0,1.0,1.0,1.0,1.0,1.0,1.0,1.0,1.0,1.0,1.0,1.0,1.0,1.0,1.0,1.0,1.0,1.0,1.0,1.0,1.0,1.0,1.0,1.0,1.0,1.0,1.0,1.0,1.0,1.0,1.0,1.0,1.0,1.0,1.0,1.0,1.0,1.0,1.0,1.0,1.0,1.0,1.0,1.0,1.0,1.0,1.0,1.0,1.0,1.0,1.0,1.0,1.0,1.0,1.0,1.0,1.0,1.0,1.0,1.0,1.0,1.0,1.0,1.0,1.0,1.0,1.0,1.0,1.0,1.0,1.0,1.0,1.0,1.0,1.0,1.0,1.0,1.0,1.0,1.0,1.0,1.0,1.0,1.0,1.0,1.0,1.0,1.0,1.0,1.0,1.0,1.0,1.0,1.0,1.0,1.0,1.0,1.0,1.0,1.0,1.0,1.0,1.0,1.0,1.0,1.0,1.0,1.0,1.0,1.0,1.0,1.0,1.0,1.0,1.0,1.0,1.0,1.0,1.0,1.0,1.0,1.0,1.0,1.0,1.0,1.0,1.0,1.0,1.0,1.0,1.0,1.0,1.0,1.0,1.0,1.0,1.0,1.0,1.0,1.0,1.0,1.0,1.0,1.0,1.0,1.0,1.0,1.0,1.0,1.0,1.0,1.0,1.0,1.0,1.0,1.0
clef,CD006468,jev,0.0,0.8333333333333333,1.0,1.0,1.0,1.0,1.0,1.0,1.0,1.0,1.0,1.0,1.0,1.0,1.0,1.0,1.0,1.0,1.0,1.0,1.0,1.0,1.0,1.0,1.0,1.0,1.0,1.0,1.0,1.0,1.0,1.0,1.0,1.0,1.0,1.0,1.0,1.0,1.0,1.0,1.0,1.0,1.0,1.0,1.0,1.0,1.0,1.0,1.0,1.0,1.0,1.0,1.0,1.0,1.0,1.0,1.0,1.0,1.0,1.0,1.0,1.0,1.0,1.0,1.0,1.0,1.0,1.0,1.0,1.0,1.0,1.0,1.0,1.0,1.0,1.0,1.0,1.0,1.0,1.0,1.0,1.0,1.0,1.0,1.0,1.0,1.0,1.0,1.0,1.0,1.0,1.0,1.0,1.0,1.0,1.0,1.0,1.0,1.0,1.0,1.0,1.0,1.0,1.0,1.0,1.0,1.0,1.0,1.0,1.0,1.0,1.0,1.0,1.0,1.0,1.0,1.0,1.0,1.0,1.0,1.0,1.0,1.0,1.0,1.0,1.0,1.0,1.0,1.0,1.0,1.0,1.0,1.0,1.0,1.0,1.0,1.0,1.0,1.0,1.0,1.0,1.0,1.0,1.0,1.0,1.0,1.0,1.0,1.0,1.0,1.0,1.0,1.0,1.0,1.0,1.0,1.0,1.0,1.0,1.0,1.0,1.0,1.0,1.0,1.0,1.0,1.0,1.0,1.0,1.0,1.0,1.0,1.0,1.0,1.0,1.0,1.0,1.0,1.0,1.0,1.0,1.0,1.0,1.0,1.0,1.0,1.0,1.0,1.0,1.0,1.0,1.0,1.0,1.0,1.0,1.0,1.0,1.0,1.0,1.0,1.0
clef,CD007867,asr,0.0,0.15555555555555559,0.25555555555555554,0.32222222222222224,0.3777777777777779,0.4000000000000001,0.4000000000000001,0.4000000000000001,0.4666666666666667,0.5555555555555556,0.6222222222222222,0.6666666666666666,0.6777777777777777,0.7,0.8444444444444444,0.8777777777777779,0.8888888888888891,0.8888888888888891,0.8888888888888891,0.9000000000000001,0.9222222222222223,0.9333333333333333,0.9333333333333333,0.9333333333333333,0.9333333333333333,0.9333333333333333,0.9333333333333333,0.9333333333333333,0.9333333333333333,0.9333333333333333,0.9333333333333333,0.9333333333333333,0.9333333333333333,0.9333333333333333,0.9333333333333333,0.9333333333333333,0.9333333333333333,0.9333333333333333,0.9333333333333333,0.9333333333333333,0.9333333333333333,0.9333333333333333,0.9333333333333333,0.9333333333333333,0.9333333333333333,0.9333333333333333,0.9333333333333333,1.0,1.0,1.0,1.0,1.0,1.0,1.0,1.0,1.0,1.0,1.0,1.0,1.0,1.0,1.0,1.0,1.0,1.0,1.0,1.0,1.0,1.0,1.0,1.0,1.0,1.0,1.0,1.0,1.0,1.0,1.0,1.0,1.0,1.0,1.0,1.0,1.0,1.0,1.0,1.0,1.0,1.0,1.0,1.0,1.0,1.0,1.0,1.0,1.0,1.0,1.0,1.0,1.0,1.0,1.0,1.0,1.0,1.0,1.0,1.0,1.0,1.0,1.0,1.0,1.0,1.0,1.0,1.0,1.0,1.0,1.0,1.0,1.0,1.0,1.0,1.0,1.0,1.0,1.0,1.0,1.0,1.0,1.0,1.0,1.0,1.0,1.0,1.0,1.0,1.0,1.0,1.0,1.0,1.0,1.0,1.0,1.0,1.0,1.0,1.0,1.0,1.0,1.0,1.0,1.0,1.0,1.0,1.0,1.0,1.0,1.0,1.0,1.0,1.0,1.0,1.0,1.0,1.0,1.0,1.0,1.0,1.0,1.0,1.0,1.0,1.0,1.0,1.0,1.0,1.0,1.0,1.0,1.0,1.0,1.0,1.0,1.0,1.0,1.0,1.0,1.0,1.0,1.0,1.0,1.0,1.0,1.0,1.0,1.0,1.0,1.0,1.0,1.0,1.0
clef,CD007867,hybrid,0.0,0.4444444444444444,0.6666666666666666,0.6666666666666666,0.7777777777777778,0.8888888888888888,0.8888888888888888,0.8888888888888888,0.8888888888888888,1.0,1.0,1.0,1.0,1.0,1.0,1.0,1.0,1.0,1.0,1.0,1.0,1.0,1.0,1.0,1.0,1.0,1.0,1.0,1.0,1.0,1.0,1.0,1.0,1.0,1.0,1.0,1.0,1.0,1.0,1.0,1.0,1.0,1.0,1.0,1.0,1.0,1.0,1.0,1.0,1.0,1.0,1.0,1.0,1.0,1.0,1.0,1.0,1.0,1.0,1.0,1.0,1.0,1.0,1.0,1.0,1.0,1.0,1.0,1.0,1.0,1.0,1.0,1.0,1.0,1.0,1.0,1.0,1.0,1.0,1.0,1.0,1.0,1.0,1.0,1.0,1.0,1.0,1.0,1.0,1.0,1.0,1.0,1.0,1.0,1.0,1.0,1.0,1.0,1.0,1.0,1.0,1.0,1.0,1.0,1.0,1.0,1.0,1.0,1.0,1.0,1.0,1.0,1.0,1.0,1.0,1.0,1.0,1.0,1.0,1.0,1.0,1.0,1.0,1.0,1.0,1.0,1.0,1.0,1.0,1.0,1.0,1.0,1.0,1.0,1.0,1.0,1.0,1.0,1.0,1.0,1.0,1.0,1.0,1.0,1.0,1.0,1.0,1.0,1.0,1.0,1.0,1.0,1.0,1.0,1.0,1.0,1.0,1.0,1.0,1.0,1.0,1.0,1.0,1.0,1.0,1.0,1.0,1.0,1.0,1.0,1.0,1.0,1.0,1.0,1.0,1.0,1.0,1.0,1.0,1.0,1.0,1.0,1.0,1.0,1.0,1.0,1.0,1.0,1.0,1.0,1.0,1.0,1.0,1.0,1.0,1.0,1.0,1.0,1.0,1.0,1.0
clef,CD007867,jev,0.0,0.44444444444444453,0.5555555555555555,0.6666666666666667,0.7777777777777778,0.8888888888888891,0.8888888888888891,0.8888888888888891,0.8888888888888891,0.8888888888888891,0.8888888888888891,0.8888888888888891,0.9666666666666668,1.0,1.0,1.0,1.0,1.0,1.0,1.0,1.0,1.0,1.0,1.0,1.0,1.0,1.0,1.0,1.0,1.0,1.0,1.0,1.0,1.0,1.0,1.0,1.0,1.0,1.0,1.0,1.0,1.0,1.0,1.0,1.0,1.0,1.0,1.0,1.0,1.0,1.0,1.0,1.0,1.0,1.0,1.0,1.0,1.0,1.0,1.0,1.0,1.0,1.0,1.0,1.0,1.0,1.0,1.0,1.0,1.0,1.0,1.0,1.0,1.0,1.0,1.0,1.0,1.0,1.0,1.0,1.0,1.0,1.0,1.0,1.0,1.0,1.0,1.0,1.0,1.0,1.0,1.0,1.0,1.0,1.0,1.0,1.0,1.0,1.0,1.0,1.0,1.0,1.0,1.0,1.0,1.0,1.0,1.0,1.0,1.0,1.0,1.0,1.0,1.0,1.0,1.0,1.0,1.0,1.0,1.0,1.0,1.0,1.0,1.0,1.0,1.0,1.0,1.0,1.0,1.0,1.0,1.0,1.0,1.0,1.0,1.0,1.0,1.0,1.0,1.0,1.0,1.0,1.0,1.0,1.0,1.0,1.0,1.0,1.0,1.0,1.0,1.0,1.0,1.0,1.0,1.0,1.0,1.0,1.0,1.0,1.0,1.0,1.0,1.0,1.0,1.0,1.0,1.0,1.0,1.0,1.0,1.0,1.0,1.0,1.0,1.0,1.0,1.0,1.0,1.0,1.0,1.0,1.0,1.0,1.0,1.0,1.0,1.0,1.0,1.0,1.0,1.0,1.0,1.0,1.0,1.0,1.0,1.0,1.0,1.0,1.0
clef,CD008874,asr,0.0,0.050909090909090904,0.12000000000000002,0.18818181818181817,0.2609090909090909,0.33909090909090905,0.41090909090909095,0.4727272727272728,0.5245454545454545,0.5609090909090909,0.5881818181818181,0.6181818181818182,0.6436363636363637,0.680909090909091,0.7118181818181818,0.730909090909091,0.7554545454545456,0.7736363636363637,0.8090909090909092,0.849090909090909,0.8690909090909091,0.8827272727272728,0.8918181818181818,0.9072727272727272,0.9181818181818182,0.9236363636363636,0.9354545454545453,0.949090909090909,0.9545454545454548,0.9709090909090909,0.9727272727272729,0.9818181818181818,0.9818181818181818,0.9818181818181818,0.9818181818181818,0.9818181818181818,0.9818181818181818,0.9818181818181818,0.9818181818181818,0.9818181818181818,0.9818181818181818,0.9818181818181818,0.9818181818181818,0.9818181818181818,0.9818181818181818,0.9818181818181818,0.9818181818181818,0.9818181818181818,0.9818181818181818,0.9818181818181818,0.9818181818181818,0.9818181818181818,0.9818181818181818,0.9818181818181818,0.9818181818181818,0.9818181818181818,0.9818181818181818,0.9818181818181818,0.9818181818181818,0.9818181818181818,0.9818181818181818,0.9900000000000002,0.990909090909091,0.990909090909091,0.990909090909091,0.990909090909091,0.990909090909091,0.990909090909091,0.990909090909091,0.990909090909091,0.990909090909091,0.990909090909091,0.990909090909091,0.990909090909091,0.990909090909091,0.990909090909091,0.990909090909091,0.9972727272727273,0.9990909090909093,1.0,1.0,1.0,1.0,1.0,1.0,1.0,1.0,1.0,1.0,1.0,1.0,1.0,1.0,1.0,1.0,1.0,1.0,1.0,1.0,1.0,1.0,1.0,1.0,1.0,1.0,1.0,1.0,1.0,1.0,1.0,1.0,1.0,1.0,1.0,1.0,1.0,1.0,1.0,1.0,1.0,1.0,1.0,1.0,1.0,1.0,1.0,1.0,1.0,1.0,1.0,1.0,1.0,1.0,1.0,1.0,1.0,1.0,1.0,1.0,1.0,1.0,1.0,1.0,1.0,1.0,1.0,1.0,1.0,1.0,1.0,1.0,1.0,1.0,1.0,1.0,1.0,1.0,1.0,1.0,1.0,1.0,1.0,1.0,1.0,1.0,1.0,1.0,1.0,1.0,1.0,1.0,1.0,1.0,1.0,1.0,1.0,1.0,1.0,1.0,1.0,1.0,1.0,1.0,1.0,1.0,1.0,1.0,1.0,1.0,1.0,1.0,1.0,1.0,1.0,1.0,1.0,1.0,1.0,1.0,1.0,1.0
clef,CD008874,hybrid,0.0,0.06363636363636363,0.14545454545454545,0.23636363636363636,0.3181818181818182,0.36363636363636365,0.43636363636363634,0.5,0.5272727272727272,0.5818181818181818,0.6272727272727273,0.6363636363636364,0.6636363636363637,0.7,0.7181818181818181,0.7363636363636363,0.7818181818181819,0.8181818181818182,0.8272727272727273,0.8636363636363636,0.8636363636363636,0.8818181818181818,0.8818181818181818,0.9,0.9090909090909091,0.9090909090909091,0.9272727272727272,0.9454545454545454,0.9545454545454546,0.9545454545454546,0.9636363636363636,0.9818181818181818,0.990909090909091,0.990909090909091,0.990909090909091,0.990909090909091,0.990909090909091,0.990909090909091,0.990909090909091,0.990909090909091,0.990909090909091,0.990909090909091,0.990909090909091,0.990909090909091,0.990909090909091,1.0,1.0,1.0,1.0,1.0,1.0,1.0,1.0,1.0,1.0,1.0,1.0,1.0,1.0,1.0,1.0,1.0,1.0,1.0,1.0,1.0,1.0,1.0,1.0,1.0,1.0,1.0,1.0,1.0,1.0,1.0,1.0,1.0,1.0,1.0,1.0,1.0,1.0,1.0,1.0,1.0,1.0,1.0,1.0,1.0,1.0,1.0,1.0,1.0,1.0,1.0,1.0,1.0,1.0,1.0,1.0,1.0,1.0,1.0,1.0,1.0,1.0,1.0,1.0,1.0,1.0,1.0,1.0,1.0,1.0,1.0,1.0,1.0,1.0,1.0,1.0,1.0,1.0,1.0,1.0,1.0,1.0,1.0,1.0,1.0,1.0,1.0,1.0,1.0,1.0,1.0,1.0,1.0,1.0,1.0,1.0,1.0,1.0,1.0,1.0,1.0,1.0,1.0,1.0,1.0,1.0,1.0,1.0,1.0,1.0,1.0,1.0,1.0,1.0,1.0,1.0,1.0,1.0,1.0,1.0,1.0,1.0,1.0,1.0,1.0,1.0,1.0,1.0,1.0,1.0,1.0,1.0,1.0,1.0,1.0,1.0,1.0,1.0,1.0,1.0,1.0,1.0,1.0,1.0,1.0,1.0,1.0,1.0,1.0,1.0,1.0,1.0,1.0,1.0,1.0,1.0
clef,CD008874,jev,0.0,0.07999999999999999,0.1618181818181818,0.22454545454545452,0.29818181818181816,0.35181818181818186,0.41909090909090907,0.46818181818181814,0.5090909090909089,0.5309090909090909,0.5681818181818181,0.5909090909090909,0.6345454545454546,0.6727272727272727,0.7090909090909091,0.7090909090909091,0.718181818181818,0.7300000000000001,0.7590909090909091,0.7890909090909092,0.7972727272727272,0.8163636363636364,0.8272727272727274,0.8472727272727273,0.8618181818181817,0.8800000000000001,0.8818181818181818,0.9000000000000001,0.909090909090909,0.909090909090909,0.9290909090909091,0.9363636363636363,0.9363636363636363,0.9418181818181818,0.9490909090909092,0.9545454545454548,0.9563636363636364,0.9618181818181819,0.9654545454545455,0.9709090909090909,0.9754545454545454,0.9781818181818182,0.9818181818181818,0.9845454545454546,0.989090909090909,0.990909090909091,0.990909090909091,0.990909090909091,0.990909090909091,0.9918181818181818,0.9945454545454545,0.9954545454545455,0.9972727272727273,0.9981818181818181,1.0,1.0,1.0,1.0,1.0,1.0,1.0,1.0,1.0,1.0,1.0,1.0,1.0,1.0,1.0,1.0,1.0,1.0,1.0,1.0,1.0,1.0,1.0,1.0,1.0,1.0,1.0,1.0,1.0,1.0,1.0,1.0,1.0,1.0,1.0,1.0,1.0,1.0,1.0,1.0,1.0,1.0,1.0,1.0,1.0,1.0,1.0,1.0,1.0,1.0,1.0,1.0,1.0,1.0,1.0,1.0,1.0,1.0,1.0,1.0,1.0,1.0,1.0,1.0,1.0,1.0,1.0,1.0,1.0,1.0,1.0,1.0,1.0,1.0,1.0,1.0,1.0,1.0,1.0,1.0,1.0,1.0,1.0,1.0,1.0,1.0,1.0,1.0,1.0,1.0,1.0,1.0,1.0,1.0,1.0,1.0,1.0,1.0,1.0,1.0,1.0,1.0,1.0,1.0,1.0,1.0,1.0,1.0,1.0,1.0,1.0,1.0,1.0,1.0,1.0,1.0,1.0,1.0,1.0,1.0,1.0,1.0,1.0,1.0,1.0,1.0,1.0,1.0,1.0,1.0,1.0,1.0,1.0,1.0,1.0,1.0,1.0,1.0,1.0,1.0,1.0,1.0,1.0,1.0,1.0,1.0,1.0
clef,CD009044,asr,0.0,1.0,1.0,1.0,1.0,1.0,1.0,1.0,1.0,1.0,1.0,1.0,1.0,1.0,1.0,1.0,1.0,1.0,1.0,1.0,1.0,1.0,1.0,1.0,1.0,1.0,1.0,1.0,1.0,1.0,1.0,1.0,1.0,1.0,1.0,1.0,1.0,1.0,1.0,1.0,1.0,1.0,1.0,1.0,1.0,1.0,1.0,1.0,1.0,1.0,1.0,1.0,1.0,1.0,1.0,1.0,1.0,1.0,1.0,1.0,1.0,1.0,1.0,1.0,1.0,1.0,1.0,1.0,1.0,1.0,1.0,1.0,1.0,1.0,1.0,1.0,1.0,1.0,1.0,1.0,1.0,1.0,1.0,1.0,1.0,1.0,1.0,1.0,1.0,1.0,1.0,1.0,1.0,1.0,1.0,1.0,1.0,1.0,1.0,1.0,1.0,1.0,1.0,1.0,1.0,1.0,1.0,1.0,1.0,1.0,1.0,1.0,1.0,1.0,1.0,1.0,1.0,1.0,1.0,1.0,1.0,1.0,1.0,1.0,1.0,1.0,1.0,1.0,1.0,1.0,1.0,1.0,1.0,1.0,1.0,1.0,1.0,1.0,1.0,1.0,1.0,1.0,1.0,1.0,1.0,1.0,1.0,1.0,1.0,1.0,1.0,1.0,1.0,1.0,1.0,1.0,1.0,1.0,1.0,1.0,1.0,1.0,1.0,1.0,1.0,1.0,1.0,1.0,1.0,1.0,1.0,1.0,1.0,1.0,1.0,1.0,1.0,1.0,1.0,1.0,1.0,1.0,1.0,1.0,1.0,1.0,1.0,1.0,1.0,1.0,1.0,1.0,1.0,1.0,1.0,1.0,1.0,1.0,1.0,1.0,1.0
clef,CD009044,hybrid,0.0,0.0,0.0,1.0,1.0,1.0,1.0,1.0,1.0,1.0,1.0,1.0,1.0,1.0,1.0,1.0,1.0,1.0,1.0,1.0,1.0,1.0,1.0,1.0,1.0,1.0,1.0,1.0,1.0,1.0,1.0,1.0,1.0,1.0,1.0,1.0,1.0,1.0,1.0,1.0,1.0,1.0,1.0,1.0,1.0,1.0,1.0,1.0,1.0,1.0,1.0,1.0,1.0,1.0,1.0,1.0,1.0,1.0,1.0,1.0,1.0,1.0,1.0,1.0,1.0,1.0,1.0,1.0,1.0,1.0,1.0,1.0,1.0,1.0,1.0,1.0,1.0,1.0,1.0,1.0,1.0,1.0,1.0,1.0,1.0,1.0,1.0,1.0,1.0,1.0,1.0,1.0,1.0,1.0,1.0,1.0,1.0,1.0,1.0,1.0,1.0,1.0,1.0,1.0,1.0,1.0,1.0,1.0,1.0,1.0,1.0,1.0,1.0,1.0,1.0,1.0,1.0,1.0,1.0,1.0,1.0,1.0,1.0,1.0,1.0,1.0,1.0,1.0,1.0,1.0,1.0,1.0,1.0,1.0,1.0,1.0,1.0,1.0,1.0,1.0,1.0,1.0,1.0,1.0,1.0,1.0,1.0,1.0,1.0,1.0,1.0,1.0,1.0,1.0,1.0,1.0,1.0,1.0,1.0,1.0,1.0,1.0,1.0,1.0,1.0,1.0,1.0,1.0,1.0,1.0,1.0,1.0,1.0,1.0,1.0,1.0,1.0,1.0,1.0,1.0,1.0,1.0,1.0,1.0,1.0,1.0,1.0,1.0,1.0,1.0,1.0,1.0,1.0,1.0,1.0,1.0,1.0,1.0,1.0,1.0,1.0
clef,CD009044,jev,0.0,0.0,0.0,1.0,1.0,1.0,1.0,1.0,1.0,1.0,1.0,1.0,1.0,1.0,1.0,1.0,1.0,1.0,1.0,1.0,1.0,1.0,1.0,1.0,1.0,1.0,1.0,1.0,1.0,1.0,1.0,1.0,1.0,1.0,1.0,1.0,1.0,1.0,1.0,1.0,1.0,1.0,1.0,1.0,1.0,1.0,1.0,1.0,1.0,1.0,1.0,1.0,1.0,1.0,1.0,1.0,1.0,1.0,1.0,1.0,1.0,1.0,1.0,1.0,1.0,1.0,1.0,1.0,1.0,1.0,1.0,1.0,1.0,1.0,1.0,1.0,1.0,1.0,1.0,1.0,1.0,1.0,1.0,1.0,1.0,1.0,1.0,1.0,1.0,1.0,1.0,1.0,1.0,1.0,1.0,1.0,1.0,1.0,1.0,1.0,1.0,1.0,1.0,1.0,1.0,1.0,1.0,1.0,1.0,1.0,1.0,1.0,1.0,1.0,1.0,1.0,1.0,1.0,1.0,1.0,1.0,1.0,1.0,1.0,1.0,1.0,1.0,1.0,1.0,1.0,1.0,1.0,1.0,1.0,1.0,1.0,1.0,1.0,1.0,1.0,1.0,1.0,1.0,1.0,1.0,1.0,1.0,1.0,1.0,1.0,1.0,1.0,1.0,1.0,1.0,1.0,1.0,1.0,1.0,1.0,1.0,1.0,1.0,1.0,1.0,1.0,1.0,1.0,1.0,1.0,1.0,1.0,1.0,1.0,1.0,1.0,1.0,1.0,1.0,1.0,1.0,1.0,1.0,1.0,1.0,1.0,1.0,1.0,1.0,1.0,1.0,1.0,1.0,1.0,1.0,1.0,1.0,1.0,1.0,1.0,1.0
clef,CD009069,asr,0.0,0.4,0.48,0.48,0.5999999999999999,0.7999999999999999,0.7999999999999999,0.7999999999999999,0.7999999999999999,0.7999999999999999,0.7999999999999999,0.7999999999999999,0.7999999999999999,0.7999999999999999,0.7999999999999999,0.7999999999999999,0.7999999999999999,0.7999999999999999,0.7999999999999999,0.7999999999999999,0.7999999999999999,0.7999999999999999,0.7999999999999999,0.7999999999999999,0.7999999999999999,0.7999999999999999,0.7999999999999999,0.7999999999999999,0.7999999999999999,0.7999999999999999,0.7999999999999999,0.7999999999999999,0.9800000000000001,1.0,1.0,1.0,1.0,1.0,1.0,1.0,1.0,1.0,1.0,1.0,1.0,1.0,1.0,1.0,1.0,1.0,1.0,1.0,1.0,1.0,1.0,1.0,1.0,1.0,1.0,1.0,1.0,1.0,1.0,1.0,1.0,1.0,1.0,1.0,1.0,1.0,1.0,1.0,1.0,1.0,1.0,1.0,1.0,1.0,1.0,1.0,1.0,1.0,1.0,1.0,1.0,1.0,1.0,1.0,1.0,1.0,1.0,1.0,1.0,1.0,1.0,1.0,1.0,1.0,1.0,1.0,1.0,1.0,1.0,1.0,1.0,1.0,1.0,1.0,1.0,1.0,1.0,1.0,1.0,1.0,1.0,1.0,1.0,1.0,1.0,1.0,1.0,1.0,1.0,1.0,1.0,1.0,1.0,1.0,1.0,1.0,1.0,1.0,1.0,1.0,1.0,1.0,1.0,1.0,1.0,1.0,1.0,1.0,1.0,1.0,1.0,1.0,1.0,1.0,1.0,1.0,1.0,1.0,1.0,1.0,1.0,1.0,1.0,1.0,1.0,1.0,1.0,1.0,1.0,1.0,1.0,1.0,1.0,1.0,1.0,1.0,1.0,1.0,1.0,1.0,1.0,1.0,1.0,1.0,1.0,1.0,1.0,1.0,1.0,1.0,1.0,1.0,1.0,1.0,1.0,1.0,1.0,1.0,1.0,1.0,1.0,1.0,1.0,1.0,1.0,1.0,1.0
clef,CD009069,hybrid,0.0,0.0,0.2,0.8,0.8,0.8,0.8,0.8,0.8,0.8,0.8,0.8,0.8,1.0,1.0,1.0,1.0,1.0,1.0,1.0,1.0,1.0,1.0,1.0,1.0,1.0,1.0,1.0,1.0,1.0,1.0,1.0,1.0,1.0,1.0,1.0,1.0,1.0,1.0,1.0,1.0,1.0,1.0,1.0,1.0,1.0,1.0,1.0,1.0,1.0,1.0,1.0,1.0,1.0,1.0,1.0,1.0,1.0,1.0,1.0,1.0,1.0,1.0,1.0,1.0,1.0,1.0,1.0,1.0,1.0,1.0,1.0,1.0,1.0,1.0,1.0,1.0,1.0,1.0,1.0,1.0,1.0,1.0,1.0,1.0,1.0,1.0,1.0,1.0,1.0,1.0,1.0,1.0,1.0,1.0,1.0,1.0,1.0,1.0,1.0,1.0,1.0,1.0,1.0,1.0,1.0,1.0,1.0,1.0,1.0,1.0,1.0,1.0,1.0,1.0,1.0,1.0,1.0,1.0,1.0,1.0,1.0,1.0,1.0,1.0,1.0,1.0,1.0,1.0,1.0,1.0,1.0,1.0,1.0,1.0,1.0,1.0,1.0,1.0,1.0,1.0,1.0,1.0,1.0,1.0,1.0,1.0,1.0,1.0,1.0,1.0,1.0,1.0,1.0,1.0,1.0,1.0,1.0,1.0,1.0,1.0,1.0,1.0,1.0,1.0,1.0,1.0,1.0,1.0,1.0,1.0,1.0,1.0,1.0,1.0,1.0,1.0,1.0,1.0,1.0,1.0,1.0,1.0,1.0,1.0,1.0,1.0,1.0,1.0,1.0,1.0,1.0,1.0,1.0,1.0,1.0,1.0,1.0,1.0,1.0,1.0
clef,CD009069,jev,0.0,0.06000000000000001,0.19999999999999998,0.19999999999999998,0.7,0.7999999999999999,0.7999999999999999,0.7999999999999999,0.7999999999999999,1.0,1.0,1.0,1.0,1.0,1.0,1.0,1.0,1.0,1.0,1.0,1.0,1.0,1.0,1.0,1.0,1.0,1.0,1.0,1.0,1.0,1.0,1.0,1.0,1.0,1.0,1.0,1.0,1.0,1.0,1.0,1.0,1.0,1.0,1.0,1.0,1.0,1.0,1.0,1.0,1.0,1.0,1.0,1.0,1.0,1.0,1.0,1.0,1.0,1.0,1.0,1.0,1.0,1.0,1.0,1.0,1.0,1.0,1.0,1.0,1.0,1.0,1.0,1.0,1.0,1.0,1.0,1.0,1.0,1.0,1.0,1.0,1.0,1.0,1.0,1.0,1.0,1.0,1.0,1.0,1.0,1.0,1.0,1.0,1.0,1.0,1.0,1.0,1.0,1.0,1.0,1.0,1.0,1.0,1.0,1.0,1.0,1.0,1.0,1.0,1.0,1.0,1.0,1.0,1.0,1.0,1.0,1.0,1.0,1.0,1.0,1.0,1.0,1.0,1.0,1.0,1.0,1.0,1.0,1.0,1.0,1.0,1.0,1.0,1.0,1.0,1.0,1.0,1.0,1.0,1.0,1.0,1.0,1.0,1.0,1.0,1.0,1.0,1.0,1.0,1.0,1.0,1.0,1.0,1.0,1.0,1.0,1.0,1.0,1.0,1.0,1.0,1.0,1.0,1.0,1.0,1.0,1.0,1.0,1.0,1.0,1.0,1.0,1.0,1.0,1.0,1.0,1.0,1.0,1.0,1.0,1.0,1.0,1.0,1.0,1.0,1.0,1.0,1.0,1.0,1.0,1.0,1.0,1.0,1.0,1.0,1.0,1.0,1.0,1.0,1.0,1.0
clef,CD009642,asr,0.0,0.11000000000000001,0.258,0.41200000000000003,0.5680000000000001,0.692,0.768,0.8160000000000001,0.8720000000000001,0.8960000000000001,0.9279999999999999,0.944,0.9719999999999999,0.9800000000000002,0.9800000000000002,0.9800000000000002,0.9800000000000002,0.9800000000000002,0.9800000000000002,0.9800000000000002,0.9800000000000002,0.9800000000000002,0.9800000000000002,0.9800000000000002,0.9800000000000002,0.9800000000000002,0.9800000000000002,0.9800000000000002,0.9800000000000002,0.9800000000000002,0.9800000000000002,0.9800000000000002,0.9800000000000002,0.9800000000000002,0.9800000000000002,0.9800000000000002,0.9800000000000002,0.9800000000000002,0.9800000000000002,0.9800000000000002,0.9800000000000002,0.9800000000000002,0.9800000000000002,0.9800000000000002,0.9800000000000002,0.9800000000000002,0.9800000000000002,0.9800000000000002,0.9800000000000002,0.9800000000000002,0.9800000000000002,0.9800000000000002,0.9800000000000002,0.9800000000000002,0.9800000000000002,0.9800000000000002,0.9800000000000002,0.9800000000000002,0.9800000000000002,0.9800000000000002,0.9800000000000002,0.9800000000000002,0.9800000000000002,0.9800000000000002,0.9800000000000002,0.9800000000000002,0.9800000000000002,0.9800000000000002,0.9800000000000002,0.9800000000000002,0.9800000000000002,0.9800000000000002,0.99,1.0,1.0,1.0,1.0,1.0,1.0,1.0,1.0,1.0,1.0,1.0,1.0,1.0,1.0,1.0,1.0,1.0,1.0,1.0,1.0,1.0,1.0,1.0,1.0,1.0,1.0,1.0,1.0,1.0,1.0,1.0,1.0,1.0,1.0,1.0,1.0,1.0,1.0,1.0,1.0,1.0,1.0,1.0,1.0,1.0,1.0,1.0,1.0,1.0,1.0,1.0,1.0,1.0,1.0,1.0,1.0,1.0,1.0,1.0,1.0,1.0,1.0,1.0,1.0,1.0,1.0,1.0,1.0,1.0,1.0,1.0,1.0,1.0,1.0,1.0,1.0,1.0,1.0,1.0,1.0,1.0,1.0,1.0,1.0,1.0,1.0,1.0,1.0,1.0,1.0,1.0,1.0,1.0,1.0,1.0,1.0,1.0,1.0,1.0,1.0,1.0,1.0,1.0,1.0,1.0,1.0,1.0,1.0,1.0,1.0,1.0,1.0,1.0,1.0,1.0,1.0,1.0,1.0,1.0,1.0,1.0,1.0,1.0,1.0,1.0,1.0,1.0,1.0
clef,CD009642,hybrid,0.0,0.16,0.34,0.5,0.68,0.8,0.92,0.98,0.98,0.98,0.98,0.98,0.98,0.98,0.98,0.98,0.98,0.98,0.98,1.0,1.0,1.0,1.0,1.0,1.0,1.0,1.0,1.0,1.0,1.0,1.0,1.0,1.0,1.0,1.0,1.0,1.0,1.0,1.0,1.0,1.0,1.0,1.0,1.0,1.0,1.0,1.0,1.0,1.0,1.0,1.0,1.0,1.0,1.0,1.0,1.0,1.0,1.0,1.0,1.0,1.0,1.0,1.0,1.0,1.0,1.0,1.0,1.0,1.0,1.0,1.0,1.0,1.0,1.0,1.0,1.0,1.0,1.0,1.0,1.0,1.0,1.0,1.0,1.0,1.0,1.0,1.0,1.0,1.0,1.0,1.0,1.0,1.0,1.0,1.0,1.0,1.0,1.0,1.0,1.0,1.0,1.0,1.0,1.0,1.0,1.0,1.0,1.0,1.0,1.0,1.0,1.0,1.0,1.0,1.0,1.0,1.0,1.0,1.0,1.0,1.0,1.0,1.0,1.0,1.0,1.0,1.0,1.0,1.0,1.0,1.0,1.0,1.0,1.0,1.0,1.0,1.0,1.0,1.0,1.0,1.0,1.0,1.0,1.0,1.0,1.0,1.0,1.0,1.0,1.0,1.0,1.0,1.0,1.0,1.0,1.0,1.0,1.0,1.0,1.0,1.0,1.0,1.0,1.0,1.0,1.0,1.0,1.0,1.0,1.0,1.0,1.0,1.0,1.0,1.0,1.0,1.0,1.0,1.0,1.0,1.0,1.0,1.0,1.0,1.0,1.0,1.0,1.0,1.0,1.0,1.0,1.0,1.0,1.0,1.0,1.0,1.0,1.0,1.0,1.0,1.0
clef,CD009642,jev,0.0,0.15999999999999998,0.35999999999999993,0.522,0.692,0.7999999999999999,0.9000000000000001,0.9600000000000002,0.9800000000000002,0.9800000000000002,0.9800000000000002,0.9800000000000002,0.9800000000000002,0.9800000000000002,0.9800000000000002,0.9940000000000001,1.0,1.0,1.0,1.0,1.0,1.0,1.0,1.0,1.0,1.0,1.0,1.0,1.0,1.0,1.0,1.0,1.0,1.0,1.0,1.0,1.0,1.0,1.0,1.0,1.0,1.0,1.0,1.0,1.0,1.0,1.0,1.0,1.0,1.0,1.0,1.0,1.0,1.0,1.0,1.0,1.0,1.0,1.0,1.0,1.0,1.0,1.0,1.0,1.0,1.0,1.0,1.0,1.0,1.0,1.0,1.0,1.0,1.0,1.0,1.0,1.0,1.0,1.0,1.0,1.0,1.0,1.0,1.0,1.0,1.0,1.0,1.0,1.0,1.0,1.0,1.0,1.0,1.0,1.0,1.0,1.0,1.0,1.0,1.0,1.0,1.0,1.0,1.0,1.0,1.0,1.0,1.0,1.0,1.0,1.0,1.0,1.0,1.0,1.0,1.0,1.0,1.0,1.0,1.0,1.0,1.0,1.0,1.0,1.0,1.0,1.0,1.0,1.0,1.0,1.0,1.0,1.0,1.0,1.0,1.0,1.0,1.0,1.0,1.0,1.0,1.0,1.0,1.0,1.0,1.0,1.0,1.0,1.0,1.0,1.0,1.0,1.0,1.0,1.0,1.0,1.0,1.0,1.0,1.0,1.0,1.0,1.0,1.0,1.0,1.0,1.0,1.0,1.0,1.0,1.0,1.0,1.0,1.0,1.0,1.0,1.0,1.0,1.0,1.0,1.0,1.0,1.0,1.0,1.0,1.0,1.0,1.0,1.0,1.0,1.0,1.0,1.0,1.0,1.0,1.0,1.0,1.0,1.0,1.0,1.0
clef,CD010038,asr,0.0,0.20000000000000004,0.3111111111111111,0.4,0.4111111111111111,0.45555555555555555,0.48888888888888893,0.6888888888888889,0.8,0.8444444444444444,0.8666666666666668,0.8666666666666668,0.8777777777777779,0.8777777777777779,0.8777777777777779,0.9000000000000001,0.9000000000000001,0.9000000000000001,0.9000000000000001,0.9000000000000001,0.9000000000000001,0.9000000000000001,1.0,1.0,1.0,1.0,1.0,1.0,1.0,1.0,1.0,1.0,1.0,1.0,1.0,1.0,1.0,1.0,1.0,1.0,1.0,1.0,1.0,1.0,1.0,1.0,1.0,1.0,1.0,1.0,1.0,1.0,1.0,1.0,1.0,1.0,1.0,1.0,1.0,1.0,1.0,1.0,1.0,1.0,1.0,1.0,1.0,1.0,1.0,1.0,1.0,1.0,1.0,1.0,1.0,1.0,1.0,1.0,1.0,1.0,1.0,1.0,1.0,1.0,1.0,1.0,1.0,1.0,1.0,1.0,1.0,1.0,1.0,1.0,1.0,1.0,1.0,1.0,1.0,1.0,1.0,1.0,1.0,1.0,1.0,1.0,1.0,1.0,1.0,1.0,1.0,1.0,1.0,1.0,1.0,1.0,1.0,1.0,1.0,1.0,1.0,1.0,1.0,1.0,1.0,1.0,1.0,1.0,1.0,1.0,1.0,1.0,1.0,1.0,1.0,1.0,1.0,1.0,1.0,1.0,1.0,1.0,1.0,1.0,1.0,1.0,1.0,1.0,1.0,1.0,1.0,1.0,1.0,1.0,1.0,1.0,1.0,1.0,1.0,1.0,1.0,1.0,1.0,1.0,1.0,1.0,1.0,1.0,1.0,1.0,1.0,1.0,1.0,1.0,1.0,1.0,1.0,1.0,1.0,1.0,1.0,1.0,1.0,1.0,1.0,1.0,1.0,1.0,1.0,1.0,1.0,1.0,1.0,1.0,1.0,1.0,1.0,1.0,1.0,1.0,1.0
clef,CD010038,hybrid,0.0,1.0,1.0,1.0,1.0,1.0,1.0,1.0,1.0,1.0,1.0,1.0,1.0,1.0,1.0,1.0,1.0,1.0,1.0,1.0,1.0,1.0,1.0,1.0,1.0,1.0,1.0,1.0,1.0,1.0,1.0,1.0,1.0,1.0,1.0,1.0,1.0,1.0,1.0,1.0,1.0,1.0,1.0,1.0,1.0,1.0,1.0,1.0,1.0,1.0,1.0,1.0,1.0,1.0,1.0,1.0,1.0,1.0,1.0,1.0,1.0,1.0,1.0,1.0,1.0,1.0,1.0,1.0,1.0,1.0,1.0,1.0,1.0,1.0,1.0,1.0,1.0,1.0,1.0,1.0,1.0,1.0,1.0,1.0,1.0,1.0,1.0,1.0,1.0,1.0,1.0,1.0,1.0,1.0,1.0,1.0,1.0,1.0,1.0,1.0,1.0,1.0,1.0,1.0,1.0,1.0,1.0,1.0,1.0,1.0,1.0,1.0,1.0,1.0,1.0,1.0,1.0,1.0,1.0,1.0,1.0,1.0,1.0,1.0,1.0,1.0,1.0,1.0,1.0,1.0,1.0,1.0,1.0,1.0,1.0,1.0,1.0,1.0,1.0,1.0,1.0,1.0,1.0,1.0,1.0,1.0,1.0,1.0,1.0,1.0,1.0,1.0,1.0,1.0,1.0,1.0,1.0,1.0,1.0,1.0,1.0,1.0,1.0,1.0,1.0,1.0,1.0,1.0,1.0,1.0,1.0,1.0,1.0,1.0,1.0,1.0,1.0,1.0,1.0,1.0,1.0,1.0,1.0,1.0,1.0,1.0,1.0,1.0,1.0,1.0,1.0,1.0,1.0,1.0,1.0,1.0,1.0,1.0,1.0,1.0,1.0
clef,CD010038,jev,0.0,0.9888888888888889,1.0,1.0,1.0,1.0,1.0,1.0,1.0,1.0,1.0,1.0,1.0,1.0,1.0,1.0,1.0,1.0,1.0,1.0,1.0,1.0,1.0,1.0,1.0,1.0,1.0,1.0,1.0,1.0,1.0,1.0,1.0,1.0,1.0,1.0,1.0,1.0,1.0,1.0,1.0,1.0,1.0,1.0,1.0,1.0,1.0,1.0,1.0,1.0,1.0,1.0,1.0,1.0,1.0,1.0,1.0,1.0,1.0,1.0,1.0,1.0,1.0,1.0,1.0,1.0,1.0,1.0,1.0,1.0,1.0,1.0,1.0,1.0,1.0,1.0,1.0,1.0,1.0,1.0,1.0,1.0,1.0,1.0,1.0,1.0,1.0,1.0,1.0,1.0,1.0,1.0,1.0,1.0,1.0,1.0,1.0,1.0,1.0,1.0,1.0,1.0,1.0,1.0,1.0,1.0,1.0,1.0,1.0,1.0,1.0,1.0,1.0,1.0,1.0,1.0,1.0,1.0,1.0,1.0,1.0,1.0,1.0,1.0,1.0,1.0,1.0,1.0,1.0,1.0,1.0,1.0,1.0,1.0,1.0,1.0,1.0,1.0,1.0,1.0,1.0,1.0,1.0,1.0,1.0,1.0,1.0,1.0,1.0,1.0,1.0,1.0,1.0,1.0,1.0,1.0,1.0,1.0,1.0,1.0,1.0,1.0,1.0,1.0,1.0,1.0,1.0,1.0,1.0,1.0,1.0,1.0,1.0,1.0,1.0,1.0,1.0,1.0,1.0,1.0,1.0,1.0,1.0,1.0,1.0,1.0,1.0,1.0,1.0,1.0,1.0,1.0,1.0,1.0,1.0,1.0,1.0,1.0,1.0,1.0,1.0
clef,CD010239,asr,0.0,0.09999999999999999,0.09999999999999999,0.19999999999999998,0.29999999999999993,0.39999999999999997,0.5,0.5999999999999999,0.7000000000000001,0.89,0.93,0.99,1.0,1.0,1.0,1.0,1.0,1.0,1.0,1.0,1.0,1.0,1.0,1.0,1.0,1.0,1.0,1.0,1.0,1.0,1.0,1.0,1.0,1.0,1.0,1.0,1.0,1.0,1.0,1.0,1.0,1.0,1.0,1.0,1.0,1.0,1.0,1.0,1.0,1.0,1.0,1.0,1.0,1.0,1.0,1.0,1.0,1.0,1.0,1.0,1.0,1.0,1.0,1.0,1.0,1.0,1.0,1.0,1.0,1.0,1.0,1.0,1.0,1.0,1.0,1.0,1.0,1.0,1.0,1.0,1.0,1.0,1.0,1.0,1.0,1.0,1.0,1.0,1.0,1.0,1.0,1.0,1.0,1.0,1.0,1.0,1.0,1.0,1.0,1.0,1.0,1.0,1.0,1.0,1.0,1.0,1.0,1.0,1.0,1.0,1.0,1.0,1.0,1.0,1.0,1.0,1.0,1.0,1.0,1.0,1.0,1.0,1.0,1.0,1.0,1.0,1.0,1.0,1.0,1.0,1.0,1.0,1.0,1.0,1.0,1.0,1.0,1.0,1.0,1.0,1.0,1.0,1.0,1.0,1.0,1.0,1.0,1.0,1.0,1.0,1.0,1.0,1.0,1.0,1.0,1.0,1.0,1.0,1.0,1.0,1.0,1.0,1.0,1.0,1.0,1.0,1.0,1.0,1.0,1.0,1.0,1.0,1.0,1.0,1.0,1.0,1.0,1.0,1.0,1.0,1.0,1.0,1.0,1.0,1.0,1.0,1.0,1.0,1.0,1.0,1.0,1.0,1.0,1.0,1.0,1.0,1.0,1.0,1.0,1.0,1.0
clef,CD010239,hybrid,0.0,0.1,0.2,0.3,0.4,0.5,0.6,0.7,0.8,0.9,1.0,1.0,1.0,1.0,1.0,1.0,1.0,1.0,1.0,1.0,1.0,1.0,1.0,1.0,1.0,1.0,1.0,1.0,1.0,1.0,1.0,1.0,1.0,1.0,1.0,1.0,1.0,1.0,1.0,1.0,1.0,1.0,1.0,1.0,1.0,1.0,1.0,1.0,1.0,1.0,1.0,1.0,1.0,1.0,1.0,1.0,1.0,1.0,1.0,1.0,1.0,1.0,1.0,1.0,1.0,1.0,1.0,1.0,1.0,1.0,1.0,1.0,1.0,1.0,1.0,1.0,1.0,1.0,1.0,1.0,1.0,1.0,1.0,1.0,1.0,1.0,1.0,1.0,1.0,1.0,1.0,1.0,1.0,1.0,1.0,1.0,1.0,1.0,1.0,1.0,1.0,1.0,1.0,1.0,1.0,1.0,1.0,1.0,1.0,1.0,1.0,1.0,1.0,1.0,1.0,1.0,1.0,1.0,1.0,1.0,1.0,1.0,1.0,1.0,1.0,1.0,1.0,1.0,1.0,1.0,1.0,1.0,1.0,1.0,1.0,1.0,1.0,1.0,1.0,1.0,1.0,1.0,1.0,1.0,1.0,1.0,1.0,1.0,1.0,1.0,1.0,1.0,1.0,1.0,1.0,1.0,1.0,1.0,1.0,1.0,1.0,1.0,1.0,1.0,1.0,1.0,1.0,1.0,1.0,1.0,1.0,1.0,1.0,1.0,1.0,1.0,1.0,1.0,1.0,1.0,1.0,1.0,1.0,1.0,1.0,1.0,1.0,1.0,1.0,1.0,1.0,1.0,1.0,1.0,1.0,1.0,1.0,1.0,1.0,1.0,1.0
clef,CD010239,jev,0.0,0.09999999999999999,0.19999999999999998,0.29999999999999993,0.39999999999999997,0.5,0.5999999999999999,0.7000000000000001,0.7999999999999999,0.9000000000000001,0.9000000000000001,0.9000000000000001,1.0,1.0,1.0,1.0,1.0,1.0,1.0,1.0,1.0,1.0,1.0,1.0,1.0,1.0,1.0,1.0,1.0,1.0,1.0,1.0,1.0,1.0,1.0,1.0,1.0,1.0,1.0,1.0,1.0,1.0,1.0,1.0,1.0,1.0,1.0,1.0,1.0,1.0,1.0,1.0,1.0,1.0,1.0,1.0,1.0,1.0,1.0,1.0,1.0,1.0,1.0,1.0,1.0,1.0,1.0,1.0,1.0,1.0,1.0,1.0,1.0,1.0,1.0,1.0,1.0,1.0,1.0,1.0,1.0,1.0,1.0,1.0,1.0,1.0,1.0,1.0,1.0,1.0,1.0,1.0,1.0,1.0,1.0,1.0,1.0,1.0,1.0,1.0,1.0,1.0,1.0,1.0,1.0,1.0,1.0,1.0,1.0,1.0,1.0,1.0,1.0,1.0,1.0,1.0,1.0,1.0,1.0,1.0,1.0,1.0,1.0,1.0,1.0,1.0,1.0,1.0,1.0,1.0,1.0,1.0,1.0,1.0,1.0,1.0,1.0,1.0,1.0,1.0,1.0,1.0,1.0,1.0,1.0,1.0,1.0,1.0,1.0,1.0,1.0,1.0,1.0,1.0,1.0,1.0,1.0,1.0,1.0,1.0,1.0,1.0,1.0,1.0,1.0,1.0,1.0,1.0,1.0,1.0,1.0,1.0,1.0,1.0,1.0,1.0,1.0,1.0,1.0,1.0,1.0,1.0,1.0,1.0,1.0,1.0,1.0,1.0,1.0,1.0,1.0,1.0,1.0,1.0,1.0,1.0,1.0,1.0,1.0,1.0,1.0
clef,CD010558,asr,0.0,0.52,0.56,0.56,0.56,0.6199999999999999,0.6199999999999999,0.6799999999999999,0.7499999999999999,0.8300000000000001,0.8300000000000001,0.8400000000000001,0.86,0.86,0.86,0.86,0.9,1.0,1.0,1.0,1.0,1.0,1.0,1.0,1.0,1.0,1.0,1.0,1.0,1.0,1.0,1.0,1.0,1.0,1.0,1.0,1.0,1.0,1.0,1.0,1.0,1.0,1.0,1.0,1.0,1.0,1.0,1.0,1.0,1.0,1.0,1.0,1.0,1.0,1.0,1.0,1.0,1.0,1.0,1.0,1.0,1.0,1.0,1.0,1.0,1.0,1.0,1.0,1.0,1.0,1.0,1.0,1.0,1.0,1.0,1.0,1.0,1.0,1.0,1.0,1.0,1.0,1.0,1.0,1.0,1.0,1.0,1.0,1.0,1.0,1.0,1.0,1.0,1.0,1.0,1.0,1.0,1.0,1.0,1.0,1.0,1.0,1.0,1.0,1.0,1.0,1.0,1.0,1.0,1.0,1.0,1.0,1.0,1.0,1.0,1.0,1.0,1.0,1.0,1.0,1.0,1.0,1.0,1.0,1.0,1.0,1.0,1.0,1.0,1.0,1.0,1.0,1.0,1.0,1.0,1.0,1.0,1.0,1.0,1.0,1.0,1.0,1.0,1.0,1.0,1.0,1.0,1.0,1.0,1.0,1.0,1.0,1.0,1.0,1.0,1.0,1.0,1.0,1.0,1.0,1.0,1.0,1.0,1.0,1.0,1.0,1.0,1.0,1.0,1.0,1.0,1.0,1.0,1.0,1.0,1.0,1.0,1.0,1.0,1.0,1.0,1.0,1.0,1.0,1.0,1.0,1.0,1.0,1.0,1.0,1.0,1.0,1.0,1.0,1.0,1.0,1.0,1.0,1.0,1.0,1.0
clef,CD010558,hybrid,0.0,0.9,0.9,0.9,0.9,0.9,0.9,1.0,1.0,1.0,1.0,1.0,1.0,1.0,1.0,1.0,1.0,1.0,1.0,1.0,1.0,1.0,1.0,1.0,1.0,1.0,1.0,1.0,1.0,1.0,1.0,1.0,1.0,1.0,1.0,1.0,1.0,1.0,1.0,1.0,1.0,1.0,1.0,1.0,1.0,1.0,1.0,1.0,1.0,1.0,1.0,1.0,1.0,1.0,1.0,1.0,1.0,1.0,1.0,1.0,1.0,1.0,1.0,1.0,1.0,1.0,1.0,1.0,1.0,1.0,1.0,1.0,1.0,1.0,1.0,1.0,1.0,1.0,1.0,1.0,1.0,1.0,1.0,1.0,1.0,1.0,1.0,1.0,1.0,1.0,1.0,1.0,1.0,1.0,1.0,1.0,1.0,1.0,1.0,1.0,1.0,1.0,1.0,1.0,1.0,1.0,1.0,1.0,1.0,1.0,1.0,1.0,1.0,1.0,1.0,1.0,1.0,1.0,1.0,1.0,1.0,1.0,1.0,1.0,1.0,1.0,1.0,1.0,1.0,1.0,1.0,1.0,1.0,1.0,1.0,1.0,1.0,1.0,1.0,1.0,1.0,1.0,1.0,1.0,1.0,1.0,1.0,1.0,1.0,1.0,1.0,1.0,1.0,1.0,1.0,1.0,1.0,1.0,1.0,1.0,1.0,1.0,1.0,1.0,1.0,1.0,1.0,1.0,1.0,1.0,1.0,1.0,1.0,1.0,1.0,1.0,1.0,1.0,1.0,1.0,1.0,1.0,1.0,1.0,1.0,1.0,1.0,1.0,1.0,1.0,1.0,1.0,1.0,1.0,1.0,1.0,1.0,1.0,1.0,1.0,1.0
clef,CD010558,jev,0.0,0.5999999999999999,0.9000000000000001,0.9000000000000001,0.9000000000000001,0.9000000000000001,0.9000000000000001,0.9000000000000001,0.9000000000000001,0.9000000000000001,0.9000000000000001,0.9000000000000001,0.9000000000000001,0.9000000000000001,0.9000000000000001,0.9000000000000001,0.9000000000000001,0.9000000000000001,0.9000000000000001,0.9000000000000001,0.9000000000000001,0.9000000000000001,0.9000000000000001,0.9000000000000001,0.9000000000000001,0.9000000000000001,0.9000000000000001,0.9000000000000001,0.9000000000000001,0.9000000000000001,0.9000000000000001,0.9000000000000001,0.9000000000000001,0.9000000000000001,0.9000000000000001,0.9000000000000001,0.9000000000000001,0.9000000000000001,0.9000000000000001,0.9000000000000001,0.9000000000000001,0.9000000000000001,0.9000000000000001,0.9000000000000001,0.9000000000000001,0.9000000000000001,0.9000000000000001,0.9000000000000001,0.9000000000000001,0.9000000000000001,0.9000000000000001,0.9000000000000001,0.9000000000000001,0.9000000000000001,0.9000000000000001,0.9000000000000001,0.9000000000000001,0.9000000000000001,0.9000000000000001,0.9000000000000001,0.9000000000000001,0.9000000000000001,0.9000000000000001,0.9000000000000001,0.9000000000000001,0.9000000000000001,0.93,0.9400000000000001,0.9500000000000002,0.9500000000000002,0.9500000000000002,0.9600000000000002,0.9700000000000001,0.9800000000000001,1.0,1.0,1.0,1.0,1.0,1.0,1.0,1.0,1.0,1.0,1.0,1.0,1.0,1.0,1.0,1.0,1.0,1.0,1.0,1.0,1.0,1.0,1.0,1.0,1.0,1.0,1.0,1.0,1.0,1.0,1.0,1.0,1.0,1.0,1.0,1.0,1.0,1.0,1.0,1.0,1.0,1.0,1.0,1.0,1.0,1.0,1.0,1.0,1.0,1.0,1.0,1.0,1.0,1.0,1.0,1.0,1.0,1.0,1.0,1.0,1.0,1.0,1.0,1.0,1.0,1.0,1.0,1.0,1.0,1.0,1.0,1.0,1.0,1.0,1.0,1.0,1.0,1.0,1.0,1.0,1.0,1.0,1.0,1.0,1.0,1.0,1.0,1.0,1.0,1.0,1.0,1.0,1.0,1.0,1.0,1.0,1.0,1.0,1.0,1.0,1.0,1.0,1.0,1.0,1.0,1.0,1.0,1.0,1.0,1.0,1.0,1.0,1.0,1.0,1.0,1.0,1.0,1.0,1.0,1.0,1.0,1.0,1.0,1.0,1.0,1.0,1.0
clef,CD010753,asr,0.0,0.10999999999999999,0.24000000000000005,0.265,0.31500000000000006,0.365,0.425,0.4450000000000001,0.4750000000000001,0.505,0.55,0.5999999999999999,0.635,0.6849999999999998,0.7,0.765,0.8099999999999999,0.8650000000000002,0.89,0.9000000000000001,0.9000000000000001,0.9000000000000001,0.9000000000000001,0.9000000000000001,0.9000000000000001,0.9000000000000001,0.9000000000000001,0.9000000000000001,0.9000000000000001,0.9000000000000001,0.9000000000000001,0.9000000000000001,0.9000000000000001,0.9000000000000001,0.9000000000000001,0.9000000000000001,0.9000000000000001,0.9000000000000001,0.9000000000000001,0.9000000000000001,0.9000000000000001,0.9349999999999999,0.95,0.95,0.95,0.95,0.97,0.9949999999999999,1.0,1.0,1.0,1.0,1.0,1.0,1.0,1.0,1.0,1.0,1.0,1.0,1.0,1.0,1.0,1.0,1.0,1.0,1.0,1.0,1.0,1.0,1.0,1.0,1.0,1.0,1.0,1.0,1.0,1.0,1.0,1.0,1.0,1.0,1.0,1.0,1.0,1.0,1.0,1.0,1.0,1.0,1.0,1.0,1.0,1.0,1.0,1.0,1.0,1.0,1.0,1.0,1.0,1.0,1.0,1.0,1.0,1.0,1.0,1.0,1.0,1.0,1.0,1.0,1.0,1.0,1.0,1.0,1.0,1.0,1.0,1.0,1.0,1.0,1.0,1.0,1.0,1.0,1.0,1.0,1.0,1.0,1.0,1.0,1.0,1.0,1.0,1.0,1.0,1.0,1.0,1.0,1.0,1.0,1.0,1.0,1.0,1.0,1.0,1.0,1.0,1.0,1.0,1.0,1.0,1.0,1.0,1.0,1.0,1.0,1.0,1.0,1.0,1.0,1.0,1.0,1.0,1.0,1.0,1.0,1.0,1.0,1.0,1.0,1.0,1.0,1.0,1.0,1.0,1.0,1.0,1.0,1.0,1.0,1.0,1.0,1.0,1.0,1.0,1.0,1.0,1.0,1.0,1.0,1.0,1.0,1.0,1.0,1.0,1.0,1.0,1.0,1.0
clef,CD010753,hybrid,0.0,0.25,0.5,0.6,0.7,0.75,0.75,0.85,0.85,0.85,0.85,0.95,0.95,0.95,0.95,1.0,1.0,1.0,1.0,1.0,1.0,1.0,1.0,1.0,1.0,1.0,1.0,1.0,1.0,1.0,1.0,1.0,1.0,1.0,1.0,1.0,1.0,1.0,1.0,1.0,1.0,1.0,1.0,1.0,1.0,1.0,1.0,1.0,1.0,1.0,1.0,1.0,1.0,1.0,1.0,1.0,1.0,1.0,1.0,1.0,1.0,1.0,1.0,1.0,1.0,1.0,1.0,1.0,1.0,1.0,1.0,1.0,1.0,1.0,1.0,1.0,1.0,1.0,1.0,1.0,1.0,1.0,1.0,1.0,1.0,1.0,1.0,1.0,1.0,1.0,1.0,1.0,1.0,1.0,1.0,1.0,1.0,1.0,1.0,1.0,1.0,1.0,1.0,1.0,1.0,1.0,1.0,1.0,1.0,1.0,1.0,1.0,1.0,1.0,1.0,1.0,1.0,1.0,1.0,1.0,1.0,1.0,1.0,1.0,1.0,1.0,1.0,1.0,1.0,1.0,1.0,1.0,1.0,1.0,1.0,1.0,1.0,1.0,1.0,1.0,1.0,1.0,1.0,1.0,1.0,1.0,1.0,1.0,1.0,1.0,1.0,1.0,1.0,1.0,1.0,1.0,1.0,1.0,1.0,1.0,1.0,1.0,1.0,1.0,1.0,1.0,1.0,1.0,1.0,1.0,1.0,1.0,1.0,1.0,1.0,1.0,1.0,1.0,1.0,1.0,1.0,1.0,1.0,1.0,1.0,1.0,1.0,1.0,1.0,1.0,1.0,1.0,1.0,1.0,1.0,1.0,1.0,1.0,1.0,1.0,1.0
clef,CD010753,jev,0.0,0.35000000000000003,0.52,0.5999999999999999,0.6200000000000001,0.6500000000000001,0.6500000000000001,0.7000000000000001,0.75,0.75,0.75,0.75,0.7999999999999999,0.7999999999999999,0.7999999999999999,0.82,0.8800000000000001,0.9000000000000001,0.9000000000000001,0.9349999999999999,0.95,0.95,0.9800000000000001,1.0,1.0,1.0,1.0,1.0,1.0,1.0,1.0,1.0,1.0,1.0,1.0,1.0,1.0,1.0,1.0,1.0,1.0,1.0,1.0,1.0,1.0,1.0,1.0,1.0,1.0,1.0,1.0,1.0,1.0,1.0,1.0,1.0,1.0,1.0,1.0,1.0,1.0,1.0,1.0,1.0,1.0,1.0,1.0,1.0,1.0,1.0,1.0,1.0,1.0,1.0,1.0,1.0,1.0,1.0,1.0,1.0,1.0,1.0,1.0,1.0,1.0,1.0,1.0,1.0,1.0,1.0,1.0,1.0,1.0,1.0,1.0,1.0,1.0,1.0,1.0,1.0,1.0,1.0,1.0,1.0,1.0,1.0,1.0,1.0,1.0,1.0,1.0,1.0,1.0,1.0,1.0,1.0,1.0,1.0,1.0,1.0,1.0,1.0,1.0,1.0,1.0,1.0,1.0,1.0,1.0,1.0,1.0,1.0,1.0,1.0,1.0,1.0,1.0,1.0,1.0,1.0,1.0,1.0,1.0,1.0,1.0,1.0,1.0,1.0,1.0,1.0,1.0,1.0,1.0,1.0,1.0,1.0,1.0,1.0,1.0,1.0,1.0,1.0,1.0,1.0,1.0,1.0,1.0,1.0,1.0,1.0,1.0,1.0,1.0,1.0,1.0,1.0,1.0,1.0,1.0,1.0,1.0,1.0,1.0,1.0,1.0,1.0,1.0,1.0,1.0,1.0,1.0,1.0,1.0,1.0,1.0,1.0,1.0,1.0,1.0,1.0,1.0
clef,CD011571,asr,0.0,0.0,0.16666666666666669,0.16666666666666669,0.16666666666666669,0.2,0.3166666666666667,0.38333333333333336,0.38333333333333336,0.4499999999999999,0.4499999999999999,0.4999999999999999,0.4999999999999999,0.5666666666666667,0.5999999999999999,0.5999999999999999,0.7166666666666666,0.85,0.8666666666666666,0.8666666666666666,0.9,0.9166666666666667,0.9166666666666667,0.9166666666666667,0.9166666666666667,0.9166666666666667,0.9166666666666667,0.9666666666666668,0.9833333333333334,1.0,1.0,1.0,1.0,1.0,1.0,1.0,1.0,1.0,1.0,1.0,1.0,1.0,1.0,1.0,1.0,1.0,1.0,1.0,1.0,1.0,1.0,1.0,1.0,1.0,1.0,1.0,1.0,1.0,1.0,1.0,1.0,1.0,1.0,1.0,1.0,1.0,1.0,1.0,1.0,1.0,1.0,1.0,1.0,1.0,1.0,1.0,1.0,1.0,1.0,1.0,1.0,1.0,1.0,1.0,1.0,1.0,1.0,1.0,1.0,1.0,1.0,1.0,1.0,1.0,1.0,1.0,1.0,1.0,1.0,1.0,1.0,1.0,1.0,1.0,1.0,1.0,1.0,1.0,1.0,1.0,1.0,1.0,1.0,1.0,1.0,1.0,1.0,1.0,1.0,1.0,1.0,1.0,1.0,1.0,1.0,1.0,1.0,1.0,1.0,1.0,1.0,1.0,1.0,1.0,1.0,1.0,1.0,1.0,1.0,1.0,1.0,1.0,1.0,1.0,1.0,1.0,1.0,1.0,1.0,1.0,1.0,1.0,1.0,1.0,1.0,1.0,1.0,1.0,1.0,1.0,1.0,1.0,1.0,1.0,1.0,1.0,1.0,1.0,1.0,1.0,1.0,1.0,1.0,1.0,1.0,1.0,1.0,1.0,1.0,1.0,1.0,1.0,1.0,1.0,1.0,1.0,1.0,1.0,1.0,1.0,1.0,1.0,1.0,1.0,1.0,1.0,1.0,1.0,1.0,1.0,1.0
clef,CD011571,hybrid,0.0,0.0,0.16666666666666666,0.3333333333333333,0.3333333333333333,0.5,0.6666666666666666,0.6666666666666666,0.6666666666666666,0.8333333333333334,0.8333333333333334,1.0,1.0,1.0,1.0,1.0,1.0,1.0,1.0,1.0,1.0,1.0,1.0,1.0,1.0,1.0,1.0,1.0,1.0,1.0,1.0,1.0,1.0,1.0,1.0,1.0,1.0,1.0,1.0,1.0,1.0,1.0,1.0,1.0,1.0,1.0,1.0,1.0,1.0,1.0,1.0,1.0,1.0,1.0,1.0,1.0,1.0,1.0,1.0,1.0,1.0,1.0,1.0,1.0,1.0,1.0,1.0,1.0,1.0,1.0,1.0,1.0,1.0,1.0,1.0,1.0,1.0,1.0,1.0,1.0,1.0,1.0,1.0,1.0,1.0,1.0,1.0,1.0,1.0,1.0,1.0,1.0,1.0,1.0,1.0,1.0,1.0,1.0,1.0,1.0,1.0,1.0,1.0,1.0,1.0,1.0,1.0,1.0,1.0,1.0,1.0,1.0,1.0,1.0,1.0,1.0,1.0,1.0,1.0,1.0,1.0,1.0,1.0,1.0,1.0,1.0,1.0,1.0,1.0,1.0,1.0,1.0,1.0,1.0,1.0,1.0,1.0,1.0,1.0,1.0,1.0,1.0,1.0,1.0,1.0,1.0,1.0,1.0,1.0,1.0,1.0,1.0,1.0,1.0,1.0,1.0,1.0,1.0,1.0,1.0,1.0,1.0,1.0,1.0,1.0,1.0,1.0,1.0,1.0,1.0,1.0,1.0,1.0,1.0,1.0,1.0,1.0,1.0,1.0,1.0,1.0,1.0,1.0,1.0,1.0,1.0,1.0,1.0,1.0,1.0,1.0,1.0,1.0,1.0,1.0,1.0,1.0,1.0,1.0,1.0,1.0
clef,CD011571,jev,0.0,0.0,0.16666666666666669,0.33333333333333337,0.33333333333333337,0.5,0.6666666666666667,0.6666666666666667,0.6666666666666667,0.8333333333333333,0.8333333333333333,1.0,1.0,1.0,1.0,1.0,1.0,1.0,1.0,1.0,1.0,1.0,1.0,1.0,1.0,1.0,1.0,1.0,1.0,1.0,1.0,1.0,1.0,1.0,1.0,1.0,1.0,1.0,1.0,1.0,1.0,1.0,1.0,1.0,1.0,1.0,1.0,1.0,1.0,1.0,1.0,1.0,1.0,1.0,1.0,1.0,1.0,1.0,1.0,1.0,1.0,1.0,1.0,1.0,1.0,1.0,1.0,1.0,1.0,1.0,1.0,1.0,1.0,1.0,1.0,1.0,1.0,1.0,1.0,1.0,1.0,1.0,1.0,1.0,1.0,1.0,1.0,1.0,1.0,1.0,1.0,1.0,1.0,1.0,1.0,1.0,1.0,1.0,1.0,1.0,1.0,1.0,1.0,1.0,1.0,1.0,1.0,1.0,1.0,1.0,1.0,1.0,1.0,1.0,1.0,1.0,1.0,1.0,1.0,1.0,1.0,1.0,1.0,1.0,1.0,1.0,1.0,1.0,1.0,1.0,1.0,1.0,1.0,1.0,1.0,1.0,1.0,1.0,1.0,1.0,1.0,1.0,1.0,1.0,1.0,1.0,1.0,1.0,1.0,1.0,1.0,1.0,1.0,1.0,1.0,1.0,1.0,1.0,1.0,1.0,1.0,1.0,1.0,1.0,1.0,1.0,1.0,1.0,1.0,1.0,1.0,1.0,1.0,1.0,1.0,1.0,1.0,1.0,1.0,1.0,1.0,1.0,1.0,1.0,1.0,1.0,1.0,1.0,1.0,1.0,1.0,1.0,1.0,1.0,1.0,1.0,1.0,1.0,1.0,1.0,1.0
clef,CD011686,asr,0.0,0.8,1.0,1.0,1.0,1.0,1.0,1.0,1.0,1.0,1.0,1.0,1.0,1.0,1.0,1.0,1.0,1.0,1.0,1.0,1.0,1.0,1.0,1.0,1.0,1.0,1.0,1.0,1.0,1.0,1.0,1.0,1.0,1.0,1.0,1.0,1.0,1.0,1.0,1.0,1.0,1.0,1.0,1.0,1.0,1.0,1.0,1.0,1.0,1.0,1.0,1.0,1.0,1.0,1.0,1.0,1.0,1.0,1.0,1.0,1.0,1.0,1.0,1.0,1.0,1.0,1.0,1.0,1.0,1.0,1.0,1.0,1.0,1.0,1.0,1.0,1.0,1.0,1.0,1.0,1.0,1.0,1.0,1.0,1.0,1.0,1.0,1.0,1.0,1.0,1.0,1.0,1.0,1.0,1.0,1.0,1.0,1.0,1.0,1.0,1.0,1.0,1.0,1.0,1.0,1.0,1.0,1.0,1.0,1.0,1.0,1.0,1.0,1.0,1.0,1.0,1.0,1.0,1.0,1.0,1.0,1.0,1.0,1.0,1.0,1.0,1.0,1.0,1.0,1.0,1.0,1.0,1.0,1.0,1.0,1.0,1.0,1.0,1.0,1.0,1.0,1.0,1.0,1.0,1.0,1.0,1.0,1.0,1.0,1.0,1.0,1.0,1.0,1.0,1.0,1.0,1.0,1.0,1.0,1.0,1.0,1.0,1.0,1.0,1.0,1.0,1.0,1.0,1.0,1.0,1.0,1.0,1.0,1.0,1.0,1.0,1.0,1.0,1.0,1.0,1.0,1.0,1.0,1.0,1.0,1.0,1.0,1.0,1.0,1.0,1.0,1.0,1.0,1.0,1.0,1.0,1.0,1.0,1.0,1.0,1.0
clef,CD011686,hybrid,0.0,1.0,1.0,1.0,1.0,1.0,1.0,1.0,1.0,1.0,1.0,1.0,1.0,1.0,1.0,1.0,1.0,1.0,1.0,1.0,1.0,1.0,1.0,1.0,1.0,1.0,1.0,1.0,1.0,1.0,1.0,1.0,1.0,1.0,1.0,1.0,1.0,1.0,1.0,1.0,1.0,1.0,1.0,1.0,1.0,1.0,1.0,1.0,1.0,1.0,1.0,1.0,1.0,1.0,1.0,1.0,1.0,1.0,1.0,1.0,1.0,1.0,1.0,1.0,1.0,1.0,1.0,1.0,1.0,1.0,1.0,1.0,1.0,1.0,1.0,1.0,1.0,1.0,1.0,1.0,1.0,1.0,1.0,1.0,1.0,1.0,1.0,1.0,1.0,1.0,1.0,1.0,1.0,1.0,1.0,1.0,1.0,1.0,1.0,1.0,1.0,1.0,1.0,1.0,1.0,1.0,1.0,1.0,1.0,1.0,1.0,1.0,1.0,1.0,1.0,1.0,1.0,1.0,1.0,1.0,1.0,1.0,1.0,1.0,1.0,1.0,1.0,1.0,1.0,1.0,1.0,1.0,1.0,1.0,1.0,1.0,1.0,1.0,1.0,1.0,1.0,1.0,1.0,1.0,1.0,1.0,1.0,1.0,1.0,1.0,1.0,1.0,1.0,1.0,1.0,1.0,1.0,1.0,1.0,1.0,1.0,1.0,1.0,1.0,1.0,1.0,1.0,1.0,1.0,1.0,1.0,1.0,1.0,1.0,1.0,1.0,1.0,1.0,1.0,1.0,1.0,1.0,1.0,1.0,1.0,1.0,1.0,1.0,1.0,1.0,1.0,1.0,1.0,1.0,1.0,1.0,1.0,1.0,1.0,1.0,1.0
clef,CD011686,jev,0.0,1.0,1.0,1.0,1.0,1.0,1.0,1.0,1.0,1.0,1.0,1.0,1.0,1.0,1.0,1.0,1.0,1.0,1.0,1.0,1.0,1.0,1.0,1.0,1.0,1.0,1.0,1.0,1.0,1.0,1.0,1.0,1.0,1.0,1.0,1.0,1.0,1.0,1.0,1.0,1.0,1.0,1.0,1.0,1.0,1.0,1.0,1.0,1.0,1.0,1.0,1.0,1.0,1.0,1.0,1.0,1.0,1.0,1.0,1.0,1.0,1.0,1.0,1.0,1.0,1.0,1.0,1.0,1.0,1.0,1.0,1.0,1.0,1.0,1.0,1.0,1.0,1.0,1.0,1.0,1.0,1.0,1.0,1.0,1.0,1.0,1.0,1.0,1.0,1.0,1.0,1.0,1.0,1.0,1.0,1.0,1.0,1.0,1.0,1.0,1.0,1.0,1.0,1.0,1.0,1.0,1.0,1.0,1.0,1.0,1.0,1.0,1.0,1.0,1.0,1.0,1.0,1.0,1.0,1.0,1.0,1.0,1.0,1.0,1.0,1.0,1.0,1.0,1.0,1.0,1.0,1.0,1.0,1.0,1.0,1.0,1.0,1.0,1.0,1.0,1.0,1.0,1.0,1.0,1.0,1.0,1.0,1.0,1.0,1.0,1.0,1.0,1.0,1.0,1.0,1.0,1.0,1.0,1.0,1.0,1.0,1.0,1.0,1.0,1.0,1.0,1.0,1.0,1.0,1.0,1.0,1.0,1.0,1.0,1.0,1.0,1.0,1.0,1.0,1.0,1.0,1.0,1.0,1.0,1.0,1.0,1.0,1.0,1.0,1.0,1.0,1.0,1.0,1.0,1.0,1.0,1.0,1.0,1.0,1.0,1.0
clef,CD011768,asr,0.0,0.192,0.43200000000000005,0.712,0.8720000000000001,0.8960000000000001,0.8960000000000001,0.908,0.9440000000000002,0.9640000000000001,0.968,0.968,0.968,0.968,1.0,1.0,1.0,1.0,1.0,1.0,1.0,1.0,1.0,1.0,1.0,1.0,1.0,1.0,1.0,1.0,1.0,1.0,1.0,1.0,1.0,1.0,1.0,1.0,1.0,1.0,1.0,1.0,1.0,1.0,1.0,1.0,1.0,1.0,1.0,1.0,1.0,1.0,1.0,1.0,1.0,1.0,1.0,1.0,1.0,1.0,1.0,1.0,1.0,1.0,1.0,1.0,1.0,1.0,1.0,1.0,1.0,1.0,1.0,1.0,1.0,1.0,1.0,1.0,1.0,1.0,1.0,1.0,1.0,1.0,1.0,1.0,1.0,1.0,1.0,1.0,1.0,1.0,1.0,1.0,1.0,1.0,1.0,1.0,1.0,1.0,1.0,1.0,1.0,1.0,1.0,1.0,1.0,1.0,1.0,1.0,1.0,1.0,1.0,1.0,1.0,1.0,1.0,1.0,1.0,1.0,1.0,1.0,1.0,1.0,1.0,1.0,1.0,1.0,1.0,1.0,1.0,1.0,1.0,1.0,1.0,1.0,1.0,1.0,1.0,1.0,1.0,1.0,1.0,1.0,1.0,1.0,1.0,1.0,1.0,1.0,1.0,1.0,1.0,1.0,1.0,1.0,1.0,1.0,1.0,1.0,1.0,1.0,1.0,1.0,1.0,1.0,1.0,1.0,1.0,1.0,1.0,1.0,1.0,1.0,1.0,1.0,1.0,1.0,1.0,1.0,1.0,1.0,1.0,1.0,1.0,1.0,1.0,1.0,1.0,1.0,1.0,1.0,1.0,1.0,1.0,1.0,1.0,1.0,1.0,1.0,1.0
clef,CD011768,hybrid,0.0,0.76,0.84,0.96,1.0,1.0,1.0,1.0,1.0,1.0,1.0,1.0,1.0,1.0,1.0,1.0,1.0,1.0,1.0,1.0,1.0,1.0,1.0,1.0,1.0,1.0,1.0,1.0,1.0,1.0,1.0,1.0,1.0,1.0,1.0,1.0,1.0,1.0,1.0,1.0,1.0,1.0,1.0,1.0,1.0,1.0,1.0,1.0,1.0,1.0,1.0,1.0,1.0,1.0,1.0,1.0,1.0,1.0,1.0,1.0,1.0,1.0,1.0,1.0,1.0,1.0,1.0,1.0,1.0,1.0,1.0,1.0,1.0,1.0,1.0,1.0,1.0,1.0,1.0,1.0,1.0,1.0,1.0,1.0,1.0,1.0,1.0,1.0,1.0,1.0,1.0,1.0,1.0,1.0,1.0,1.0,1.0,1.0,1.0,1.0,1.0,1.0,1.0,1.0,1.0,1.0,1.0,1.0,1.0,1.0,1.0,1.0,1.0,1.0,1.0,1.0,1.0,1.0,1.0,1.0,1.0,1.0,1.0,1.0,1.0,1.0,1.0,1.0,1.0,1.0,1.0,1.0,1.0,1.0,1.0,1.0,1.0,1.0,1.0,1.0,1.0,1.0,1.0,1.0,1.0,1.0,1.0,1.0,1.0,1.0,1.0,1.0,1.0,1.0,1.0,1.0,1.0,1.0,1.0,1.0,1.0,1.0,1.0,1.0,1.0,1.0,1.0,1.0,1.0,1.0,1.0,1.0,1.0,1.0,1.0,1.0,1.0,1.0,1.0,1.0,1.0,1.0,1.0,1.0,1.0,1.0,1.0,1.0,1.0,1.0,1.0,1.0,1.0,1.0,1.0,1.0,1.0,1.0,1.0,1.0,1.0
clef,CD011768,jev,0.0,0.7199999999999999,0.8800000000000001,0.9600000000000002,1.0,1.0,1.0,1.0,1.0,1.0,1.0,1.0,1.0,1.0,1.0,1.0,1.0,1.0,1.0,1.0,1.0,1.0,1.0,1.0,1.0,1.0,1.0,1.0,1.0,1.0,1.0,1.0,1.0,1.0,1.0,1.0,1.0,1.0,1.0,1.0,1.0,1.0,1.0,1.0,1.0,1.0,1.0,1.0,1.0,1.0,1.0,1.0,1.0,1.0,1.0,1.0,1.0,1.0,1.0,1.0,1.0,1.0,1.0,1.0,1.0,1.0,1.0,1.0,1.0,1.0,1.0,1.0,1.0,1.0,1.0,1.0,1.0,1.0,1.0,1.0,1.0,1.0,1.0,1.0,1.0,1.0,1.0,1.0,1.0,1.0,1.0,1.0,1.0,1.0,1.0,1.0,1.0,1.0,1.0,1.0,1.0,1.0,1.0,1.0,1.0,1.0,1.0,1.0,1.0,1.0,1.0,1.0,1.0,1.0,1.0,1.0,1.0,1.0,1.0,1.0,1.0,1.0,1.0,1.0,1.0,1.0,1.0,1.0,1.0,1.0,1.0,1.0,1.0,1.0,1.0,1.0,1.0,1.0,1.0,1.0,1.0,1.0,1.0,1.0,1.0,1.0,1.0,1.0,1.0,1.0,1.0,1.0,1.0,1.0,1.0,1.0,1.0,1.0,1.0,1.0,1.0,1.0,1.0,1.0,1.0,1.0,1.0,1.0,1.0,1.0,1.0,1.0,1.0,1.0,1.0,1.0,1.0,1.0,1.0,1.0,1.0,1.0,1.0,1.0,1.0,1.0,1.0,1.0,1.0,1.0,1.0,1.0,1.0,1.0,1.0,1.0,1.0,1.0,1.0,1.0,1.0
clef,CD011787,asr,0.0,0.18571428571428572,0.43928571428571433,0.5392857142857144,0.6678571428571429,0.7214285714285715,0.8285714285714285,0.8892857142857142,0.8928571428571429,0.8964285714285716,0.8964285714285716,0.8964285714285716,0.8964285714285716,0.8964285714285716,0.8964285714285716,0.9000000000000001,0.9321428571428572,0.9607142857142856,0.9642857142857142,0.9642857142857142,0.9642857142857142,0.9642857142857142,0.9642857142857142,0.9642857142857142,0.9642857142857142,0.9642857142857142,0.9642857142857142,0.9642857142857142,0.9642857142857142,0.9642857142857142,0.9642857142857142,0.9642857142857142,0.9642857142857142,0.9642857142857142,0.9642857142857142,0.9642857142857142,0.9642857142857142,0.9642857142857142,0.9642857142857142,0.9642857142857142,0.9642857142857142,0.9642857142857142,0.9642857142857142,0.9642857142857142,0.9642857142857142,0.9642857142857142,0.9642857142857142,0.9642857142857142,0.9642857142857142,0.9642857142857142,0.9642857142857142,0.9642857142857142,0.9642857142857142,0.9642857142857142,0.9642857142857142,0.9642857142857142,0.9642857142857142,0.9642857142857142,0.9642857142857142,0.9642857142857142,0.9642857142857142,0.9642857142857142,0.9642857142857142,0.9642857142857142,0.9642857142857142,0.9642857142857142,0.9642857142857142,0.9642857142857142,0.9642857142857142,0.9642857142857142,0.9642857142857142,0.9642857142857142,0.9964285714285713,1.0,1.0,1.0,1.0,1.0,1.0,1.0,1.0,1.0,1.0,1.0,1.0,1.0,1.0,1.0,1.0,1.0,1.0,1.0,1.0,1.0,1.0,1.0,1.0,1.0,1.0,1.0,1.0,1.0,1.0,1.0,1.0,1.0,1.0,1.0,1.0,1.0,1.0,1.0,1.0,1.0,1.0,1.0,1.0,1.0,1.0,1.0,1.0,1.0,1.0,1.0,1.0,1.0,1.0,1.0,1.0,1.0,1.0,1.0,1.0,1.0,1.0,1.0,1.0,1.0,1.0,1.0,1.0,1.0,1.0,1.0,1.0,1.0,1.0,1.0,1.0,1.0,1.0,1.0,1.0,1.0,1.0,1.0,1.0,1.0,1.0,1.0,1.0,1.0,1.0,1.0,1.0,1.0,1.0,1.0,1.0,1.0,1.0,1.0,1.0,1.0,1.0,1.0,1.0,1.0,1.0,1.0,1.0,1.0,1.0,1.0,1.0,1.0,1.0,1.0,1.0,1.0,1.0,1.0,1.0,1.0,1.0,1.0,1.0,1.0,1.0,1.0,1.0
clef,CD011787,hybrid,0.0,0.4642857142857143,0.6785714285714286,0.8214285714285714,0.8214285714285714,0.8928571428571429,0.8928571428571429,0.8928571428571429,0.8928571428571429,0.9285714285714286,0.9642857142857143,0.9642857142857143,0.9642857142857143,1.0,1.0,1.0,1.0,1.0,1.0,1.0,1.0,1.0,1.0,1.0,1.0,1.0,1.0,1.0,1.0,1.0,1.0,1.0,1.0,1.0,1.0,1.0,1.0,1.0,1.0,1.0,1.0,1.0,1.0,1.0,1.0,1.0,1.0,1.0,1.0,1.0,1.0,1.0,1.0,1.0,1.0,1.0,1.0,1.0,1.0,1.0,1.0,1.0,1.0,1.0,1.0,1.0,1.0,1.0,1.0,1.0,1.0,1.0,1.0,1.0,1.0,1.0,1.0,1.0,1.0,1.0,1.0,1.0,1.0,1.0,1.0,1.0,1.0,1.0,1.0,1.0,1.0,1.0,1.0,1.0,1.0,1.0,1.0,1.0,1.0,1.0,1.0,1.0,1.0,1.0,1.0,1.0,1.0,1.0,1.0,1.0,1.0,1.0,1.0,1.0,1.0,1.0,1.0,1.0,1.0,1.0,1.0,1.0,1.0,1.0,1.0,1.0,1.0,1.0,1.0,1.0,1.0,1.0,1.0,1.0,1.0,1.0,1.0,1.0,1.0,1.0,1.0,1.0,1.0,1.0,1.0,1.0,1.0,1.0,1.0,1.0,1.0,1.0,1.0,1.0,1.0,1.0,1.0,1.0,1.0,1.0,1.0,1.0,1.0,1.0,1.0,1.0,1.0,1.0,1.0,1.0,1.0,1.0,1.0,1.0,1.0,1.0,1.0,1.0,1.0,1.0,1.0,1.0,1.0,1.0,1.0,1.0,1.0,1.0,1.0,1.0,1.0,1.0,1.0,1.0,1.0,1.0,1.0,1.0,1.0,1.0,1.0
clef,CD011787,jev,0.0,0.4714285714285714,0.6857142857142858,0.75,0.7928571428571428,0.857142857142857,0.8928571428571429,0.8928571428571429,0.9642857142857142,0.9642857142857142,0.9642857142857142,1.0,1.0,1.0,1.0,1.0,1.0,1.0,1.0,1.0,1.0,1.0,1.0,1.0,1.0,1.0,1.0,1.0,1.0,1.0,1.0,1.0,1.0,1.0,1.0,1.0,1.0,1.0,1.0,1.0,1.0,1.0,1.0,1.0,1.0,1.0,1.0,1.0,1.0,1.0,1.0,1.0,1.0,1.0,1.0,1.0,1.0,1.0,1.0,1.0,1.0,1.0,1.0,1.0,1.0,1.0,1.0,1.0,1.0,1.0,1.0,1.0,1.0,1.0,1.0,1.0,1.0,1.0,1.0,1.0,1.0,1.0,1.0,1.0,1.0,1.0,1.0,1.0,1.0,1.0,1.0,1.0,1.0,1.0,1.0,1.0,1.0,1.0,1.0,1.0,1.0,1.0,1.0,1.0,1.0,1.0,1.0,1.0,1.0,1.0,1.0,1.0,1.0,1.0,1.0,1.0,1.0,1.0,1.0,1.0,1.0,1.0,1.0,1.0,1.0,1.0,1.0,1.0,1.0,1.0,1.0,1.0,1.0,1.0,1.0,1.0,1.0,1.0,1.0,1.0,1.0,1.0,1.0,1.0,1.0,1.0,1.0,1.0,1.0,1.0,1.0,1.0,1.0,1.0,1.0,1.0,1.0,1.0,1.0,1.0,1.0,1.0,1.0,1.0,1.0,1.0,1.0,1.0,1.0,1.0,1.0,1.0,1.0,1.0,1.0,1.0,1.0,1.0,1.0,1.0,1.0,1.0,1.0,1.0,1.0,1.0,1.0,1.0,1.0,1.0,1.0,1.0,1.0,1.0,1.0,1.0,1.0,1.0,1.0,1.0,1.0
clef,CD011977,asr,0.0,0.0,0.02702702702702703,0.02702702702702703,0.032432432432432434,0.04594594594594595,0.05405405405405406,0.06486486486486488,0.08378378378378379,0.10000000000000002,0.11351351351351353,0.12972972972972974,0.13783783783783785,0.1540540540540541,0.15945945945945947,0.16756756756756758,0.1783783783783784,0.1891891891891892,0.20270270270270271,0.21891891891891896,0.23783783783783785,0.2594594594594594,0.27567567567567575,0.2918918918918919,0.3162162162162162,0.32972972972972975,0.34594594594594597,0.3567567567567568,0.3621621621621622,0.3837837837837838,0.3972972972972973,0.4135135135135135,0.42972972972972984,0.44594594594594605,0.4621621621621622,0.48108108108108116,0.49459459459459454,0.5108108108108108,0.5351351351351352,0.5405405405405406,0.5567567567567566,0.5567567567567566,0.5648648648648649,0.5675675675675675,0.5810810810810811,0.5918918918918918,0.6081081081081081,0.6216216216216217,0.6270270270270271,0.6351351351351351,0.6351351351351351,0.6432432432432432,0.6486486486486486,0.6594594594594595,0.6729729729729729,0.681081081081081,0.6945945945945946,0.7054054054054054,0.7189189189189189,0.7297297297297297,0.7378378378378379,0.745945945945946,0.7513513513513514,0.7594594594594596,0.764864864864865,0.7702702702702704,0.7756756756756757,0.7918918918918918,0.7945945945945946,0.8081081081081081,0.8135135135135136,0.827027027027027,0.8324324324324325,0.854054054054054,0.8594594594594595,0.8648648648648649,0.8729729729729729,0.8756756756756758,0.8837837837837839,0.8864864864864865,0.8972972972972973,0.8972972972972973,0.9081081081081083,0.9135135135135137,0.9135135135135137,0.9243243243243244,0.9297297297297298,0.9432432432432434,0.9567567567567569,0.9648648648648649,0.9675675675675677,0.9702702702702704,0.972972972972973,0.9783783783783784,0.9837837837837837,0.9972972972972972,1.0,1.0,1.0,1.0,1.0,1.0,1.0,1.0,1.0,1.0,1.0,1.0,1.0,1.0,1.0,1.0,1.0,1.0,1.0,1.0,1.0,1.0,1.0,1.0,1.0,1.0,1.0,1.0,1.0,1.0,1.0,1.0,1.0,1.0,1.0,1.0,1.0,1.0,1.0,1.0,1.0,1.0,1.0,1.0,1.0,1.0,1.0,1.0,1.0,1.0,1.0,1.0,1.0,1.0,1.0,1.0,1.0,1.0,1.0,1.0,1.0,1.0,1.0,1.0,1.0,1.0,1.0,1.0,1.0,1.0,1.0,1.0,1.0,1.0,1.0,1.0,1.0,1.0,1.0,1.0,1.0,1.0,1.0,1.0,1.0,1.0,1.0,1.0,1.0,1.0,1.0,1.0,1.0,1.0,1.0,1.0,1.0,1.0,1.0,1.0,1.0,1.0,1.0,1.0,1.0
clef,CD011977,hybrid,0.0,0.0,0.02702702702702703,0.05405405405405406,0.08108108108108109,0.10810810810810811,0.13513513513513514,0.16216216216216217,0.16216216216216217,0.1891891891891892,0.21621621621621623,0.21621621621621623,0.24324324324324326,0.2702702702702703,0.2972972972972973,0.32432432432432434,0.35135135135135137,0.35135135135135137,0.3783783783783784,0.3783783783783784,0.40540540540540543,0.40540540540540543,0.40540540540540543,0.43243243243243246,0.4594594594594595,0.4864864864864865,0.5135135135135135,0.5135135135135135,0.5135135135135135,0.5405405405405406,0.5405405405405406,0.5405405405405406,0.5675675675675675,0.5675675675675675,0.5945945945945946,0.6216216216216216,0.6486486486486487,0.6486486486486487,0.6486486486486487,0.6486486486486487,0.6756756756756757,0.6756756756756757,0.7027027027027027,0.7027027027027027,0.7027027027027027,0.7297297297297297,0.7297297297297297,0.7297297297297297,0.7297297297297297,0.7297297297297297,0.7567567567567568,0.7837837837837838,0.7837837837837838,0.7837837837837838,0.7837837837837838,0.7837837837837838,0.7837837837837838,0.7837837837837838,0.7837837837837838,0.7837837837837838,0.7837837837837838,0.7837837837837838,0.7837837837837838,0.7837837837837838,0.7837837837837838,0.7837837837837838,0.7837837837837838,0.7837837837837838,0.7837837837837838,0.7837837837837838,0.7837837837837838,0.7837837837837838,0.7837837837837838,0.7837837837837838,0.7837837837837838,0.7837837837837838,0.7837837837837838,0.7837837837837838,0.7837837837837838,0.8108108108108109,0.8108108108108109,0.8108108108108109,0.8108108108108109,0.8378378378378378,0.8648648648648649,0.8918918918918919,0.918918918918919,0.918918918918919,0.9459459459459459,0.9459459459459459,0.9459459459459459,0.9459459459459459,0.9459459459459459,0.9459459459459459,0.972972972972973,0.972972972972973,0.972972972972973,0.972972972972973,0.972972972972973,0.972972972972973,0.972972972972973,0.972972972972973,0.972972972972973,0.972972972972973,0.972972972972973,0.972972972972973,0.972972972972973,1.0,1.0,1.0,1.0,1.0,1.0,1.0,1.0,1.0,1.0,1.0,1.0,1.0,1.0,1.0,1.0,1.0,1.0,1.0,1.0,1.0,1.0,1.0,1.0,1.0,1.0,1.0,1.0,1.0,1.0,1.0,1.0,1.0,1.0,1.0,1.0,1.0,1.0,1.0,1.0,1.0,1.0,1.0,1.0,1.0,1.0,1.0,1.0,1.0,1.0,1.0,1.0,1.0,1.0,1.0,1.0,1.0,1.0,1.0,1.0,1.0,1.0,1.0,1.0,1.0,1.0,1.0,1.0,1.0,1.0,1.0,1.0,1.0,1.0,1.0,1.0,1.0,1.0,1.0,1.0,1.0,1.0,1.0,1.0,1.0,1.0,1.0,1.0,1.0,1.0,1.0,1.0,1.0,1.0
clef,CD011977,jev,0.0,0.0,0.02702702702702703,0.05405405405405406,0.0810810810810811,0.10810810810810811,0.13513513513513511,0.1567567567567568,0.1702702702702703,0.18918918918918923,0.21621621621621623,0.24324324324324326,0.27027027027027023,0.2972972972972973,0.3243243243243244,0.3432432432432432,0.35135135135135137,0.37837837837837845,0.4054054054054054,0.4054054054054054,0.43243243243243246,0.45405405405405413,0.46756756756756773,0.4864864864864865,0.4864864864864865,0.5135135135135134,0.5405405405405405,0.5405405405405405,0.5675675675675675,0.5675675675675675,0.5945945945945946,0.5945945945945946,0.5945945945945946,0.6216216216216217,0.6216216216216217,0.6486486486486488,0.6756756756756755,0.6756756756756755,0.6756756756756755,0.6756756756756755,0.7027027027027027,0.7027027027027027,0.7027027027027027,0.7027027027027027,0.7135135135135136,0.7297297297297297,0.7351351351351352,0.7432432432432433,0.7567567567567569,0.7837837837837839,0.7837837837837839,0.7837837837837839,0.7837837837837839,0.7837837837837839,0.7837837837837839,0.7837837837837839,0.7837837837837839,0.7837837837837839,0.7837837837837839,0.7837837837837839,0.7837837837837839,0.7837837837837839,0.7837837837837839,0.7837837837837839,0.7837837837837839,0.7837837837837839,0.7972972972972974,0.8108108108108107,0.8108108108108107,0.8108108108108107,0.8108108108108107,0.8108108108108107,0.8108108108108107,0.8108108108108107,0.8135135135135135,0.8243243243243242,0.8378378378378379,0.8378378378378379,0.8378378378378379,0.8378378378378379,0.8378378378378379,0.8378378378378379,0.8378378378378379,0.8378378378378379,0.8378378378378379,0.8378378378378379,0.8513513513513512,0.8621621621621621,0.8756756756756758,0.8918918918918919,0.9027027027027028,0.9108108108108111,0.9189189189189191,0.9189189189189191,0.9189189189189191,0.9189189189189191,0.9216216216216218,0.9243243243243245,0.9270270270270272,0.9297297297297298,0.9297297297297298,0.9378378378378379,0.9432432432432432,0.9432432432432432,0.9459459459459458,0.9459459459459458,0.9459459459459458,0.9459459459459458,0.9459459459459458,0.9459459459459458,0.9459459459459458,0.9459459459459458,0.9459459459459458,0.9459459459459458,0.9459459459459458,0.9459459459459458,0.9459459459459458,0.9486486486486484,0.9540540540540541,0.9567567567567566,0.9621621621621621,0.9621621621621621,0.9648648648648649,0.9675675675675676,0.9756756756756756,0.9837837837837838,0.9864864864864865,0.9891891891891891,0.9945945945945945,1.0,1.0,1.0,1.0,1.0,1.0,1.0,1.0,1.0,1.0,1.0,1.0,1.0,1.0,1.0,1.0,1.0,1.0,1.0,1.0,1.0,1.0,1.0,1.0,1.0,1.0,1.0,1.0,1.0,1.0,1.0,1.0,1.0,1.0,1.0,1.0,1.0,1.0,1.0,1.0,1.0,1.0,1.0,1.0,1.0,1.0,1.0,1.0,1.0,1.0,1.0,1.0,1.0,1.0,1.0,1.0,1.0,1.0,1.0,1.0,1.0,1.0,1.0,1.0,1.0,1.0,1.0,1.0,1.0,1.0,1.0,1.0
clef,CD012069,asr,0.0,0.03306122448979591,0.07469387755102042,0.11591836734693876,0.15142857142857144,0.1783673469387755,0.20163265306122452,0.22734693877551018,0.2522448979591837,0.2763265306122449,0.29265306122448975,0.31836734693877544,0.34571428571428575,0.37306122448979595,0.39428571428571424,0.41551020408163264,0.43510204081632653,0.4502040816326531,0.46204081632653055,0.4779591836734694,0.49306122448979595,0.5093877551020408,0.5228571428571429,0.5310204081632655,0.5404081632653062,0.5481632653061224,0.5567346938775509,0.5608163265306123,0.5632653061224488,0.5697959183673469,0.5787755102040817,0.5836734693877551,0.5951020408163267,0.6134693877551022,0.6253061224489797,0.6355102040816326,0.6432653061224489,0.6571428571428571,0.6710204081632652,0.6848979591836735,0.6938775510204083,0.7016326530612245,0.7061224489795919,0.7130612244897958,0.7244897959183673,0.7293877551020408,0.7330612244897959,0.736326530612245,0.7387755102040816,0.7424489795918368,0.753061224489796,0.7587755102040816,0.7775510204081633,0.7975510204081633,0.8126530612244899,0.8273469387755101,0.8338775510204082,0.8404081632653062,0.8457142857142855,0.8506122448979593,0.8530612244897959,0.8530612244897959,0.8530612244897959,0.8530612244897959,0.8538775510204081,0.8579591836734692,0.8697959183673468,0.8771428571428572,0.8848979591836736,0.8885714285714286,0.8922448979591836,0.8951020408163265,0.8979591836734693,0.8979591836734693,0.8979591836734693,0.8979591836734693,0.9004081632653061,0.9024489795918367,0.9044897959183673,0.9142857142857144,0.9183673469387756,0.9204081632653063,0.9220408163265305,0.9224489795918365,0.9248979591836735,0.9261224489795918,0.9293877551020406,0.9306122448979591,0.9310204081632651,0.9387755102040816,0.9387755102040816,0.9424489795918367,0.9465306122448981,0.9469387755102041,0.9477551020408164,0.9538775510204083,0.9551020408163267,0.9551020408163267,0.9551020408163267,0.9551020408163267,0.9551020408163267,0.9551020408163267,0.9551020408163267,0.9551020408163267,0.9563265306122449,0.9591836734693879,0.9632653061224488,0.9632653061224488,0.9640816326530611,0.9722448979591837,0.9787755102040817,0.9795918367346939,0.9795918367346939,0.9795918367346939,0.9795918367346939,0.9795918367346939,0.9820408163265306,0.9836734693877551,0.9836734693877551,0.9836734693877551,0.9836734693877551,0.9836734693877551,0.9836734693877551,0.9836734693877551,0.9836734693877551,0.9836734693877551,0.9836734693877551,0.9836734693877551,0.9836734693877551,0.9836734693877551,0.9836734693877551,0.9836734693877551,0.9836734693877551,0.9836734693877551,0.9877551020408164,0.9877551020408164,0.9877551020408164,0.9877551020408164,0.9877551020408164,0.9877551020408164,0.9877551020408164,0.9877551020408164,0.9918367346938777,0.9918367346938777,0.9918367346938777,0.9918367346938777,0.9918367346938777,0.9918367346938777,0.9918367346938777,0.9918367346938777,0.9918367346938777,0.9918367346938777,0.9918367346938777,0.9918367346938777,0.9951020408163262,0.9959183673469385,0.9959183673469385,0.9959183673469385,0.9959183673469385,0.9959183673469385,0.9959183673469385,0.9959183673469385,0.9959183673469385,0.9959183673469385,0.9959183673469385,0.9959183673469385,0.9959183673469385,0.9959183673469385,0.9959183673469385,0.9959183673469385,0.9959183673469385,0.9959183673469385,0.9959183673469385,0.9959183673469385,0.9995918367346939,1.0,1.0,1.0,1.0,1.0,1.0,1.0,1.0,1.0,1.0,1.0,1.0,1.0,1.0,1.0,1.0,1.0,1.0,1.0,1.0,1.0,1.0,1.0,1.0,1.0,1.0
clef,CD012069,hybrid,0.0,0.053061224489795916,0.10612244897959183,0.1469387755102041,0.19183673469387755,0.23673469387755103,0.2938775510204082,0.3224489795918367,0.3510204081632653,0.39183673469387753,0.4204081632653061,0.4489795918367347,0.47346938775510206,0.4775510204081633,0.5142857142857142,0.5265306122448979,0.5428571428571428,0.563265306122449,0.5836734693877551,0.6,0.6122448979591837,0.636734693877551,0.6530612244897959,0.673469387755102,0.6938775510204082,0.6979591836734694,0.7183673469387755,0.7387755102040816,0.7387755102040816,0.7428571428571429,0.7551020408163265,0.7591836734693878,0.7795918367346939,0.7918367346938775,0.8040816326530612,0.8122448979591836,0.8163265306122449,0.8244897959183674,0.8367346938775511,0.8448979591836735,0.8530612244897959,0.8530612244897959,0.8571428571428571,0.8571428571428571,0.8612244897959184,0.8612244897959184,0.8693877551020408,0.8734693877551021,0.8734693877551021,0.8816326530612245,0.889795918367347,0.8938775510204081,0.9061224489795918,0.9061224489795918,0.9102040816326531,0.9102040816326531,0.9142857142857143,0.9142857142857143,0.9142857142857143,0.9183673469387755,0.9224489795918367,0.926530612244898,0.9306122448979591,0.9306122448979591,0.9346938775510204,0.9346938775510204,0.9346938775510204,0.9346938775510204,0.9346938775510204,0.9387755102040817,0.9387755102040817,0.9387755102040817,0.9428571428571428,0.9428571428571428,0.9428571428571428,0.9428571428571428,0.9428571428571428,0.9428571428571428,0.9469387755102041,0.9510204081632653,0.9510204081632653,0.9510204081632653,0.9510204081632653,0.9510204081632653,0.9510204081632653,0.9551020408163265,0.963265306122449,0.9673469387755103,0.9673469387755103,0.9673469387755103,0.9673469387755103,0.9714285714285714,0.9714285714285714,0.9714285714285714,0.9714285714285714,0.9714285714285714,0.9714285714285714,0.9714285714285714,0.9714285714285714,0.9714285714285714,0.9714285714285714,0.9714285714285714,0.9755102040816327,0.9755102040816327,0.9755102040816327,0.9755102040816327,0.9795918367346939,0.9877551020408163,0.9877551020408163,0.9877551020408163,0.9918367346938776,0.9918367346938776,0.9918367346938776,0.9918367346938776,0.9918367346938776,0.9918367346938776,0.9918367346938776,0.9959183673469387,0.9959183673469387,0.9959183673469387,0.9959183673469387,0.9959183673469387,0.9959183673469387,0.9959183673469387,0.9959183673469387,0.9959183673469387,0.9959183673469387,1.0,1.0,1.0,1.0,1.0,1.0,1.0,1.0,1.0,1.0,1.0,1.0,1.0,1.0,1.0,1.0,1.0,1.0,1.0,1.0,1.0,1.0,1.0,1.0,1.0,1.0,1.0,1.0,1.0,1.0,1.0,1.0,1.0,1.0,1.0,1.0,1.0,1.0,1.0,1.0,1.0,1.0,1.0,1.0,1.0,1.0,1.0,1.0,1.0,1.0,1.0,1.0,1.0,1.0,1.0,1.0,1.0,1.0,1.0,1.0,1.0,1.0,1.0,1.0,1.0,1.0,1.0,1.0,1.0,1.0,1.0,1.0,1.0,1.0
clef,CD012069,jev,0.0,0.06,0.1061224489795918,0.1510204081632653,0.19510204081632654,0.2220408163265306,0.25061224489795914,0.27959183673469384,0.3044897959183674,0.32693877551020406,0.35673469387755097,0.3910204081632653,0.41428571428571426,0.43510204081632653,0.46734693877551015,0.49469387755102046,0.5130612244897959,0.5375510204081633,0.5526530612244898,0.5763265306122449,0.5889795918367347,0.5955102040816327,0.6097959183673469,0.6269387755102042,0.6432653061224489,0.653469387755102,0.6648979591836736,0.6746938775510204,0.6832653061224488,0.6963265306122449,0.7057142857142857,0.7163265306122448,0.7293877551020409,0.7363265306122448,0.7416326530612245,0.746938775510204,0.7542857142857142,0.7587755102040816,0.7673469387755103,0.7734693877551021,0.7799999999999999,0.7848979591836734,0.7889795918367347,0.7975510204081633,0.8061224489795918,0.8151020408163265,0.8244897959183672,0.8285714285714286,0.8326530612244898,0.8346938775510205,0.8367346938775511,0.8412244897959184,0.8457142857142858,0.8526530612244898,0.8575510204081631,0.8604081632653061,0.8616326530612245,0.8640816326530611,0.8648979591836735,0.8714285714285716,0.8755102040816327,0.8791836734693877,0.8820408163265305,0.8857142857142859,0.8857142857142859,0.8857142857142859,0.8857142857142859,0.8881632653061224,0.8951020408163265,0.9036734693877552,0.9118367346938776,0.9183673469387756,0.9232653061224487,0.9269387755102041,0.9310204081632651,0.933469387755102,0.9342857142857142,0.9359183673469387,0.9404081632653061,0.9453061224489796,0.9469387755102041,0.9469387755102041,0.9469387755102041,0.9489795918367345,0.9506122448979593,0.9506122448979593,0.9522448979591838,0.9542857142857143,0.9551020408163267,0.9571428571428573,0.9587755102040818,0.9591836734693879,0.9591836734693879,0.9591836734693879,0.9632653061224488,0.9710204081632654,0.9714285714285713,0.9714285714285713,0.9714285714285713,0.9726530612244899,0.9746938775510203,0.9755102040816327,0.9755102040816327,0.9755102040816327,0.9755102040816327,0.9755102040816327,0.9755102040816327,0.9755102040816327,0.9755102040816327,0.9755102040816327,0.9755102040816327,0.9755102040816327,0.9771428571428572,0.9783673469387754,0.9795918367346939,0.9795918367346939,0.9795918367346939,0.9795918367346939,0.9795918367346939,0.9795918367346939,0.9795918367346939,0.9795918367346939,0.9795918367346939,0.9795918367346939,0.9800000000000001,0.9812244897959184,0.9836734693877551,0.9853061224489796,0.9865306122448981,0.9881632653061226,0.9897959183673469,0.9910204081632654,0.9914285714285714,0.9922448979591838,0.9926530612244899,0.9942857142857141,0.9955102040816325,0.9959183673469385,0.9959183673469385,0.9959183673469385,0.9959183673469385,0.9959183673469385,0.9963265306122446,0.9975510204081631,0.9987755102040816,0.9995918367346939,1.0,1.0,1.0,1.0,1.0,1.0,1.0,1.0,1.0,1.0,1.0,1.0,1.0,1.0,1.0,1.0,1.0,1.0,1.0,1.0,1.0,1.0,1.0,1.0,1.0,1.0,1.0,1.0,1.0,1.0,1.0,1.0,1.0,1.0,1.0,1.0,1.0,1.0,1.0,1.0,1.0,1.0,1.0,1.0,1.0,1.0,1.0,1.0,1.0,1.0,1.0,1.0,1.0,1.0,1.0
clef,CD012080,asr,0.0,0.04935064935064935,0.1025974025974026,0.17272727272727273,0.24025974025974023,0.309090909090909,0.39090909090909093,0.45714285714285713,0.4974025974025974,0.5506493506493506,0.5974025974025974,0.6415584415584414,0.674025974025974,0.687012987012987,0.7142857142857143,0.7337662337662338,0.7506493506493506,0.7675324675324674,0.7766233766233765,0.7870129870129869,0.8038961038961039,0.8116883116883116,0.8168831168831169,0.8272727272727274,0.8389610389610391,0.8428571428571429,0.8532467532467531,0.8636363636363635,0.8779220779220778,0.8922077922077921,0.8987012987012986,0.9012987012987012,0.9181818181818182,0.922077922077922,0.922077922077922,0.935064935064935,0.9532467532467532,0.9610389610389609,0.9610389610389609,0.9610389610389609,0.9610389610389609,0.9610389610389609,0.9610389610389609,0.9610389610389609,0.9753246753246753,0.9857142857142858,0.9870129870129871,0.9870129870129871,0.9870129870129871,0.9870129870129871,0.9870129870129871,0.9870129870129871,0.9870129870129871,0.9870129870129871,0.9870129870129871,0.9870129870129871,0.9870129870129871,0.9870129870129871,0.9870129870129871,0.9870129870129871,0.9870129870129871,0.9870129870129871,0.9870129870129871,0.9870129870129871,0.9870129870129871,0.9870129870129871,0.9870129870129871,0.9870129870129871,0.9870129870129871,0.9870129870129871,0.9870129870129871,0.9948051948051948,1.0,1.0,1.0,1.0,1.0,1.0,1.0,1.0,1.0,1.0,1.0,1.0,1.0,1.0,1.0,1.0,1.0,1.0,1.0,1.0,1.0,1.0,1.0,1.0,1.0,1.0,1.0,1.0,1.0,1.0,1.0,1.0,1.0,1.0,1.0,1.0,1.0,1.0,1.0,1.0,1.0,1.0,1.0,1.0,1.0,1.0,1.0,1.0,1.0,1.0,1.0,1.0,1.0,1.0,1.0,1.0,1.0,1.0,1.0,1.0,1.0,1.0,1.0,1.0,1.0,1.0,1.0,1.0,1.0,1.0,1.0,1.0,1.0,1.0,1.0,1.0,1.0,1.0,1.0,1.0,1.0,1.0,1.0,1.0,1.0,1.0,1.0,1.0,1.0,1.0,1.0,1.0,1.0,1.0,1.0,1.0,1.0,1.0,1.0,1.0,1.0,1.0,1.0,1.0,1.0,1.0,1.0,1.0,1.0,1.0,1.0,1.0,1.0,1.0,1.0,1.0,1.0,1.0,1.0,1.0,1.0,1.0,1.0,1.0,1.0,1.0,1.0,1.0,1.0
clef,CD012080,hybrid,0.0,0.07792207792207792,0.24675324675324675,0.3246753246753247,0.45454545454545453,0.5064935064935064,0.5714285714285714,0.5974025974025974,0.6753246753246753,0.7142857142857143,0.7272727272727273,0.7402597402597403,0.7662337662337663,0.7922077922077922,0.8051948051948052,0.8181818181818182,0.8441558441558441,0.8571428571428571,0.8571428571428571,0.8571428571428571,0.8831168831168831,0.8961038961038961,0.8961038961038961,0.922077922077922,0.935064935064935,0.935064935064935,0.935064935064935,0.935064935064935,0.935064935064935,0.935064935064935,0.935064935064935,0.961038961038961,0.974025974025974,0.974025974025974,0.987012987012987,0.987012987012987,0.987012987012987,0.987012987012987,0.987012987012987,1.0,1.0,1.0,1.0,1.0,1.0,1.0,1.0,1.0,1.0,1.0,1.0,1.0,1.0,1.0,1.0,1.0,1.0,1.0,1.0,1.0,1.0,1.0,1.0,1.0,1.0,1.0,1.0,1.0,1.0,1.0,1.0,1.0,1.0,1.0,1.0,1.0,1.0,1.0,1.0,1.0,1.0,1.0,1.0,1.0,1.0,1.0,1.0,1.0,1.0,1.0,1.0,1.0,1.0,1.0,1.0,1.0,1.0,1.0,1.0,1.0,1.0,1.0,1.0,1.0,1.0,1.0,1.0,1.0,1.0,1.0,1.0,1.0,1.0,1.0,1.0,1.0,1.0,1.0,1.0,1.0,1.0,1.0,1.0,1.0,1.0,1.0,1.0,1.0,1.0,1.0,1.0,1.0,1.0,1.0,1.0,1.0,1.0,1.0,1.0,1.0,1.0,1.0,1.0,1.0,1.0,1.0,1.0,1.0,1.0,1.0,1.0,1.0,1.0,1.0,1.0,1.0,1.0,1.0,1.0,1.0,1.0,1.0,1.0,1.0,1.0,1.0,1.0,1.0,1.0,1.0,1.0,1.0,1.0,1.0,1.0,1.0,1.0,1.0,1.0,1.0,1.0,1.0,1.0,1.0,1.0,1.0,1.0,1.0,1.0,1.0,1.0,1.0,1.0,1.0,1.0,1.0,1.0,1.0,1.0,1.0,1.0
clef,CD012080,jev,0.0,0.1077922077922078,0.18961038961038962,0.28571428571428564,0.3623376623376624,0.4311688311688311,0.49350649350649356,0.5168831168831169,0.5545454545454545,0.5792207792207791,0.6324675324675326,0.6753246753246752,0.6909090909090909,0.7376623376623378,0.7636363636363634,0.8,0.8181818181818181,0.8181818181818181,0.8181818181818181,0.8181818181818181,0.8441558441558443,0.857142857142857,0.8688311688311687,0.8831168831168832,0.8961038961038958,0.8961038961038958,0.9337662337662337,0.935064935064935,0.935064935064935,0.935064935064935,0.9493506493506491,0.974025974025974,0.974025974025974,0.974025974025974,0.974025974025974,0.974025974025974,0.9844155844155844,0.9870129870129871,0.996103896103896,1.0,1.0,1.0,1.0,1.0,1.0,1.0,1.0,1.0,1.0,1.0,1.0,1.0,1.0,1.0,1.0,1.0,1.0,1.0,1.0,1.0,1.0,1.0,1.0,1.0,1.0,1.0,1.0,1.0,1.0,1.0,1.0,1.0,1.0,1.0,1.0,1.0,1.0,1.0,1.0,1.0,1.0,1.0,1.0,1.0,1.0,1.0,1.0,1.0,1.0,1.0,1.0,1.0,1.0,1.0,1.0,1.0,1.0,1.0,1.0,1.0,1.0,1.0,1.0,1.0,1.0,1.0,1.0,1.0,1.0,1.0,1.0,1.0,1.0,1.0,1.0,1.0,1.0,1.0,1.0,1.0,1.0,1.0,1.0,1.0,1.0,1.0,1.0,1.0,1.0,1.0,1.0,1.0,1.0,1.0,1.0,1.0,1.0,1.0,1.0,1.0,1.0,1.0,1.0,1.0,1.0,1.0,1.0,1.0,1.0,1.0,1.0,1.0,1.0,1.0,1.0,1.0,1.0,1.0,1.0,1.0,1.0,1.0,1.0,1.0,1.0,1.0,1.0,1.0,1.0,1.0,1.0,1.0,1.0,1.0,1.0,1.0,1.0,1.0,1.0,1.0,1.0,1.0,1.0,1.0,1.0,1.0,1.0,1.0,1.0,1.0,1.0,1.0,1.0,1.0,1.0,1.0,1.0,1.0,1.0,1.0,1.0
clef,CD012164,asr,0.0,0.0,0.0,0.0,0.33333333333333337,0.33333333333333337,0.33333333333333337,0.33333333333333337,0.33333333333333337,0.33333333333333337,0.33333333333333337,0.33333333333333337,0.33333333333333337,0.33333333333333337,0.4333333333333333,0.4333333333333333,0.4333333333333333,0.4333333333333333,0.4333333333333333,0.4333333333333333,0.4333333333333333,0.4333333333333333,0.4333333333333333,0.4333333333333333,0.4333333333333333,0.4333333333333333,0.4333333333333333,0.4333333333333333,0.4333333333333333,0.4333333333333333,0.4333333333333333,0.4333333333333333,0.4333333333333333,0.4666666666666666,0.4666666666666666,0.4666666666666666,0.4666666666666666,0.5333333333333332,0.5333333333333332,0.5333333333333332,0.5333333333333332,0.5333333333333332,0.5333333333333332,0.5333333333333332,0.5333333333333332,0.5333333333333332,0.5333333333333332,0.5333333333333332,0.5333333333333332,0.5333333333333332,0.6333333333333333,0.6333333333333333,0.6333333333333333,0.7666666666666667,0.7666666666666667,0.7666666666666667,0.8,0.8,0.8,0.8,0.8,0.8,0.8,0.8,0.8,0.8,0.8,0.8,0.8,0.8999999999999998,0.8999999999999998,0.8999999999999998,0.8999999999999998,1.0,1.0,1.0,1.0,1.0,1.0,1.0,1.0,1.0,1.0,1.0,1.0,1.0,1.0,1.0,1.0,1.0,1.0,1.0,1.0,1.0,1.0,1.0,1.0,1.0,1.0,1.0,1.0,1.0,1.0,1.0,1.0,1.0,1.0,1.0,1.0,1.0,1.0,1.0,1.0,1.0,1.0,1.0,1.0,1.0,1.0,1.0,1.0,1.0,1.0,1.0,1.0,1.0,1.0,1.0,1.0,1.0,1.0,1.0,1.0,1.0,1.0,1.0,1.0,1.0,1.0,1.0,1.0,1.0,1.0,1.0,1.0,1.0,1.0,1.0,1.0,1.0,1.0,1.0,1.0,1.0,1.0,1.0,1.0,1.0,1.0,1.0,1.0,1.0,1.0,1.0,1.0,1.0,1.0,1.0,1.0,1.0,1.0,1.0,1.0,1.0,1.0,1.0,1.0,1.0,1.0,1.0,1.0,1.0,1.0,1.0,1.0,1.0,1.0,1.0,1.0,1.0,1.0,1.0,1.0,1.0,1.0,1.0,1.0,1.0,1.0,1.0,1.0
clef,CD012164,hybrid,0.0,0.0,0.0,0.0,0.3333333333333333,0.3333333333333333,0.3333333333333333,0.6666666666666666,0.6666666666666666,0.6666666666666666,1.0,1.0,1.0,1.0,1.0,1.0,1.0,1.0,1.0,1.0,1.0,1.0,1.0,1.0,1.0,1.0,1.0,1.0,1.0,1.0,1.0,1.0,1.0,1.0,1.0,1.0,1.0,1.0,1.0,1.0,1.0,1.0,1.0,1.0,1.0,1.0,1.0,1.0,1.0,1.0,1.0,1.0,1.0,1.0,1.0,1.0,1.0,1.0,1.0,1.0,1.0,1.0,1.0,1.0,1.0,1.0,1.0,1.0,1.0,1.0,1.0,1.0,1.0,1.0,1.0,1.0,1.0,1.0,1.0,1.0,1.0,1.0,1.0,1.0,1.0,1.0,1.0,1.0,1.0,1.0,1.0,1.0,1.0,1.0,1.0,1.0,1.0,1.0,1.0,1.0,1.0,1.0,1.0,1.0,1.0,1.0,1.0,1.0,1.0,1.0,1.0,1.0,1.0,1.0,1.0,1.0,1.0,1.0,1.0,1.0,1.0,1.0,1.0,1.0,1.0,1.0,1.0,1.0,1.0,1.0,1.0,1.0,1.0,1.0,1.0,1.0,1.0,1.0,1.0,1.0,1.0,1.0,1.0,1.0,1.0,1.0,1.0,1.0,1.0,1.0,1.0,1.0,1.0,1.0,1.0,1.0,1.0,1.0,1.0,1.0,1.0,1.0,1.0,1.0,1.0,1.0,1.0,1.0,1.0,1.0,1.0,1.0,1.0,1.0,1.0,1.0,1.0,1.0,1.0,1.0,1.0,1.0,1.0,1.0,1.0,1.0,1.0,1.0,1.0,1.0,1.0,1.0,1.0,1.0,1.0,1.0,1.0,1.0,1.0,1.0,1.0
clef,CD012164,jev,0.0,0.0,0.0,0.0,0.33333333333333337,0.33333333333333337,0.33333333333333337,0.6666666666666667,0.6666666666666667,0.6666666666666667,1.0,1.0,1.0,1.0,1.0,1.0,1.0,1.0,1.0,1.0,1.0,1.0,1.0,1.0,1.0,1.0,1.0,1.0,1.0,1.0,1.0,1.0,1.0,1.0,1.0,1.0,1.0,1.0,1.0,1.0,1.0,1.0,1.0,1.0,1.0,1.0,1.0,1.0,1.0,1.0,1.0,1.0,1.0,1.0,1.0,1.0,1.0,1.0,1.0,1.0,1.0,1.0,1.0,1.0,1.0,1.0,1.0,1.0,1.0,1.0,1.0,1.0,1.0,1.0,1.0,1.0,1.0,1.0,1.0,1.0,1.0,1.0,1.0,1.0,1.0,1.0,1.0,1.0,1.0,1.0,1.0,1.0,1.0,1.0,1.0,1.0,1.0,1.0,1.0,1.0,1.0,1.0,1.0,1.0,1.0,1.0,1.0,1.0,1.0,1.0,1.0,1.0,1.0,1.0,1.0,1.0,1.0,1.0,1.0,1.0,1.0,1.0,1.0,1.0,1.0,1.0,1.0,1.0,1.0,1.0,1.0,1.0,1.0,1.0,1.0,1.0,1.0,1.0,1.0,1.0,1.0,1.0,1.0,1.0,1.0,1.0,1.0,1.0,1.0,1.0,1.0,1.0,1.0,1.0,1.0,1.0,1.0,1.0,1.0,1.0,1.0,1.0,1.0,1.0,1.0,1.0,1.0,1.0,1.0,1.0,1.0,1.0,1.0,1.0,1.0,1.0,1.0,1.0,1.0,1.0,1.0,1.0,1.0,1.0,1.0,1.0,1.0,1.0,1.0,1.0,1.0,1.0,1.0,1.0,1.0,1.0,1.0,1.0,1.0,1.0,1.0
clef,CD012233,asr,0.0,0.11111111111111113,0.2,0.23333333333333334,0.2555555555555556,0.2555555555555556,0.3222222222222223,0.3222222222222223,0.4,0.44444444444444436,0.4888888888888888,0.4888888888888888,0.5,0.5222222222222223,0.6222222222222221,0.6444444444444444,0.6555555555555556,0.7333333333333333,0.7666666666666666,0.7666666666666666,0.7888888888888889,0.8222222222222223,0.8444444444444444,0.8777777777777779,0.8777777777777779,0.8777777777777779,0.8777777777777779,0.8777777777777779,0.8888888888888891,0.8888888888888891,0.8888888888888891,0.8888888888888891,0.8888888888888891,0.8888888888888891,0.8888888888888891,0.8888888888888891,0.8888888888888891,0.8888888888888891,0.8888888888888891,0.8888888888888891,0.8888888888888891,0.8888888888888891,0.8888888888888891,0.8888888888888891,0.8888888888888891,0.8888888888888891,0.8888888888888891,0.8888888888888891,0.8888888888888891,0.8888888888888891,0.8888888888888891,0.8888888888888891,0.8888888888888891,0.8888888888888891,0.8888888888888891,0.8888888888888891,0.8888888888888891,0.8888888888888891,0.8888888888888891,0.8888888888888891,0.8888888888888891,0.8888888888888891,0.8888888888888891,0.8888888888888891,0.8888888888888891,0.8888888888888891,0.8888888888888891,0.8888888888888891,0.8888888888888891,0.8888888888888891,0.8888888888888891,0.8888888888888891,0.8888888888888891,0.8888888888888891,0.8888888888888891,0.8888888888888891,0.8888888888888891,0.8888888888888891,0.8888888888888891,0.8888888888888891,0.8888888888888891,0.8888888888888891,0.8888888888888891,0.8888888888888891,0.8888888888888891,0.8888888888888891,0.8888888888888891,0.8888888888888891,0.8888888888888891,0.8888888888888891,0.8888888888888891,0.8888888888888891,0.8888888888888891,0.8888888888888891,0.8888888888888891,0.8888888888888891,0.8888888888888891,0.8888888888888891,0.8888888888888891,0.8888888888888891,0.8888888888888891,0.8888888888888891,0.8888888888888891,0.8888888888888891,0.8888888888888891,0.8888888888888891,0.8888888888888891,0.8888888888888891,0.8888888888888891,0.9000000000000001,0.9000000000000001,0.9888888888888889,0.9888888888888889,0.9888888888888889,0.9888888888888889,0.9888888888888889,0.9888888888888889,0.9888888888888889,0.9888888888888889,0.9888888888888889,1.0,1.0,1.0,1.0,1.0,1.0,1.0,1.0,1.0,1.0,1.0,1.0,1.0,1.0,1.0,1.0,1.0,1.0,1.0,1.0,1.0,1.0,1.0,1.0,1.0,1.0,1.0,1.0,1.0,1.0,1.0,1.0,1.0,1.0,1.0,1.0,1.0,1.0,1.0,1.0,1.0,1.0,1.0,1.0,1.0,1.0,1.0,1.0,1.0,1.0,1.0,1.0,1.0,1.0,1.0,1.0,1.0,1.0,1.0,1.0,1.0,1.0,1.0,1.0,1.0,1.0,1.0,1.0,1.0,1.0,1.0,1.0,1.0,1.0,1.0,1.0,1.0,1.0,1.0,1.0,1.0
clef,CD012233,hybrid,0.0,0.2222222222222222,0.2222222222222222,0.2222222222222222,0.2222222222222222,0.3333333333333333,0.4444444444444444,0.4444444444444444,0.5555555555555556,0.6666666666666666,0.7777777777777778,0.7777777777777778,0.7777777777777778,0.7777777777777778,0.7777777777777778,0.7777777777777778,0.7777777777777778,0.7777777777777778,0.7777777777777778,0.7777777777777778,0.7777777777777778,0.8888888888888888,0.8888888888888888,0.8888888888888888,0.8888888888888888,0.8888888888888888,0.8888888888888888,0.8888888888888888,0.8888888888888888,0.8888888888888888,0.8888888888888888,0.8888888888888888,0.8888888888888888,0.8888888888888888,0.8888888888888888,0.8888888888888888,0.8888888888888888,0.8888888888888888,0.8888888888888888,0.8888888888888888,0.8888888888888888,0.8888888888888888,0.8888888888888888,0.8888888888888888,0.8888888888888888,0.8888888888888888,0.8888888888888888,0.8888888888888888,0.8888888888888888,0.8888888888888888,0.8888888888888888,0.8888888888888888,0.8888888888888888,0.8888888888888888,0.8888888888888888,0.8888888888888888,0.8888888888888888,0.8888888888888888,0.8888888888888888,0.8888888888888888,0.8888888888888888,0.8888888888888888,0.8888888888888888,0.8888888888888888,0.8888888888888888,0.8888888888888888,0.8888888888888888,0.8888888888888888,0.8888888888888888,0.8888888888888888,0.8888888888888888,0.8888888888888888,0.8888888888888888,0.8888888888888888,0.8888888888888888,0.8888888888888888,0.8888888888888888,0.8888888888888888,0.8888888888888888,0.8888888888888888,0.8888888888888888,0.8888888888888888,0.8888888888888888,0.8888888888888888,0.8888888888888888,0.8888888888888888,0.8888888888888888,0.8888888888888888,0.8888888888888888,0.8888888888888888,0.8888888888888888,0.8888888888888888,0.8888888888888888,0.8888888888888888,0.8888888888888888,0.8888888888888888,0.8888888888888888,0.8888888888888888,0.8888888888888888,0.8888888888888888,0.8888888888888888,0.8888888888888888,0.8888888888888888,0.8888888888888888,0.8888888888888888,0.8888888888888888,0.8888888888888888,0.8888888888888888,0.8888888888888888,0.8888888888888888,0.8888888888888888,0.8888888888888888,0.8888888888888888,0.8888888888888888,0.8888888888888888,0.8888888888888888,0.8888888888888888,0.8888888888888888,0.8888888888888888,0.8888888888888888,0.8888888888888888,0.8888888888888888,0.8888888888888888,0.8888888888888888,0.8888888888888888,0.8888888888888888,0.8888888888888888,0.8888888888888888,0.8888888888888888,0.8888888888888888,0.8888888888888888,0.8888888888888888,0.8888888888888888,0.8888888888888888,0.8888888888888888,0.8888888888888888,0.8888888888888888,0.8888888888888888,0.8888888888888888,0.8888888888888888,0.8888888888888888,0.8888888888888888,0.8888888888888888,0.8888888888888888,0.8888888888888888,0.8888888888888888,0.8888888888888888,0.8888888888888888,0.8888888888888888,0.8888888888888888,0.8888888888888888,0.8888888888888888,0.8888888888888888,0.8888888888888888,0.8888888888888888,0.8888888888888888,0.8888888888888888,0.8888888888888888,0.8888888888888888,0.8888888888888888,0.8888888888888888,0.8888888888888888,1.0,1.0,1.0,1.0,1.0,1.0,1.0,1.0,1.0,1.0,1.0,1.0,1.0,1.0,1.0,1.0,1.0,1.0,1.0,1.0,1.0,1.0,1.0,1.0,1.0,1.0,1.0,1.0,1.0,1.0,1.0,1.0,1.0,1.0,1.0,1.0,1.0,1.0,1.0
clef,CD012233,jev,0.0,0.22222222222222227,0.22222222222222227,0.33333333333333337,0.33333333333333337,0.33333333333333337,0.5333333333333332,0.5555555555555555,0.5555555555555555,0.5555555555555555,0.5555555555555555,0.5555555555555555,0.6666666666666667,0.7444444444444445,0.7777777777777778,0.7777777777777778,0.7777777777777778,0.7777777777777778,0.7777777777777778,0.7777777777777778,0.7777777777777778,0.7777777777777778,0.7777777777777778,0.7777777777777778,0.7777777777777778,0.7777777777777778,0.7777777777777778,0.7777777777777778,0.7777777777777778,0.7777777777777778,0.7777777777777778,0.7777777777777778,0.7777777777777778,0.7777777777777778,0.7777777777777778,0.7777777777777778,0.7777777777777778,0.7777777777777778,0.7777777777777778,0.7777777777777778,0.7777777777777778,0.7777777777777778,0.7777777777777778,0.7777777777777778,0.7777777777777778,0.7777777777777778,0.7777777777777778,0.7777777777777778,0.7777777777777778,0.7777777777777778,0.7777777777777778,0.7777777777777778,0.7777777777777778,0.7777777777777778,0.7777777777777778,0.7777777777777778,0.7777777777777778,0.7777777777777778,0.7777777777777778,0.7777777777777778,0.7777777777777778,0.7777777777777778,0.8222222222222223,0.8444444444444444,0.8888888888888891,0.8888888888888891,0.8888888888888891,0.8888888888888891,0.8888888888888891,0.8888888888888891,0.8888888888888891,0.8888888888888891,0.8888888888888891,0.8888888888888891,0.8888888888888891,0.8888888888888891,0.8888888888888891,0.8888888888888891,0.8888888888888891,0.8888888888888891,0.8888888888888891,0.8888888888888891,0.8888888888888891,0.8888888888888891,0.8888888888888891,0.8888888888888891,0.8888888888888891,0.8888888888888891,0.8888888888888891,0.8888888888888891,0.8888888888888891,0.8888888888888891,0.8888888888888891,0.8888888888888891,0.8888888888888891,0.8888888888888891,0.8888888888888891,0.8888888888888891,0.8888888888888891,0.8888888888888891,0.8888888888888891,0.8888888888888891,0.8888888888888891,0.8888888888888891,0.8888888888888891,0.8888888888888891,0.8888888888888891,0.8888888888888891,0.8888888888888891,0.8888888888888891,0.8888888888888891,0.8888888888888891,0.8888888888888891,0.8888888888888891,0.8888888888888891,0.8888888888888891,0.8888888888888891,0.8888888888888891,0.8888888888888891,0.8888888888888891,0.8888888888888891,0.8888888888888891,0.8888888888888891,0.8888888888888891,0.8888888888888891,0.8888888888888891,0.8888888888888891,0.8888888888888891,0.8888888888888891,0.8888888888888891,0.8888888888888891,0.8888888888888891,0.8888888888888891,0.8888888888888891,0.8888888888888891,0.8888888888888891,0.8888888888888891,0.8888888888888891,0.8888888888888891,0.8888888888888891,0.8888888888888891,0.8888888888888891,0.8888888888888891,0.8888888888888891,0.8888888888888891,0.8888888888888891,0.8888888888888891,0.8888888888888891,0.8888888888888891,0.8888888888888891,0.8888888888888891,0.8888888888888891,0.8888888888888891,0.8888888888888891,0.8888888888888891,0.8888888888888891,0.8888888888888891,0.8888888888888891,0.8888888888888891,0.8888888888888891,0.8888888888888891,0.8888888888888891,0.9111111111111112,0.9222222222222223,0.9222222222222223,0.9222222222222223,0.9444444444444444,0.9444444444444444,0.9555555555555557,0.9777777777777779,0.9777777777777779,0.9777777777777779,0.9888888888888889,1.0,1.0,1.0,1.0,1.0,1.0,1.0,1.0,1.0,1.0,1.0,1.0,1.0,1.0,1.0,1.0,1.0,1.0,1.0,1.0,1.0,1.0,1.0,1.0,1.0,1.0,1.0,1.0
clef,CD012455,asr,0.0,0.6199999999999999,0.6799999999999999,0.6799999999999999,0.82,0.8400000000000001,0.9800000000000001,1.0,1.0,1.0,1.0,1.0,1.0,1.0,1.0,1.0,1.0,1.0,1.0,1.0,1.0,1.0,1.0,1.0,1.0,1.0,1.0,1.0,1.0,1.0,1.0,1.0,1.0,1.0,1.0,1.0,1.0,1.0,1.0,1.0,1.0,1.0,1.0,1.0,1.0,1.0,1.0,1.0,1.0,1.0,1.0,1.0,1.0,1.0,1.0,1.0,1.0,1.0,1.0,1.0,1.0,1.0,1.0,1.0,1.0,1.0,1.0,1.0,1.0,1.0,1.0,1.0,1.0,1.0,1.0,1.0,1.0,1.0,1.0,1.0,1.0,1.0,1.0,1.0,1.0,1.0,1.0,1.0,1.0,1.0,1.0,1.0,1.0,1.0,1.0,1.0,1.0,1.0,1.0,1.0,1.0,1.0,1.0,1.0,1.0,1.0,1.0,1.0,1.0,1.0,1.0,1.0,1.0,1.0,1.0,1.0,1.0,1.0,1.0,1.0,1.0,1.0,1.0,1.0,1.0,1.0,1.0,1.0,1.0,1.0,1.0,1.0,1.0,1.0,1.0,1.0,1.0,1.0,1.0,1.0,1.0,1.0,1.0,1.0,1.0,1.0,1.0,1.0,1.0,1.0,1.0,1.0,1.0,1.0,1.0,1.0,1.0,1.0,1.0,1.0,1.0,1.0,1.0,1.0,1.0,1.0,1.0,1.0,1.0,1.0,1.0,1.0,1.0,1.0,1.0,1.0,1.0,1.0,1.0,1.0,1.0,1.0,1.0,1.0,1.0,1.0,1.0,1.0,1.0,1.0,1.0,1.0,1.0,1.0,1.0,1.0,1.0,1.0,1.0,1.0,1.0
clef,CD012455,hybrid,0.0,1.0,1.0,1.0,1.0,1.0,1.0,1.0,1.0,1.0,1.0,1.0,1.0,1.0,1.0,1.0,1.0,1.0,1.0,1.0,1.0,1.0,1.0,1.0,1.0,1.0,1.0,1.0,1.0,1.0,1.0,1.0,1.0,1.0,1.0,1.0,1.0,1.0,1.0,1.0,1.0,1.0,1.0,1.0,1.0,1.0,1.0,1.0,1.0,1.0,1.0,1.0,1.0,1.0,1.0,1.0,1.0,1.0,1.0,1.0,1.0,1.0,1.0,1.0,1.0,1.0,1.0,1.0,1.0,1.0,1.0,1.0,1.0,1.0,1.0,1.0,1.0,1.0,1.0,1.0,1.0,1.0,1.0,1.0,1.0,1.0,1.0,1.0,1.0,1.0,1.0,1.0,1.0,1.0,1.0,1.0,1.0,1.0,1.0,1.0,1.0,1.0,1.0,1.0,1.0,1.0,1.0,1.0,1.0,1.0,1.0,1.0,1.0,1.0,1.0,1.0,1.0,1.0,1.0,1.0,1.0,1.0,1.0,1.0,1.0,1.0,1.0,1.0,1.0,1.0,1.0,1.0,1.0,1.0,1.0,1.0,1.0,1.0,1.0,1.0,1.0,1.0,1.0,1.0,1.0,1.0,1.0,1.0,1.0,1.0,1.0,1.0,1.0,1.0,1.0,1.0,1.0,1.0,1.0,1.0,1.0,1.0,1.0,1.0,1.0,1.0,1.0,1.0,1.0,1.0,1.0,1.0,1.0,1.0,1.0,1.0,1.0,1.0,1.0,1.0,1.0,1.0,1.0,1.0,1.0,1.0,1.0,1.0,1.0,1.0,1.0,1.0,1.0,1.0,1.0,1.0,1.0,1.0,1.0,1.0,1.0
clef,CD012455,jev,0.0,1.0,1.0,1.0,1.0,1.0,1.0,1.0,1.0,1.0,1.0,1.0,1.0,1.0,1.0,1.0,1.0,1.0,1.0,1.0,1.0,1.0,1.0,1.0,1.0,1.0,1.0,1.0,1.0,1.0,1.0,1.0,1.0,1.0,1.0,1.0,1.0,1.0,1.0,1.0,1.0,1.0,1.0,1.0,1.0,1.0,1.0,1.0,1.0,1.0,1.0,1.0,1.0,1.0,1.0,1.0,1.0,1.0,1.0,1.0,1.0,1.0,1.0,1.0,1.0,1.0,1.0,1.0,1.0,1.0,1.0,1.0,1.0,1.0,1.0,1.0,1.0,1.0,1.0,1.0,1.0,1.0,1.0,1.0,1.0,1.0,1.0,1.0,1.0,1.0,1.0,1.0,1.0,1.0,1.0,1.0,1.0,1.0,1.0,1.0,1.0,1.0,1.0,1.0,1.0,1.0,1.0,1.0,1.0,1.0,1.0,1.0,1.0,1.0,1.0,1.0,1.0,1.0,1.0,1.0,1.0,1.0,1.0,1.0,1.0,1.0,1.0,1.0,1.0,1.0,1.0,1.0,1.0,1.0,1.0,1.0,1.0,1.0,1.0,1.0,1.0,1.0,1.0,1.0,1.0,1.0,1.0,1.0,1.0,1.0,1.0,1.0,1.0,1.0,1.0,1.0,1.0,1.0,1.0,1.0,1.0,1.0,1.0,1.0,1.0,1.0,1.0,1.0,1.0,1.0,1.0,1.0,1.0,1.0,1.0,1.0,1.0,1.0,1.0,1.0,1.0,1.0,1.0,1.0,1.0,1.0,1.0,1.0,1.0,1.0,1.0,1.0,1.0,1.0,1.0,1.0,1.0,1.0,1.0,1.0,1.0
clef,CD012551,asr,0.0,0.03448275862068966,0.05517241379310346,0.11379310344827587,0.1620689655172414,0.20689655172413796,0.2620689655172414,0.2862068965517241,0.32068965517241377,0.3448275862068965,0.3724137931034483,0.4137931034482759,0.4413793103448276,0.47586206896551725,0.506896551724138,0.5275862068965518,0.5344827586206897,0.5517241379310346,0.5551724137931036,0.5586206896551725,0.5655172413793104,0.5724137931034483,0.5724137931034483,0.5724137931034483,0.5724137931034483,0.5724137931034483,0.5724137931034483,0.5758620689655173,0.5931034482758621,0.6,0.6172413793103447,0.6551724137931034,0.6586206896551723,0.6586206896551723,0.6793103448275861,0.6965517241379311,0.7000000000000002,0.703448275862069,0.7206896551724139,0.7689655172413794,0.7862068965517242,0.7931034482758621,0.8206896551724137,0.8586206896551725,0.8620689655172413,0.8689655172413792,0.8724137931034482,0.8724137931034482,0.9068965517241381,0.9448275862068964,0.9689655172413791,0.9689655172413791,0.9689655172413791,0.9689655172413791,0.9689655172413791,0.9689655172413791,0.9724137931034482,0.9827586206896551,0.993103448275862,0.9965517241379309,1.0,1.0,1.0,1.0,1.0,1.0,1.0,1.0,1.0,1.0,1.0,1.0,1.0,1.0,1.0,1.0,1.0,1.0,1.0,1.0,1.0,1.0,1.0,1.0,1.0,1.0,1.0,1.0,1.0,1.0,1.0,1.0,1.0,1.0,1.0,1.0,1.0,1.0,1.0,1.0,1.0,1.0,1.0,1.0,1.0,1.0,1.0,1.0,1.0,1.0,1.0,1.0,1.0,1.0,1.0,1.0,1.0,1.0,1.0,1.0,1.0,1.0,1.0,1.0,1.0,1.0,1.0,1.0,1.0,1.0,1.0,1.0,1.0,1.0,1.0,1.0,1.0,1.0,1.0,1.0,1.0,1.0,1.0,1.0,1.0,1.0,1.0,1.0,1.0,1.0,1.0,1.0,1.0,1.0,1.0,1.0,1.0,1.0,1.0,1.0,1.0,1.0,1.0,1.0,1.0,1.0,1.0,1.0,1.0,1.0,1.0,1.0,1.0,1.0,1.0,1.0,1.0,1.0,1.0,1.0,1.0,1.0,1.0,1.0,1.0,1.0,1.0,1.0,1.0,1.0,1.0,1.0,1.0,1.0,1.0,1.0,1.0,1.0,1.0,1.0,1.0
clef,CD012551,hybrid,0.0,0.06896551724137931,0.1724137931034483,0.2413793103448276,0.3448275862068966,0.41379310344827586,0.4827586206896552,0.5517241379310345,0.5862068965517241,0.6206896551724138,0.6551724137931034,0.6551724137931034,0.6896551724137931,0.7241379310344828,0.7241379310344828,0.7586206896551724,0.8275862068965517,0.896551724137931,0.896551724137931,0.9310344827586207,0.9655172413793104,0.9655172413793104,0.9655172413793104,0.9655172413793104,0.9655172413793104,0.9655172413793104,1.0,1.0,1.0,1.0,1.0,1.0,1.0,1.0,1.0,1.0,1.0,1.0,1.0,1.0,1.0,1.0,1.0,1.0,1.0,1.0,1.0,1.0,1.0,1.0,1.0,1.0,1.0,1.0,1.0,1.0,1.0,1.0,1.0,1.0,1.0,1.0,1.0,1.0,1.0,1.0,1.0,1.0,1.0,1.0,1.0,1.0,1.0,1.0,1.0,1.0,1.0,1.0,1.0,1.0,1.0,1.0,1.0,1.0,1.0,1.0,1.0,1.0,1.0,1.0,1.0,1.0,1.0,1.0,1.0,1.0,1.0,1.0,1.0,1.0,1.0,1.0,1.0,1.0,1.0,1.0,1.0,1.0,1.0,1.0,1.0,1.0,1.0,1.0,1.0,1.0,1.0,1.0,1.0,1.0,1.0,1.0,1.0,1.0,1.0,1.0,1.0,1.0,1.0,1.0,1.0,1.0,1.0,1.0,1.0,1.0,1.0,1.0,1.0,1.0,1.0,1.0,1.0,1.0,1.0,1.0,1.0,1.0,1.0,1.0,1.0,1.0,1.0,1.0,1.0,1.0,1.0,1.0,1.0,1.0,1.0,1.0,1.0,1.0,1.0,1.0,1.0,1.0,1.0,1.0,1.0,1.0,1.0,1.0,1.0,1.0,1.0,1.0,1.0,1.0,1.0,1.0,1.0,1.0,1.0,1.0,1.0,1.0,1.0,1.0,1.0,1.0,1.0,1.0,1.0,1.0,1.0,1.0,1.0,1.0,1.0
clef,CD012551,jev,0.0,0.06896551724137932,0.17241379310344832,0.26896551724137935,0.34482758620689663,0.4482758620689654,0.510344827586207,0.5758620689655173,0.6206896551724138,0.6482758620689654,0.6551724137931033,0.6896551724137933,0.6896551724137933,0.710344827586207,0.7241379310344829,0.7586206896551725,0.8241379310344827,0.8620689655172413,0.8758620689655172,0.8965517241379308,0.9310344827586208,0.9655172413793103,0.9655172413793103,0.9655172413793103,0.9793103448275863,1.0,1.0,1.0,1.0,1.0,1.0,1.0,1.0,1.0,1.0,1.0,1.0,1.0,1.0,1.0,1.0,1.0,1.0,1.0,1.0,1.0,1.0,1.0,1.0,1.0,1.0,1.0,1.0,1.0,1.0,1.0,1.0,1.0,1.0,1.0,1.0,1.0,1.0,1.0,1.0,1.0,1.0,1.0,1.0,1.0,1.0,1.0,1.0,1.0,1.0,1.0,1.0,1.0,1.0,1.0,1.0,1.0,1.0,1.0,1.0,1.0,1.0,1.0,1.0,1.0,1.0,1.0,1.0,1.0,1.0,1.0,1.0,1.0,1.0,1.0,1.0,1.0,1.0,1.0,1.0,1.0,1.0,1.0,1.0,1.0,1.0,1.0,1.0,1.0,1.0,1.0,1.0,1.0,1.0,1.0,1.0,1.0,1.0,1.0,1.0,1.0,1.0,1.0,1.0,1.0,1.0,1.0,1.0,1.0,1.0,1.0,1.0,1.0,1.0,1.0,1.0,1.0,1.0,1.0,1.0,1.0,1.0,1.0,1.0,1.0,1.0,1.0,1.0,1.0,1.0,1.0,1.0,1.0,1.0,1.0,1.0,1.0,1.0,1.0,1.0,1.0,1.0,1.0,1.0,1.0,1.0,1.0,1.0,1.0,1.0,1.0,1.0,1.0,1.0,1.0,1.0,1.0,1.0,1.0,1.0,1.0,1.0,1.0,1.0,1.0,1.0,1.0,1.0,1.0,1.0,1.0,1.0,1.0,1.0,1.0,1.0
clef,CD012567,asr,0.0,0.25,0.25,0.35,0.35,0.35,0.45,0.45,0.6,0.675,0.7,0.75,0.75,0.75,0.75,0.8,0.8,0.8,0.8,0.8,0.8,0.8,0.9,1.0,1.0,1.0,1.0,1.0,1.0,1.0,1.0,1.0,1.0,1.0,1.0,1.0,1.0,1.0,1.0,1.0,1.0,1.0,1.0,1.0,1.0,1.0,1.0,1.0,1.0,1.0,1.0,1.0,1.0,1.0,1.0,1.0,1.0,1.0,1.0,1.0,1.0,1.0,1.0,1.0,1.0,1.0,1.0,1.0,1.0,1.0,1.0,1.0,1.0,1.0,1.0,1.0,1.0,1.0,1.0,1.0,1.0,1.0,1.0,1.0,1.0,1.0,1.0,1.0,1.0,1.0,1.0,1.0,1.0,1.0,1.0,1.0,1.0,1.0,1.0,1.0,1.0,1.0,1.0,1.0,1.0,1.0,1.0,1.0,1.0,1.0,1.0,1.0,1.0,1.0,1.0,1.0,1.0,1.0,1.0,1.0,1.0,1.0,1.0,1.0,1.0,1.0,1.0,1.0,1.0,1.0,1.0,1.0,1.0,1.0,1.0,1.0,1.0,1.0,1.0,1.0,1.0,1.0,1.0,1.0,1.0,1.0,1.0,1.0,1.0,1.0,1.0,1.0,1.0,1.0,1.0,1.0,1.0,1.0,1.0,1.0,1.0,1.0,1.0,1.0,1.0,1.0,1.0,1.0,1.0,1.0,1.0,1.0,1.0,1.0,1.0,1.0,1.0,1.0,1.0,1.0,1.0,1.0,1.0,1.0,1.0,1.0,1.0,1.0,1.0,1.0,1.0,1.0,1.0,1.0,1.0,1.0,1.0,1.0,1.0,1.0,1.0
clef,CD012567,hybrid,0.0,1.0,1.0,1.0,1.0,1.0,1.0,1.0,1.0,1.0,1.0,1.0,1.0,1.0,1.0,1.0,1.0,1.0,1.0,1.0,1.0,1.0,1.0,1.0,1.0,1.0,1.0,1.0,1.0,1.0,1.0,1.0,1.0,1.0,1.0,1.0,1.0,1.0,1.0,1.0,1.0,1.0,1.0,1.0,1.0,1.0,1.0,1.0,1.0,1.0,1.0,1.0,1.0,1.0,1.0,1.0,1.0,1.0,1.0,1.0,1.0,1.0,1.0,1.0,1.0,1.0,1.0,1.0,1.0,1.0,1.0,1.0,1.0,1.0,1.0,1.0,1.0,1.0,1.0,1.0,1.0,1.0,1.0,1.0,1.0,1.0,1.0,1.0,1.0,1.0,1.0,1.0,1.0,1.0,1.0,1.0,1.0,1.0,1.0,1.0,1.0,1.0,1.0,1.0,1.0,1.0,1.0,1.0,1.0,1.0,1.0,1.0,1.0,1.0,1.0,1.0,1.0,1.0,1.0,1.0,1.0,1.0,1.0,1.0,1.0,1.0,1.0,1.0,1.0,1.0,1.0,1.0,1.0,1.0,1.0,1.0,1.0,1.0,1.0,1.0,1.0,1.0,1.0,1.0,1.0,1.0,1.0,1.0,1.0,1.0,1.0,1.0,1.0,1.0,1.0,1.0,1.0,1.0,1.0,1.0,1.0,1.0,1.0,1.0,1.0,1.0,1.0,1.0,1.0,1.0,1.0,1.0,1.0,1.0,1.0,1.0,1.0,1.0,1.0,1.0,1.0,1.0,1.0,1.0,1.0,1.0,1.0,1.0,1.0,1.0,1.0,1.0,1.0,1.0,1.0,1.0,1.0,1.0,1.0,1.0,1.0
clef,CD012567,jev,0.0,1.0,1.0,1.0,1.0,1.0,1.0,1.0,1.0,1.0,1.0,1.0,1.0,1.0,1.0,1.0,1.0,1.0,1.0,1.0,1.0,1.0,1.0,1.0,1.0,1.0,1.0,1.0,1.0,1.0,1.0,1.0,1.0,1.0,1.0,1.0,1.0,1.0,1.0,1.0,1.0,1.0,1.0,1.0,1.0,1.0,1.0,1.0,1.0,1.0,1.0,1.0,1.0,1.0,1.0,1.0,1.0,1.0,1.0,1.0,1.0,1.0,1.0,1.0,1.0,1.0,1.0,1.0,1.0,1.0,1.0,1.0,1.0,1.0,1.0,1.0,1.0,1.0,1.0,1.0,1.0,1.0,1.0,1.0,1.0,1.0,1.0,1.0,1.0,1.0,1.0,1.0,1.0,1.0,1.0,1.0,1.0,1.0,1.0,1.0,1.0,1.0,1.0,1.0,1.0,1.0,1.0,1.0,1.0,1.0,1.0,1.0,1.0,1.0,1.0,1.0,1.0,1.0,1.0,1.0,1.0,1.0,1.0,1.0,1.0,1.0,1.0,1.0,1.0,1.0,1.0,1.0,1.0,1.0,1.0,1.0,1.0,1.0,1.0,1.0,1.0,1.0,1.0,1.0,1.0,1.0,1.0,1.0,1.0,1.0,1.0,1.0,1.0,1.0,1.0,1.0,1.0,1.0,1.0,1.0,1.0,1.0,1.0,1.0,1.0,1.0,1.0,1.0,1.0,1.0,1.0,1.0,1.0,1.0,1.0,1.0,1.0,1.0,1.0,1.0,1.0,1.0,1.0,1.0,1.0,1.0,1.0,1.0,1.0,1.0,1.0,1.0,1.0,1.0,1.0,1.0,1.0,1.0,1.0,1.0,1.0
clef,CD012661,asr,0.0,0.06702127659574468,0.1446808510638298,0.20638297872340425,0.26914893617021274,0.3563829787234043,0.4457446808510638,0.5085106382978724,0.5595744680851065,0.6042553191489362,0.6329787234042553,0.6691489361702128,0.7021276595744681,0.7297872340425532,0.7553191489361702,0.7851063829787234,0.8000000000000002,0.8138297872340425,0.8202127659574469,0.825531914893617,0.8351063829787234,0.8531914893617023,0.8595744680851064,0.8702127659574469,0.8776595744680851,0.8797872340425531,0.9021276595744678,0.9191489361702126,0.9351063829787233,0.9436170212765959,0.9478723404255319,0.9563829787234044,0.9574468085106383,0.9574468085106383,0.9574468085106383,0.9659574468085109,0.968085106382979,0.968085106382979,0.9765957446808512,0.9893617021276595,0.9893617021276595,0.9893617021276595,0.9893617021276595,0.9893617021276595,0.9893617021276595,0.9893617021276595,0.9893617021276595,0.9893617021276595,0.9893617021276595,0.9893617021276595,0.9893617021276595,0.9893617021276595,0.9893617021276595,0.9893617021276595,0.9893617021276595,0.9893617021276595,0.9893617021276595,0.9893617021276595,0.9893617021276595,0.9893617021276595,0.9893617021276595,0.9893617021276595,0.9893617021276595,0.9893617021276595,0.9893617021276595,0.9893617021276595,0.9893617021276595,0.9893617021276595,0.9893617021276595,0.9893617021276595,0.9893617021276595,0.9893617021276595,0.9893617021276595,0.9893617021276595,0.9893617021276595,0.9893617021276595,0.9893617021276595,0.9893617021276595,0.9893617021276595,0.9893617021276595,0.9893617021276595,0.9893617021276595,0.9893617021276595,0.9893617021276595,0.9893617021276595,0.9893617021276595,0.9893617021276595,0.9893617021276595,0.9893617021276595,0.9893617021276595,0.9893617021276595,0.9893617021276595,0.9893617021276595,0.9893617021276595,0.9893617021276595,0.9893617021276595,0.9893617021276595,0.9893617021276595,0.9893617021276595,0.9893617021276595,0.9893617021276595,0.9893617021276595,0.9893617021276595,0.9893617021276595,0.9893617021276595,0.9893617021276595,0.9893617021276595,0.9893617021276595,0.9893617021276595,0.9893617021276595,0.9893617021276595,0.9893617021276595,0.9893617021276595,0.9893617021276595,0.9893617021276595,0.9893617021276595,0.9893617021276595,0.9893617021276595,0.9893617021276595,0.9893617021276595,0.9893617021276595,0.9893617021276595,0.9893617021276595,1.0,1.0,1.0,1.0,1.0,1.0,1.0,1.0,1.0,1.0,1.0,1.0,1.0,1.0,1.0,1.0,1.0,1.0,1.0,1.0,1.0,1.0,1.0,1.0,1.0,1.0,1.0,1.0,1.0,1.0,1.0,1.0,1.0,1.0,1.0,1.0,1.0,1.0,1.0,1.0,1.0,1.0,1.0,1.0,1.0,1.0,1.0,1.0,1.0,1.0,1.0,1.0,1.0,1.0,1.0,1.0,1.0,1.0,1.0,1.0,1.0,1.0,1.0,1.0,1.0,1.0,1.0,1.0,1.0,1.0,1.0,1.0,1.0,1.0,1.0,1.0,1.0,1.0
clef,CD012661,hybrid,0.0,0.11702127659574468,0.2553191489361702,0.3617021276595745,0.43617021276595747,0.5319148936170213,0.5851063829787234,0.6382978723404256,0.6914893617021277,0.7553191489361702,0.7872340425531915,0.7978723404255319,0.8191489361702128,0.8297872340425532,0.8617021276595744,0.8829787234042553,0.8936170212765957,0.9042553191489362,0.9042553191489362,0.925531914893617,0.925531914893617,0.925531914893617,0.925531914893617,0.9468085106382979,0.9468085106382979,0.9468085106382979,0.9574468085106383,0.9574468085106383,0.9574468085106383,0.9574468085106383,0.9680851063829787,0.9680851063829787,0.9680851063829787,0.9680851063829787,0.9680851063829787,0.9787234042553191,0.9787234042553191,0.9787234042553191,0.9893617021276596,0.9893617021276596,0.9893617021276596,0.9893617021276596,0.9893617021276596,0.9893617021276596,0.9893617021276596,0.9893617021276596,0.9893617021276596,0.9893617021276596,0.9893617021276596,0.9893617021276596,0.9893617021276596,0.9893617021276596,0.9893617021276596,0.9893617021276596,0.9893617021276596,0.9893617021276596,0.9893617021276596,0.9893617021276596,0.9893617021276596,0.9893617021276596,0.9893617021276596,0.9893617021276596,0.9893617021276596,0.9893617021276596,0.9893617021276596,0.9893617021276596,0.9893617021276596,0.9893617021276596,0.9893617021276596,0.9893617021276596,1.0,1.0,1.0,1.0,1.0,1.0,1.0,1.0,1.0,1.0,1.0,1.0,1.0,1.0,1.0,1.0,1.0,1.0,1.0,1.0,1.0,1.0,1.0,1.0,1.0,1.0,1.0,1.0,1.0,1.0,1.0,1.0,1.0,1.0,1.0,1.0,1.0,1.0,1.0,1.0,1.0,1.0,1.0,1.0,1.0,1.0,1.0,1.0,1.0,1.0,1.0,1.0,1.0,1.0,1.0,1.0,1.0,1.0,1.0,1.0,1.0,1.0,1.0,1.0,1.0,1.0,1.0,1.0,1.0,1.0,1.0,1.0,1.0,1.0,1.0,1.0,1.0,1.0,1.0,1.0,1.0,1.0,1.0,1.0,1.0,1.0,1.0,1.0,1.0,1.0,1.0,1.0,1.0,1.0,1.0,1.0,1.0,1.0,1.0,1.0,1.0,1.0,1.0,1.0,1.0,1.0,1.0,1.0,1.0,1.0,1.0,1.0,1.0,1.0,1.0,1.0,1.0,1.0,1.0,1.0,1.0,1.0,1.0,1.0,1.0,1.0,1.0,1.0,1.0,1.0,1.0
clef,CD012661,jev,0.0,0.1276595744680851,0.2446808510638298,0.36170212765957455,0.4542553191489362,0.49468085106382975,0.5638297872340425,0.6297872340425531,0.6702127659574469,0.6914893617021277,0.7127659574468084,0.7382978723404257,0.7638297872340425,0.8148936170212766,0.824468085106383,0.8297872340425532,0.8297872340425532,0.8510638297872342,0.8936170212765957,0.904255319148936,0.904255319148936,0.904255319148936,0.904255319148936,0.904255319148936,0.9170212765957446,0.9340425531914892,0.9361702127659577,0.9361702127659577,0.9361702127659577,0.9361702127659577,0.9425531914893618,0.946808510638298,0.9521276595744682,0.9574468085106383,0.9574468085106383,0.9574468085106383,0.9574468085106383,0.9574468085106383,0.9617021276595746,0.9659574468085108,0.968085106382979,0.969148936170213,0.9723404255319151,0.9723404255319151,0.9755319148936172,0.9787234042553192,0.9787234042553192,0.9787234042553192,0.9787234042553192,0.9797872340425533,0.9840425531914894,0.9872340425531915,0.9872340425531915,0.9893617021276595,0.9904255319148936,0.9925531914893618,0.9946808510638299,0.9957446808510639,0.9957446808510639,0.9968085106382979,0.9989361702127659,1.0,1.0,1.0,1.0,1.0,1.0,1.0,1.0,1.0,1.0,1.0,1.0,1.0,1.0,1.0,1.0,1.0,1.0,1.0,1.0,1.0,1.0,1.0,1.0,1.0,1.0,1.0,1.0,1.0,1.0,1.0,1.0,1.0,1.0,1.0,1.0,1.0,1.0,1.0,1.0,1.0,1.0,1.0,1.0,1.0,1.0,1.0,1.0,1.0,1.0,1.0,1.0,1.0,1.0,1.0,1.0,1.0,1.0,1.0,1.0,1.0,1.0,1.0,1.0,1.0,1.0,1.0,1.0,1.0,1.0,1.0,1.0,1.0,1.0,1.0,1.0,1.0,1.0,1.0,1.0,1.0,1.0,1.0,1.0,1.0,1.0,1.0,1.0,1.0,1.0,1.0,1.0,1.0,1.0,1.0,1.0,1.0,1.0,1.0,1.0,1.0,1.0,1.0,1.0,1.0,1.0,1.0,1.0,1.0,1.0,1.0,1.0,1.0,1.0,1.0,1.0,1.0,1.0,1.0,1.0,1.0,1.0,1.0,1.0,1.0,1.0,1.0,1.0,1.0,1.0,1.0,1.0,1.0,1.0,1.0,1.0,1.0,1.0,1.0,1.0
clef,CD012669,asr,0.0,0.09999999999999999,0.14583333333333334,0.2166666666666667,0.25,0.26666666666666666,0.3,0.3416666666666667,0.3625,0.4083333333333334,0.4541666666666667,0.5,0.5416666666666667,0.5666666666666667,0.6041666666666667,0.6166666666666667,0.65,0.6916666666666667,0.7041666666666666,0.725,0.7416666666666666,0.7458333333333332,0.7625,0.775,0.7875000000000001,0.7875000000000001,0.7875000000000001,0.7875000000000001,0.7916666666666667,0.8166666666666668,0.8291666666666666,0.8375,0.8375,0.8541666666666666,0.875,0.875,0.875,0.8833333333333332,0.8958333333333334,0.9541666666666666,0.9541666666666666,0.9583333333333334,0.9583333333333334,0.9583333333333334,0.9625,0.9625,0.9625,0.9625,0.9625,0.9625,0.9625,0.9625,0.9625,0.9625,0.9625,0.9625,0.9625,0.9625,0.9916666666666666,0.9958333333333333,1.0,1.0,1.0,1.0,1.0,1.0,1.0,1.0,1.0,1.0,1.0,1.0,1.0,1.0,1.0,1.0,1.0,1.0,1.0,1.0,1.0,1.0,1.0,1.0,1.0,1.0,1.0,1.0,1.0,1.0,1.0,1.0,1.0,1.0,1.0,1.0,1.0,1.0,1.0,1.0,1.0,1.0,1.0,1.0,1.0,1.0,1.0,1.0,1.0,1.0,1.0,1.0,1.0,1.0,1.0,1.0,1.0,1.0,1.0,1.0,1.0,1.0,1.0,1.0,1.0,1.0,1.0,1.0,1.0,1.0,1.0,1.0,1.0,1.0,1.0,1.0,1.0,1.0,1.0,1.0,1.0,1.0,1.0,1.0,1.0,1.0,1.0,1.0,1.0,1.0,1.0,1.0,1.0,1.0,1.0,1.0,1.0,1.0,1.0,1.0,1.0,1.0,1.0,1.0,1.0,1.0,1.0,1.0,1.0,1.0,1.0,1.0,1.0,1.0,1.0,1.0,1.0,1.0,1.0,1.0,1.0,1.0,1.0,1.0,1.0,1.0,1.0,1.0,1.0,1.0,1.0,1.0,1.0,1.0,1.0,1.0,1.0,1.0,1.0,1.0,1.0
clef,CD012669,hybrid,0.0,0.16666666666666666,0.25,0.2916666666666667,0.375,0.375,0.4583333333333333,0.4583333333333333,0.5,0.5,0.5416666666666666,0.5833333333333334,0.625,0.625,0.6666666666666666,0.6666666666666666,0.75,0.75,0.75,0.75,0.7916666666666666,0.7916666666666666,0.8333333333333334,0.875,0.9166666666666666,0.9166666666666666,0.9166666666666666,0.9166666666666666,0.9583333333333334,0.9583333333333334,0.9583333333333334,0.9583333333333334,0.9583333333333334,0.9583333333333334,0.9583333333333334,0.9583333333333334,0.9583333333333334,0.9583333333333334,0.9583333333333334,0.9583333333333334,0.9583333333333334,0.9583333333333334,0.9583333333333334,0.9583333333333334,0.9583333333333334,0.9583333333333334,0.9583333333333334,1.0,1.0,1.0,1.0,1.0,1.0,1.0,1.0,1.0,1.0,1.0,1.0,1.0,1.0,1.0,1.0,1.0,1.0,1.0,1.0,1.0,1.0,1.0,1.0,1.0,1.0,1.0,1.0,1.0,1.0,1.0,1.0,1.0,1.0,1.0,1.0,1.0,1.0,1.0,1.0,1.0,1.0,1.0,1.0,1.0,1.0,1.0,1.0,1.0,1.0,1.0,1.0,1.0,1.0,1.0,1.0,1.0,1.0,1.0,1.0,1.0,1.0,1.0,1.0,1.0,1.0,1.0,1.0,1.0,1.0,1.0,1.0,1.0,1.0,1.0,1.0,1.0,1.0,1.0,1.0,1.0,1.0,1.0,1.0,1.0,1.0,1.0,1.0,1.0,1.0,1.0,1.0,1.0,1.0,1.0,1.0,1.0,1.0,1.0,1.0,1.0,1.0,1.0,1.0,1.0,1.0,1.0,1.0,1.0,1.0,1.0,1.0,1.0,1.0,1.0,1.0,1.0,1.0,1.0,1.0,1.0,1.0,1.0,1.0,1.0,1.0,1.0,1.0,1.0,1.0,1.0,1.0,1.0,1.0,1.0,1.0,1.0,1.0,1.0,1.0,1.0,1.0,1.0,1.0,1.0,1.0,1.0,1.0,1.0,1.0,1.0,1.0,1.0,1.0
clef,CD012669,jev,0.0,0.125,0.15,0.1875,0.29999999999999993,0.375,0.375,0.3958333333333333,0.4666666666666666,0.5416666666666667,0.5666666666666667,0.5833333333333333,0.6416666666666667,0.6666666666666667,0.6666666666666667,0.6666666666666667,0.6666666666666667,0.6875,0.6958333333333334,0.7375,0.7666666666666667,0.7916666666666667,0.7916666666666667,0.7916666666666667,0.8208333333333334,0.8666666666666668,0.875,0.875,0.875,0.9166666666666666,0.9583333333333334,0.9583333333333334,0.9583333333333334,0.9583333333333334,0.9583333333333334,0.9583333333333334,0.9583333333333334,0.9583333333333334,0.9583333333333334,0.9583333333333334,0.9583333333333334,0.9583333333333334,0.9583333333333334,0.9583333333333334,0.9583333333333334,0.9583333333333334,0.9583333333333334,0.9583333333333334,0.9583333333333334,0.9583333333333334,0.9583333333333334,0.9583333333333334,0.9958333333333332,1.0,1.0,1.0,1.0,1.0,1.0,1.0,1.0,1.0,1.0,1.0,1.0,1.0,1.0,1.0,1.0,1.0,1.0,1.0,1.0,1.0,1.0,1.0,1.0,1.0,1.0,1.0,1.0,1.0,1.0,1.0,1.0,1.0,1.0,1.0,1.0,1.0,1.0,1.0,1.0,1.0,1.0,1.0,1.0,1.0,1.0,1.0,1.0,1.0,1.0,1.0,1.0,1.0,1.0,1.0,1.0,1.0,1.0,1.0,1.0,1.0,1.0,1.0,1.0,1.0,1.0,1.0,1.0,1.0,1.0,1.0,1.0,1.0,1.0,1.0,1.0,1.0,1.0,1.0,1.0,1.0,1.0,1.0,1.0,1.0,1.0,1.0,1.0,1.0,1.0,1.0,1.0,1.0,1.0,1.0,1.0,1.0,1.0,1.0,1.0,1.0,1.0,1.0,1.0,1.0,1.0,1.0,1.0,1.0,1.0,1.0,1.0,1.0,1.0,1.0,1.0,1.0,1.0,1.0,1.0,1.0,1.0,1.0,1.0,1.0,1.0,1.0,1.0,1.0,1.0,1.0,1.0,1.0,1.0,1.0,1.0,1.0,1.0,1.0,1.0,1.0,1.0,1.0,1.0,1.0,1.0,1.0,1.0
clef,CD012768,asr,0.0,0.0,0.04545454545454546,0.04545454545454546,0.04545454545454546,0.07272727272727272,0.07272727272727272,0.08636363636363636,0.1,0.1,0.11818181818181821,0.1272727272727273,0.1272727272727273,0.1409090909090909,0.16818181818181815,0.16818181818181815,0.18181818181818182,0.18636363636363634,0.18636363636363634,0.19545454545454544,0.21363636363636362,0.21363636363636362,0.2409090909090909,0.25,0.25,0.2636363636363636,0.2909090909090909,0.2909090909090909,0.31363636363636366,0.31363636363636366,0.32727272727272727,0.34090909090909094,0.34090909090909094,0.3681818181818182,0.3954545454545455,0.3954545454545455,0.41818181818181815,0.44545454545454544,0.44545454545454544,0.4545454545454545,0.46363636363636357,0.46363636363636357,0.4909090909090909,0.509090909090909,0.509090909090909,0.5181818181818182,0.5318181818181819,0.5318181818181819,0.5318181818181819,0.5409090909090908,0.5409090909090908,0.5454545454545453,0.559090909090909,0.559090909090909,0.5727272727272726,0.5772727272727274,0.5772727272727274,0.5863636363636363,0.5863636363636363,0.5954545454545455,0.6090909090909091,0.6090909090909091,0.6181818181818182,0.6363636363636362,0.6363636363636362,0.6545454545454545,0.6727272727272727,0.6727272727272727,0.6863636363636364,0.7136363636363636,0.7136363636363636,0.7227272727272729,0.7363636363636364,0.7363636363636364,0.7454545454545455,0.7500000000000001,0.7500000000000001,0.759090909090909,0.7727272727272727,0.7727272727272727,0.7772727272727272,0.7909090909090908,0.7909090909090908,0.809090909090909,0.8272727272727272,0.8272727272727272,0.85,0.85,0.8727272727272727,0.8818181818181818,0.8818181818181818,0.8954545454545453,0.909090909090909,0.909090909090909,0.9136363636363635,0.9227272727272726,0.9227272727272726,0.9227272727272726,0.9363636363636363,0.9363636363636363,0.9454545454545455,0.9590909090909092,0.9590909090909092,0.9681818181818184,0.9818181818181818,0.9818181818181818,0.9954545454545455,1.0,1.0,1.0,1.0,1.0,1.0,1.0,1.0,1.0,1.0,1.0,1.0,1.0,1.0,1.0,1.0,1.0,1.0,1.0,1.0,1.0,1.0,1.0,1.0,1.0,1.0,1.0,1.0,1.0,1.0,1.0,1.0,1.0,1.0,1.0,1.0,1.0,1.0,1.0,1.0,1.0,1.0,1.0,1.0,1.0,1.0,1.0,1.0,1.0,1.0,1.0,1.0,1.0,1.0,1.0,1.0,1.0,1.0,1.0,1.0,1.0,1.0,1.0,1.0,1.0,1.0,1.0,1.0,1.0,1.0,1.0,1.0,1.0,1.0,1.0,1.0,1.0,1.0,1.0,1.0,1.0,1.0,1.0,1.0,1.0,1.0,1.0,1.0,1.0,1.0,1.0,1.0,1.0,1.0
clef,CD012768,hybrid,0.0,0.0,0.0,0.0,0.0,0.045454545454545456,0.045454545454545456,0.09090909090909091,0.13636363636363635,0.13636363636363635,0.18181818181818182,0.22727272727272727,0.22727272727272727,0.22727272727272727,0.22727272727272727,0.22727272727272727,0.22727272727272727,0.22727272727272727,0.22727272727272727,0.2727272727272727,0.3181818181818182,0.3181818181818182,0.36363636363636365,0.36363636363636365,0.36363636363636365,0.36363636363636365,0.4090909090909091,0.4090909090909091,0.45454545454545453,0.45454545454545453,0.45454545454545453,0.5,0.5,0.5,0.5454545454545454,0.5454545454545454,0.5454545454545454,0.5454545454545454,0.5454545454545454,0.5909090909090909,0.6363636363636364,0.6363636363636364,0.6363636363636364,0.6363636363636364,0.6363636363636364,0.6363636363636364,0.6363636363636364,0.6363636363636364,0.6363636363636364,0.6363636363636364,0.6363636363636364,0.6363636363636364,0.6363636363636364,0.6363636363636364,0.6818181818181818,0.6818181818181818,0.6818181818181818,0.6818181818181818,0.6818181818181818,0.6818181818181818,0.6818181818181818,0.6818181818181818,0.6818181818181818,0.6818181818181818,0.6818181818181818,0.7272727272727273,0.7272727272727273,0.7272727272727273,0.7272727272727273,0.7272727272727273,0.7272727272727273,0.7272727272727273,0.7727272727272727,0.7727272727272727,0.7727272727272727,0.7727272727272727,0.7727272727272727,0.7727272727272727,0.8181818181818182,0.8181818181818182,0.8636363636363636,0.9090909090909091,0.9090909090909091,0.9090909090909091,0.9090909090909091,0.9090909090909091,0.9545454545454546,0.9545454545454546,1.0,1.0,1.0,1.0,1.0,1.0,1.0,1.0,1.0,1.0,1.0,1.0,1.0,1.0,1.0,1.0,1.0,1.0,1.0,1.0,1.0,1.0,1.0,1.0,1.0,1.0,1.0,1.0,1.0,1.0,1.0,1.0,1.0,1.0,1.0,1.0,1.0,1.0,1.0,1.0,1.0,1.0,1.0,1.0,1.0,1.0,1.0,1.0,1.0,1.0,1.0,1.0,1.0,1.0,1.0,1.0,1.0,1.0,1.0,1.0,1.0,1.0,1.0,1.0,1.0,1.0,1.0,1.0,1.0,1.0,1.0,1.0,1.0,1.0,1.0,1.0,1.0,1.0,1.0,1.0,1.0,1.0,1.0,1.0,1.0,1.0,1.0,1.0,1.0,1.0,1.0,1.0,1.0,1.0,1.0,1.0,1.0,1.0,1.0,1.0,1.0,1.0,1.0,1.0,1.0,1.0,1.0,1.0,1.0,1.0,1.0,1.0,1.0
clef,CD012768,jev,0.0,0.0,0.03181818181818182,0.03181818181818182,0.03636363636363637,0.04545454545454546,0.04545454545454546,0.04545454545454546,0.0590909090909091,0.0590909090909091,0.07272727272727272,0.09090909090909093,0.09090909090909093,0.09090909090909093,0.12272727272727271,0.12272727272727271,0.15,0.18181818181818185,0.18181818181818185,0.22727272727272724,0.27272727272727265,0.27272727272727265,0.31818181818181823,0.3636363636363637,0.3636363636363637,0.3772727272727273,0.4,0.4,0.4136363636363637,0.4136363636363637,0.44545454545454544,0.4590909090909091,0.4590909090909091,0.47727272727272724,0.5,0.5,0.5,0.5272727272727272,0.5272727272727272,0.5363636363636364,0.5454545454545453,0.5454545454545453,0.5636363636363635,0.5772727272727272,0.5772727272727272,0.5863636363636363,0.6136363636363636,0.6136363636363636,0.6227272727272728,0.6363636363636365,0.6363636363636365,0.6500000000000001,0.6636363636363636,0.6636363636363636,0.6818181818181818,0.7136363636363636,0.7136363636363636,0.7272727272727274,0.7272727272727274,0.7272727272727274,0.7272727272727274,0.7272727272727274,0.7272727272727274,0.7272727272727274,0.7272727272727274,0.7272727272727274,0.7272727272727274,0.7272727272727274,0.7272727272727274,0.7272727272727274,0.7272727272727274,0.740909090909091,0.7545454545454545,0.7545454545454545,0.7727272727272726,0.7727272727272726,0.7727272727272726,0.7863636363636364,0.8045454545454545,0.8045454545454545,0.8181818181818181,0.8181818181818181,0.8181818181818181,0.8181818181818181,0.8181818181818181,0.8181818181818181,0.85,0.85,0.8636363636363635,0.909090909090909,0.909090909090909,0.9318181818181819,0.9545454545454548,0.9545454545454548,0.9545454545454548,0.9545454545454548,0.9545454545454548,0.9545454545454548,0.9545454545454548,0.9545454545454548,0.9545454545454548,0.9863636363636363,0.9863636363636363,0.9954545454545455,1.0,1.0,1.0,1.0,1.0,1.0,1.0,1.0,1.0,1.0,1.0,1.0,1.0,1.0,1.0,1.0,1.0,1.0,1.0,1.0,1.0,1.0,1.0,1.0,1.0,1.0,1.0,1.0,1.0,1.0,1.0,1.0,1.0,1.0,1.0,1.0,1.0,1.0,1.0,1.0,1.0,1.0,1.0,1.0,1.0,1.0,1.0,1.0,1.0,1.0,1.0,1.0,1.0,1.0,1.0,1.0,1.0,1.0,1.0,1.0,1.0,1.0,1.0,1.0,1.0,1.0,1.0,1.0,1.0,1.0,1.0,1.0,1.0,1.0,1.0,1.0,1.0,1.0,1.0,1.0,1.0,1.0,1.0,1.0,1.0,1.0,1.0,1.0,1.0,1.0,1.0,1.0,1.0,1.0,1.0,1.0,1.0
