collection,review,seed,N,n1,k95,k100,wss95,wss100,rec@10,rec@20,rec@30,map,tnr95
heldout_final,Abgaz_2023,0,288,11,19,19,0.8840277777777777,0.9340277777777778,1.0,1.0,1.0,0.5855780442467748,0.9711191335740073
heldout_final,Abgaz_2023,1,288,11,18,18,0.8875,0.9375,1.0,1.0,1.0,0.5883477633477634,0.9747292418772563
heldout_final,Abgaz_2023,2,288,11,17,17,0.8909722222222222,0.9409722222222222,1.0,1.0,1.0,0.6097975553857906,0.9783393501805054
heldout_final,Abgaz_2023,3,288,11,19,19,0.8840277777777777,0.9340277777777778,1.0,1.0,1.0,0.6036056049213944,0.9711191335740073
heldout_final,Abgaz_2023,4,288,11,19,19,0.8840277777777777,0.9340277777777778,1.0,1.0,1.0,0.5780022866710174,0.9711191335740073
heldout_final,Abgaz_2023,5,288,11,18,18,0.8875,0.9375,1.0,1.0,1.0,0.5850055173584585,0.9747292418772563
heldout_final,Abgaz_2023,6,288,11,18,18,0.8875,0.9375,1.0,1.0,1.0,0.6007444575626394,0.9747292418772563
heldout_final,Abgaz_2023,7,288,11,18,18,0.8875,0.9375,1.0,1.0,1.0,0.6065295815295815,0.9747292418772563
heldout_final,Abgaz_2023,8,288,11,17,17,0.8909722222222222,0.9409722222222222,1.0,1.0,1.0,0.6040124314188485,0.9783393501805054
heldout_final,Abgaz_2023,9,288,11,18,18,0.8875,0.9375,1.0,1.0,1.0,0.5850055173584585,0.9747292418772563
heldout_final,Attai_2022,0,1726,135,515,1012,0.65162224797219,0.4136732329084588,0.5185185185185185,0.7851851851851852,0.9555555555555556,0.4053091807814149,0.7573852922690132
heldout_final,Attai_2022,1,1726,135,508,1015,0.6556778679026651,0.4119351100811124,0.5259259259259259,0.7851851851851852,0.9555555555555556,0.40782563032640806,0.7617850408548082
heldout_final,Attai_2022,2,1726,135,509,977,0.6550984936268829,0.4339513325608343,0.5259259259259259,0.7851851851851852,0.9555555555555556,0.40627386220223416,0.7611565053425519
heldout_final,Attai_2022,3,1726,135,500,938,0.6603128621089223,0.45654692931633833,0.5259259259259259,0.7851851851851852,0.9555555555555556,0.4046206815092092,0.7668133249528598
heldout_final,Attai_2022,4,1726,135,510,974,0.6545191193511007,0.4356894553881807,0.5185185185185185,0.7851851851851852,0.9555555555555556,0.4049179456015119,0.7605279698302954
heldout_final,Attai_2022,5,1726,135,508,983,0.6556778679026651,0.43047508690614134,0.5259259259259259,0.7851851851851852,0.9555555555555556,0.41154462367466177,0.7617850408548082
heldout_final,Attai_2022,6,1726,135,516,991,0.6510428736964078,0.4258400926998841,0.5185185185185185,0.7851851851851852,0.9555555555555556,0.40868828618016273,0.7567567567567568
heldout_final,Attai_2022,7,1726,135,505,941,0.6574159907300116,0.4548088064889919,0.5259259259259259,0.7851851851851852,0.9555555555555556,0.40596771662179576,0.7636706473915776
heldout_final,Attai_2022,8,1726,135,505,901,0.6574159907300116,0.4779837775202781,0.5185185185185185,0.7851851851851852,0.9555555555555556,0.4103389998026854,0.7636706473915776
heldout_final,Attai_2022,9,1726,135,501,977,0.6597334878331402,0.4339513325608343,0.5259259259259259,0.7851851851851852,0.9555555555555556,0.4107439643426434,0.7661847894406034
heldout_final,Boersma-van_Dam_2024,0,578,24,97,196,0.7821799307958477,0.6608996539792388,0.875,0.9583333333333334,0.9583333333333334,0.410935983814304,0.8664259927797834
heldout_final,Boersma-van_Dam_2024,1,578,24,95,169,0.7856401384083045,0.7076124567474049,0.875,0.9583333333333334,1.0,0.40376451078434505,0.8700361010830325
heldout_final,Boersma-van_Dam_2024,2,578,24,96,170,0.7839100346020761,0.7058823529411764,0.875,0.9583333333333334,1.0,0.4303225360920058,0.868231046931408
heldout_final,Boersma-van_Dam_2024,3,578,24,97,192,0.7821799307958477,0.6678200692041523,0.875,0.9583333333333334,0.9583333333333334,0.4300254614261802,0.8664259927797834
heldout_final,Boersma-van_Dam_2024,4,578,24,94,174,0.7873702422145328,0.698961937716263,0.875,0.9583333333333334,0.9583333333333334,0.40195685074417115,0.871841155234657
heldout_final,Boersma-van_Dam_2024,5,578,24,97,182,0.7821799307958477,0.685121107266436,0.875,0.9583333333333334,0.9583333333333334,0.4298757932117996,0.8664259927797834
heldout_final,Boersma-van_Dam_2024,6,578,24,97,179,0.7821799307958477,0.6903114186851211,0.875,0.9583333333333334,0.9583333333333334,0.41068200528971044,0.8664259927797834
heldout_final,Boersma-van_Dam_2024,7,578,24,94,191,0.7873702422145328,0.6695501730103806,0.875,0.9583333333333334,0.9583333333333334,0.43221434516319324,0.871841155234657
heldout_final,Boersma-van_Dam_2024,8,578,24,97,190,0.7821799307958477,0.6712802768166091,0.875,0.9583333333333334,0.9583333333333334,0.4098739810451178,0.8664259927797834
heldout_final,Boersma-van_Dam_2024,9,578,24,94,201,0.7873702422145328,0.6522491349480969,0.875,0.9583333333333334,0.9583333333333334,0.40335691024855086,0.871841155234657
heldout_final,Bos_2018,0,2241,6,106,106,0.9026996876394466,0.9526996876394467,1.0,1.0,1.0,0.5040920819222706,0.9552572706935123
heldout_final,Bos_2018,1,2241,6,105,105,0.9031459170013386,0.9531459170013387,1.0,1.0,1.0,0.5041819291819292,0.9557046979865772
heldout_final,Bos_2018,2,2241,6,104,104,0.9035921463632306,0.9535921463632306,1.0,1.0,1.0,0.5042735042735043,0.9561521252796421
heldout_final,Bos_2018,3,2241,6,106,106,0.9026996876394466,0.9526996876394467,1.0,1.0,1.0,0.5040920819222706,0.9552572706935123
heldout_final,Bos_2018,4,2241,6,107,107,0.9022534582775547,0.9522534582775547,1.0,1.0,1.0,0.504003914050643,0.9548098434004474
heldout_final,Bos_2018,5,2241,6,105,105,0.9031459170013386,0.9531459170013387,1.0,1.0,1.0,0.5041819291819292,0.9557046979865772
heldout_final,Bos_2018,6,2241,6,107,107,0.9022534582775547,0.9522534582775547,1.0,1.0,1.0,0.504003914050643,0.9548098434004474
heldout_final,Bos_2018,7,2241,6,106,106,0.9026996876394466,0.9526996876394467,1.0,1.0,1.0,0.5040920819222706,0.9552572706935123
heldout_final,Bos_2018,8,2241,6,107,107,0.9022534582775547,0.9522534582775547,1.0,1.0,1.0,0.504003914050643,0.9548098434004474
heldout_final,Bos_2018,9,2241,6,104,104,0.9035921463632306,0.9535921463632306,1.0,1.0,1.0,0.5042735042735043,0.9561521252796421
heldout_final,Bosch_2021,0,1716,22,133,185,0.8724941724941725,0.8921911421911422,0.9545454545454546,1.0,1.0,0.3909888815007415,0.9338842975206612
heldout_final,Bosch_2021,1,1716,22,132,183,0.8730769230769231,0.8933566433566433,0.9545454545454546,1.0,1.0,0.3854445813384166,0.9344746162927982
heldout_final,Bosch_2021,2,1716,22,131,183,0.8736596736596736,0.8933566433566433,0.9545454545454546,1.0,1.0,0.3805303300487884,0.935064935064935
heldout_final,Bosch_2021,3,1716,22,134,184,0.8719114219114219,0.8927738927738927,0.9545454545454546,1.0,1.0,0.3742870565193487,0.9332939787485242
heldout_final,Bosch_2021,4,1716,22,133,182,0.8724941724941725,0.8939393939393939,0.9545454545454546,1.0,1.0,0.3859153017718074,0.9338842975206612
heldout_final,Bosch_2021,5,1716,22,133,182,0.8724941724941725,0.8939393939393939,0.9545454545454546,1.0,1.0,0.37974254868387597,0.9338842975206612
heldout_final,Bosch_2021,6,1716,22,134,185,0.8719114219114219,0.8921911421911422,0.9545454545454546,1.0,1.0,0.38041071973225493,0.9332939787485242
heldout_final,Bosch_2021,7,1716,22,134,182,0.8719114219114219,0.8939393939393939,0.9545454545454546,1.0,1.0,0.3817564451006865,0.9332939787485242
heldout_final,Bosch_2021,8,1716,22,133,182,0.8724941724941725,0.8939393939393939,0.9545454545454546,1.0,1.0,0.38411722035974116,0.9338842975206612
heldout_final,Bosch_2021,9,1716,22,134,185,0.8719114219114219,0.8921911421911422,0.9545454545454546,1.0,1.0,0.37492787700408653,0.9332939787485242
heldout_final,Chakraborty_2023,0,2233,7,97,97,0.9065606806986117,0.9565606806986118,1.0,1.0,1.0,0.1563845145896861,0.9595687331536388
heldout_final,Chakraborty_2023,1,2233,7,99,99,0.9056650246305418,0.9556650246305418,1.0,1.0,1.0,0.1518845207080501,0.958670260557053
heldout_final,Chakraborty_2023,2,2233,7,92,92,0.9087998208687863,0.9587998208687863,1.0,1.0,1.0,0.1523656400776244,0.9618149146451033
heldout_final,Chakraborty_2023,3,2233,7,98,98,0.9061128526645768,0.9561128526645768,1.0,1.0,1.0,0.15732122808637625,0.9591194968553459
heldout_final,Chakraborty_2023,4,2233,7,101,101,0.9047693685624719,0.954769368562472,1.0,1.0,1.0,0.15009272487862949,0.9577717879604672
heldout_final,Chakraborty_2023,5,2233,7,96,96,0.9070085087326466,0.9570085087326466,1.0,1.0,1.0,0.15226321853019645,0.9600179694519317
heldout_final,Chakraborty_2023,6,2233,7,101,101,0.9047693685624719,0.954769368562472,1.0,1.0,1.0,0.15110122433329987,0.9577717879604672
heldout_final,Chakraborty_2023,7,2233,7,102,102,0.904321540528437,0.9543215405284371,1.0,1.0,1.0,0.1507703081232493,0.9573225516621743
heldout_final,Chakraborty_2023,8,2233,7,95,95,0.9074563367666816,0.9574563367666816,1.0,1.0,1.0,0.15216149205463098,0.9604672057502246
heldout_final,Chakraborty_2023,9,2233,7,95,95,0.9074563367666816,0.9574563367666816,1.0,1.0,1.0,0.15793428786415456,0.9604672057502246
heldout_final,Chueca_2023,0,609,16,211,211,0.6035303776683086,0.6535303776683087,0.625,0.8125,0.9375,0.2149542477940981,0.6711635750421585
heldout_final,Chueca_2023,1,609,16,214,214,0.5986042692939244,0.6486042692939245,0.625,0.8125,0.9375,0.20655252955756023,0.6661045531197302
heldout_final,Chueca_2023,2,609,16,212,212,0.6018883415435139,0.6518883415435139,0.625,0.8125,0.9375,0.20523434493297976,0.6694772344013491
heldout_final,Chueca_2023,3,609,16,212,212,0.6018883415435139,0.6518883415435139,0.625,0.8125,0.9375,0.21314400760165272,0.6694772344013491
heldout_final,Chueca_2023,4,609,16,211,211,0.6035303776683086,0.6535303776683087,0.625,0.8125,0.9375,0.21178455819364583,0.6711635750421585
heldout_final,Chueca_2023,5,609,16,212,212,0.6018883415435139,0.6518883415435139,0.625,0.8125,0.9375,0.2092407603795907,0.6694772344013491
heldout_final,Chueca_2023,6,609,16,211,211,0.6035303776683086,0.6535303776683087,0.625,0.8125,0.9375,0.2129830172883198,0.6711635750421585
heldout_final,Chueca_2023,7,609,16,213,213,0.6002463054187192,0.6502463054187192,0.625,0.8125,0.9375,0.21079032292151112,0.6677908937605397
heldout_final,Chueca_2023,8,609,16,215,215,0.5969622331691297,0.6469622331691297,0.625,0.8125,0.9375,0.2094645971684737,0.6644182124789207
heldout_final,Chueca_2023,9,609,16,215,215,0.5969622331691297,0.6469622331691297,0.625,0.8125,0.9375,0.20933738826327888,0.6644182124789207
heldout_final,Donners_2021,0,119,14,24,24,0.7483193277310924,0.7983193277310925,0.7142857142857143,0.9285714285714286,1.0,0.9018398268398269,0.9047619047619048
heldout_final,Donners_2021,1,119,14,25,25,0.7399159663865545,0.7899159663865546,0.7142857142857143,0.9285714285714286,1.0,0.9001731601731601,0.8952380952380953
heldout_final,Donners_2021,2,119,14,24,24,0.7483193277310924,0.7983193277310925,0.7142857142857143,0.9285714285714286,1.0,0.9018398268398269,0.9047619047619048
heldout_final,Donners_2021,3,119,14,24,24,0.7483193277310924,0.7983193277310925,0.7142857142857143,0.9285714285714286,1.0,0.9018398268398269,0.9047619047619048
heldout_final,Donners_2021,4,119,14,25,25,0.7399159663865545,0.7899159663865546,0.7142857142857143,0.9285714285714286,1.0,0.8922366522366522,0.8952380952380953
heldout_final,Donners_2021,5,119,14,24,24,0.7483193277310924,0.7983193277310925,0.7142857142857143,0.9285714285714286,1.0,0.893903318903319,0.9047619047619048
heldout_final,Donners_2021,6,119,14,25,25,0.7399159663865545,0.7899159663865546,0.7142857142857143,0.9285714285714286,1.0,0.8922366522366522,0.8952380952380953
heldout_final,Donners_2021,7,119,14,24,24,0.7483193277310924,0.7983193277310925,0.7142857142857143,0.9285714285714286,1.0,0.893903318903319,0.9047619047619048
heldout_final,Donners_2021,8,119,14,24,24,0.7483193277310924,0.7983193277310925,0.7142857142857143,0.9285714285714286,1.0,0.9018398268398269,0.9047619047619048
heldout_final,Donners_2021,9,119,14,24,24,0.7483193277310924,0.7983193277310925,0.7142857142857143,0.9285714285714286,1.0,0.893903318903319,0.9047619047619048
heldout_final,Eggmann_2023,0,266,9,9,9,0.9161654135338345,0.9661654135338346,1.0,1.0,1.0,1.0,1.0
heldout_final,Eggmann_2023,1,266,9,9,9,0.9161654135338345,0.9661654135338346,1.0,1.0,1.0,1.0,1.0
heldout_final,Eggmann_2023,2,266,9,9,9,0.9161654135338345,0.9661654135338346,1.0,1.0,1.0,1.0,1.0
heldout_final,Eggmann_2023,3,266,9,9,9,0.9161654135338345,0.9661654135338346,1.0,1.0,1.0,1.0,1.0
heldout_final,Eggmann_2023,4,266,9,9,9,0.9161654135338345,0.9661654135338346,1.0,1.0,1.0,1.0,1.0
heldout_final,Eggmann_2023,5,266,9,9,9,0.9161654135338345,0.9661654135338346,1.0,1.0,1.0,1.0,1.0
heldout_final,Eggmann_2023,6,266,9,9,9,0.9161654135338345,0.9661654135338346,1.0,1.0,1.0,1.0,1.0
heldout_final,Eggmann_2023,7,266,9,9,9,0.9161654135338345,0.9661654135338346,1.0,1.0,1.0,1.0,1.0
heldout_final,Eggmann_2023,8,266,9,9,9,0.9161654135338345,0.9661654135338346,1.0,1.0,1.0,1.0,1.0
heldout_final,Eggmann_2023,9,266,9,9,9,0.9161654135338345,0.9661654135338346,1.0,1.0,1.0,1.0,1.0
heldout_final,Hall_2011,0,340,4,6,6,0.9323529411764705,0.9823529411764705,1.0,1.0,1.0,0.5666666666666667,0.9940476190476191
heldout_final,Hall_2011,1,340,4,6,6,0.9323529411764705,0.9823529411764705,1.0,1.0,1.0,0.5666666666666667,0.9940476190476191
heldout_final,Hall_2011,2,340,4,6,6,0.9323529411764705,0.9823529411764705,1.0,1.0,1.0,0.5666666666666667,0.9940476190476191
heldout_final,Hall_2011,3,340,4,6,6,0.9323529411764705,0.9823529411764705,1.0,1.0,1.0,0.5666666666666667,0.9940476190476191
heldout_final,Hall_2011,4,340,4,6,6,0.9323529411764705,0.9823529411764705,1.0,1.0,1.0,0.5666666666666667,0.9940476190476191
heldout_final,Hall_2011,5,340,4,6,6,0.9323529411764705,0.9823529411764705,1.0,1.0,1.0,0.5666666666666667,0.9940476190476191
heldout_final,Hall_2011,6,340,4,6,6,0.9323529411764705,0.9823529411764705,1.0,1.0,1.0,0.5666666666666667,0.9940476190476191
heldout_final,Hall_2011,7,340,4,6,6,0.9323529411764705,0.9823529411764705,1.0,1.0,1.0,0.5666666666666667,0.9940476190476191
heldout_final,Hall_2011,8,340,4,6,6,0.9323529411764705,0.9823529411764705,1.0,1.0,1.0,0.5666666666666667,0.9940476190476191
heldout_final,Hall_2011,9,340,4,6,6,0.9323529411764705,0.9823529411764705,1.0,1.0,1.0,0.5666666666666667,0.9940476190476191
heldout_final,Harms_2024,0,840,48,146,182,0.7761904761904761,0.7833333333333333,0.875,0.9791666666666666,1.0,0.7153657349148506,0.8737373737373737
heldout_final,Harms_2024,1,840,48,148,180,0.7738095238095237,0.7857142857142857,0.875,0.9791666666666666,1.0,0.7032377937039049,0.8712121212121212
heldout_final,Harms_2024,2,840,48,144,184,0.7785714285714285,0.780952380952381,0.875,0.9791666666666666,1.0,0.709668517549534,0.8762626262626263
heldout_final,Harms_2024,3,840,48,148,185,0.7738095238095237,0.7797619047619048,0.875,0.9791666666666666,1.0,0.7091935845460634,0.8712121212121212
heldout_final,Harms_2024,4,840,48,147,183,0.7749999999999999,0.7821428571428571,0.875,0.9791666666666666,1.0,0.7015947944938868,0.8724747474747475
heldout_final,Harms_2024,5,840,48,144,177,0.7785714285714285,0.7892857142857143,0.875,0.9791666666666666,1.0,0.707979729634992,0.8762626262626263
heldout_final,Harms_2024,6,840,48,147,185,0.7749999999999999,0.7797619047619048,0.875,0.9791666666666666,1.0,0.7005500353186012,0.8724747474747475
heldout_final,Harms_2024,7,840,48,147,179,0.7749999999999999,0.7869047619047619,0.875,0.9791666666666666,1.0,0.7159917179224004,0.8724747474747475
heldout_final,Harms_2024,8,840,48,143,184,0.7797619047619047,0.780952380952381,0.875,0.9583333333333334,1.0,0.7082684695032214,0.8775252525252525
heldout_final,Harms_2024,9,840,48,146,183,0.7761904761904761,0.7821428571428571,0.875,0.9791666666666666,1.0,0.7088436183079722,0.8737373737373737
heldout_final,Kerschbaumer_2024b,0,1146,15,238,238,0.7423211169284467,0.7923211169284468,0.8666666666666667,0.9333333333333333,1.0,0.13349632356298097,0.8028293545534925
heldout_final,Kerschbaumer_2024b,1,1146,15,232,232,0.7475567190226875,0.7975567190226875,0.8666666666666667,0.9333333333333333,1.0,0.13281355075016996,0.8081343943412909
heldout_final,Kerschbaumer_2024b,2,1146,15,237,237,0.7431937172774868,0.7931937172774869,0.8666666666666667,0.9333333333333333,1.0,0.13255247090140493,0.8037135278514589
heldout_final,Kerschbaumer_2024b,3,1146,15,235,235,0.7449389179755671,0.7949389179755671,0.8666666666666667,0.9333333333333333,1.0,0.1301943859325537,0.8054818744473917
heldout_final,Kerschbaumer_2024b,4,1146,15,230,230,0.7493019197207679,0.7993019197207679,0.8666666666666667,0.9333333333333333,1.0,0.13138371145210595,0.8099027409372237
heldout_final,Kerschbaumer_2024b,5,1146,15,231,231,0.7484293193717277,0.7984293193717278,0.8666666666666667,0.9333333333333333,1.0,0.13545030731775456,0.8090185676392573
heldout_final,Kerschbaumer_2024b,6,1146,15,238,238,0.7423211169284467,0.7923211169284468,0.8666666666666667,0.9333333333333333,1.0,0.1336410301006791,0.8028293545534925
heldout_final,Kerschbaumer_2024b,7,1146,15,227,227,0.7519197207678883,0.8019197207678883,0.8666666666666667,1.0,1.0,0.13590137938863828,0.812555260831123
heldout_final,Kerschbaumer_2024b,8,1146,15,238,238,0.7423211169284467,0.7923211169284468,0.8666666666666667,0.9333333333333333,1.0,0.13214517567430142,0.8028293545534925
heldout_final,Kerschbaumer_2024b,9,1146,15,237,237,0.7431937172774868,0.7931937172774869,0.8666666666666667,0.9333333333333333,1.0,0.13261668237190516,0.8037135278514589
heldout_final,Lewowski_2021,0,329,9,21,21,0.8861702127659574,0.9361702127659575,1.0,1.0,1.0,0.8937728937728937,0.9625
heldout_final,Lewowski_2021,1,329,9,21,21,0.8861702127659574,0.9361702127659575,1.0,1.0,1.0,0.8994708994708994,0.9625
heldout_final,Lewowski_2021,2,329,9,21,21,0.8861702127659574,0.9361702127659575,1.0,1.0,1.0,0.8937728937728937,0.9625
heldout_final,Lewowski_2021,3,329,9,21,21,0.8861702127659574,0.9361702127659575,1.0,1.0,1.0,0.8994708994708994,0.9625
heldout_final,Lewowski_2021,4,329,9,21,21,0.8861702127659574,0.9361702127659575,1.0,1.0,1.0,0.8937728937728937,0.9625
heldout_final,Lewowski_2021,5,329,9,21,21,0.8861702127659574,0.9361702127659575,1.0,1.0,1.0,0.8937728937728937,0.9625
heldout_final,Lewowski_2021,6,329,9,21,21,0.8861702127659574,0.9361702127659575,1.0,1.0,1.0,0.8994708994708994,0.9625
heldout_final,Lewowski_2021,7,329,9,21,21,0.8861702127659574,0.9361702127659575,1.0,1.0,1.0,0.8937728937728937,0.9625
heldout_final,Lewowski_2021,8,329,9,21,21,0.8861702127659574,0.9361702127659575,1.0,1.0,1.0,0.8937728937728937,0.9625
heldout_final,Lewowski_2021,9,329,9,21,21,0.8861702127659574,0.9361702127659575,1.0,1.0,1.0,0.8994708994708994,0.9625
heldout_final,Menon_2022,0,485,35,289,342,0.3541237113402062,0.2948453608247422,0.7428571428571429,0.8571428571428571,0.9142857142857143,0.6548129131320995,0.43333333333333335
heldout_final,Menon_2022,1,485,35,289,316,0.3541237113402062,0.34845360824742266,0.7428571428571429,0.8571428571428571,0.9142857142857143,0.6548667500566251,0.43333333333333335
heldout_final,Menon_2022,2,485,35,303,334,0.3252577319587629,0.311340206185567,0.7428571428571429,0.8571428571428571,0.9142857142857143,0.6571747750203797,0.4022222222222222
heldout_final,Menon_2022,3,485,35,288,314,0.3561855670103093,0.35257731958762883,0.7428571428571429,0.8571428571428571,0.9142857142857143,0.6476522782867841,0.43555555555555553
heldout_final,Menon_2022,4,485,35,297,325,0.3376288659793814,0.3298969072164949,0.7428571428571429,0.8571428571428571,0.9142857142857143,0.6557169371263104,0.41555555555555557
heldout_final,Menon_2022,5,485,35,308,337,0.31494845360824747,0.30515463917525776,0.7428571428571429,0.8571428571428571,0.9142857142857143,0.6471756890839067,0.39111111111111113
heldout_final,Menon_2022,6,485,35,307,333,0.31701030927835055,0.3134020618556701,0.7428571428571429,0.8571428571428571,0.9142857142857143,0.6489347197021478,0.3933333333333333
heldout_final,Menon_2022,7,485,35,302,322,0.327319587628866,0.33608247422680415,0.7428571428571429,0.8571428571428571,0.9142857142857143,0.6496029097114819,0.40444444444444444
heldout_final,Menon_2022,8,485,35,297,340,0.3376288659793814,0.2989690721649485,0.7428571428571429,0.8571428571428571,0.9142857142857143,0.6576821741426474,0.41555555555555557
heldout_final,Menon_2022,9,485,35,294,324,0.3438144329896908,0.331958762886598,0.7428571428571429,0.8571428571428571,0.9142857142857143,0.6576386378533432,0.4222222222222222
heldout_final,Moran_2020,0,1992,39,317,328,0.790863453815261,0.8353413654618473,0.8461538461538461,1.0,1.0,0.5690634742901681,0.8571428571428571
heldout_final,Moran_2020,1,1992,39,333,334,0.7828313253012048,0.8323293172690763,0.8461538461538461,1.0,1.0,0.5680954957799528,0.8489503328213006
heldout_final,Moran_2020,2,1992,39,331,333,0.7838353413654617,0.8328313253012049,0.8461538461538461,1.0,1.0,0.5704095060143834,0.8499743983614951
heldout_final,Moran_2020,3,1992,39,325,326,0.7868473895582329,0.8363453815261044,0.8461538461538461,1.0,1.0,0.5655975741842731,0.8530465949820788
heldout_final,Moran_2020,4,1992,39,311,323,0.7938755020080321,0.8378514056224899,0.8461538461538461,1.0,1.0,0.5701147696531389,0.8602150537634409
heldout_final,Moran_2020,5,1992,39,329,335,0.7848393574297188,0.8318273092369478,0.8461538461538461,1.0,1.0,0.5695257724918864,0.8509984639016898
heldout_final,Moran_2020,6,1992,39,325,337,0.7868473895582329,0.8308232931726908,0.8461538461538461,1.0,1.0,0.5690250815507621,0.8530465949820788
heldout_final,Moran_2020,7,1992,39,332,336,0.7833333333333333,0.8313253012048193,0.8461538461538461,1.0,1.0,0.569286589527316,0.8494623655913979
heldout_final,Moran_2020,8,1992,39,328,339,0.7853413654618473,0.8298192771084337,0.8461538461538461,1.0,1.0,0.5661312177579642,0.851510496671787
heldout_final,Moran_2020,9,1992,39,323,333,0.7878514056224899,0.8328313253012049,0.8461538461538461,1.0,1.0,0.5679913230344018,0.8540706605222734
heldout_final,Parodis_2023b,0,1679,33,358,569,0.7367778439547349,0.6611078022632519,0.8181818181818182,0.9393939393939394,0.9696969696969697,0.5277180014571338,0.8019441069258809
heldout_final,Parodis_2023b,1,1679,33,347,560,0.7433293627159023,0.6664681357951161,0.8181818181818182,0.9393939393939394,0.9696969696969697,0.5145656625011771,0.8086269744835966
heldout_final,Parodis_2023b,2,1679,33,353,557,0.7397558070279928,0.6682549136390709,0.8181818181818182,0.9393939393939394,0.9696969696969697,0.529310823468576,0.8049817739975699
heldout_final,Parodis_2023b,3,1679,33,348,541,0.7427337701012506,0.6777843954734961,0.8181818181818182,0.9393939393939394,0.9696969696969697,0.5277424235642023,0.8080194410692588
heldout_final,Parodis_2023b,4,1679,33,358,553,0.7367778439547349,0.6706372840976772,0.8181818181818182,0.9393939393939394,0.9696969696969697,0.5283372733793755,0.8019441069258809
heldout_final,Parodis_2023b,5,1679,33,354,565,0.7391602144133412,0.6634901727218583,0.8181818181818182,0.9393939393939394,0.9696969696969697,0.5098839554026154,0.804374240583232
heldout_final,Parodis_2023b,6,1679,33,352,548,0.7403513996426444,0.6736152471709351,0.8181818181818182,0.9393939393939394,0.9696969696969697,0.5152644305154244,0.8055893074119077
heldout_final,Parodis_2023b,7,1679,33,355,561,0.7385646217986896,0.6658725431804646,0.8181818181818182,0.9393939393939394,0.9696969696969697,0.5182200859457671,0.8037667071688943
heldout_final,Parodis_2023b,8,1679,33,356,549,0.7379690291840381,0.6730196545562834,0.8181818181818182,0.9393939393939394,0.9696969696969697,0.5172321962055504,0.8031591737545565
heldout_final,Parodis_2023b,9,1679,33,351,555,0.740946992257296,0.669446098868374,0.8181818181818182,0.9393939393939394,0.9696969696969697,0.5109082306511299,0.8061968408262454
heldout_final,Roberts_2021,0,883,3,11,11,0.9375424688561721,0.9875424688561721,1.0,1.0,1.0,0.22979797979797978,0.990909090909091
heldout_final,Roberts_2021,1,883,3,11,11,0.9375424688561721,0.9875424688561721,1.0,1.0,1.0,0.22979797979797978,0.990909090909091
heldout_final,Roberts_2021,2,883,3,11,11,0.9375424688561721,0.9875424688561721,1.0,1.0,1.0,0.22979797979797978,0.990909090909091
heldout_final,Roberts_2021,3,883,3,11,11,0.9375424688561721,0.9875424688561721,1.0,1.0,1.0,0.22979797979797978,0.990909090909091
heldout_final,Roberts_2021,4,883,3,11,11,0.9375424688561721,0.9875424688561721,1.0,1.0,1.0,0.22979797979797978,0.990909090909091
heldout_final,Roberts_2021,5,883,3,11,11,0.9375424688561721,0.9875424688561721,1.0,1.0,1.0,0.22979797979797978,0.990909090909091
heldout_final,Roberts_2021,6,883,3,11,11,0.9375424688561721,0.9875424688561721,1.0,1.0,1.0,0.22979797979797978,0.990909090909091
heldout_final,Roberts_2021,7,883,3,11,11,0.9375424688561721,0.9875424688561721,1.0,1.0,1.0,0.22979797979797978,0.990909090909091
heldout_final,Roberts_2021,8,883,3,11,11,0.9375424688561721,0.9875424688561721,1.0,1.0,1.0,0.22979797979797978,0.990909090909091
heldout_final,Roberts_2021,9,883,3,11,11,0.9375424688561721,0.9875424688561721,1.0,1.0,1.0,0.22979797979797978,0.990909090909091
heldout_final,Seghers_2022,0,1759,16,127,127,0.8777998862990335,0.9277998862990335,1.0,1.0,1.0,0.3384547827385348,0.9363166953528399
heldout_final,Seghers_2022,1,1759,16,127,127,0.8777998862990335,0.9277998862990335,1.0,1.0,1.0,0.3391245396457143,0.9363166953528399
heldout_final,Seghers_2022,2,1759,16,129,129,0.8766628766344513,0.9266628766344513,1.0,1.0,1.0,0.33821925268849046,0.9351692484222605
heldout_final,Seghers_2022,3,1759,16,127,127,0.8777998862990335,0.9277998862990335,1.0,1.0,1.0,0.33934227794278493,0.9363166953528399
heldout_final,Seghers_2022,4,1759,16,126,126,0.8783683911313246,0.9283683911313246,1.0,1.0,1.0,0.3407003007389313,0.9368904188181296
heldout_final,Seghers_2022,5,1759,16,128,128,0.8772313814667424,0.9272313814667424,1.0,1.0,1.0,0.3391559846649857,0.9357429718875502
heldout_final,Seghers_2022,6,1759,16,129,129,0.8766628766344513,0.9266628766344513,1.0,1.0,1.0,0.34363213324937514,0.9351692484222605
heldout_final,Seghers_2022,7,1759,16,126,126,0.8783683911313246,0.9283683911313246,1.0,1.0,1.0,0.33678881599817934,0.9368904188181296
heldout_final,Seghers_2022,8,1759,16,128,128,0.8772313814667424,0.9272313814667424,1.0,1.0,1.0,0.3405927565352358,0.9357429718875502
heldout_final,Seghers_2022,9,1759,16,128,128,0.8772313814667424,0.9272313814667424,1.0,1.0,1.0,0.3396439646577468,0.9357429718875502
heldout_final,Theobald_2021,0,70,9,20,20,0.6642857142857143,0.7142857142857143,0.4444444444444444,0.7777777777777778,1.0,0.5360636277302944,0.819672131147541
heldout_final,Theobald_2021,1,70,9,20,20,0.6642857142857143,0.7142857142857143,0.4444444444444444,0.7777777777777778,1.0,0.544575648523017,0.819672131147541
heldout_final,Theobald_2021,2,70,9,20,20,0.6642857142857143,0.7142857142857143,0.4444444444444444,0.7777777777777778,1.0,0.5175451092117759,0.819672131147541
heldout_final,Theobald_2021,3,70,9,20,20,0.6642857142857143,0.7142857142857143,0.4444444444444444,0.7777777777777778,1.0,0.5199965239438923,0.819672131147541
heldout_final,Theobald_2021,4,70,9,20,20,0.6642857142857143,0.7142857142857143,0.4444444444444444,0.7777777777777778,1.0,0.5570335609809294,0.819672131147541
heldout_final,Theobald_2021,5,70,9,20,20,0.6642857142857143,0.7142857142857143,0.4444444444444444,0.7777777777777778,1.0,0.5596326512993178,0.819672131147541
heldout_final,Theobald_2021,6,70,9,20,20,0.6642857142857143,0.7142857142857143,0.4444444444444444,0.7777777777777778,1.0,0.5106725146198831,0.819672131147541
heldout_final,Theobald_2021,7,70,9,20,20,0.6642857142857143,0.7142857142857143,0.4444444444444444,0.7777777777777778,1.0,0.5519830559304243,0.819672131147541
heldout_final,Theobald_2021,8,70,9,20,20,0.6642857142857143,0.7142857142857143,0.4444444444444444,0.7777777777777778,1.0,0.5527600567074251,0.819672131147541
heldout_final,Theobald_2021,9,70,9,20,20,0.6642857142857143,0.7142857142857143,0.4444444444444444,0.7777777777777778,1.0,0.5596326512993178,0.819672131147541
heldout_final,Toffalini_2021,0,328,22,60,70,0.7670731707317073,0.7865853658536586,0.6363636363636364,0.9545454545454546,1.0,0.47845766333027046,0.8725490196078431
heldout_final,Toffalini_2021,1,328,22,62,70,0.7609756097560976,0.7865853658536586,0.6363636363636364,0.9545454545454546,1.0,0.48699254481184673,0.8660130718954249
heldout_final,Toffalini_2021,2,328,22,62,70,0.7609756097560976,0.7865853658536586,0.6363636363636364,0.9545454545454546,1.0,0.48570029480554733,0.8660130718954249
heldout_final,Toffalini_2021,3,328,22,63,70,0.7579268292682926,0.7865853658536586,0.5909090909090909,0.9545454545454546,1.0,0.4814168969746213,0.8627450980392157
heldout_final,Toffalini_2021,4,328,22,63,70,0.7579268292682926,0.7865853658536586,0.5909090909090909,0.9545454545454546,1.0,0.4783803833065502,0.8627450980392157
heldout_final,Toffalini_2021,5,328,22,61,70,0.7640243902439023,0.7865853658536586,0.6363636363636364,0.9545454545454546,1.0,0.4838202275743926,0.869281045751634
heldout_final,Toffalini_2021,6,328,22,63,70,0.7579268292682926,0.7865853658536586,0.5909090909090909,0.9545454545454546,1.0,0.4852566558416948,0.8627450980392157
heldout_final,Toffalini_2021,7,328,22,61,70,0.7640243902439023,0.7865853658536586,0.6363636363636364,0.9545454545454546,1.0,0.47743116442569095,0.869281045751634
heldout_final,Toffalini_2021,8,328,22,60,70,0.7670731707317073,0.7865853658536586,0.6363636363636364,0.9545454545454546,1.0,0.47985024045353536,0.8725490196078431
heldout_final,Toffalini_2021,9,328,22,63,70,0.7579268292682926,0.7865853658536586,0.6363636363636364,0.9545454545454546,1.0,0.4831468795650362,0.8627450980392157
heldout_final,Tumkaya_2018,0,481,39,166,197,0.6048856548856548,0.5904365904365905,0.5641025641025641,0.8717948717948718,0.9230769230769231,0.4710194618597394,0.7104072398190046
heldout_final,Tumkaya_2018,1,481,39,166,199,0.6048856548856548,0.5862785862785862,0.5641025641025641,0.8717948717948718,0.9230769230769231,0.46953736197488044,0.7104072398190046
heldout_final,Tumkaya_2018,2,481,39,166,194,0.6048856548856548,0.5966735966735967,0.6153846153846154,0.8717948717948718,0.9487179487179487,0.47185296681344713,0.7104072398190046
heldout_final,Tumkaya_2018,3,481,39,162,206,0.6132016632016631,0.5717255717255717,0.5897435897435898,0.8717948717948718,0.9487179487179487,0.4729718820240548,0.7194570135746606
heldout_final,Tumkaya_2018,4,481,39,164,197,0.609043659043659,0.5904365904365905,0.5897435897435898,0.8717948717948718,0.9487179487179487,0.46928480423270597,0.7149321266968326
heldout_final,Tumkaya_2018,5,481,39,162,203,0.6132016632016631,0.5779625779625779,0.5897435897435898,0.8717948717948718,0.9487179487179487,0.47071033793101524,0.7194570135746606
heldout_final,Tumkaya_2018,6,481,39,166,204,0.6048856548856548,0.5758835758835759,0.5897435897435898,0.8717948717948718,0.9487179487179487,0.47079800069023275,0.7104072398190046
heldout_final,Tumkaya_2018,7,481,39,162,192,0.6132016632016631,0.6008316008316008,0.5897435897435898,0.8717948717948718,0.9487179487179487,0.4686916597681905,0.7194570135746606
heldout_final,Tumkaya_2018,8,481,39,162,201,0.6132016632016631,0.5821205821205822,0.5897435897435898,0.8717948717948718,0.9487179487179487,0.47120666168213643,0.7194570135746606
heldout_final,Tumkaya_2018,9,481,39,162,199,0.6132016632016631,0.5862785862785862,0.5897435897435898,0.8717948717948718,0.9487179487179487,0.47064494182352956,0.7194570135746606
heldout_final,van_der_Waal_2022,0,1158,17,62,62,0.8964594127806562,0.9464594127806563,1.0,1.0,1.0,0.5932722739938162,0.9605609114811569
heldout_final,van_der_Waal_2022,1,1158,17,63,63,0.8955958549222798,0.9455958549222798,1.0,1.0,1.0,0.592620570878791,0.9596844872918493
heldout_final,van_der_Waal_2022,2,1158,17,62,62,0.8964594127806562,0.9464594127806563,1.0,1.0,1.0,0.5933488699172649,0.9605609114811569
heldout_final,van_der_Waal_2022,3,1158,17,62,62,0.8964594127806562,0.9464594127806563,1.0,1.0,1.0,0.5943759049396279,0.9605609114811569
heldout_final,van_der_Waal_2022,4,1158,17,62,62,0.8964594127806562,0.9464594127806563,1.0,1.0,1.0,0.599131639016421,0.9605609114811569
heldout_final,van_der_Waal_2022,5,1158,17,62,62,0.8964594127806562,0.9464594127806563,1.0,1.0,1.0,0.5932722739938162,0.9605609114811569
heldout_final,van_der_Waal_2022,6,1158,17,62,62,0.8964594127806562,0.9464594127806563,1.0,1.0,1.0,0.5973860132298744,0.9605609114811569
heldout_final,van_der_Waal_2022,7,1158,17,62,62,0.8964594127806562,0.9464594127806563,1.0,1.0,1.0,0.5910597947992399,0.9605609114811569
heldout_final,van_der_Waal_2022,8,1158,17,64,64,0.8947322970639032,0.9447322970639033,1.0,1.0,1.0,0.5914939426912841,0.9588080631025416
heldout_final,van_der_Waal_2022,9,1158,17,62,62,0.8964594127806562,0.9464594127806563,1.0,1.0,1.0,0.5992028056944743,0.9605609114811569
heldout_final,Walker_2018,0,11735,64,880,1498,0.8750106518960374,0.8723476778866638,0.984375,1.0,1.0,0.5046202334700065,0.9298260646045754
heldout_final,Walker_2018,1,11735,64,902,1525,0.8731359181934384,0.870046868342565,0.984375,1.0,1.0,0.49295653181390175,0.9279410504669694
heldout_final,Walker_2018,2,11735,64,893,1438,0.873902854708138,0.8774605879846613,0.984375,1.0,1.0,0.4960553481031472,0.9287121926141719
heldout_final,Walker_2018,3,11735,64,893,1523,0.873902854708138,0.8702172986791649,0.984375,1.0,1.0,0.4784493440998362,0.9287121926141719
heldout_final,Walker_2018,4,11735,64,881,1473,0.8749254367277375,0.8744780570941628,0.984375,1.0,1.0,0.5011499690864812,0.9297403821437752
heldout_final,Walker_2018,5,11735,64,886,1464,0.8744993608862377,0.8752449936088624,0.984375,1.0,1.0,0.5064917290216239,0.9293119698397738
heldout_final,Walker_2018,6,11735,64,882,1489,0.8748402215594375,0.8731146144013635,0.984375,1.0,1.0,0.49012946168321764,0.9296546996829749
heldout_final,Walker_2018,7,11735,64,882,1540,0.8748402215594375,0.8687686408180656,0.984375,1.0,1.0,0.497405353155971,0.9296546996829749
heldout_final,Walker_2018,8,11735,64,899,1511,0.8733915636983383,0.8712398806987643,0.984375,1.0,1.0,0.49705180098483276,0.9281980978493702
heldout_final,Walker_2018,9,11735,64,894,1525,0.873817639539838,0.870046868342565,0.984375,1.0,1.0,0.4893340747571117,0.9286265101533716
heldout_ta,Abgaz_2023,0,288,33,96,129,0.6166666666666667,0.5520833333333333,0.6060606060606061,0.7878787878787878,0.9393939393939394,0.6512719286637374,0.7490196078431373
heldout_ta,Abgaz_2023,1,288,33,96,129,0.6166666666666667,0.5520833333333333,0.6060606060606061,0.7878787878787878,0.9393939393939394,0.6507848792436397,0.7490196078431373
heldout_ta,Abgaz_2023,2,288,33,99,129,0.60625,0.5520833333333333,0.6060606060606061,0.7878787878787878,0.9393939393939394,0.669501042905234,0.7372549019607844
heldout_ta,Abgaz_2023,3,288,33,99,130,0.60625,0.5486111111111112,0.6060606060606061,0.7878787878787878,0.9393939393939394,0.6552876896493843,0.7372549019607844
heldout_ta,Abgaz_2023,4,288,33,94,129,0.6236111111111111,0.5520833333333333,0.6060606060606061,0.7878787878787878,0.9393939393939394,0.6472989947519348,0.7568627450980392
heldout_ta,Abgaz_2023,5,288,33,98,130,0.6097222222222222,0.5486111111111112,0.6060606060606061,0.7878787878787878,0.9393939393939394,0.6663850633460576,0.7411764705882353
heldout_ta,Abgaz_2023,6,288,33,99,130,0.60625,0.5486111111111112,0.6060606060606061,0.7878787878787878,0.9393939393939394,0.657947233426115,0.7372549019607844
heldout_ta,Abgaz_2023,7,288,33,95,129,0.6201388888888888,0.5520833333333333,0.6060606060606061,0.7878787878787878,0.9393939393939394,0.6582252177336196,0.7529411764705882
heldout_ta,Abgaz_2023,8,288,33,95,129,0.6201388888888888,0.5520833333333333,0.6060606060606061,0.7878787878787878,0.9393939393939394,0.6675073233387258,0.7529411764705882
heldout_ta,Abgaz_2023,9,288,33,97,130,0.6131944444444444,0.5486111111111112,0.6060606060606061,0.7878787878787878,0.9393939393939394,0.6494895379017134,0.7450980392156863
heldout_ta,Boersma-van_Dam_2024,0,578,68,242,355,0.5313148788927335,0.38581314878892736,0.5,0.6323529411764706,0.75,0.4878361257580742,0.6529411764705882
heldout_ta,Boersma-van_Dam_2024,1,578,68,229,366,0.5538062283737024,0.3667820069204152,0.5,0.6470588235294118,0.7941176470588235,0.4861483930712738,0.6784313725490196
heldout_ta,Boersma-van_Dam_2024,2,578,68,241,309,0.5330449826989618,0.46539792387543255,0.5,0.6323529411764706,0.7647058823529411,0.493974261873755,0.6549019607843137
heldout_ta,Boersma-van_Dam_2024,3,578,68,264,311,0.49325259515570935,0.46193771626297575,0.5,0.6470588235294118,0.7647058823529411,0.49293730216736503,0.6098039215686275
heldout_ta,Boersma-van_Dam_2024,4,578,68,258,383,0.5036332179930796,0.3373702422145328,0.5,0.6470588235294118,0.7647058823529411,0.4829211221007399,0.6215686274509804
heldout_ta,Boersma-van_Dam_2024,5,578,68,215,405,0.5780276816608996,0.2993079584775087,0.5,0.6323529411764706,0.7647058823529411,0.49423072351571695,0.7058823529411765
heldout_ta,Boersma-van_Dam_2024,6,578,68,232,329,0.5486159169550173,0.4307958477508651,0.5,0.6323529411764706,0.7794117647058824,0.48750101599460177,0.6725490196078432
heldout_ta,Boersma-van_Dam_2024,7,578,68,252,343,0.5140138408304498,0.40657439446366783,0.5,0.6323529411764706,0.7647058823529411,0.49360695828894496,0.6333333333333333
heldout_ta,Boersma-van_Dam_2024,8,578,68,268,314,0.48633217993079586,0.45674740484429066,0.5,0.6323529411764706,0.7647058823529411,0.4849127321768995,0.6019607843137255
heldout_ta,Boersma-van_Dam_2024,9,578,68,262,284,0.49671280276816604,0.5086505190311419,0.5,0.6470588235294118,0.7794117647058824,0.48355785796917083,0.6137254901960785
heldout_ta,Chakraborty_2023,0,2233,41,1205,1647,0.4103672189879087,0.2624272279444694,0.5365853658536586,0.6585365853658537,0.7317073170731707,0.1014889184213189,0.46806569343065696
heldout_ta,Chakraborty_2023,1,2233,41,1231,1651,0.3987236901030004,0.26063591580832957,0.5365853658536586,0.6585365853658537,0.7317073170731707,0.09984931261303637,0.4562043795620438
heldout_ta,Chakraborty_2023,2,2233,41,1202,1681,0.4117107030900134,0.2472010747872817,0.5365853658536586,0.6585365853658537,0.7560975609756098,0.09949963042845496,0.46943430656934304
heldout_ta,Chakraborty_2023,3,2233,41,1248,1704,0.3911106135244066,0.23690103000447826,0.5365853658536586,0.6585365853658537,0.7317073170731707,0.1013976438776947,0.44844890510948904
heldout_ta,Chakraborty_2023,4,2233,41,1195,1697,0.4148454993282579,0.2400358262427228,0.5365853658536586,0.6585365853658537,0.7560975609756098,0.09905311220334583,0.4726277372262774
heldout_ta,Chakraborty_2023,5,2233,41,1199,1721,0.4130541871921182,0.22928795342588448,0.5365853658536586,0.6585365853658537,0.7317073170731707,0.0998710186928851,0.4708029197080292
heldout_ta,Chakraborty_2023,6,2233,41,1258,1647,0.3866323331840574,0.2624272279444694,0.5365853658536586,0.6585365853658537,0.7560975609756098,0.09924741593076192,0.4438868613138686
heldout_ta,Chakraborty_2023,7,2233,41,1243,1725,0.3933497536945813,0.22749664128974478,0.5365853658536586,0.6585365853658537,0.7317073170731707,0.10030453729415437,0.45072992700729925
heldout_ta,Chakraborty_2023,8,2233,41,1212,1656,0.40723242274966415,0.258396775638155,0.5365853658536586,0.6585365853658537,0.7560975609756098,0.10152063005258045,0.4648722627737226
heldout_ta,Chakraborty_2023,9,2233,41,1250,1698,0.3902149574563368,0.2395879982086878,0.5365853658536586,0.6585365853658537,0.7317073170731707,0.10148381726181602,0.44753649635036497
heldout_ta,Chueca_2023,0,609,38,204,211,0.6150246305418718,0.6535303776683087,0.5526315789473685,0.8157894736842105,0.9210526315789473,0.3904478779037042,0.7075306479859895
heldout_ta,Chueca_2023,1,609,38,200,214,0.6215927750410508,0.6486042692939245,0.5526315789473685,0.8157894736842105,0.9210526315789473,0.38450424846490294,0.7145359019264448
heldout_ta,Chueca_2023,2,609,38,204,212,0.6150246305418718,0.6518883415435139,0.5526315789473685,0.8157894736842105,0.9210526315789473,0.37979063280922076,0.7075306479859895
heldout_ta,Chueca_2023,3,609,38,206,212,0.6117405582922824,0.6518883415435139,0.5526315789473685,0.8157894736842105,0.9210526315789473,0.38660075963231333,0.7040280210157618
heldout_ta,Chueca_2023,4,609,38,204,211,0.6150246305418718,0.6535303776683087,0.5526315789473685,0.8157894736842105,0.9210526315789473,0.3844087441682666,0.7075306479859895
heldout_ta,Chueca_2023,5,609,38,204,212,0.6150246305418718,0.6518883415435139,0.5526315789473685,0.8157894736842105,0.9210526315789473,0.3845231389187944,0.7075306479859895
heldout_ta,Chueca_2023,6,609,38,204,211,0.6150246305418718,0.6535303776683087,0.5526315789473685,0.8157894736842105,0.9210526315789473,0.38574379560469996,0.7075306479859895
heldout_ta,Chueca_2023,7,609,38,208,213,0.6084564860426929,0.6502463054187192,0.5526315789473685,0.8157894736842105,0.9210526315789473,0.38773134597662134,0.7005253940455342
heldout_ta,Chueca_2023,8,609,38,199,215,0.6232348111658457,0.6469622331691297,0.5526315789473685,0.8157894736842105,0.9210526315789473,0.3853287362792047,0.7162872154115587
heldout_ta,Chueca_2023,9,609,38,205,215,0.6133825944170772,0.6469622331691297,0.5526315789473685,0.8157894736842105,0.9210526315789473,0.38375218500478303,0.7057793345008757
heldout_ta,Harms_2024,0,840,92,398,610,0.4761904761904762,0.27380952380952384,0.5652173913043478,0.7608695652173914,0.8586956521739131,0.6379752348887154,0.5855614973262032
heldout_ta,Harms_2024,1,840,92,397,636,0.4773809523809524,0.24285714285714288,0.5652173913043478,0.7608695652173914,0.8586956521739131,0.6314759489586987,0.5868983957219251
heldout_ta,Harms_2024,2,840,92,401,617,0.47261904761904755,0.2654761904761904,0.5652173913043478,0.7608695652173914,0.8586956521739131,0.6336287400049122,0.5815508021390374
heldout_ta,Harms_2024,3,840,92,393,637,0.48214285714285715,0.2416666666666667,0.5652173913043478,0.7608695652173914,0.8586956521739131,0.6342673543052963,0.5922459893048129
heldout_ta,Harms_2024,4,840,92,391,632,0.4845238095238095,0.24761904761904763,0.5652173913043478,0.7608695652173914,0.8586956521739131,0.6313617285121719,0.5949197860962567
heldout_ta,Harms_2024,5,840,92,399,619,0.47500000000000003,0.26309523809523805,0.5652173913043478,0.7608695652173914,0.8586956521739131,0.6356406993737775,0.5842245989304813
heldout_ta,Harms_2024,6,840,92,394,647,0.48095238095238096,0.22976190476190472,0.5652173913043478,0.7608695652173914,0.8586956521739131,0.6311128733671791,0.5909090909090909
heldout_ta,Harms_2024,7,840,92,393,622,0.48214285714285715,0.2595238095238095,0.5652173913043478,0.7608695652173914,0.8586956521739131,0.6387959906362692,0.5922459893048129
heldout_ta,Harms_2024,8,840,92,393,615,0.48214285714285715,0.2678571428571429,0.5652173913043478,0.75,0.8586956521739131,0.635772555508477,0.5922459893048129
heldout_ta,Harms_2024,9,840,92,400,612,0.47380952380952385,0.27142857142857146,0.5652173913043478,0.75,0.8586956521739131,0.6348965548085244,0.5828877005347594
heldout_ta,Lewowski_2021,0,329,30,92,97,0.6703647416413374,0.7051671732522796,0.6333333333333333,0.8666666666666667,1.0,0.7039305357925385,0.7892976588628763
heldout_ta,Lewowski_2021,1,329,30,91,99,0.6734042553191488,0.6990881458966565,0.6333333333333333,0.8666666666666667,0.9666666666666667,0.7017910861493317,0.7926421404682275
heldout_ta,Lewowski_2021,2,329,30,91,96,0.6734042553191488,0.7082066869300911,0.6333333333333333,0.8666666666666667,1.0,0.7045921376418484,0.7926421404682275
heldout_ta,Lewowski_2021,3,329,30,94,98,0.6642857142857143,0.7021276595744681,0.6333333333333333,0.8666666666666667,1.0,0.7032927658014766,0.782608695652174
heldout_ta,Lewowski_2021,4,329,30,94,99,0.6642857142857143,0.6990881458966565,0.6333333333333333,0.8666666666666667,0.9666666666666667,0.7037598757689162,0.782608695652174
heldout_ta,Lewowski_2021,5,329,30,93,100,0.6673252279635258,0.696048632218845,0.6333333333333333,0.8333333333333334,0.9666666666666667,0.702273911619637,0.7859531772575251
heldout_ta,Lewowski_2021,6,329,30,92,97,0.6703647416413374,0.7051671732522796,0.6333333333333333,0.8333333333333334,1.0,0.7047928012889609,0.7892976588628763
heldout_ta,Lewowski_2021,7,329,30,94,98,0.6642857142857143,0.7021276595744681,0.6333333333333333,0.8666666666666667,1.0,0.70404277711513,0.782608695652174
heldout_ta,Lewowski_2021,8,329,30,91,98,0.6734042553191488,0.7021276595744681,0.6333333333333333,0.8666666666666667,1.0,0.7065546653301997,0.7926421404682275
heldout_ta,Lewowski_2021,9,329,30,92,96,0.6703647416413374,0.7082066869300911,0.6333333333333333,0.8666666666666667,1.0,0.7052504113906495,0.7892976588628763
heldout_ta,Moran_2020,0,1992,193,761,1274,0.5679718875502008,0.36044176706827313,0.5751295336787565,0.7564766839378239,0.8808290155440415,0.6594416995942715,0.679266259032796
heldout_ta,Moran_2020,1,1992,193,739,1178,0.5790160642570281,0.4086345381526104,0.5699481865284974,0.7616580310880829,0.8808290155440415,0.6593090640206172,0.6914952751528627
heldout_ta,Moran_2020,2,1992,193,774,1280,0.5614457831325301,0.357429718875502,0.5751295336787565,0.7564766839378239,0.8808290155440415,0.6586631769982796,0.6720400222345748
heldout_ta,Moran_2020,3,1992,193,764,1165,0.5664658634538152,0.4151606425702812,0.5699481865284974,0.7564766839378239,0.8808290155440415,0.659250826463933,0.6775986659255142
heldout_ta,Moran_2020,4,1992,193,784,1149,0.5564257028112449,0.4231927710843374,0.5751295336787565,0.7616580310880829,0.8808290155440415,0.6590661827585751,0.6664813785436353
heldout_ta,Moran_2020,5,1992,193,775,1125,0.5609437751004016,0.43524096385542166,0.5751295336787565,0.7564766839378239,0.8860103626943006,0.6593151993650919,0.6714841578654808
heldout_ta,Moran_2020,6,1992,193,756,1131,0.5704819277108433,0.43222891566265065,0.5803108808290155,0.7616580310880829,0.8756476683937824,0.6593616762077881,0.6820455808782657
heldout_ta,Moran_2020,7,1992,193,771,1266,0.5629518072289157,0.3644578313253012,0.5751295336787565,0.7564766839378239,0.8808290155440415,0.6584345830363352,0.6737076153418566
heldout_ta,Moran_2020,8,1992,193,774,1154,0.5614457831325301,0.4206827309236948,0.5751295336787565,0.7616580310880829,0.8756476683937824,0.6584731427673519,0.6720400222345748
heldout_ta,Moran_2020,9,1992,193,748,1258,0.5744979919678714,0.36847389558232935,0.5751295336787565,0.7616580310880829,0.8756476683937824,0.6601764929912648,0.6864924958310172
heldout_ta,Roberts_2021,0,883,13,442,442,0.4494337485843715,0.4994337485843715,0.6923076923076923,0.8461538461538461,0.8461538461538461,0.40281446776807334,0.506896551724138
heldout_ta,Roberts_2021,1,883,13,418,418,0.4766138165345413,0.5266138165345413,0.6923076923076923,0.8461538461538461,0.8461538461538461,0.40652894978474036,0.5344827586206896
heldout_ta,Roberts_2021,2,883,13,451,451,0.43924122310305774,0.48924122310305773,0.6923076923076923,0.8461538461538461,0.8461538461538461,0.39152319401703484,0.496551724137931
heldout_ta,Roberts_2021,3,883,13,455,455,0.43471121177802946,0.48471121177802945,0.6923076923076923,0.8461538461538461,0.8461538461538461,0.39341100661393175,0.49195402298850577
heldout_ta,Roberts_2021,4,883,13,462,462,0.4267836919592299,0.47678369195922987,0.6923076923076923,0.8461538461538461,0.8461538461538461,0.39354650358888166,0.4839080459770115
heldout_ta,Roberts_2021,5,883,13,400,400,0.49699886749716876,0.5469988674971688,0.6923076923076923,0.8461538461538461,0.8461538461538461,0.4070358402939785,0.5551724137931034
heldout_ta,Roberts_2021,6,883,13,444,444,0.4471687429218573,0.4971687429218573,0.6923076923076923,0.8461538461538461,0.8461538461538461,0.40198074832086333,0.5045977011494253
heldout_ta,Roberts_2021,7,883,13,462,462,0.4267836919592299,0.47678369195922987,0.6923076923076923,0.8461538461538461,0.8461538461538461,0.40603914369982547,0.4839080459770115
heldout_ta,Roberts_2021,8,883,13,442,442,0.4494337485843715,0.4994337485843715,0.6923076923076923,0.8461538461538461,0.8461538461538461,0.4039716424315569,0.506896551724138
heldout_ta,Roberts_2021,9,883,13,399,399,0.49813137032842586,0.5481313703284258,0.6923076923076923,0.8461538461538461,0.8461538461538461,0.40257655308815327,0.5563218390804597
heldout_ta,Theobald_2021,0,70,37,55,61,0.1642857142857143,0.12857142857142856,0.16216216216216217,0.35135135135135137,0.4864864864864865,0.855493698131422,0.42424242424242425
heldout_ta,Theobald_2021,1,70,37,55,64,0.1642857142857143,0.08571428571428574,0.16216216216216217,0.35135135135135137,0.4864864864864865,0.854643512099646,0.42424242424242425
heldout_ta,Theobald_2021,2,70,37,55,60,0.1642857142857143,0.1428571428571429,0.16216216216216217,0.35135135135135137,0.4864864864864865,0.8542329853360586,0.42424242424242425
heldout_ta,Theobald_2021,3,70,37,55,64,0.1642857142857143,0.08571428571428574,0.16216216216216217,0.35135135135135137,0.4864864864864865,0.852899843189818,0.42424242424242425
heldout_ta,Theobald_2021,4,70,37,55,63,0.1642857142857143,0.09999999999999998,0.16216216216216217,0.35135135135135137,0.4864864864864865,0.8524045820050977,0.42424242424242425
heldout_ta,Theobald_2021,5,70,37,55,62,0.1642857142857143,0.11428571428571432,0.16216216216216217,0.35135135135135137,0.4864864864864865,0.8550793577778959,0.42424242424242425
heldout_ta,Theobald_2021,6,70,37,55,64,0.1642857142857143,0.08571428571428574,0.16216216216216217,0.35135135135135137,0.4864864864864865,0.8554688357510566,0.42424242424242425
heldout_ta,Theobald_2021,7,70,37,55,64,0.1642857142857143,0.08571428571428574,0.16216216216216217,0.35135135135135137,0.4864864864864865,0.8550227516504874,0.42424242424242425
heldout_ta,Theobald_2021,8,70,37,55,61,0.1642857142857143,0.12857142857142856,0.16216216216216217,0.35135135135135137,0.4864864864864865,0.8562085244339631,0.42424242424242425
heldout_ta,Theobald_2021,9,70,37,55,61,0.1642857142857143,0.12857142857142856,0.16216216216216217,0.35135135135135137,0.4864864864864865,0.8531520086158193,0.42424242424242425
heldout_ta,Toffalini_2021,0,328,89,147,204,0.5018292682926828,0.3780487804878049,0.3258426966292135,0.651685393258427,0.8426966292134831,0.864757059867746,0.7405857740585774
heldout_ta,Toffalini_2021,1,328,89,149,200,0.4957317073170731,0.3902439024390244,0.3258426966292135,0.651685393258427,0.8426966292134831,0.8674445246084398,0.7322175732217573
heldout_ta,Toffalini_2021,2,328,89,146,201,0.5048780487804878,0.3871951219512195,0.3258426966292135,0.651685393258427,0.8426966292134831,0.8652108131461348,0.7447698744769874
heldout_ta,Toffalini_2021,3,328,89,145,198,0.5079268292682926,0.39634146341463417,0.3258426966292135,0.651685393258427,0.8426966292134831,0.8641593126031998,0.7489539748953975
heldout_ta,Toffalini_2021,4,328,89,146,203,0.5048780487804878,0.38109756097560976,0.3258426966292135,0.651685393258427,0.8426966292134831,0.8630351501946479,0.7447698744769874
heldout_ta,Toffalini_2021,5,328,89,145,211,0.5079268292682926,0.3567073170731707,0.3258426966292135,0.651685393258427,0.8426966292134831,0.8660191875187863,0.7489539748953975
heldout_ta,Toffalini_2021,6,328,89,146,203,0.5048780487804878,0.38109756097560976,0.3258426966292135,0.651685393258427,0.8426966292134831,0.866354803496701,0.7447698744769874
heldout_ta,Toffalini_2021,7,328,89,146,210,0.5048780487804878,0.3597560975609756,0.3258426966292135,0.651685393258427,0.8426966292134831,0.863496003891969,0.7447698744769874
heldout_ta,Toffalini_2021,8,328,89,145,199,0.5079268292682926,0.3932926829268293,0.3258426966292135,0.651685393258427,0.8426966292134831,0.8648761169175634,0.7489539748953975
heldout_ta,Toffalini_2021,9,328,89,145,214,0.5079268292682926,0.3475609756097561,0.3258426966292135,0.651685393258427,0.8426966292134831,0.8655828170217515,0.7489539748953975
heldout_ta,Tumkaya_2018,0,481,88,295,326,0.3366943866943867,0.3222453222453222,0.4090909090909091,0.6590909090909091,0.8181818181818182,0.659530834941149,0.4631043256997455
heldout_ta,Tumkaya_2018,1,481,88,281,321,0.36580041580041583,0.33264033264033266,0.42045454545454547,0.6590909090909091,0.8181818181818182,0.6593456064638569,0.49872773536895676
heldout_ta,Tumkaya_2018,2,481,88,288,342,0.3512474012474012,0.28898128898128894,0.42045454545454547,0.6590909090909091,0.8295454545454546,0.6598062961037097,0.48091603053435117
heldout_ta,Tumkaya_2018,3,481,88,294,342,0.33877338877338875,0.28898128898128894,0.42045454545454547,0.6590909090909091,0.8295454545454546,0.6607647888053201,0.46564885496183206
heldout_ta,Tumkaya_2018,4,481,88,287,345,0.35332640332640336,0.28274428274428276,0.4090909090909091,0.6590909090909091,0.8295454545454546,0.6579751081721988,0.48346055979643765
heldout_ta,Tumkaya_2018,5,481,88,289,339,0.3491683991683992,0.29521829521829523,0.42045454545454547,0.6590909090909091,0.8295454545454546,0.6600067579403506,0.47837150127226463
heldout_ta,Tumkaya_2018,6,481,88,293,321,0.3408523908523909,0.33264033264033266,0.42045454545454547,0.6590909090909091,0.8295454545454546,0.6593296755166557,0.4681933842239186
heldout_ta,Tumkaya_2018,7,481,88,292,335,0.3429313929313929,0.30353430353430355,0.42045454545454547,0.6590909090909091,0.8295454545454546,0.6587524703120757,0.4707379134860051
heldout_ta,Tumkaya_2018,8,481,88,284,343,0.35956340956340954,0.2869022869022869,0.42045454545454547,0.6590909090909091,0.8295454545454546,0.6603007394716728,0.4910941475826972
heldout_ta,Tumkaya_2018,9,481,88,284,336,0.35956340956340954,0.3014553014553014,0.42045454545454547,0.6590909090909091,0.8295454545454546,0.6590439110214974,0.4910941475826972
heldout_ta,Walker_2018,0,11735,226,3851,8102,0.621836386876864,0.3095867064337452,0.6814159292035398,0.8407079646017699,0.9380530973451328,0.3180383981526659,0.6840733339125902
heldout_ta,Walker_2018,1,11735,226,3690,7017,0.6355560289731572,0.402045164039199,0.6858407079646017,0.8362831858407079,0.9380530973451328,0.31450647687154054,0.6980623859588149
heldout_ta,Walker_2018,2,11735,226,3721,6427,0.6329143587558586,0.4523221133361739,0.6814159292035398,0.8495575221238938,0.9380530973451328,0.31379698749289275,0.6953688417760014
heldout_ta,Walker_2018,3,11735,226,3665,7852,0.6376864081806561,0.33089049850873453,0.6858407079646017,0.8407079646017699,0.9380530973451328,0.3108331988997591,0.7002345990094708
heldout_ta,Walker_2018,4,11735,226,3625,7972,0.6410950149126544,0.3206646783127397,0.6814159292035398,0.8407079646017699,0.9380530973451328,0.3164506584446413,0.7037101398905204
heldout_ta,Walker_2018,5,11735,226,3715,7108,0.6334256497656583,0.3942905837239029,0.6814159292035398,0.8451327433628318,0.9380530973451328,0.3176369564234889,0.6958901729081588
heldout_ta,Walker_2018,6,11735,226,3823,7521,0.6242224115892628,0.3590967192160205,0.6814159292035398,0.8495575221238938,0.9424778761061947,0.31270417244926046,0.6865062125293249
heldout_ta,Walker_2018,7,11735,226,3649,8119,0.6390498508734554,0.30813804857264593,0.6814159292035398,0.8407079646017699,0.9380530973451328,0.31756066323727405,0.7016248153618907
heldout_ta,Walker_2018,8,11735,226,3788,7376,0.6272049424797613,0.37145291861951424,0.6814159292035398,0.8407079646017699,0.9380530973451328,0.31706978170923966,0.6895473108002433
heldout_ta,Walker_2018,9,11735,226,3875,6510,0.6197912228376651,0.44524925436727736,0.6814159292035398,0.831858407079646,0.9380530973451328,0.31227368956187296,0.6819880093839604
clef_final,CD012080,0,6643,77,1007,1254,0.7984118621104922,0.8112298660243866,0.8441558441558441,1.0,1.0,0.1930066986412267,0.8579043557721596
clef_final,CD012080,1,6643,77,1001,1255,0.7993150684931507,0.8110793316272769,0.8441558441558441,1.0,1.0,0.19261800952266783,0.8588181541273225
clef_final,CD012080,2,6643,77,1003,1244,0.7990139996989312,0.812735209995484,0.8441558441558441,1.0,1.0,0.1980251520119431,0.8585135546756015
clef_final,CD012080,3,6643,77,1005,1265,0.7987129309047116,0.8095739876561794,0.8441558441558441,1.0,1.0,0.20367993170558668,0.8582089552238806
clef_final,CD012080,4,6643,77,998,1247,0.7997666716844798,0.8122836068041548,0.8441558441558441,1.0,1.0,0.1976709104645802,0.8592750533049041
clef_final,CD012080,5,6643,77,1000,1247,0.7994656028902604,0.8122836068041548,0.8441558441558441,1.0,1.0,0.1961673254999605,0.858970453853183
clef_final,CD012080,6,6643,77,996,1265,0.8000677404786993,0.8095739876561794,0.8441558441558441,1.0,1.0,0.1905651326795331,0.8595796527566251
clef_final,CD012080,7,6643,77,1012,1252,0.7976591901249435,0.811530934818606,0.8441558441558441,1.0,1.0,0.1915071597158236,0.8571428571428571
clef_final,CD012080,8,6643,77,1008,1265,0.7982613277133824,0.8095739876561794,0.8441558441558441,1.0,1.0,0.19948683240787835,0.8577520560462991
clef_final,CD012080,9,6643,77,997,1256,0.7999172060815896,0.8109287972301671,0.8441558441558441,1.0,1.0,0.18875293622941267,0.8594273530307646
clef_final,CD012669,0,1260,24,183,326,0.8047619047619047,0.7412698412698413,0.7916666666666666,0.9583333333333334,1.0,0.28351840769615083,0.8705501618122977
clef_final,CD012669,1,1260,24,184,323,0.8039682539682539,0.7436507936507937,0.75,0.9583333333333334,1.0,0.30937916784096453,0.8697411003236246
clef_final,CD012669,2,1260,24,186,325,0.8023809523809523,0.7420634920634921,0.7916666666666666,0.9583333333333334,1.0,0.2917230044264141,0.8681229773462783
clef_final,CD012669,3,1260,24,187,322,0.8015873015873015,0.7444444444444445,0.75,0.9583333333333334,1.0,0.30168969601802614,0.8673139158576052
clef_final,CD012669,4,1260,24,183,328,0.8047619047619047,0.7396825396825397,0.75,0.9583333333333334,1.0,0.283674370680776,0.8705501618122977
clef_final,CD012669,5,1260,24,184,326,0.8039682539682539,0.7412698412698413,0.75,0.9583333333333334,1.0,0.2923795941025229,0.8697411003236246
clef_final,CD012669,6,1260,24,186,323,0.8023809523809523,0.7436507936507937,0.7916666666666666,0.9583333333333334,1.0,0.29984265900528795,0.8681229773462783
clef_final,CD012669,7,1260,24,187,323,0.8015873015873015,0.7436507936507937,0.7916666666666666,0.9583333333333334,1.0,0.2890114404897841,0.8673139158576052
clef_final,CD012669,8,1260,24,187,323,0.8015873015873015,0.7436507936507937,0.75,0.9583333333333334,1.0,0.2977133767279394,0.8673139158576052
clef_final,CD012669,9,1260,24,184,327,0.8039682539682539,0.7404761904761905,0.75,0.9583333333333334,1.0,0.30217082772827036,0.8697411003236246
clef_final,CD009044,0,3169,1,43,43,0.9364310508046702,0.9864310508046702,1.0,1.0,1.0,0.023255813953488372,0.9867424242424242
clef_final,CD009044,1,3169,1,45,45,0.9357999368886083,0.9857999368886083,1.0,1.0,1.0,0.022222222222222223,0.9861111111111112
clef_final,CD009044,2,3169,1,43,43,0.9364310508046702,0.9864310508046702,1.0,1.0,1.0,0.023255813953488372,0.9867424242424242
clef_final,CD009044,3,3169,1,44,44,0.9361154938466393,0.9861154938466393,1.0,1.0,1.0,0.022727272727272728,0.9864267676767676
clef_final,CD009044,4,3169,1,45,45,0.9357999368886083,0.9857999368886083,1.0,1.0,1.0,0.022222222222222223,0.9861111111111112
clef_final,CD009044,5,3169,1,44,44,0.9361154938466393,0.9861154938466393,1.0,1.0,1.0,0.022727272727272728,0.9864267676767676
clef_final,CD009044,6,3169,1,43,43,0.9364310508046702,0.9864310508046702,1.0,1.0,1.0,0.023255813953488372,0.9867424242424242
clef_final,CD009044,7,3169,1,45,45,0.9357999368886083,0.9857999368886083,1.0,1.0,1.0,0.022222222222222223,0.9861111111111112
clef_final,CD009044,8,3169,1,44,44,0.9361154938466393,0.9861154938466393,1.0,1.0,1.0,0.022727272727272728,0.9864267676767676
clef_final,CD009044,9,3169,1,45,45,0.9357999368886083,0.9857999368886083,1.0,1.0,1.0,0.022222222222222223,0.9861111111111112
clef_final,CD011686,0,9729,3,12,12,0.9487665741597286,0.9987665741597287,1.0,1.0,1.0,0.75,0.9990746452806909
clef_final,CD011686,1,9729,3,13,13,0.9486637886730394,0.9986637886730394,1.0,1.0,1.0,0.7435897435897436,0.9989718280896566
clef_final,CD011686,2,9729,3,12,12,0.9487665741597286,0.9987665741597287,1.0,1.0,1.0,0.75,0.9990746452806909
clef_final,CD011686,3,9729,3,13,13,0.9486637886730394,0.9986637886730394,1.0,1.0,1.0,0.7435897435897436,0.9989718280896566
clef_final,CD011686,4,9729,3,12,12,0.9487665741597286,0.9987665741597287,1.0,1.0,1.0,0.75,0.9990746452806909
clef_final,CD011686,5,9729,3,12,12,0.9487665741597286,0.9987665741597287,1.0,1.0,1.0,0.75,0.9990746452806909
clef_final,CD011686,6,9729,3,12,12,0.9487665741597286,0.9987665741597287,1.0,1.0,1.0,0.75,0.9990746452806909
clef_final,CD011686,7,9729,3,13,13,0.9486637886730394,0.9986637886730394,1.0,1.0,1.0,0.7435897435897436,0.9989718280896566
clef_final,CD011686,8,9729,3,12,12,0.9487665741597286,0.9987665741597287,1.0,1.0,1.0,0.75,0.9990746452806909
clef_final,CD011686,9,9729,3,13,13,0.9486637886730394,0.9986637886730394,1.0,1.0,1.0,0.7435897435897436,0.9989718280896566
clef_final,CD008874,0,2382,110,403,579,0.7808144416456759,0.756926952141058,0.8,0.9727272727272728,1.0,0.5718431246213949,0.8688380281690141
clef_final,CD008874,1,2382,110,416,605,0.7753568429890847,0.7460117548278757,0.8,0.9818181818181818,1.0,0.5682523295022893,0.8631161971830986
clef_final,CD008874,2,2382,110,406,593,0.7795549958018472,0.7510495382031905,0.7909090909090909,0.9727272727272728,1.0,0.5716539295065812,0.8675176056338029
clef_final,CD008874,3,2382,110,406,608,0.7795549958018472,0.7447523089840471,0.8,0.9727272727272728,1.0,0.5686696976445955,0.8675176056338029
clef_final,CD008874,4,2382,110,416,586,0.7753568429890847,0.7539882451721243,0.7909090909090909,0.9818181818181818,1.0,0.5729483072183206,0.8631161971830986
clef_final,CD008874,5,2382,110,415,612,0.775776658270361,0.743073047858942,0.8,0.9818181818181818,1.0,0.5695781132175638,0.863556338028169
clef_final,CD008874,6,2382,110,399,622,0.7824937027707808,0.7388748950461796,0.8,0.9727272727272728,1.0,0.5745674167417241,0.8705985915492958
clef_final,CD008874,7,2382,110,412,588,0.7770361041141898,0.7531486146095718,0.7909090909090909,0.9727272727272728,1.0,0.5683066464941331,0.8648767605633803
clef_final,CD008874,8,2382,110,404,636,0.7803946263643996,0.7329974811083124,0.8,0.9727272727272728,1.0,0.5714769355285712,0.8683978873239436
clef_final,CD008874,9,2382,110,403,633,0.7808144416456759,0.7342569269521411,0.8,0.9727272727272728,1.0,0.56860437467974,0.8688380281690141
clef_final,CD012567,0,6735,4,12,12,0.948218262806236,0.998218262806236,1.0,1.0,1.0,0.46875,0.9988114693210518
clef_final,CD012567,1,6735,4,12,12,0.948218262806236,0.998218262806236,1.0,1.0,1.0,0.48214285714285715,0.9988114693210518
clef_final,CD012567,2,6735,4,12,12,0.948218262806236,0.998218262806236,1.0,1.0,1.0,0.44047619047619047,0.9988114693210518
clef_final,CD012567,3,6735,4,12,12,0.948218262806236,0.998218262806236,1.0,1.0,1.0,0.48214285714285715,0.9988114693210518
clef_final,CD012567,4,6735,4,12,12,0.948218262806236,0.998218262806236,1.0,1.0,1.0,0.48214285714285715,0.9988114693210518
clef_final,CD012567,5,6735,4,12,12,0.948218262806236,0.998218262806236,1.0,1.0,1.0,0.46875,0.9988114693210518
clef_final,CD012567,6,6735,4,12,12,0.948218262806236,0.998218262806236,1.0,1.0,1.0,0.44047619047619047,0.9988114693210518
clef_final,CD012567,7,6735,4,12,12,0.948218262806236,0.998218262806236,1.0,1.0,1.0,0.44047619047619047,0.9988114693210518
clef_final,CD012567,8,6735,4,12,12,0.948218262806236,0.998218262806236,1.0,1.0,1.0,0.4270833333333333,0.9988114693210518
clef_final,CD012567,9,6735,4,12,12,0.948218262806236,0.998218262806236,1.0,1.0,1.0,0.48214285714285715,0.9988114693210518
clef_final,CD012768,0,131,22,60,68,0.4919847328244275,0.48091603053435117,0.2727272727272727,0.5454545454545454,0.7272727272727273,0.4515060820968529,0.6422018348623854
clef_final,CD012768,1,131,22,59,66,0.49961832061068706,0.4961832061068703,0.2727272727272727,0.5454545454545454,0.7272727272727273,0.45254418626577714,0.6513761467889908
clef_final,CD012768,2,131,22,59,67,0.49961832061068706,0.4885496183206107,0.2727272727272727,0.5454545454545454,0.7272727272727273,0.41967051991678966,0.6513761467889908
clef_final,CD012768,3,131,22,60,67,0.4919847328244275,0.4885496183206107,0.2727272727272727,0.5454545454545454,0.7272727272727273,0.451215122180167,0.6422018348623854
clef_final,CD012768,4,131,22,60,66,0.4919847328244275,0.4961832061068703,0.2727272727272727,0.5454545454545454,0.7272727272727273,0.45637605235268414,0.6422018348623854
clef_final,CD012768,5,131,22,59,66,0.49961832061068706,0.4961832061068703,0.2727272727272727,0.5454545454545454,0.7272727272727273,0.42023280298219184,0.6513761467889908
clef_final,CD012768,6,131,22,60,66,0.4919847328244275,0.4961832061068703,0.2727272727272727,0.5454545454545454,0.7272727272727273,0.44548409840459063,0.6422018348623854
clef_final,CD012768,7,131,22,59,66,0.49961832061068706,0.4961832061068703,0.2727272727272727,0.5454545454545454,0.7272727272727273,0.4420105917874467,0.6513761467889908
clef_final,CD012768,8,131,22,60,66,0.4919847328244275,0.4961832061068703,0.2727272727272727,0.5454545454545454,0.7272727272727273,0.4508984373312402,0.6422018348623854
clef_final,CD012768,9,131,22,59,66,0.49961832061068706,0.4961832061068703,0.2727272727272727,0.5454545454545454,0.7272727272727273,0.42142563839127295,0.6513761467889908
clef_final,CD012233,0,472,9,380,380,0.14491525423728818,0.19491525423728817,0.7777777777777778,0.7777777777777778,0.7777777777777778,0.41295676039390167,0.19870410367170627
clef_final,CD012233,1,472,9,405,405,0.09194915254237283,0.14194915254237284,0.7777777777777778,0.7777777777777778,0.7777777777777778,0.4118382750566658,0.1447084233261339
clef_final,CD012233,2,472,9,390,390,0.12372881355932201,0.17372881355932202,0.7777777777777778,0.7777777777777778,0.7777777777777778,0.41449866438372185,0.1771058315334773
clef_final,CD012233,3,472,9,380,380,0.14491525423728818,0.19491525423728817,0.7777777777777778,0.7777777777777778,0.7777777777777778,0.41118899481072035,0.19870410367170627
clef_final,CD012233,4,472,9,396,396,0.11101694915254239,0.1610169491525424,0.7777777777777778,0.7777777777777778,0.7777777777777778,0.41272949670799136,0.16414686825053995
clef_final,CD012233,5,472,9,397,397,0.10889830508474578,0.15889830508474578,0.7777777777777778,0.7777777777777778,0.7777777777777778,0.41677431324901504,0.16198704103671707
clef_final,CD012233,6,472,9,397,397,0.10889830508474578,0.15889830508474578,0.7777777777777778,0.7777777777777778,0.7777777777777778,0.41593799305785617,0.16198704103671707
clef_final,CD012233,7,472,9,384,384,0.13644067796610165,0.18644067796610164,0.7777777777777778,0.7777777777777778,0.7777777777777778,0.4136447310405644,0.1900647948164147
clef_final,CD012233,8,472,9,407,407,0.08771186440677962,0.13771186440677963,0.7777777777777778,0.7777777777777778,0.7777777777777778,0.4174440673291248,0.14038876889848811
clef_final,CD012233,9,472,9,390,390,0.12372881355932201,0.17372881355932202,0.7777777777777778,0.7777777777777778,0.7777777777777778,0.4137670210729571,0.1771058315334773
clef_final,CD012455,0,1593,5,6,6,0.9462335216572504,0.9962335216572504,1.0,1.0,1.0,0.8766666666666666,0.9993702770780857
clef_final,CD012455,1,1593,5,6,6,0.9462335216572504,0.9962335216572504,1.0,1.0,1.0,0.8099999999999999,0.9993702770780857
clef_final,CD012455,2,1593,5,6,6,0.9462335216572504,0.9962335216572504,1.0,1.0,1.0,0.8099999999999999,0.9993702770780857
clef_final,CD012455,3,1593,5,6,6,0.9462335216572504,0.9962335216572504,1.0,1.0,1.0,0.8766666666666666,0.9993702770780857
clef_final,CD012455,4,1593,5,6,6,0.9462335216572504,0.9962335216572504,1.0,1.0,1.0,0.8099999999999999,0.9993702770780857
clef_final,CD012455,5,1593,5,6,6,0.9462335216572504,0.9962335216572504,1.0,1.0,1.0,0.8766666666666666,0.9993702770780857
clef_final,CD012455,6,1593,5,6,6,0.9462335216572504,0.9962335216572504,1.0,1.0,1.0,0.8099999999999999,0.9993702770780857
clef_final,CD012455,7,1593,5,6,6,0.9462335216572504,0.9962335216572504,1.0,1.0,1.0,0.8099999999999999,0.9993702770780857
clef_final,CD012455,8,1593,5,6,6,0.9462335216572504,0.9962335216572504,1.0,1.0,1.0,0.8766666666666666,0.9993702770780857
clef_final,CD012455,9,1593,5,6,6,0.9462335216572504,0.9962335216572504,1.0,1.0,1.0,0.8766666666666666,0.9993702770780857
clef_final,CD012551,0,591,29,61,71,0.8467851099830794,0.8798646362098139,0.9310344827586207,1.0,1.0,0.7879948526208245,0.9412811387900356
clef_final,CD012551,1,591,29,61,70,0.8467851099830794,0.8815566835871405,0.9310344827586207,1.0,1.0,0.7894276264518227,0.9412811387900356
clef_final,CD012551,2,591,29,61,70,0.8467851099830794,0.8815566835871405,0.9310344827586207,1.0,1.0,0.7772033798246426,0.9412811387900356
clef_final,CD012551,3,591,29,61,69,0.8467851099830794,0.883248730964467,0.9310344827586207,1.0,1.0,0.7892584020041663,0.9412811387900356
clef_final,CD012551,4,591,29,61,71,0.8467851099830794,0.8798646362098139,0.9310344827586207,1.0,1.0,0.7779457578925129,0.9412811387900356
clef_final,CD012551,5,591,29,61,71,0.8467851099830794,0.8798646362098139,0.9310344827586207,1.0,1.0,0.7868940879940034,0.9412811387900356
clef_final,CD012551,6,591,29,61,71,0.8467851099830794,0.8798646362098139,0.9310344827586207,1.0,1.0,0.7931558765999444,0.9412811387900356
clef_final,CD012551,7,591,29,61,71,0.8467851099830794,0.8798646362098139,0.9310344827586207,1.0,1.0,0.7911877790533102,0.9412811387900356
clef_final,CD012551,8,591,29,61,71,0.8467851099830794,0.8798646362098139,0.9310344827586207,1.0,1.0,0.7882570879126858,0.9412811387900356
clef_final,CD012551,9,591,29,61,69,0.8467851099830794,0.883248730964467,0.9310344827586207,1.0,1.0,0.7923866746978019,0.9412811387900356
clef_final,CD010239,0,224,10,13,13,0.8919642857142857,0.9419642857142857,1.0,1.0,1.0,0.976923076923077,0.985981308411215
clef_final,CD010239,1,224,10,13,13,0.8919642857142857,0.9419642857142857,1.0,1.0,1.0,0.976923076923077,0.985981308411215
clef_final,CD010239,2,224,10,13,13,0.8919642857142857,0.9419642857142857,1.0,1.0,1.0,0.976923076923077,0.985981308411215
clef_final,CD010239,3,224,10,13,13,0.8919642857142857,0.9419642857142857,1.0,1.0,1.0,0.976923076923077,0.985981308411215
clef_final,CD010239,4,224,10,13,13,0.8919642857142857,0.9419642857142857,1.0,1.0,1.0,0.976923076923077,0.985981308411215
clef_final,CD010239,5,224,10,13,13,0.8919642857142857,0.9419642857142857,1.0,1.0,1.0,0.976923076923077,0.985981308411215
clef_final,CD010239,6,224,10,13,13,0.8919642857142857,0.9419642857142857,1.0,1.0,1.0,0.976923076923077,0.985981308411215
clef_final,CD010239,7,224,10,13,13,0.8919642857142857,0.9419642857142857,1.0,1.0,1.0,0.976923076923077,0.985981308411215
clef_final,CD010239,8,224,10,13,13,0.8919642857142857,0.9419642857142857,1.0,1.0,1.0,0.976923076923077,0.985981308411215
clef_final,CD010239,9,224,10,13,13,0.8919642857142857,0.9419642857142857,1.0,1.0,1.0,0.976923076923077,0.985981308411215
clef_final,CD010753,0,2539,20,240,267,0.855474596297755,0.8948404883812524,0.95,1.0,1.0,0.4122326910331598,0.9122667725287813
clef_final,CD010753,1,2539,20,250,277,0.8515360378101614,0.8909019298936589,0.95,1.0,1.0,0.40180504433388864,0.9082969432314411
clef_final,CD010753,2,2539,20,246,283,0.8531114612051989,0.8885387948011028,0.95,1.0,1.0,0.4014961894314591,0.9098848749503772
clef_final,CD010753,3,2539,20,231,271,0.8590192989365891,0.893265064986215,0.95,1.0,1.0,0.4084558179690174,0.9158396188963874
clef_final,CD010753,4,2539,20,235,281,0.8574438755415518,0.8893265064986215,0.95,1.0,1.0,0.3926807362803173,0.9142516871774514
clef_final,CD010753,5,2539,20,232,270,0.8586254430878298,0.8936589208349744,0.95,1.0,1.0,0.3930544844343011,0.9154426359666534
clef_final,CD010753,6,2539,20,237,270,0.8566561638440331,0.8936589208349744,0.95,1.0,1.0,0.4061418698166164,0.9134577213179833
clef_final,CD010753,7,2539,20,240,282,0.855474596297755,0.8889326506498622,0.95,1.0,1.0,0.40143822129929524,0.9122667725287813
clef_final,CD010753,8,2539,20,248,282,0.8523237495076801,0.8889326506498622,0.95,1.0,1.0,0.3928268846690011,0.9090909090909091
clef_final,CD010753,9,2539,20,230,272,0.8594131547853485,0.8928712091374557,0.95,1.0,1.0,0.3930389946987774,0.9162366018261214
clef_final,CD012164,0,61,3,3,3,0.9008196721311474,0.9508196721311475,1.0,1.0,1.0,1.0,1.0
clef_final,CD012164,1,61,3,3,3,0.9008196721311474,0.9508196721311475,1.0,1.0,1.0,1.0,1.0
clef_final,CD012164,2,61,3,3,3,0.9008196721311474,0.9508196721311475,1.0,1.0,1.0,1.0,1.0
clef_final,CD012164,3,61,3,3,3,0.9008196721311474,0.9508196721311475,1.0,1.0,1.0,1.0,1.0
clef_final,CD012164,4,61,3,3,3,0.9008196721311474,0.9508196721311475,1.0,1.0,1.0,1.0,1.0
clef_final,CD012164,5,61,3,3,3,0.9008196721311474,0.9508196721311475,1.0,1.0,1.0,1.0,1.0
clef_final,CD012164,6,61,3,3,3,0.9008196721311474,0.9508196721311475,1.0,1.0,1.0,1.0,1.0
clef_final,CD012164,7,61,3,3,3,0.9008196721311474,0.9508196721311475,1.0,1.0,1.0,1.0,1.0
clef_final,CD012164,8,61,3,3,3,0.9008196721311474,0.9508196721311475,1.0,1.0,1.0,1.0,1.0
clef_final,CD012164,9,61,3,3,3,0.9008196721311474,0.9508196721311475,1.0,1.0,1.0,1.0,1.0
clef_final,CD009069,0,1757,5,75,75,0.9073136027319294,0.9573136027319294,1.0,1.0,1.0,0.08607251521298173,0.9600456621004566
clef_final,CD009069,1,1757,5,76,76,0.9067444507683551,0.9567444507683551,1.0,1.0,1.0,0.08752362669270689,0.9594748858447488
clef_final,CD009069,2,1757,5,74,74,0.9078827546955036,0.9578827546955037,1.0,1.0,1.0,0.0985928785928786,0.9606164383561644
clef_final,CD009069,3,1757,5,76,76,0.9067444507683551,0.9567444507683551,1.0,1.0,1.0,0.08768956926851663,0.9594748858447488
clef_final,CD009069,4,1757,5,74,74,0.9078827546955036,0.9578827546955037,1.0,1.0,1.0,0.09494994994994994,0.9606164383561644
clef_final,CD009069,5,1757,5,73,73,0.9084519066590779,0.958451906659078,1.0,1.0,1.0,0.08837814417133905,0.9611872146118722
clef_final,CD009069,6,1757,5,73,73,0.9084519066590779,0.958451906659078,1.0,1.0,1.0,0.0928633552068838,0.9611872146118722
clef_final,CD009069,7,1757,5,76,76,0.9067444507683551,0.9567444507683551,1.0,1.0,1.0,0.08915483896908047,0.9594748858447488
clef_final,CD009069,8,1757,5,77,77,0.9061752988047809,0.9561752988047809,1.0,1.0,1.0,0.08621880570409983,0.958904109589041
clef_final,CD009069,9,1757,5,78,78,0.9056061468412065,0.9556061468412066,1.0,1.0,1.0,0.08587905523389394,0.9583333333333334
clef_final,CD009642,0,1922,50,63,140,0.9172216441207075,0.927159209157128,1.0,1.0,1.0,0.8876386734202357,0.9919871794871795
clef_final,CD009642,1,1922,50,62,141,0.917741935483871,0.9266389177939647,1.0,1.0,1.0,0.8834381676929628,0.9925213675213675
clef_final,CD009642,2,1922,50,63,143,0.9172216441207075,0.9255983350676379,1.0,1.0,1.0,0.8870164885875247,0.9919871794871795
clef_final,CD009642,3,1922,50,62,147,0.917741935483871,0.9235171696149844,1.0,1.0,1.0,0.8834550481559238,0.9925213675213675
clef_final,CD009642,4,1922,50,62,144,0.917741935483871,0.9250780437044746,1.0,1.0,1.0,0.8834040815642519,0.9925213675213675
clef_final,CD009642,5,1922,50,62,141,0.917741935483871,0.9266389177939647,1.0,1.0,1.0,0.8836536636979326,0.9925213675213675
clef_final,CD009642,6,1922,50,63,147,0.9172216441207075,0.9235171696149844,1.0,1.0,1.0,0.8863287517907655,0.9919871794871795
clef_final,CD009642,7,1922,50,63,149,0.9172216441207075,0.9224765868886576,1.0,1.0,1.0,0.8695916445750121,0.9919871794871795
clef_final,CD009642,8,1922,50,62,143,0.917741935483871,0.9255983350676379,1.0,1.0,1.0,0.8856717890869503,0.9925213675213675
clef_final,CD009642,9,1922,50,63,143,0.9172216441207075,0.9255983350676379,1.0,1.0,1.0,0.8841538479009275,0.9919871794871795
clef_final,CD004414,0,336,7,19,19,0.8934523809523809,0.9434523809523809,1.0,1.0,1.0,0.5375055285272003,0.9635258358662614
clef_final,CD004414,1,336,7,19,19,0.8934523809523809,0.9434523809523809,1.0,1.0,1.0,0.46607695709862895,0.9635258358662614
clef_final,CD004414,2,336,7,19,19,0.8934523809523809,0.9434523809523809,1.0,1.0,1.0,0.45179124281291466,0.9635258358662614
clef_final,CD004414,3,336,7,19,19,0.8934523809523809,0.9434523809523809,1.0,1.0,1.0,0.46607695709862895,0.9635258358662614
clef_final,CD004414,4,336,7,19,19,0.8934523809523809,0.9434523809523809,1.0,1.0,1.0,0.45179124281291466,0.9635258358662614
clef_final,CD004414,5,336,7,19,19,0.8934523809523809,0.9434523809523809,1.0,1.0,1.0,0.5375055285272003,0.9635258358662614
clef_final,CD004414,6,336,7,19,19,0.8934523809523809,0.9434523809523809,1.0,1.0,1.0,0.46607695709862895,0.9635258358662614
clef_final,CD004414,7,336,7,19,19,0.8934523809523809,0.9434523809523809,1.0,1.0,1.0,0.4898864809081527,0.9635258358662614
clef_final,CD004414,8,336,7,19,19,0.8934523809523809,0.9434523809523809,1.0,1.0,1.0,0.4898864809081527,0.9635258358662614
clef_final,CD004414,9,336,7,19,19,0.8934523809523809,0.9434523809523809,1.0,1.0,1.0,0.46607695709862895,0.9635258358662614
clef_final,CD011977,0,195,37,115,121,0.36025641025641025,0.37948717948717947,0.43243243243243246,0.7027027027027027,0.7837837837837838,0.7378558565451427,0.5
clef_final,CD011977,1,195,37,119,121,0.3397435897435897,0.37948717948717947,0.43243243243243246,0.7027027027027027,0.7837837837837838,0.7442002931189542,0.47468354430379744
clef_final,CD011977,2,195,37,124,125,0.31410256410256415,0.3589743589743589,0.43243243243243246,0.7027027027027027,0.7837837837837838,0.740823787953883,0.4430379746835443
clef_final,CD011977,3,195,37,114,120,0.36538461538461536,0.3846153846153846,0.43243243243243246,0.7027027027027027,0.7837837837837838,0.7422375596721766,0.5063291139240507
clef_final,CD011977,4,195,37,117,122,0.35000000000000003,0.37435897435897436,0.43243243243243246,0.7027027027027027,0.7837837837837838,0.7374682545666051,0.4873417721518987
clef_final,CD011977,5,195,37,120,124,0.3346153846153846,0.36410256410256414,0.43243243243243246,0.7027027027027027,0.7837837837837838,0.7411100222562321,0.46835443037974683
clef_final,CD011977,6,195,37,117,118,0.35000000000000003,0.3948717948717949,0.43243243243243246,0.7027027027027027,0.7837837837837838,0.7426566707269104,0.4873417721518987
clef_final,CD011977,7,195,37,116,125,0.35512820512820514,0.3589743589743589,0.43243243243243246,0.7027027027027027,0.7837837837837838,0.7428083312744109,0.4936708860759494
clef_final,CD011977,8,195,37,121,123,0.3294871794871795,0.36923076923076925,0.43243243243243246,0.7027027027027027,0.7837837837837838,0.7387641369894918,0.4620253164556962
clef_final,CD011977,9,195,37,115,120,0.36025641025641025,0.3846153846153846,0.43243243243243246,0.7027027027027027,0.7837837837837838,0.7424839960131115,0.5
clef_final,CD011571,0,146,6,8,8,0.8952054794520548,0.9452054794520548,1.0,1.0,1.0,0.9305555555555557,0.9857142857142858
clef_final,CD011571,1,146,6,8,8,0.8952054794520548,0.9452054794520548,1.0,1.0,1.0,0.9305555555555557,0.9857142857142858
clef_final,CD011571,2,146,6,8,8,0.8952054794520548,0.9452054794520548,1.0,1.0,1.0,0.9305555555555557,0.9857142857142858
clef_final,CD011571,3,146,6,8,8,0.8952054794520548,0.9452054794520548,1.0,1.0,1.0,0.9305555555555557,0.9857142857142858
clef_final,CD011571,4,146,6,8,8,0.8952054794520548,0.9452054794520548,1.0,1.0,1.0,0.9305555555555557,0.9857142857142858
clef_final,CD011571,5,146,6,8,8,0.8952054794520548,0.9452054794520548,1.0,1.0,1.0,0.9305555555555557,0.9857142857142858
clef_final,CD011571,6,146,6,8,8,0.8952054794520548,0.9452054794520548,1.0,1.0,1.0,0.9305555555555557,0.9857142857142858
clef_final,CD011571,7,146,6,8,8,0.8952054794520548,0.9452054794520548,1.0,1.0,1.0,0.9305555555555557,0.9857142857142858
clef_final,CD011571,8,146,6,8,8,0.8952054794520548,0.9452054794520548,1.0,1.0,1.0,0.9305555555555557,0.9857142857142858
clef_final,CD011571,9,146,6,8,8,0.8952054794520548,0.9452054794520548,1.0,1.0,1.0,0.9305555555555557,0.9857142857142858
clef_final,CD001261,0,571,22,58,78,0.8484238178633975,0.8633975481611209,0.9090909090909091,1.0,1.0,0.7696503530208727,0.9326047358834244
clef_final,CD001261,1,571,22,58,78,0.8484238178633975,0.8633975481611209,0.9090909090909091,1.0,1.0,0.7656321566143532,0.9326047358834244
clef_final,CD001261,2,571,22,58,79,0.8484238178633975,0.861646234676007,0.9090909090909091,1.0,1.0,0.7786646004213792,0.9326047358834244
clef_final,CD001261,3,571,22,58,77,0.8484238178633975,0.8651488616462346,0.9090909090909091,1.0,1.0,0.7779835326139427,0.9326047358834244
clef_final,CD001261,4,571,22,58,78,0.8484238178633975,0.8633975481611209,0.9090909090909091,1.0,1.0,0.7786096621665397,0.9326047358834244
clef_final,CD001261,5,571,22,58,78,0.8484238178633975,0.8633975481611209,0.9090909090909091,1.0,1.0,0.7703204002079477,0.9326047358834244
clef_final,CD001261,6,571,22,58,77,0.8484238178633975,0.8651488616462346,0.9090909090909091,1.0,1.0,0.7861675414754042,0.9326047358834244
clef_final,CD001261,7,571,22,58,77,0.8484238178633975,0.8651488616462346,0.9090909090909091,1.0,1.0,0.7857233904607663,0.9326047358834244
clef_final,CD001261,8,571,22,58,78,0.8484238178633975,0.8633975481611209,0.9090909090909091,1.0,1.0,0.7735565440960452,0.9326047358834244
clef_final,CD001261,9,571,22,58,79,0.8484238178633975,0.861646234676007,0.9090909090909091,1.0,1.0,0.7682616083001537,0.9326047358834244
clef_final,CD011768,0,9160,25,100,149,0.9390829694323144,0.9837336244541485,1.0,1.0,1.0,0.4125299118989142,0.99168035030104
clef_final,CD011768,1,9160,25,100,148,0.9390829694323144,0.9838427947598253,1.0,1.0,1.0,0.4418004680662426,0.99168035030104
clef_final,CD011768,2,9160,25,101,148,0.9389737991266375,0.9838427947598253,1.0,1.0,1.0,0.4313166216251798,0.9915708812260536
clef_final,CD011768,3,9160,25,100,147,0.9390829694323144,0.9839519650655022,1.0,1.0,1.0,0.42090026772921596,0.99168035030104
clef_final,CD011768,4,9160,25,101,147,0.9389737991266375,0.9839519650655022,1.0,1.0,1.0,0.4175624278056418,0.9915708812260536
clef_final,CD011768,5,9160,25,101,149,0.9389737991266375,0.9837336244541485,1.0,1.0,1.0,0.42683569805186233,0.9915708812260536
clef_final,CD011768,6,9160,25,101,147,0.9389737991266375,0.9839519650655022,1.0,1.0,1.0,0.42619192160246533,0.9915708812260536
clef_final,CD011768,7,9160,25,100,149,0.9390829694323144,0.9837336244541485,1.0,1.0,1.0,0.42863370812194396,0.99168035030104
clef_final,CD011768,8,9160,25,100,150,0.9390829694323144,0.9836244541484717,1.0,1.0,1.0,0.4328267615758907,0.99168035030104
clef_final,CD011768,9,9160,25,100,150,0.9390829694323144,0.9836244541484717,1.0,1.0,1.0,0.4391699446154829,0.99168035030104
clef_final,CD007867,0,943,9,54,54,0.8927359490986214,0.9427359490986215,1.0,1.0,1.0,0.7042412924765866,0.9518201284796574
clef_final,CD007867,1,943,9,56,56,0.8906150583244963,0.9406150583244963,1.0,1.0,1.0,0.7035799168152109,0.949678800856531
clef_final,CD007867,2,943,9,55,55,0.8916755037115588,0.9416755037115588,1.0,1.0,1.0,0.7039045921398862,0.9507494646680942
clef_final,CD007867,3,943,9,54,54,0.8927359490986214,0.9427359490986215,1.0,1.0,1.0,0.7042412924765866,0.9518201284796574
clef_final,CD007867,4,943,9,58,58,0.8884941675503711,0.9384941675503712,1.0,1.0,1.0,0.7029641532684129,0.9475374732334048
clef_final,CD007867,5,943,9,57,57,0.8895546129374337,0.9395546129374337,1.0,1.0,1.0,0.7032666336071909,0.9486081370449678
clef_final,CD007867,6,943,9,55,55,0.8916755037115588,0.9416755037115588,1.0,1.0,1.0,0.7039045921398862,0.9507494646680942
clef_final,CD007867,7,943,9,59,59,0.8874337221633085,0.9374337221633086,1.0,1.0,1.0,0.702671926500441,0.9464668094218416
clef_final,CD007867,8,943,9,54,54,0.8927359490986214,0.9427359490986215,1.0,1.0,1.0,0.7042412924765866,0.9518201284796574
clef_final,CD007867,9,943,9,56,56,0.8906150583244963,0.9406150583244963,1.0,1.0,1.0,0.7035799168152109,0.949678800856531
clef_final,CD010558,0,2815,10,928,928,0.6203374777975132,0.6703374777975133,0.9,0.9,0.9,0.5558654649947753,0.6727272727272727
clef_final,CD010558,1,2815,10,954,954,0.611101243339254,0.661101243339254,0.9,0.9,0.9,0.5694514814326135,0.663458110516934
clef_final,CD010558,2,2815,10,915,915,0.624955595026643,0.674955595026643,0.9,0.9,0.9,0.5463569654389325,0.6773618538324421
clef_final,CD010558,3,2815,10,1036,1036,0.5819715808170515,0.6319715808170515,0.9,0.9,0.9,0.5543685143685144,0.6342245989304813
clef_final,CD010558,4,2815,10,924,924,0.6217584369449378,0.6717584369449379,0.9,0.9,0.9,0.5599617049617049,0.6741532976827095
clef_final,CD010558,5,2815,10,1031,1031,0.5837477797513322,0.6337477797513322,0.9,0.9,0.9,0.5557578108926314,0.6360071301247772
clef_final,CD010558,6,2815,10,989,989,0.5986678507992895,0.6486678507992896,0.9,0.9,0.9,0.5544143857490672,0.6509803921568628
clef_final,CD010558,7,2815,10,1015,1015,0.5894316163410301,0.6394316163410302,0.9,0.9,0.9,0.5707731004627556,0.6417112299465241
clef_final,CD010558,8,2815,10,1007,1007,0.5922735346358792,0.6422735346358792,0.9,0.9,0.9,0.5543963120626477,0.6445632798573975
clef_final,CD010558,9,2815,10,941,941,0.6157193605683836,0.6657193605683837,0.9,0.9,0.9,0.5558505780439893,0.6680926916221034
clef_final,CD012069,0,3479,245,1441,2530,0.5358005173900546,0.27277953434895086,0.5877551020408164,0.7795918367346939,0.8734693877551021,0.4672797647023957,0.6264687693259122
clef_final,CD012069,1,3479,245,1440,2516,0.5360879563092842,0.2768036792181662,0.5918367346938775,0.7795918367346939,0.8775510204081632,0.46566406453600795,0.626777983920841
clef_final,CD012069,2,3479,245,1428,2477,0.5395372233400402,0.288013797068123,0.5877551020408164,0.7795918367346939,0.8734693877551021,0.46691922558402743,0.6304885590599877
clef_final,CD012069,3,3479,245,1479,2476,0.5248778384593273,0.2883012359873527,0.5877551020408164,0.7795918367346939,0.8734693877551021,0.46833989047604185,0.6147186147186147
clef_final,CD012069,4,3479,245,1460,2463,0.530339177924691,0.29203794193733834,0.5877551020408164,0.7795918367346939,0.8775510204081632,0.46605810392016145,0.6205936920222634
clef_final,CD012069,5,3479,245,1444,2519,0.5349382006323655,0.2759413624604772,0.5877551020408164,0.7795918367346939,0.8775510204081632,0.4680615732766822,0.6255411255411255
clef_final,CD012069,6,3479,245,1428,2503,0.5395372233400402,0.2805403851681517,0.5918367346938775,0.7795918367346939,0.8775510204081632,0.4644842668415179,0.6304885590599877
clef_final,CD012069,7,3479,245,1459,2485,0.5306266168439207,0.2857142857142857,0.5877551020408164,0.7755102040816326,0.8734693877551021,0.4687233315583592,0.6209029066171924
clef_final,CD012069,8,3479,245,1446,2495,0.5343633227939062,0.28283989652198904,0.5918367346938775,0.7836734693877551,0.8775510204081632,0.46770216989362895,0.6249226963512677
clef_final,CD012069,9,3479,245,1431,2496,0.5386749065823513,0.2825524576027594,0.5877551020408164,0.7836734693877551,0.8734693877551021,0.4675221178310043,0.629560915275201
clef_final,CD010038,0,8867,9,43,43,0.9451505582496899,0.9951505582496899,1.0,1.0,1.0,0.5940891472868217,0.9961616617746669
clef_final,CD010038,1,8867,9,42,42,0.9452633359648133,0.9952633359648133,1.0,1.0,1.0,0.5955389144905274,0.9962745540754121
clef_final,CD010038,2,8867,9,44,44,0.9450377805345663,0.9950377805345664,1.0,1.0,1.0,0.5925529807882749,0.9960487694739218
clef_final,CD010038,3,8867,9,44,44,0.9450377805345663,0.9950377805345664,1.0,1.0,1.0,0.5944566634082764,0.9960487694739218
clef_final,CD010038,4,8867,9,44,44,0.9450377805345663,0.9950377805345664,1.0,1.0,1.0,0.590701128936423,0.9960487694739218
clef_final,CD010038,5,8867,9,45,45,0.9449250028194428,0.9949250028194428,1.0,1.0,1.0,0.5910921357790428,0.9959358771731768
clef_final,CD010038,6,8867,9,42,42,0.9452633359648133,0.9952633359648133,1.0,1.0,1.0,0.5926794373663443,0.9962745540754121
clef_final,CD010038,7,8867,9,44,44,0.9450377805345663,0.9950377805345664,1.0,1.0,1.0,0.593560606060606,0.9960487694739218
clef_final,CD010038,8,8867,9,44,44,0.9450377805345663,0.9950377805345664,1.0,1.0,1.0,0.5915971862840933,0.9960487694739218
clef_final,CD010038,9,8867,9,43,43,0.9451505582496899,0.9951505582496899,1.0,1.0,1.0,0.5969627105052125,0.9961616617746669
clef_final,CD006468,0,3874,12,38,38,0.9401910170366545,0.9901910170366546,1.0,1.0,1.0,0.874093567251462,0.9932677369238736
clef_final,CD006468,1,3874,12,38,38,0.9401910170366545,0.9901910170366546,1.0,1.0,1.0,0.8824269005847953,0.9932677369238736
clef_final,CD006468,2,3874,12,37,37,0.9404491481672689,0.9904491481672689,1.0,1.0,1.0,0.8748048048048048,0.9935266701191092
clef_final,CD006468,3,3874,12,38,38,0.9401910170366545,0.9901910170366546,1.0,1.0,1.0,0.8824269005847953,0.9932677369238736
clef_final,CD006468,4,3874,12,37,37,0.9404491481672689,0.9904491481672689,1.0,1.0,1.0,0.867986622986623,0.9935266701191092
clef_final,CD006468,5,3874,12,38,38,0.9401910170366545,0.9901910170366546,1.0,1.0,1.0,0.8672753854332802,0.9932677369238736
clef_final,CD006468,6,3874,12,37,37,0.9404491481672689,0.9904491481672689,1.0,1.0,1.0,0.8831381381381381,0.9935266701191092
clef_final,CD006468,7,3874,12,38,38,0.9401910170366545,0.9901910170366546,1.0,1.0,1.0,0.8672753854332802,0.9932677369238736
clef_final,CD006468,8,3874,12,37,37,0.9404491481672689,0.9904491481672689,1.0,1.0,1.0,0.867986622986623,0.9935266701191092
clef_final,CD006468,9,3874,12,38,38,0.9401910170366545,0.9901910170366546,1.0,1.0,1.0,0.874093567251462,0.9932677369238736
clef_final,CD000996,0,281,6,8,8,0.9215302491103202,0.9715302491103203,1.0,1.0,1.0,0.9583333333333334,0.9927272727272727
clef_final,CD000996,1,281,6,8,8,0.9215302491103202,0.9715302491103203,1.0,1.0,1.0,0.9583333333333334,0.9927272727272727
clef_final,CD000996,2,281,6,8,8,0.9215302491103202,0.9715302491103203,1.0,1.0,1.0,0.9583333333333334,0.9927272727272727
clef_final,CD000996,3,281,6,8,8,0.9215302491103202,0.9715302491103203,1.0,1.0,1.0,0.9583333333333334,0.9927272727272727
clef_final,CD000996,4,281,6,8,8,0.9215302491103202,0.9715302491103203,1.0,1.0,1.0,0.9583333333333334,0.9927272727272727
clef_final,CD000996,5,281,6,8,8,0.9215302491103202,0.9715302491103203,1.0,1.0,1.0,0.9583333333333334,0.9927272727272727
clef_final,CD000996,6,281,6,8,8,0.9215302491103202,0.9715302491103203,1.0,1.0,1.0,0.9583333333333334,0.9927272727272727
clef_final,CD000996,7,281,6,8,8,0.9215302491103202,0.9715302491103203,1.0,1.0,1.0,0.9583333333333334,0.9927272727272727
clef_final,CD000996,8,281,6,8,8,0.9215302491103202,0.9715302491103203,1.0,1.0,1.0,0.9583333333333334,0.9927272727272727
clef_final,CD000996,9,281,6,8,8,0.9215302491103202,0.9715302491103203,1.0,1.0,1.0,0.9583333333333334,0.9927272727272727
clef_final,CD012661,0,3367,94,551,950,0.7863528363528363,0.7178497178497178,0.9042553191489362,0.9680851063829787,1.0,0.5231231563533907,0.8591506263366941
clef_final,CD012661,1,3367,94,529,922,0.7928868428868429,0.7261657261657262,0.9042553191489362,0.9680851063829787,1.0,0.5179607111347196,0.8658722884204094
clef_final,CD012661,2,3367,94,526,941,0.7937778437778438,0.7205227205227205,0.9042553191489362,0.9680851063829787,1.0,0.5232525953626898,0.8667888787045523
clef_final,CD012661,3,3367,94,531,1001,0.7922928422928422,0.7027027027027026,0.9042553191489362,0.9680851063829787,1.0,0.5253822132281641,0.8652612282309807
clef_final,CD012661,4,3367,94,529,980,0.7928868428868429,0.7089397089397089,0.9042553191489362,0.9680851063829787,1.0,0.5250381133312085,0.8658722884204094
clef_final,CD012661,5,3367,94,548,1011,0.7872438372438372,0.6997326997326998,0.9042553191489362,0.9680851063829787,0.9893617021276596,0.5293095890391726,0.8600672166208372
clef_final,CD012661,6,3367,94,532,905,0.7919958419958419,0.7312147312147312,0.9042553191489362,0.9680851063829787,1.0,0.5215402251290564,0.8649556981362664
clef_final,CD012661,7,3367,94,540,1008,0.7896198396198396,0.7006237006237006,0.9042553191489362,0.9680851063829787,1.0,0.52207385650032,0.8625114573785518
clef_final,CD012661,8,3367,94,553,926,0.7857588357588356,0.724977724977725,0.9042553191489362,0.9680851063829787,1.0,0.5301169553680449,0.8585395661472655
clef_final,CD012661,9,3367,94,552,913,0.7860558360558361,0.7288387288387288,0.9042553191489362,0.9680851063829787,1.0,0.5216808739553426,0.8588450962419798
clef_final,CD011787,0,4369,28,171,226,0.9108606088349737,0.9482719157701991,1.0,1.0,1.0,0.5988045436031121,0.9668279198341396
clef_final,CD011787,1,4369,28,171,220,0.9108606088349737,0.9496452277409018,1.0,1.0,1.0,0.578780693554881,0.9668279198341396
clef_final,CD011787,2,4369,28,171,224,0.9108606088349737,0.9487296864271,1.0,1.0,1.0,0.6128940099611191,0.9668279198341396
clef_final,CD011787,3,4369,28,170,219,0.9110894941634241,0.9498741130693522,1.0,1.0,1.0,0.5784307481507479,0.967058281501958
clef_final,CD011787,4,4369,28,171,221,0.9108606088349737,0.9494163424124513,1.0,1.0,1.0,0.5612886196971987,0.9668279198341396
clef_final,CD011787,5,4369,28,170,220,0.9110894941634241,0.9496452277409018,1.0,1.0,1.0,0.5835769962858259,0.967058281501958
clef_final,CD011787,6,4369,28,171,222,0.9108606088349737,0.9491874570840009,1.0,1.0,1.0,0.5776111553061938,0.9668279198341396
clef_final,CD011787,7,4369,28,170,220,0.9110894941634241,0.9496452277409018,1.0,1.0,1.0,0.6113674453105045,0.967058281501958
clef_final,CD011787,8,4369,28,170,219,0.9110894941634241,0.9498741130693522,1.0,1.0,1.0,0.6080210528296653,0.967058281501958
clef_final,CD011787,9,4369,28,170,224,0.9110894941634241,0.9487296864271,1.0,1.0,1.0,0.5710361338562614,0.967058281501958
clef_ta_jevonly_only,CD012080,0,6643,77,1007,1254,0.7984118621104922,0.8112298660243866,0.8441558441558441,1.0,1.0,0.1930066986412267,0.8579043557721596
clef_ta_jevonly_only,CD012080,1,6643,77,1001,1255,0.7993150684931507,0.8110793316272769,0.8441558441558441,1.0,1.0,0.19261800952266783,0.8588181541273225
clef_ta_jevonly_only,CD012080,2,6643,77,1003,1244,0.7990139996989312,0.812735209995484,0.8441558441558441,1.0,1.0,0.1980251520119431,0.8585135546756015
clef_ta_jevonly_only,CD012080,3,6643,77,1005,1265,0.7987129309047116,0.8095739876561794,0.8441558441558441,1.0,1.0,0.20367993170558668,0.8582089552238806
clef_ta_jevonly_only,CD012080,4,6643,77,998,1247,0.7997666716844798,0.8122836068041548,0.8441558441558441,1.0,1.0,0.1976709104645802,0.8592750533049041
clef_ta_jevonly_only,CD012080,5,6643,77,1000,1247,0.7994656028902604,0.8122836068041548,0.8441558441558441,1.0,1.0,0.1961673254999605,0.858970453853183
clef_ta_jevonly_only,CD012080,6,6643,77,996,1265,0.8000677404786993,0.8095739876561794,0.8441558441558441,1.0,1.0,0.1905651326795331,0.8595796527566251
clef_ta_jevonly_only,CD012080,7,6643,77,1012,1252,0.7976591901249435,0.811530934818606,0.8441558441558441,1.0,1.0,0.1915071597158236,0.8571428571428571
clef_ta_jevonly_only,CD012080,8,6643,77,1008,1265,0.7982613277133824,0.8095739876561794,0.8441558441558441,1.0,1.0,0.19948683240787835,0.8577520560462991
clef_ta_jevonly_only,CD012080,9,6643,77,997,1256,0.7999172060815896,0.8109287972301671,0.8441558441558441,1.0,1.0,0.18875293622941267,0.8594273530307646
clef_ta_jevonly_only,CD012669,0,1260,71,344,777,0.676984126984127,0.3833333333333333,0.6056338028169014,0.9014084507042254,0.9577464788732394,0.4061391784810478,0.7678721614802355
clef_ta_jevonly_only,CD012669,1,1260,71,343,772,0.6777777777777778,0.38730158730158726,0.6197183098591549,0.9014084507042254,0.9577464788732394,0.41108143650618384,0.768713204373423
clef_ta_jevonly_only,CD012669,2,1260,71,344,791,0.676984126984127,0.37222222222222223,0.6197183098591549,0.9014084507042254,0.9577464788732394,0.4091990793425919,0.7678721614802355
clef_ta_jevonly_only,CD012669,3,1260,71,346,768,0.6753968253968253,0.3904761904761904,0.6056338028169014,0.9014084507042254,0.9577464788732394,0.4176640092911165,0.7661900756938604
clef_ta_jevonly_only,CD012669,4,1260,71,344,780,0.676984126984127,0.38095238095238093,0.6197183098591549,0.9014084507042254,0.9577464788732394,0.4065193386447949,0.7678721614802355
clef_ta_jevonly_only,CD012669,5,1260,71,344,789,0.676984126984127,0.3738095238095238,0.6197183098591549,0.9014084507042254,0.9577464788732394,0.4054275376991474,0.7678721614802355
clef_ta_jevonly_only,CD012669,6,1260,71,343,759,0.6777777777777778,0.39761904761904765,0.6197183098591549,0.9014084507042254,0.9577464788732394,0.4123007704380232,0.768713204373423
clef_ta_jevonly_only,CD012669,7,1260,71,345,779,0.6761904761904761,0.3817460317460317,0.6197183098591549,0.9014084507042254,0.9577464788732394,0.41351531002143255,0.767031118587048
clef_ta_jevonly_only,CD012669,8,1260,71,343,773,0.6777777777777778,0.38650793650793647,0.5915492957746479,0.9014084507042254,0.9577464788732394,0.40998161817181056,0.768713204373423
clef_ta_jevonly_only,CD012669,9,1260,71,346,795,0.6753968253968253,0.36904761904761907,0.6056338028169014,0.9014084507042254,0.9577464788732394,0.4037813694610996,0.7661900756938604
clef_ta_jevonly_only,CD009044,0,3169,11,222,222,0.8799463553171347,0.9299463553171348,1.0,1.0,1.0,0.4776814020368115,0.9331855604813173
clef_ta_jevonly_only,CD009044,1,3169,11,264,264,0.8666929630798359,0.9166929630798359,1.0,1.0,1.0,0.47916934959269053,0.9198860037998733
clef_ta_jevonly_only,CD009044,2,3169,11,248,248,0.8717418744083306,0.9217418744083307,1.0,1.0,1.0,0.48012190376819197,0.9249525015832806
clef_ta_jevonly_only,CD009044,3,3169,11,251,251,0.8707952035342379,0.9207952035342379,1.0,1.0,1.0,0.47931742404065114,0.9240025332488917
clef_ta_jevonly_only,CD009044,4,3169,11,264,264,0.8666929630798359,0.9166929630798359,1.0,1.0,1.0,0.4789648757040061,0.9198860037998733
clef_ta_jevonly_only,CD009044,5,3169,11,222,222,0.8799463553171347,0.9299463553171348,1.0,1.0,1.0,0.477647683298297,0.9331855604813173
clef_ta_jevonly_only,CD009044,6,3169,11,262,262,0.8673240769958978,0.9173240769958978,1.0,1.0,1.0,0.4799745873411153,0.9205193160227992
clef_ta_jevonly_only,CD009044,7,3169,11,223,223,0.8796307983591037,0.9296307983591038,1.0,1.0,1.0,0.47993634637169486,0.9328689043698544
clef_ta_jevonly_only,CD009044,8,3169,11,263,263,0.8670085200378668,0.9170085200378668,1.0,1.0,1.0,0.48255793502566074,0.9202026599113363
clef_ta_jevonly_only,CD009044,9,3169,11,220,220,0.8805774692331966,0.9305774692331966,1.0,1.0,1.0,0.47694034794418416,0.9338188727042432
clef_ta_jevonly_only,CD011686,0,9729,64,868,5399,0.8607821975537053,0.4450611573645801,0.953125,0.984375,0.984375,0.24981448060607653,0.9165028453181583
clef_ta_jevonly_only,CD011686,1,9729,64,828,3857,0.8648936170212765,0.603556377839449,0.953125,0.984375,0.984375,0.24995863021274442,0.9206414899120539
clef_ta_jevonly_only,CD011686,2,9729,64,906,6195,0.8568763490595127,0.3632439099599136,0.953125,0.984375,0.984375,0.2502121043749169,0.9125711329539575
clef_ta_jevonly_only,CD011686,3,9729,64,875,3315,0.8600626991468804,0.6592661116250386,0.953125,0.984375,0.984375,0.24941984125333597,0.9157785825142266
clef_ta_jevonly_only,CD011686,4,9729,64,780,3797,0.869827320382362,0.6097235070408058,0.953125,0.984375,0.984375,0.2491080566104399,0.9256078634247284
clef_ta_jevonly_only,CD011686,5,9729,64,863,6154,0.8612961249871518,0.3674581149141741,0.953125,0.984375,0.984375,0.2491177131433517,0.9170201758923953
clef_ta_jevonly_only,CD011686,6,9729,64,892,6203,0.8583153458731627,0.3624216260663994,0.953125,0.984375,0.984375,0.24857354517674657,0.914019658561821
clef_ta_jevonly_only,CD011686,7,9729,64,927,6103,0.8547178538390379,0.37270017473532735,0.953125,0.984375,0.984375,0.24790334947270645,0.9103983445421624
clef_ta_jevonly_only,CD011686,8,9729,64,851,6597,0.8625295508274231,0.3219241443108233,0.953125,0.984375,0.984375,0.2473803360240833,0.9182617692705639
clef_ta_jevonly_only,CD011686,9,9729,64,869,4796,0.860679412067016,0.5070408058382156,0.953125,0.984375,0.984375,0.24915409526036128,0.9163993792033109
clef_ta_jevonly_only,CD008874,0,2382,118,454,822,0.7594038623005877,0.6549118387909321,0.788135593220339,0.9661016949152542,0.9915254237288136,0.5878008981119663,0.8493816254416962
clef_ta_jevonly_only,CD008874,1,2382,118,449,824,0.761502938706969,0.6540722082283795,0.788135593220339,0.9745762711864406,0.9915254237288136,0.5804749735733166,0.8515901060070671
clef_ta_jevonly_only,CD008874,2,2382,118,448,871,0.7619227539882452,0.6343408900083963,0.7796610169491526,0.9661016949152542,0.9915254237288136,0.5877336498671568,0.8520318021201413
clef_ta_jevonly_only,CD008874,3,2382,118,449,818,0.761502938706969,0.6565910999160369,0.788135593220339,0.9661016949152542,0.9915254237288136,0.5808209826320394,0.8515901060070671
clef_ta_jevonly_only,CD008874,4,2382,118,461,867,0.756465155331654,0.6360201511335013,0.7796610169491526,0.9745762711864406,0.9915254237288136,0.5860376689334826,0.8462897526501767
clef_ta_jevonly_only,CD008874,5,2382,118,443,854,0.7640218303946263,0.6414777497900923,0.788135593220339,0.9745762711864406,0.9915254237288136,0.585367631778061,0.8542402826855123
clef_ta_jevonly_only,CD008874,6,2382,118,460,811,0.7568849706129303,0.6595298068849706,0.788135593220339,0.9661016949152542,0.9915254237288136,0.5886568411024383,0.8467314487632509
clef_ta_jevonly_only,CD008874,7,2382,118,454,885,0.7594038623005877,0.628463476070529,0.7796610169491526,0.9661016949152542,0.9915254237288136,0.5836674465773191,0.8493816254416962
clef_ta_jevonly_only,CD008874,8,2382,118,453,921,0.759823677581864,0.6133501259445844,0.788135593220339,0.9661016949152542,0.9915254237288136,0.5834716557319694,0.8498233215547704
clef_ta_jevonly_only,CD008874,9,2382,118,448,839,0.7619227539882452,0.647774979009236,0.788135593220339,0.9661016949152542,0.9915254237288136,0.5818053786663528,0.8520318021201413
clef_ta_jevonly_only,CD012567,0,6735,11,43,43,0.9436154417223459,0.993615441722346,1.0,1.0,1.0,0.45681363544234427,0.9952409280190363
clef_ta_jevonly_only,CD012567,1,6735,11,44,44,0.9434669636228655,0.9934669636228656,1.0,1.0,1.0,0.4641938521248866,0.9950922070196312
clef_ta_jevonly_only,CD012567,2,6735,11,43,43,0.9436154417223459,0.993615441722346,1.0,1.0,1.0,0.46681225750993194,0.9952409280190363
clef_ta_jevonly_only,CD012567,3,6735,11,45,45,0.9433184855233853,0.9933184855233853,1.0,1.0,1.0,0.46527916527916524,0.9949434860202261
clef_ta_jevonly_only,CD012567,4,6735,11,45,45,0.9433184855233853,0.9933184855233853,1.0,1.0,1.0,0.46265280058383507,0.9949434860202261
clef_ta_jevonly_only,CD012567,5,6735,11,45,45,0.9433184855233853,0.9933184855233853,1.0,1.0,1.0,0.4561592940903285,0.9949434860202261
clef_ta_jevonly_only,CD012567,6,6735,11,43,43,0.9436154417223459,0.993615441722346,1.0,1.0,1.0,0.46681225750993194,0.9952409280190363
clef_ta_jevonly_only,CD012567,7,6735,11,44,44,0.9434669636228655,0.9934669636228656,1.0,1.0,1.0,0.4647766027076372,0.9950922070196312
clef_ta_jevonly_only,CD012567,8,6735,11,45,45,0.9433184855233853,0.9933184855233853,1.0,1.0,1.0,0.4592851592851593,0.9949434860202261
clef_ta_jevonly_only,CD012567,9,6735,11,43,43,0.9436154417223459,0.993615441722346,1.0,1.0,1.0,0.46681225750993194,0.9952409280190363
clef_ta_jevonly_only,CD012768,0,131,45,81,96,0.3316793893129771,0.26717557251908397,0.15555555555555556,0.3333333333333333,0.5111111111111111,0.558824704217948,0.5581395348837209
clef_ta_jevonly_only,CD012768,1,131,45,81,97,0.3316793893129771,0.2595419847328244,0.15555555555555556,0.3333333333333333,0.5111111111111111,0.5594342159052569,0.5581395348837209
clef_ta_jevonly_only,CD012768,2,131,45,81,96,0.3316793893129771,0.26717557251908397,0.15555555555555556,0.3333333333333333,0.5111111111111111,0.5416367611974323,0.5581395348837209
clef_ta_jevonly_only,CD012768,3,131,45,80,97,0.33931297709923663,0.2595419847328244,0.15555555555555556,0.3333333333333333,0.5111111111111111,0.5596917854383519,0.5697674418604651
clef_ta_jevonly_only,CD012768,4,131,45,80,96,0.33931297709923663,0.26717557251908397,0.15555555555555556,0.3333333333333333,0.5111111111111111,0.563410261884362,0.5697674418604651
clef_ta_jevonly_only,CD012768,5,131,45,81,97,0.3316793893129771,0.2595419847328244,0.15555555555555556,0.3333333333333333,0.5111111111111111,0.5390206644793519,0.5581395348837209
clef_ta_jevonly_only,CD012768,6,131,45,80,96,0.33931297709923663,0.26717557251908397,0.15555555555555556,0.3333333333333333,0.5111111111111111,0.5562440848355827,0.5697674418604651
clef_ta_jevonly_only,CD012768,7,131,45,80,97,0.33931297709923663,0.2595419847328244,0.15555555555555556,0.3333333333333333,0.5111111111111111,0.5555979960500903,0.5697674418604651
clef_ta_jevonly_only,CD012768,8,131,45,81,97,0.3316793893129771,0.2595419847328244,0.15555555555555556,0.3333333333333333,0.5111111111111111,0.5587199388716295,0.5581395348837209
clef_ta_jevonly_only,CD012768,9,131,45,81,97,0.3316793893129771,0.2595419847328244,0.15555555555555556,0.3333333333333333,0.5111111111111111,0.5450834015861699,0.5581395348837209
clef_ta_jevonly_only,CD012233,0,472,43,232,380,0.45847457627118643,0.19491525423728817,0.46511627906976744,0.627906976744186,0.813953488372093,0.42296115900180076,0.5547785547785548
clef_ta_jevonly_only,CD012233,1,472,43,218,405,0.488135593220339,0.14194915254237284,0.46511627906976744,0.6046511627906976,0.7906976744186046,0.4232036667053988,0.5874125874125874
clef_ta_jevonly_only,CD012233,2,472,43,235,390,0.4521186440677966,0.17372881355932202,0.4418604651162791,0.627906976744186,0.7906976744186046,0.4264676040516413,0.5477855477855478
clef_ta_jevonly_only,CD012233,3,472,43,234,380,0.4542372881355932,0.19491525423728817,0.46511627906976744,0.627906976744186,0.813953488372093,0.4235864399178527,0.5501165501165501
clef_ta_jevonly_only,CD012233,4,472,43,217,396,0.4902542372881356,0.1610169491525424,0.46511627906976744,0.627906976744186,0.7906976744186046,0.4253804271678427,0.5897435897435898
clef_ta_jevonly_only,CD012233,5,472,43,228,397,0.46694915254237285,0.15889830508474578,0.4418604651162791,0.627906976744186,0.813953488372093,0.42561447879816006,0.5641025641025641
clef_ta_jevonly_only,CD012233,6,472,43,236,397,0.45,0.15889830508474578,0.4418604651162791,0.627906976744186,0.7906976744186046,0.4230771729210146,0.5454545454545454
clef_ta_jevonly_only,CD012233,7,472,43,232,384,0.45847457627118643,0.18644067796610164,0.4418604651162791,0.627906976744186,0.7906976744186046,0.4239416704557853,0.5547785547785548
clef_ta_jevonly_only,CD012233,8,472,43,226,407,0.47118644067796606,0.13771186440677963,0.46511627906976744,0.627906976744186,0.813953488372093,0.4262781240296599,0.5687645687645687
clef_ta_jevonly_only,CD012233,9,472,43,220,390,0.4838983050847458,0.17372881355932202,0.4418604651162791,0.6046511627906976,0.813953488372093,0.4259113377606686,0.5827505827505828
clef_ta_jevonly_only,CD012455,0,1593,7,12,12,0.9424670433145009,0.992467043314501,1.0,1.0,1.0,0.9404761904761906,0.9968474148802018
clef_ta_jevonly_only,CD012455,1,1593,7,11,11,0.9430947897049592,0.9930947897049592,1.0,1.0,1.0,0.9480519480519481,0.9974779319041615
clef_ta_jevonly_only,CD012455,2,1593,7,12,12,0.9424670433145009,0.992467043314501,1.0,1.0,1.0,0.9404761904761906,0.9968474148802018
clef_ta_jevonly_only,CD012455,3,1593,7,11,11,0.9430947897049592,0.9930947897049592,1.0,1.0,1.0,0.9480519480519481,0.9974779319041615
clef_ta_jevonly_only,CD012455,4,1593,7,11,11,0.9430947897049592,0.9930947897049592,1.0,1.0,1.0,0.9480519480519481,0.9974779319041615
clef_ta_jevonly_only,CD012455,5,1593,7,11,11,0.9430947897049592,0.9930947897049592,1.0,1.0,1.0,0.9480519480519481,0.9974779319041615
clef_ta_jevonly_only,CD012455,6,1593,7,12,12,0.9424670433145009,0.992467043314501,1.0,1.0,1.0,0.9404761904761906,0.9968474148802018
clef_ta_jevonly_only,CD012455,7,1593,7,11,11,0.9430947897049592,0.9930947897049592,1.0,1.0,1.0,0.9480519480519481,0.9974779319041615
clef_ta_jevonly_only,CD012455,8,1593,7,11,11,0.9430947897049592,0.9930947897049592,1.0,1.0,1.0,0.9480519480519481,0.9974779319041615
clef_ta_jevonly_only,CD012455,9,1593,7,11,11,0.9430947897049592,0.9930947897049592,1.0,1.0,1.0,0.9480519480519481,0.9974779319041615
clef_ta_jevonly_only,CD012551,0,591,68,249,383,0.5286802030456852,0.35194585448392557,0.5294117647058824,0.7352941176470589,0.8088235294117647,0.6206119286747739,0.6481835564053537
clef_ta_jevonly_only,CD012551,1,591,68,246,372,0.5337563451776649,0.37055837563451777,0.5294117647058824,0.7205882352941176,0.8088235294117647,0.6222172432669435,0.6539196940726577
clef_ta_jevonly_only,CD012551,2,591,68,244,362,0.5371404399323181,0.38747884940778343,0.5294117647058824,0.7352941176470589,0.8088235294117647,0.6155242681172944,0.6577437858508605
clef_ta_jevonly_only,CD012551,3,591,68,251,361,0.5252961082910321,0.38917089678510997,0.5294117647058824,0.7352941176470589,0.8088235294117647,0.6213880094981684,0.6443594646271511
clef_ta_jevonly_only,CD012551,4,591,68,244,368,0.5371404399323181,0.377326565143824,0.5294117647058824,0.7352941176470589,0.8088235294117647,0.6166795658639406,0.6577437858508605
clef_ta_jevonly_only,CD012551,5,591,68,246,366,0.5337563451776649,0.3807106598984772,0.5294117647058824,0.7352941176470589,0.8235294117647058,0.6205229070923713,0.6539196940726577
clef_ta_jevonly_only,CD012551,6,591,68,246,383,0.5337563451776649,0.35194585448392557,0.5294117647058824,0.7205882352941176,0.8235294117647058,0.6226718726841858,0.6539196940726577
clef_ta_jevonly_only,CD012551,7,591,68,249,360,0.5286802030456852,0.3908629441624365,0.5294117647058824,0.7205882352941176,0.8088235294117647,0.6213230082935752,0.6481835564053537
clef_ta_jevonly_only,CD012551,8,591,68,255,379,0.5185279187817258,0.3587140439932318,0.5294117647058824,0.7205882352941176,0.8088235294117647,0.621441660715302,0.6367112810707457
clef_ta_jevonly_only,CD012551,9,591,68,241,375,0.5422165820642977,0.36548223350253806,0.5294117647058824,0.7205882352941176,0.8088235294117647,0.6237397854980196,0.6634799235181644
clef_ta_jevonly_only,CD010239,0,224,12,23,23,0.8473214285714286,0.8973214285714286,0.9166666666666666,1.0,1.0,0.9397486571399615,0.9481132075471698
clef_ta_jevonly_only,CD010239,1,224,12,29,29,0.8205357142857143,0.8705357142857143,0.9166666666666666,1.0,1.0,0.9307531548910859,0.9198113207547169
clef_ta_jevonly_only,CD010239,2,224,12,24,24,0.8428571428571429,0.8928571428571429,0.9166666666666666,1.0,1.0,0.937937062937063,0.9433962264150944
clef_ta_jevonly_only,CD010239,3,224,12,26,26,0.8339285714285714,0.8839285714285714,0.9166666666666666,1.0,1.0,0.9347319347319347,0.9339622641509434
clef_ta_jevonly_only,CD010239,4,224,12,23,23,0.8473214285714286,0.8973214285714286,0.9166666666666666,1.0,1.0,0.9397486571399615,0.9481132075471698
clef_ta_jevonly_only,CD010239,5,224,12,27,27,0.8294642857142857,0.8794642857142857,0.9166666666666666,1.0,1.0,0.9333074333074333,0.9292452830188679
clef_ta_jevonly_only,CD010239,6,224,12,26,26,0.8339285714285714,0.8839285714285714,0.9166666666666666,1.0,1.0,0.9347319347319347,0.9339622641509434
clef_ta_jevonly_only,CD010239,7,224,12,24,24,0.8428571428571429,0.8928571428571429,0.9166666666666666,1.0,1.0,0.937937062937063,0.9433962264150944
clef_ta_jevonly_only,CD010239,8,224,12,28,28,0.825,0.875,0.9166666666666666,1.0,1.0,0.931984681984682,0.9245283018867925
clef_ta_jevonly_only,CD010239,9,224,12,25,25,0.838392857142857,0.8883928571428571,0.9166666666666666,1.0,1.0,0.9362703962703963,0.9386792452830188
clef_ta_jevonly_only,CD010753,0,2539,29,297,1480,0.8330248129184717,0.4170933438361559,0.896551724137931,0.9655172413793104,0.9655172413793104,0.4511537928753306,0.8928286852589642
clef_ta_jevonly_only,CD010753,1,2539,29,304,1438,0.8302678219771563,0.43363528948404884,0.896551724137931,0.9655172413793104,0.9655172413793104,0.44045002687436446,0.8900398406374502
clef_ta_jevonly_only,CD010753,2,2539,29,288,1392,0.836569515557306,0.4517526585269791,0.896551724137931,0.9655172413793104,0.9655172413793104,0.4406075137947577,0.896414342629482
clef_ta_jevonly_only,CD010753,3,2539,29,290,1473,0.8357818038597873,0.41985033477747147,0.896551724137931,0.9655172413793104,0.9655172413793104,0.44864316683105543,0.895617529880478
clef_ta_jevonly_only,CD010753,4,2539,29,300,1551,0.8318432453721938,0.3891295785742418,0.896551724137931,0.9655172413793104,0.9655172413793104,0.43354444486075844,0.8916334661354581
clef_ta_jevonly_only,CD010753,5,2539,29,292,1480,0.8349940921622686,0.4170933438361559,0.896551724137931,0.9655172413793104,0.9655172413793104,0.43373955657771146,0.8948207171314742
clef_ta_jevonly_only,CD010753,6,2539,29,303,1380,0.8306616778259157,0.4564789287120914,0.896551724137931,0.9655172413793104,0.9655172413793104,0.446427588978075,0.8904382470119522
clef_ta_jevonly_only,CD010753,7,2539,29,287,1501,0.8369633714060654,0.40882237101220953,0.896551724137931,0.9655172413793104,0.9655172413793104,0.4404480648693403,0.8968127490039841
clef_ta_jevonly_only,CD010753,8,2539,29,301,1456,0.8314493895234344,0.4265458842063805,0.896551724137931,0.9655172413793104,0.9655172413793104,0.43153294584307816,0.8912350597609562
clef_ta_jevonly_only,CD010753,9,2539,29,303,1506,0.8306616778259157,0.4068530917684128,0.896551724137931,0.9655172413793104,0.9655172413793104,0.43419675477434005,0.8904382470119522
clef_ta_jevonly_only,CD012164,0,61,7,27,27,0.5073770491803278,0.5573770491803278,0.5714285714285714,0.7142857142857143,0.7142857142857143,0.6935449735449736,0.6296296296296297
clef_ta_jevonly_only,CD012164,1,61,7,27,27,0.5073770491803278,0.5573770491803278,0.5714285714285714,0.7142857142857143,0.7142857142857143,0.6949735449735449,0.6296296296296297
clef_ta_jevonly_only,CD012164,2,61,7,27,27,0.5073770491803278,0.5573770491803278,0.5714285714285714,0.7142857142857143,0.7142857142857143,0.6949735449735449,0.6296296296296297
clef_ta_jevonly_only,CD012164,3,61,7,28,28,0.490983606557377,0.540983606557377,0.5714285714285714,0.7142857142857143,0.7142857142857143,0.6936507936507936,0.6111111111111112
clef_ta_jevonly_only,CD012164,4,61,7,28,28,0.490983606557377,0.540983606557377,0.5714285714285714,0.7142857142857143,0.7142857142857143,0.6922222222222222,0.6111111111111112
clef_ta_jevonly_only,CD012164,5,61,7,28,28,0.490983606557377,0.540983606557377,0.5714285714285714,0.7142857142857143,0.7142857142857143,0.6936507936507936,0.6111111111111112
clef_ta_jevonly_only,CD012164,6,61,7,27,27,0.5073770491803278,0.5573770491803278,0.5714285714285714,0.7142857142857143,0.7142857142857143,0.6949735449735449,0.6296296296296297
clef_ta_jevonly_only,CD012164,7,61,7,28,28,0.490983606557377,0.540983606557377,0.5714285714285714,0.7142857142857143,0.7142857142857143,0.6936507936507936,0.6111111111111112
clef_ta_jevonly_only,CD012164,8,61,7,27,27,0.5073770491803278,0.5573770491803278,0.5714285714285714,0.7142857142857143,0.7142857142857143,0.6935449735449736,0.6296296296296297
clef_ta_jevonly_only,CD012164,9,61,7,27,27,0.5073770491803278,0.5573770491803278,0.5714285714285714,0.7142857142857143,0.7142857142857143,0.6949735449735449,0.6296296296296297
clef_ta_jevonly_only,CD009069,0,1757,78,441,1234,0.699003984063745,0.29766647694934545,0.5641025641025641,0.9358974358974359,0.9743589743589743,0.2308728013102501,0.7820131030375224
clef_ta_jevonly_only,CD009069,1,1757,78,444,1427,0.6972965281730221,0.18782014797951052,0.5641025641025641,0.9358974358974359,0.9743589743589743,0.2330419841694335,0.7802263251935676
clef_ta_jevonly_only,CD009069,2,1757,78,449,1297,0.6944507683551508,0.2618099032441662,0.5641025641025641,0.9358974358974359,0.9743589743589743,0.23320603520468217,0.7772483621203097
clef_ta_jevonly_only,CD009069,3,1757,78,476,1438,0.6790836653386454,0.18155947638019354,0.5641025641025641,0.9358974358974359,0.9743589743589743,0.2317213729763739,0.7611673615247171
clef_ta_jevonly_only,CD009069,4,1757,78,456,1384,0.6904667046101309,0.21229368241320434,0.5641025641025641,0.9358974358974359,0.9743589743589743,0.23244559756000255,0.7730792138177487
clef_ta_jevonly_only,CD009069,5,1757,78,447,1167,0.6955890722822993,0.3357996585088219,0.5641025641025641,0.9358974358974359,0.9743589743589743,0.23269181970833677,0.7784395473496128
clef_ta_jevonly_only,CD009069,6,1757,78,457,1378,0.6898975526465566,0.21570859419464994,0.5641025641025641,0.9358974358974359,0.9743589743589743,0.2331023597483101,0.7724836212030971
clef_ta_jevonly_only,CD009069,7,1757,78,445,1528,0.6967273762094479,0.13033579965850883,0.5641025641025641,0.9358974358974359,0.9743589743589743,0.2339026799892728,0.779630732578916
clef_ta_jevonly_only,CD009069,8,1757,78,454,1622,0.6916050085372794,0.07683551508252706,0.5641025641025641,0.9358974358974359,0.9743589743589743,0.2337204039601219,0.7742703990470519
clef_ta_jevonly_only,CD009069,9,1757,78,446,1286,0.6961582242458736,0.2680705748434832,0.5641025641025641,0.9358974358974359,0.9743589743589743,0.23224039169146207,0.7790351399642644
clef_ta_jevonly_only,CD009642,0,1922,62,81,140,0.9078563995837668,0.927159209157128,1.0,1.0,1.0,0.9027762058610443,0.9881720430107527
clef_ta_jevonly_only,CD009642,1,1922,62,80,141,0.9083766909469302,0.9266389177939647,1.0,1.0,1.0,0.8992060798528656,0.9887096774193549
clef_ta_jevonly_only,CD009642,2,1922,62,80,143,0.9083766909469302,0.9255983350676379,1.0,1.0,1.0,0.9023922944874613,0.9887096774193549
clef_ta_jevonly_only,CD009642,3,1922,62,80,147,0.9083766909469302,0.9235171696149844,1.0,1.0,1.0,0.8993596280084042,0.9887096774193549
clef_ta_jevonly_only,CD009642,4,1922,62,80,144,0.9083766909469302,0.9250780437044746,1.0,1.0,1.0,0.8996130278833552,0.9887096774193549
clef_ta_jevonly_only,CD009642,5,1922,62,81,141,0.9078563995837668,0.9266389177939647,1.0,1.0,1.0,0.8993500663871615,0.9881720430107527
clef_ta_jevonly_only,CD009642,6,1922,62,80,147,0.9083766909469302,0.9235171696149844,1.0,1.0,1.0,0.9019111682055033,0.9887096774193549
clef_ta_jevonly_only,CD009642,7,1922,62,80,149,0.9083766909469302,0.9224765868886576,1.0,1.0,1.0,0.8884311985500022,0.9887096774193549
clef_ta_jevonly_only,CD009642,8,1922,62,81,143,0.9078563995837668,0.9255983350676379,1.0,1.0,1.0,0.9011586692507503,0.9881720430107527
clef_ta_jevonly_only,CD009642,9,1922,62,80,143,0.9083766909469302,0.9255983350676379,1.0,1.0,1.0,0.8995538879922137,0.9887096774193549
clef_ta_jevonly_only,CD004414,0,336,16,38,38,0.8369047619047618,0.8869047619047619,0.9375,1.0,1.0,0.7209820993634848,0.93125
clef_ta_jevonly_only,CD004414,1,336,16,38,38,0.8369047619047618,0.8869047619047619,0.9375,1.0,1.0,0.6677604512199617,0.93125
clef_ta_jevonly_only,CD004414,2,336,16,38,38,0.8369047619047618,0.8869047619047619,0.9375,1.0,1.0,0.6716651113746218,0.93125
clef_ta_jevonly_only,CD004414,3,336,16,38,38,0.8369047619047618,0.8869047619047619,0.9375,1.0,1.0,0.6707773272837128,0.93125
clef_ta_jevonly_only,CD004414,4,336,16,38,38,0.8369047619047618,0.8869047619047619,0.9375,1.0,1.0,0.6668726671290526,0.93125
clef_ta_jevonly_only,CD004414,5,336,16,38,38,0.8369047619047618,0.8869047619047619,0.9375,1.0,1.0,0.7053761919607024,0.93125
clef_ta_jevonly_only,CD004414,6,336,16,38,38,0.8369047619047618,0.8869047619047619,0.9375,1.0,1.0,0.6705077039672145,0.93125
clef_ta_jevonly_only,CD004414,7,336,16,38,38,0.8369047619047618,0.8869047619047619,0.9375,1.0,1.0,0.6705077039672145,0.93125
clef_ta_jevonly_only,CD004414,8,336,16,38,38,0.8369047619047618,0.8869047619047619,0.9375,1.0,1.0,0.7185782532096388,0.93125
clef_ta_jevonly_only,CD004414,9,336,16,38,38,0.8369047619047618,0.8869047619047619,0.9375,1.0,1.0,0.7209820993634848,0.93125
clef_ta_jevonly_only,CD011977,0,195,49,101,121,0.432051282051282,0.37948717948717947,0.3673469387755102,0.6122448979591837,0.7755102040816326,0.8226008266369587,0.6301369863013698
clef_ta_jevonly_only,CD011977,1,195,49,98,121,0.44743589743589746,0.37948717948717947,0.3673469387755102,0.6122448979591837,0.7755102040816326,0.8214320465810251,0.6506849315068494
clef_ta_jevonly_only,CD011977,2,195,49,95,125,0.4628205128205128,0.3589743589743589,0.3673469387755102,0.6122448979591837,0.7755102040816326,0.8222644990636445,0.6712328767123288
clef_ta_jevonly_only,CD011977,3,195,49,93,120,0.473076923076923,0.3846153846153846,0.3673469387755102,0.6122448979591837,0.7755102040816326,0.8236677447212802,0.684931506849315
clef_ta_jevonly_only,CD011977,4,195,49,98,122,0.44743589743589746,0.37435897435897436,0.3673469387755102,0.6122448979591837,0.7755102040816326,0.8230970347700263,0.6506849315068494
clef_ta_jevonly_only,CD011977,5,195,49,99,124,0.44230769230769235,0.36410256410256414,0.3673469387755102,0.6122448979591837,0.7755102040816326,0.8227241933065907,0.6438356164383562
clef_ta_jevonly_only,CD011977,6,195,49,98,118,0.44743589743589746,0.3948717948717949,0.3673469387755102,0.6122448979591837,0.7755102040816326,0.8219222324351317,0.6506849315068494
clef_ta_jevonly_only,CD011977,7,195,49,99,125,0.44230769230769235,0.3589743589743589,0.3673469387755102,0.6122448979591837,0.7755102040816326,0.8226929178559105,0.6438356164383562
clef_ta_jevonly_only,CD011977,8,195,49,94,123,0.4679487179487179,0.36923076923076925,0.3673469387755102,0.6122448979591837,0.7755102040816326,0.8215388887788638,0.678082191780822
clef_ta_jevonly_only,CD011977,9,195,49,96,120,0.4576923076923077,0.3846153846153846,0.3673469387755102,0.6122448979591837,0.7755102040816326,0.8230937250137804,0.6643835616438356
clef_ta_jevonly_only,CD011571,0,146,15,36,36,0.7034246575342465,0.7534246575342466,0.7333333333333333,0.9333333333333333,1.0,0.8579767291531998,0.8396946564885496
clef_ta_jevonly_only,CD011571,1,146,15,36,36,0.7034246575342465,0.7534246575342466,0.7333333333333333,0.9333333333333333,1.0,0.8564211735976441,0.8396946564885496
clef_ta_jevonly_only,CD011571,2,146,15,37,37,0.6965753424657534,0.7465753424657534,0.7333333333333333,0.9333333333333333,1.0,0.8556704228468933,0.8320610687022901
clef_ta_jevonly_only,CD011571,3,146,15,33,33,0.723972602739726,0.773972602739726,0.7333333333333333,0.9333333333333333,1.0,0.8605019816784522,0.8625954198473282
clef_ta_jevonly_only,CD011571,4,146,15,37,37,0.6965753424657534,0.7465753424657534,0.7333333333333333,0.9333333333333333,1.0,0.8556704228468933,0.8320610687022901
clef_ta_jevonly_only,CD011571,5,146,15,38,38,0.6897260273972603,0.7397260273972603,0.7333333333333333,0.9333333333333333,1.0,0.8549591852935505,0.8244274809160306
clef_ta_jevonly_only,CD011571,6,146,15,34,34,0.7171232876712328,0.7671232876712328,0.7333333333333333,0.9333333333333333,1.0,0.8580551605257488,0.8549618320610687
clef_ta_jevonly_only,CD011571,7,146,15,35,35,0.7102739726027397,0.7602739726027398,0.7333333333333333,0.9333333333333333,1.0,0.8572148243912949,0.8473282442748091
clef_ta_jevonly_only,CD011571,8,146,15,33,33,0.723972602739726,0.773972602739726,0.7333333333333333,0.9333333333333333,1.0,0.8605019816784522,0.8625954198473282
clef_ta_jevonly_only,CD011571,9,146,15,39,39,0.6828767123287671,0.7328767123287672,0.7333333333333333,0.9333333333333333,1.0,0.854284421460892,0.816793893129771
clef_ta_jevonly_only,CD012342,0,2353,6,169,169,0.8781767955801104,0.9281767955801105,1.0,1.0,1.0,0.2368409487366382,0.9305496378355347
clef_ta_jevonly_only,CD012342,1,2353,6,168,168,0.8786017849553761,0.9286017849553762,1.0,1.0,1.0,0.23508055268891184,0.9309757136770345
clef_ta_jevonly_only,CD012342,2,2353,6,143,143,0.8892265193370166,0.9392265193370166,1.0,1.0,1.0,0.237638564674074,0.9416276097145292
clef_ta_jevonly_only,CD012342,3,2353,6,146,146,0.8879515512112197,0.9379515512112198,1.0,1.0,1.0,0.2360693175348885,0.9403493821900298
clef_ta_jevonly_only,CD012342,4,2353,6,154,154,0.8845516362090947,0.9345516362090948,1.0,1.0,1.0,0.23654742404742402,0.9369407754580316
clef_ta_jevonly_only,CD012342,5,2353,6,150,150,0.8862515937101572,0.9362515937101572,1.0,1.0,1.0,0.2361890397184515,0.9386450788240307
clef_ta_jevonly_only,CD012342,6,2353,6,156,156,0.8837016574585634,0.9337016574585635,1.0,1.0,1.0,0.23616568759757617,0.936088623775032
clef_ta_jevonly_only,CD012342,7,2353,6,168,168,0.8786017849553761,0.9286017849553762,1.0,1.0,1.0,0.23471781305114645,0.9309757136770345
clef_ta_jevonly_only,CD012342,8,2353,6,164,164,0.8803017424564386,0.9303017424564386,1.0,1.0,1.0,0.23640475110814016,0.9326800170430336
clef_ta_jevonly_only,CD012342,9,2353,6,153,153,0.8849766255843603,0.9349766255843603,1.0,1.0,1.0,0.23680812651400887,0.9373668512995313
clef_ta_jevonly_only,CD001261,0,571,72,158,300,0.6732924693520139,0.4746059544658494,0.6111111111111112,0.9027777777777778,0.9583333333333334,0.8156136086041751,0.8216432865731463
clef_ta_jevonly_only,CD001261,1,571,72,160,301,0.6697898423817863,0.4728546409807356,0.6111111111111112,0.9027777777777778,0.9583333333333334,0.8162409159472418,0.8176352705410822
clef_ta_jevonly_only,CD001261,2,571,72,158,306,0.6732924693520139,0.4640980735551664,0.6111111111111112,0.9027777777777778,0.9583333333333334,0.8175469305442076,0.8216432865731463
clef_ta_jevonly_only,CD001261,3,571,72,157,296,0.6750437828371278,0.4816112084063048,0.6111111111111112,0.9027777777777778,0.9583333333333334,0.8179306023226162,0.8236472945891784
clef_ta_jevonly_only,CD001261,4,571,72,158,296,0.6732924693520139,0.4816112084063048,0.6111111111111112,0.9027777777777778,0.9583333333333334,0.8154714470692075,0.8216432865731463
clef_ta_jevonly_only,CD001261,5,571,72,158,297,0.6732924693520139,0.47985989492119085,0.6111111111111112,0.9027777777777778,0.9583333333333334,0.8145412085596596,0.8216432865731463
clef_ta_jevonly_only,CD001261,6,571,72,160,306,0.6697898423817863,0.4640980735551664,0.6111111111111112,0.9027777777777778,0.9583333333333334,0.8179660727811764,0.8176352705410822
clef_ta_jevonly_only,CD001261,7,571,72,156,294,0.6767950963222417,0.4851138353765324,0.6111111111111112,0.9027777777777778,0.9583333333333334,0.8180024354058236,0.8256513026052105
clef_ta_jevonly_only,CD001261,8,571,72,156,302,0.6767950963222417,0.47110332749562167,0.6111111111111112,0.9027777777777778,0.9583333333333334,0.8187597950921374,0.8256513026052105
clef_ta_jevonly_only,CD001261,9,571,72,158,295,0.6732924693520139,0.4833625218914186,0.6111111111111112,0.9027777777777778,0.9583333333333334,0.8155060479119254,0.8216432865731463
clef_ta_jevonly_only,CD011768,0,9160,54,315,686,0.9156113537117904,0.9251091703056769,1.0,1.0,1.0,0.5464891950718781,0.9711179442126071
clef_ta_jevonly_only,CD011768,1,9160,54,311,693,0.9160480349344978,0.9243449781659389,1.0,1.0,1.0,0.5521299099498388,0.9715572150230617
clef_ta_jevonly_only,CD011768,2,9160,54,310,712,0.9161572052401746,0.9222707423580786,1.0,1.0,1.0,0.5579603625442352,0.9716670327256753
clef_ta_jevonly_only,CD011768,3,9160,54,304,707,0.9168122270742358,0.9228165938864629,1.0,1.0,1.0,0.5464795211816409,0.9723259389413573
clef_ta_jevonly_only,CD011768,4,9160,54,307,695,0.9164847161572052,0.9241266375545851,1.0,1.0,1.0,0.5527490630598825,0.9719964858335164
clef_ta_jevonly_only,CD011768,5,9160,54,312,675,0.9159388646288209,0.9263100436681223,1.0,1.0,1.0,0.551611818110711,0.971447397320448
clef_ta_jevonly_only,CD011768,6,9160,54,305,693,0.9167030567685589,0.9243449781659389,1.0,1.0,1.0,0.5555226459243088,0.9722161212387437
clef_ta_jevonly_only,CD011768,7,9160,54,319,708,0.9151746724890829,0.9227074235807861,1.0,1.0,1.0,0.5536468732219015,0.9706786734021524
clef_ta_jevonly_only,CD011768,8,9160,54,309,672,0.9162663755458514,0.9266375545851528,1.0,1.0,1.0,0.552915654772717,0.971776850428289
clef_ta_jevonly_only,CD011768,9,9160,54,308,702,0.9163755458515284,0.9233624454148471,1.0,1.0,1.0,0.555015380262886,0.9718866681309027
clef_ta_jevonly_only,CD007867,0,943,17,196,196,0.742152704135737,0.792152704135737,0.8823529411764706,0.9411764705882353,1.0,0.573974742503661,0.806695464362851
clef_ta_jevonly_only,CD007867,1,943,17,185,185,0.7538176033934252,0.8038176033934252,0.8823529411764706,1.0,1.0,0.5736489017363882,0.8185745140388769
clef_ta_jevonly_only,CD007867,2,943,17,191,191,0.7474549310710498,0.7974549310710498,0.8823529411764706,0.9411764705882353,1.0,0.5760521116077361,0.8120950323974082
clef_ta_jevonly_only,CD007867,3,943,17,185,185,0.7538176033934252,0.8038176033934252,0.8823529411764706,1.0,1.0,0.5770475717794056,0.8185745140388769
clef_ta_jevonly_only,CD007867,4,943,17,199,199,0.7389713679745493,0.7889713679745494,0.8823529411764706,0.9411764705882353,1.0,0.572725301182537,0.8034557235421166
clef_ta_jevonly_only,CD007867,5,943,17,200,200,0.7379109225874867,0.7879109225874867,0.8823529411764706,0.9411764705882353,1.0,0.5733467921584019,0.8023758099352052
clef_ta_jevonly_only,CD007867,6,943,17,192,192,0.7463944856839873,0.7963944856839873,0.8823529411764706,0.9411764705882353,1.0,0.5755174552111171,0.8110151187904968
clef_ta_jevonly_only,CD007867,7,943,17,204,204,0.7336691410392364,0.7836691410392365,0.8823529411764706,0.9411764705882353,1.0,0.5720090168655535,0.7980561555075594
clef_ta_jevonly_only,CD007867,8,943,17,184,184,0.7548780487804878,0.8048780487804879,0.8823529411764706,1.0,1.0,0.5749030784374688,0.8196544276457883
clef_ta_jevonly_only,CD007867,9,943,17,184,184,0.7548780487804878,0.8048780487804879,0.8823529411764706,1.0,1.0,0.573921671381893,0.8196544276457883
clef_ta_jevonly_only,CD010558,0,2815,37,928,1416,0.6203374777975132,0.49698046181172295,0.8648648648648649,0.9459459459459459,0.9459459459459459,0.4934537420769901,0.6789056875449964
clef_ta_jevonly_only,CD010558,1,2815,37,954,1358,0.611101243339254,0.5175843694493784,0.8648648648648649,0.9459459459459459,0.9459459459459459,0.49322369168515656,0.6695464362850972
clef_ta_jevonly_only,CD010558,2,2815,37,915,1429,0.624955595026643,0.4923623445825932,0.8648648648648649,0.9459459459459459,0.9459459459459459,0.49105459134032664,0.683585313174946
clef_ta_jevonly_only,CD010558,3,2815,37,1036,1361,0.5819715808170515,0.5165186500888099,0.8648648648648649,0.9459459459459459,0.9459459459459459,0.4931649411423516,0.6400287976961843
clef_ta_jevonly_only,CD010558,4,2815,37,924,1492,0.6217584369449378,0.4699822380106572,0.8648648648648649,0.9459459459459459,0.9459459459459459,0.4906364668861795,0.6803455723542117
clef_ta_jevonly_only,CD010558,5,2815,37,1031,1351,0.5837477797513322,0.5200710479573712,0.8648648648648649,0.9459459459459459,0.9459459459459459,0.4956245127952299,0.6418286537077034
clef_ta_jevonly_only,CD010558,6,2815,37,989,1515,0.5986678507992895,0.46181172291296624,0.8648648648648649,0.9459459459459459,0.9459459459459459,0.49446641059192453,0.6569474442044636
clef_ta_jevonly_only,CD010558,7,2815,37,1015,1520,0.5894316163410301,0.46003552397868563,0.8648648648648649,0.9459459459459459,0.9459459459459459,0.49466766729142203,0.6475881929445645
clef_ta_jevonly_only,CD010558,8,2815,37,1007,1320,0.5922735346358792,0.5310834813499112,0.8648648648648649,0.9459459459459459,0.9459459459459459,0.49235536060503954,0.650467962562995
clef_ta_jevonly_only,CD010558,9,2815,37,941,1588,0.6157193605683836,0.4358792184724689,0.8648648648648649,0.9459459459459459,0.9459459459459459,0.49229007542125297,0.6742260619150467
clef_ta_jevonly_only,CD012069,0,3479,320,1824,2842,0.42571141132509344,0.18309859154929575,0.475,0.65625,0.771875,0.4366174558955797,0.5188350743906299
clef_ta_jevonly_only,CD012069,1,3479,320,1836,2890,0.42226214429433745,0.16930152342627192,0.478125,0.65625,0.771875,0.4354197757452199,0.5150364039252928
clef_ta_jevonly_only,CD012069,2,3479,320,1837,2819,0.4219747053751078,0.18970968669157806,0.475,0.653125,0.771875,0.43577877959165534,0.5147198480531814
clef_ta_jevonly_only,CD012069,3,3479,320,1829,2876,0.4242742167289451,0.17332566829548723,0.475,0.65625,0.771875,0.4377369085254624,0.5172522950300729
clef_ta_jevonly_only,CD012069,4,3479,320,1839,2879,0.42139982753664845,0.17246335153779824,0.475,0.653125,0.775,0.43560243003857496,0.5140867363089585
clef_ta_jevonly_only,CD012069,5,3479,320,1841,2812,0.4208249496981891,0.19172175912618572,0.475,0.653125,0.775,0.43725026703619746,0.5134536245647356
clef_ta_jevonly_only,CD012069,6,3479,320,1815,2852,0.4282983615981604,0.1802242023569991,0.478125,0.65,0.775,0.43468357439582805,0.5216840772396328
clef_ta_jevonly_only,CD012069,7,3479,320,1832,2889,0.4234118999712561,0.16958896234550158,0.475,0.65,0.771875,0.4373195819925522,0.5163026274137386
clef_ta_jevonly_only,CD012069,8,3479,320,1796,2803,0.43375970106352396,0.1943087093992527,0.478125,0.653125,0.775,0.4367993589509517,0.5276986388097499
clef_ta_jevonly_only,CD012069,9,3479,320,1841,2886,0.4208249496981891,0.17045127910319058,0.475,0.659375,0.76875,0.4368339031629948,0.5134536245647356
clef_ta_jevonly_only,CD010038,0,8867,23,665,1177,0.875002819442878,0.8672606292996504,0.9565217391304348,1.0,1.0,0.3384178789789739,0.9272953414744459
clef_ta_jevonly_only,CD010038,1,8867,23,748,988,0.8656422690876282,0.8885756174579903,0.9565217391304348,1.0,1.0,0.3405219344645259,0.917910447761194
clef_ta_jevonly_only,CD010038,2,8867,23,733,1036,0.8673339348144806,0.8831622871320627,0.9565217391304348,1.0,1.0,0.33907034991255836,0.919606512890095
clef_ta_jevonly_only,CD010038,3,8867,23,663,1111,0.875228374873125,0.8747039584978008,0.9565217391304348,1.0,1.0,0.3390751098075386,0.9275214834916328
clef_ta_jevonly_only,CD010038,4,8867,23,687,1113,0.8725217097101612,0.8744784030675539,0.9565217391304348,1.0,1.0,0.3381717788162594,0.9248077792853913
clef_ta_jevonly_only,CD010038,5,8867,23,788,1053,0.8611311604826886,0.8812450659749633,0.9565217391304348,1.0,1.0,0.33679131101195514,0.9133876074174582
clef_ta_jevonly_only,CD010038,6,8867,23,785,1105,0.861469493628059,0.8753806247885418,0.9565217391304348,1.0,1.0,0.33798192868228827,0.9137268204432384
clef_ta_jevonly_only,CD010038,7,8867,23,686,1138,0.8726344874252847,0.8716589601894665,0.9565217391304348,1.0,1.0,0.33987232419020424,0.9249208502939846
clef_ta_jevonly_only,CD010038,8,8867,23,781,1074,0.861920604488553,0.87887673395737,0.9565217391304348,1.0,1.0,0.3375498650734567,0.914179104477612
clef_ta_jevonly_only,CD010038,9,8867,23,779,1111,0.8621461599188001,0.8747039584978008,0.9565217391304348,1.0,1.0,0.3393090663970785,0.9144052464947987
clef_ta_jevonly_only,CD006468,0,3874,52,1551,2334,0.5496386164171398,0.3975219411461022,0.5769230769230769,0.8076923076923077,0.8846153846153846,0.3014148303588105,0.6072736787022501
clef_ta_jevonly_only,CD006468,1,3874,52,1572,2202,0.5442178626742384,0.4315952503871967,0.5769230769230769,0.8461538461538461,0.8846153846153846,0.30361297954057526,0.6017791732077447
clef_ta_jevonly_only,CD006468,2,3874,52,1550,2440,0.5498967475477542,0.3701600413009809,0.5769230769230769,0.8461538461538461,0.8846153846153846,0.302424536092517,0.6075353218210361
clef_ta_jevonly_only,CD006468,3,3874,52,1558,2271,0.5478316985028394,0.4137842023748064,0.5769230769230769,0.8461538461538461,0.8846153846153846,0.30338612105771995,0.6054421768707483
clef_ta_jevonly_only,CD006468,4,3874,52,1582,2252,0.541636551368095,0.4186886938564791,0.5769230769230769,0.8461538461538461,0.9038461538461539,0.30053834572865334,0.5991627420198848
clef_ta_jevonly_only,CD006468,5,3874,52,1667,2406,0.5196954052658751,0.3789364997418688,0.5961538461538461,0.8269230769230769,0.9038461538461539,0.2999338873941604,0.5769230769230769
clef_ta_jevonly_only,CD006468,6,3874,52,1561,2191,0.5470573051109964,0.4344346928239545,0.6153846153846154,0.8269230769230769,0.8846153846153846,0.30423117629639523,0.6046572475143903
clef_ta_jevonly_only,CD006468,7,3874,52,1548,2144,0.550413009808983,0.4465668559628291,0.5961538461538461,0.8461538461538461,0.8846153846153846,0.30066326459158155,0.608058608058608
clef_ta_jevonly_only,CD006468,8,3874,52,1674,2110,0.5178884873515746,0.4553433144037171,0.5769230769230769,0.8461538461538461,0.8846153846153846,0.29954320342400637,0.575091575091575
clef_ta_jevonly_only,CD006468,9,3874,52,1663,2346,0.5207279297883325,0.39442436757873,0.5961538461538461,0.8461538461538461,0.8846153846153846,0.30215269137076717,0.5779696493982208
clef_ta_jevonly_only,CD000996,0,281,9,99,99,0.5976868327402135,0.6476868327402135,0.8888888888888888,0.8888888888888888,0.8888888888888888,0.8075757575757576,0.6691176470588235
clef_ta_jevonly_only,CD000996,1,281,9,100,100,0.5941281138790035,0.6441281138790036,0.8888888888888888,0.8888888888888888,0.8888888888888888,0.8074747474747475,0.6654411764705882
clef_ta_jevonly_only,CD000996,2,281,9,105,105,0.5763345195729537,0.6263345195729537,0.8888888888888888,0.8888888888888888,0.8888888888888888,0.806998556998557,0.6470588235294118
clef_ta_jevonly_only,CD000996,3,281,9,109,109,0.5620996441281139,0.6120996441281139,0.8888888888888888,0.8888888888888888,0.8888888888888888,0.806649059401353,0.6323529411764706
clef_ta_jevonly_only,CD000996,4,281,9,94,94,0.6154804270462633,0.6654804270462633,0.8888888888888888,0.8888888888888888,0.8888888888888888,0.8081130453470879,0.6875
clef_ta_jevonly_only,CD000996,5,281,9,116,116,0.5371886120996441,0.5871886120996441,0.8888888888888888,0.8888888888888888,0.8888888888888888,0.8060954371299199,0.6066176470588235
clef_ta_jevonly_only,CD000996,6,281,9,104,104,0.5798932384341637,0.6298932384341638,0.8888888888888888,0.8888888888888888,0.8888888888888888,0.8070901320901321,0.6507352941176471
clef_ta_jevonly_only,CD000996,7,281,9,113,113,0.547864768683274,0.5978647686832741,0.8888888888888888,0.8888888888888888,0.8888888888888888,0.8063243049968715,0.6176470588235294
clef_ta_jevonly_only,CD000996,8,281,9,107,107,0.5692170818505338,0.6192170818505338,0.8888888888888888,0.8888888888888888,0.8888888888888888,0.8068205418672708,0.6397058823529411
clef_ta_jevonly_only,CD000996,9,281,9,103,103,0.5834519572953736,0.6334519572953736,0.8888888888888888,0.8888888888888888,0.8888888888888888,0.8071834853388252,0.6544117647058824
clef_ta_jevonly_only,CD011140,0,289,4,7,7,0.9257785467128027,0.9757785467128027,1.0,1.0,1.0,0.5595238095238095,0.9894736842105263
clef_ta_jevonly_only,CD011140,1,289,4,7,7,0.9257785467128027,0.9757785467128027,1.0,1.0,1.0,0.5595238095238095,0.9894736842105263
clef_ta_jevonly_only,CD011140,2,289,4,7,7,0.9257785467128027,0.9757785467128027,1.0,1.0,1.0,0.5595238095238095,0.9894736842105263
clef_ta_jevonly_only,CD011140,3,289,4,7,7,0.9257785467128027,0.9757785467128027,1.0,1.0,1.0,0.5595238095238095,0.9894736842105263
clef_ta_jevonly_only,CD011140,4,289,4,7,7,0.9257785467128027,0.9757785467128027,1.0,1.0,1.0,0.5595238095238095,0.9894736842105263
clef_ta_jevonly_only,CD011140,5,289,4,7,7,0.9257785467128027,0.9757785467128027,1.0,1.0,1.0,0.5595238095238095,0.9894736842105263
clef_ta_jevonly_only,CD011140,6,289,4,7,7,0.9257785467128027,0.9757785467128027,1.0,1.0,1.0,0.5595238095238095,0.9894736842105263
clef_ta_jevonly_only,CD011140,7,289,4,7,7,0.9257785467128027,0.9757785467128027,1.0,1.0,1.0,0.5595238095238095,0.9894736842105263
clef_ta_jevonly_only,CD011140,8,289,4,7,7,0.9257785467128027,0.9757785467128027,1.0,1.0,1.0,0.5595238095238095,0.9894736842105263
clef_ta_jevonly_only,CD011140,9,289,4,7,7,0.9257785467128027,0.9757785467128027,1.0,1.0,1.0,0.5595238095238095,0.9894736842105263
clef_ta_jevonly_only,CD012661,0,3367,192,811,1344,0.7091327591327591,0.6008316008316008,0.8020833333333334,0.9270833333333334,0.984375,0.6607641059117894,0.8022047244094488
clef_ta_jevonly_only,CD012661,1,3367,192,796,1312,0.7135877635877635,0.6103356103356103,0.8020833333333334,0.9270833333333334,0.984375,0.6621108433848827,0.8069291338582677
clef_ta_jevonly_only,CD012661,2,3367,192,781,1304,0.718042768042768,0.6127116127116128,0.8020833333333334,0.9270833333333334,0.984375,0.6613670285858342,0.8116535433070866
clef_ta_jevonly_only,CD012661,3,3367,192,795,1385,0.7138847638847639,0.5886545886545886,0.8020833333333334,0.9270833333333334,0.984375,0.6622428179108303,0.807244094488189
clef_ta_jevonly_only,CD012661,4,3367,192,815,1300,0.7079447579447579,0.6138996138996139,0.8020833333333334,0.9270833333333334,0.984375,0.6620649397088995,0.8009448818897638
clef_ta_jevonly_only,CD012661,5,3367,192,784,1357,0.7171517671517671,0.596970596970597,0.8020833333333334,0.9270833333333334,0.9791666666666666,0.6625445672184507,0.8107086614173228
clef_ta_jevonly_only,CD012661,6,3367,192,780,1310,0.7183397683397683,0.610929610929611,0.8020833333333334,0.9270833333333334,0.984375,0.6622754075429365,0.8119685039370079
clef_ta_jevonly_only,CD012661,7,3367,192,809,1392,0.7097267597267597,0.5865755865755866,0.8020833333333334,0.9270833333333334,0.984375,0.6619371858884294,0.8028346456692913
clef_ta_jevonly_only,CD012661,8,3367,192,775,1420,0.7198247698247697,0.5782595782595783,0.8020833333333334,0.921875,0.984375,0.6621683448529613,0.8135433070866142
clef_ta_jevonly_only,CD012661,9,3367,192,794,1336,0.7141817641817642,0.6032076032076032,0.8020833333333334,0.9270833333333334,0.984375,0.6613143224704201,0.8075590551181102
clef_ta_jevonly_only,CD011558,0,2165,2,153,153,0.8793302540415704,0.9293302540415704,1.0,1.0,1.0,0.04820261437908496,0.9301895515487748
clef_ta_jevonly_only,CD011558,1,2165,2,149,149,0.8811778290993071,0.9311778290993071,1.0,1.0,1.0,0.042425695110258864,0.9320388349514563
clef_ta_jevonly_only,CD011558,2,2165,2,152,152,0.8797921478060046,0.9297921478060046,1.0,1.0,1.0,0.042293233082706765,0.9306518723994452
clef_ta_jevonly_only,CD011558,3,2165,2,152,152,0.8797921478060046,0.9297921478060046,1.0,1.0,1.0,0.04824561403508772,0.9306518723994452
clef_ta_jevonly_only,CD011558,4,2165,2,152,152,0.8797921478060046,0.9297921478060046,1.0,1.0,1.0,0.04824561403508772,0.9306518723994452
clef_ta_jevonly_only,CD011558,5,2165,2,151,151,0.8802540415704387,0.9302540415704388,1.0,1.0,1.0,0.048289183222958054,0.9311141932501156
clef_ta_jevonly_only,CD011558,6,2165,2,153,153,0.8793302540415704,0.9293302540415704,1.0,1.0,1.0,0.04820261437908496,0.9301895515487748
clef_ta_jevonly_only,CD011558,7,2165,2,150,150,0.8807159353348729,0.930715935334873,1.0,1.0,1.0,0.04,0.9315765141007859
clef_ta_jevonly_only,CD011558,8,2165,2,149,149,0.8811778290993071,0.9311778290993071,1.0,1.0,1.0,0.040044742729306484,0.9320388349514563
clef_ta_jevonly_only,CD011558,9,2165,2,149,149,0.8811778290993071,0.9311778290993071,1.0,1.0,1.0,0.045172947857511615,0.9320388349514563
clef_ta_jevonly_only,CD011787,0,4369,111,1567,1951,0.5913366903181505,0.5534447241931792,0.8018018018018018,0.8738738738738738,0.9279279279279279,0.49525187732263337,0.6568811648661343
clef_ta_jevonly_only,CD011787,1,4369,111,1546,2033,0.5961432822156099,0.5346761272602426,0.8018018018018018,0.8828828828828829,0.9279279279279279,0.49236563060227745,0.6618130577736027
clef_ta_jevonly_only,CD011787,2,4369,111,1517,2057,0.6027809567406729,0.5291828793774319,0.8018018018018018,0.8738738738738738,0.9279279279279279,0.49513782046389593,0.6686237670267732
clef_ta_jevonly_only,CD011787,3,4369,111,1502,2044,0.6062142366674296,0.5321583886472877,0.8018018018018018,0.8828828828828829,0.918918918918919,0.4920059760520029,0.6721465476749647
clef_ta_jevonly_only,CD011787,4,4369,111,1540,2044,0.5975165941863125,0.5321583886472877,0.8018018018018018,0.8738738738738738,0.9279279279279279,0.4913463487749899,0.6632221700328793
clef_ta_jevonly_only,CD011787,5,4369,111,1510,1975,0.604383154039826,0.5479514763103686,0.8018018018018018,0.8738738738738738,0.918918918918919,0.49669076058985456,0.6702677313292625
clef_ta_jevonly_only,CD011787,6,4369,111,1545,1905,0.5963721675440603,0.5639734493018997,0.8018018018018018,0.8828828828828829,0.918918918918919,0.49268483563942855,0.6620479098168154
clef_ta_jevonly_only,CD011787,7,4369,111,1461,2084,0.615598535133898,0.5230029755092698,0.8018018018018018,0.8828828828828829,0.918918918918919,0.4950388301336487,0.6817754814466885
clef_ta_jevonly_only,CD011787,8,4369,111,1546,2075,0.5961432822156099,0.5250629434653239,0.8018018018018018,0.8738738738738738,0.918918918918919,0.49176954478845136,0.6618130577736027
clef_ta_jevonly_only,CD011787,9,4369,111,1515,1951,0.6032387273975738,0.5534447241931792,0.8018018018018018,0.8738738738738738,0.918918918918919,0.4943567306811808,0.6690934711131987
pilot_review,pilot,0,1572,144,473,1108,0.6491094147582697,0.2951653944020356,0.625,0.8819444444444444,0.9444444444444444,0.5998877800780479,0.7647058823529411
pilot_review,pilot,1,1572,144,477,1089,0.6465648854961832,0.3072519083969466,0.6319444444444444,0.8819444444444444,0.9444444444444444,0.6117478070715439,0.7619047619047619
pilot_review,pilot,2,1572,144,474,1114,0.648473282442748,0.2913486005089059,0.625,0.8819444444444444,0.9444444444444444,0.6105930165879596,0.7640056022408963
pilot_review,pilot,3,1572,144,478,1069,0.6459287531806615,0.3199745547073791,0.6180555555555556,0.8819444444444444,0.9444444444444444,0.6128077429359701,0.761204481792717
pilot_review,pilot,4,1572,144,478,1056,0.6459287531806615,0.3282442748091603,0.6319444444444444,0.8819444444444444,0.9444444444444444,0.6186183132469348,0.761204481792717
pilot_review,pilot,5,1572,144,472,1087,0.6497455470737913,0.30852417302798985,0.625,0.8819444444444444,0.9444444444444444,0.6181881836825486,0.7654061624649859
pilot_review,pilot,6,1572,144,477,1084,0.6465648854961832,0.3104325699745547,0.625,0.8819444444444444,0.9444444444444444,0.6086533523265355,0.7619047619047619
pilot_review,pilot,7,1572,144,474,1085,0.648473282442748,0.3097964376590331,0.6319444444444444,0.8819444444444444,0.9444444444444444,0.6084592643848015,0.7640056022408963
pilot_review,pilot,8,1572,144,476,1102,0.6472010178117048,0.29898218829516543,0.6319444444444444,0.8819444444444444,0.9444444444444444,0.6112985963737192,0.7626050420168067
pilot_review,pilot,9,1572,144,472,1078,0.6497455470737913,0.31424936386768443,0.625,0.8819444444444444,0.9444444444444444,0.6109916125245013,0.7654061624649859
